id,store_id,category_id,network_category_id,created_at,updated_at
1,1,85,0,2021-03-31 17:45:19,2022-06-10 15:37:51
2,1,86,0,2021-03-31 17:45:19,2022-06-10 15:37:51
3,1,111,0,2021-03-31 17:45:19,2022-06-10 15:37:51
4,1,113,0,2021-03-31 17:45:19,2022-06-10 15:37:51
5,1,114,0,2021-03-31 17:45:19,2022-06-10 15:37:51
6,1,116,0,2021-03-31 17:45:19,2022-06-10 15:37:51
7,2,111,0,2021-03-31 17:45:19,2022-06-10 15:37:51
8,2,112,0,2021-03-31 17:45:19,2022-06-10 15:37:51
9,2,117,0,2021-03-31 17:45:19,2022-06-10 15:37:51
10,3,93,0,2021-03-31 17:45:19,2021-06-22 10:52:50
11,3,138,0,2021-03-31 17:45:19,2021-06-22 10:52:50
12,4,103,0,2021-03-31 17:45:19,2022-06-10 15:37:51
13,4,104,0,2021-03-31 17:45:19,2022-06-10 15:37:51
14,4,107,0,2021-03-31 17:45:19,2022-06-10 15:37:51
15,4,108,0,2021-03-31 17:45:19,2022-06-10 15:37:51
16,4,109,0,2021-03-31 17:45:19,2022-06-10 15:37:51
17,4,139,0,2021-03-31 17:45:19,2022-06-10 15:37:51
18,5,111,0,2021-03-31 17:45:19,2022-06-10 15:37:51
19,5,118,0,2021-03-31 17:45:19,2022-06-10 15:37:51
20,6,111,0,2021-03-31 17:45:19,2022-06-10 15:37:51
21,6,113,0,2021-03-31 17:45:19,2022-06-10 15:37:51
22,6,114,0,2021-03-31 17:45:19,2022-06-10 15:37:51
23,6,115,0,2021-03-31 17:45:19,2022-06-10 15:37:51
24,6,116,0,2021-03-31 17:45:19,2022-06-10 15:37:51
25,6,121,0,2021-03-31 17:45:19,2022-06-10 15:37:51
26,7,93,0,2021-03-31 17:45:19,2021-06-22 10:52:50
27,7,97,0,2021-03-31 17:45:19,2021-06-22 10:52:50
28,7,111,0,2021-03-31 17:45:19,2021-06-22 10:52:50
29,7,117,0,2021-03-31 17:45:19,2021-06-22 10:52:50
30,8,103,0,2021-03-31 17:45:19,2021-06-22 10:52:50
31,8,107,0,2021-03-31 17:45:19,2021-06-22 10:52:50
32,8,109,0,2021-03-31 17:45:19,2021-06-22 10:52:50
33,8,110,0,2021-03-31 17:45:19,2021-06-22 10:52:50
34,8,111,0,2021-03-31 17:45:19,2021-06-22 10:52:50
35,8,112,0,2021-03-31 17:45:19,2021-06-22 10:52:50
36,8,113,0,2021-03-31 17:45:19,2021-06-22 10:52:50
37,8,117,0,2021-03-31 17:45:19,2021-06-22 10:52:50
38,8,118,0,2021-03-31 17:45:19,2021-06-22 10:52:50
39,9,93,0,2021-03-31 17:45:19,2021-06-22 10:52:50
40,9,101,0,2021-03-31 17:45:19,2021-06-22 10:52:50
41,9,111,0,2021-03-31 17:45:19,2021-06-22 10:52:50
42,9,117,0,2021-03-31 17:45:19,2021-06-22 10:52:50
43,9,119,0,2021-03-31 17:45:19,2021-06-22 10:52:50
44,10,49,0,2021-03-31 17:45:19,2022-06-10 15:37:51
45,10,53,0,2021-03-31 17:45:19,2022-06-10 15:37:51
46,11,103,0,2021-03-31 17:45:19,2021-06-22 10:52:50
47,11,106,0,2021-03-31 17:45:19,2021-06-22 10:52:50
48,12,85,0,2021-03-31 17:45:19,2021-06-01 10:11:22
49,13,85,0,2021-03-31 17:45:19,2022-06-10 15:37:51
50,13,103,0,2021-03-31 17:45:19,2022-06-10 15:37:51
51,13,104,0,2021-03-31 17:45:19,2022-06-10 15:37:51
52,13,107,0,2021-03-31 17:45:19,2022-06-10 15:37:51
53,13,109,0,2021-03-31 17:45:19,2022-06-10 15:37:51
54,13,111,0,2021-03-31 17:45:19,2022-06-10 15:37:51
55,13,117,0,2021-03-31 17:45:19,2022-06-10 15:37:51
56,13,135,0,2021-03-31 17:45:19,2022-06-10 15:37:51
57,13,142,0,2021-03-31 17:45:19,2022-06-10 15:37:51
58,14,74,0,2021-03-31 17:45:19,2022-06-10 15:37:51
59,14,76,0,2021-03-31 17:45:19,2022-06-10 15:37:51
60,14,82,0,2021-03-31 17:45:19,2022-06-10 15:37:51
61,14,85,0,2021-03-31 17:45:19,2022-06-10 15:37:51
62,14,87,0,2021-03-31 17:45:19,2022-06-10 15:37:51
63,15,40,0,2021-03-31 17:45:19,2022-06-10 15:37:51
64,15,41,0,2021-03-31 17:45:19,2022-06-10 15:37:51
65,15,42,0,2021-03-31 17:45:19,2022-06-10 15:37:51
66,15,43,0,2021-03-31 17:45:19,2022-06-10 15:37:51
67,15,46,0,2021-03-31 17:45:19,2022-06-10 15:37:51
68,15,47,0,2021-03-31 17:45:19,2022-06-10 15:37:51
69,15,48,0,2021-03-31 17:45:19,2022-06-10 15:37:51
70,15,74,0,2021-03-31 17:45:19,2022-06-10 15:37:51
71,15,82,0,2021-03-31 17:45:19,2022-06-10 15:37:51
72,16,93,0,2021-03-31 17:45:19,2022-06-10 15:37:51
73,16,98,0,2021-03-31 17:45:19,2022-06-10 15:37:51
74,16,103,0,2021-03-31 17:45:19,2022-06-10 15:37:51
75,16,107,0,2021-03-31 17:45:19,2022-06-10 15:37:51
76,17,74,0,2021-03-31 17:45:19,2022-06-10 15:37:51
77,17,93,0,2021-03-31 17:45:19,2022-06-10 15:37:51
78,17,100,0,2021-03-31 17:45:19,2022-06-10 15:37:51
79,18,103,0,2021-03-31 17:45:19,2022-06-10 15:37:51
80,18,107,0,2021-03-31 17:45:19,2022-06-10 15:37:51
81,19,2,0,2021-03-31 17:45:19,2021-06-22 10:52:50
82,19,49,0,2021-03-31 17:45:19,2021-06-22 10:52:50
83,19,51,0,2021-03-31 17:45:19,2021-06-22 10:52:50
84,19,54,0,2021-03-31 17:45:19,2021-06-22 10:52:50
85,19,55,0,2021-03-31 17:45:19,2021-06-22 10:52:50
86,19,56,0,2021-03-31 17:45:19,2021-06-22 10:52:50
87,19,57,0,2021-03-31 17:45:19,2021-06-22 10:52:50
88,19,58,0,2021-03-31 17:45:19,2021-06-22 10:52:50
89,20,103,0,2021-03-31 17:45:19,2022-06-10 15:37:51
90,20,141,0,2021-03-31 17:45:19,2022-06-10 15:37:51
91,21,111,0,2021-03-31 17:45:19,2022-06-10 15:37:51
92,21,112,0,2021-03-31 17:45:19,2022-06-10 15:37:51
93,21,114,0,2021-03-31 17:45:19,2022-06-10 15:37:51
94,21,117,0,2021-03-31 17:45:19,2022-06-10 15:37:51
95,22,59,0,2021-03-31 17:45:19,2022-06-10 15:37:51
96,22,62,0,2021-03-31 17:45:19,2022-06-10 15:37:51
97,23,74,0,2021-03-31 17:45:19,2021-06-22 10:52:50
98,23,81,0,2021-03-31 17:45:19,2021-06-22 10:52:50
99,24,85,0,2021-03-31 17:45:19,2021-06-22 10:52:50
100,24,93,0,2021-03-31 17:45:19,2021-06-22 10:52:50
101,24,97,0,2021-03-31 17:45:19,2021-06-22 10:52:50
102,24,103,0,2021-03-31 17:45:19,2021-06-22 10:52:50
103,24,107,0,2021-03-31 17:45:19,2021-06-22 10:52:50
104,25,25,0,2021-03-31 17:45:19,2021-06-22 10:52:50
105,25,30,0,2021-03-31 17:45:19,2021-06-22 10:52:50
106,26,25,0,2021-03-31 17:45:19,2022-06-10 15:37:51
107,26,27,0,2021-03-31 17:45:19,2022-06-10 15:37:51
108,26,30,0,2021-03-31 17:45:19,2022-06-10 15:37:51
109,26,67,0,2021-03-31 17:45:19,2022-06-10 15:37:51
110,26,71,0,2021-03-31 17:45:19,2022-06-10 15:37:51
111,27,74,0,2021-03-31 17:45:19,2022-06-10 15:37:51
112,27,111,0,2021-03-31 17:45:19,2022-06-10 15:37:51
113,27,112,0,2021-03-31 17:45:19,2022-06-10 15:37:51
114,27,116,0,2021-03-31 17:45:19,2022-06-10 15:37:51
115,27,129,0,2021-03-31 17:45:19,2022-06-10 15:37:51
116,28,93,0,2021-03-31 17:45:19,2021-06-22 10:52:50
117,28,138,0,2021-03-31 17:45:19,2021-06-22 10:52:50
118,29,93,0,2021-03-31 17:45:19,2022-06-10 15:37:51
119,29,97,0,2021-03-31 17:45:19,2022-06-10 15:37:51
120,29,103,0,2021-03-31 17:45:19,2022-06-10 15:37:51
121,29,111,0,2021-03-31 17:45:19,2022-06-10 15:37:51
122,29,117,0,2021-03-31 17:45:19,2022-06-10 15:37:51
123,29,140,0,2021-03-31 17:45:19,2022-06-10 15:37:51
124,30,74,0,2021-03-31 17:45:19,2022-06-10 15:37:51
125,30,84,0,2021-03-31 17:45:19,2022-06-10 15:37:51
126,30,93,0,2021-03-31 17:45:19,2022-06-10 15:37:51
127,30,101,0,2021-03-31 17:45:19,2022-06-10 15:37:51
128,31,74,0,2021-03-31 17:45:19,2021-06-11 10:42:43
129,31,79,0,2021-03-31 17:45:19,2021-06-11 10:42:43
130,32,93,0,2021-03-31 17:45:19,2022-06-10 15:37:51
131,32,94,0,2021-03-31 17:45:19,2022-06-10 15:37:51
132,33,103,0,2021-03-31 17:45:19,2021-06-01 10:11:22
133,33,110,0,2021-03-31 17:45:19,2021-06-01 10:11:22
134,34,93,0,2021-03-31 17:45:19,2022-06-10 15:37:51
135,34,100,0,2021-03-31 17:45:19,2022-06-10 15:37:51
136,35,103,0,2021-03-31 17:45:19,2022-06-10 15:37:51
137,35,108,0,2021-03-31 17:45:19,2022-06-10 15:37:51
138,36,59,0,2021-03-31 17:45:19,2022-06-10 15:37:51
139,36,127,0,2021-03-31 17:45:19,2022-06-10 15:37:51
140,37,93,0,2021-03-31 17:45:19,2022-06-10 15:37:51
141,37,138,0,2021-03-31 17:45:19,2022-06-10 15:37:51
142,38,67,0,2021-03-31 17:45:19,2022-06-10 15:37:51
143,38,70,0,2021-03-31 17:45:19,2022-06-10 15:37:51
144,38,71,0,2021-03-31 17:45:19,2022-06-10 15:37:51
145,39,103,0,2021-03-31 17:45:19,2022-06-10 15:37:51
146,39,140,0,2021-03-31 17:45:19,2022-06-10 15:37:51
147,40,,0,2021-03-31 17:45:19,2021-06-22 10:52:50
148,41,,0,2021-03-31 17:45:19,2021-06-22 10:52:50
149,42,25,0,2021-03-31 17:45:19,2022-06-10 15:37:51
150,43,93,0,2021-03-31 17:45:19,2021-06-22 10:52:50
151,44,59,0,2021-03-31 17:45:19,2022-06-10 15:37:51
152,44,128,0,2021-03-31 17:45:19,2022-06-10 15:37:51
153,45,93,0,2021-03-31 17:45:19,2022-06-10 15:37:51
154,45,100,0,2021-03-31 17:45:19,2022-06-10 15:37:51
155,46,111,0,2021-03-31 17:45:19,2022-06-10 15:37:51
156,46,113,0,2021-03-31 17:45:19,2022-06-10 15:37:51
157,46,116,0,2021-03-31 17:45:19,2022-06-10 15:37:51
158,47,93,0,2021-03-31 17:45:19,2022-06-10 15:37:51
159,47,101,0,2021-03-31 17:45:19,2022-06-10 15:37:51
160,47,103,0,2021-03-31 17:45:19,2022-06-10 15:37:51
161,47,107,0,2021-03-31 17:45:19,2022-06-10 15:37:51
162,48,74,0,2021-03-31 17:45:19,2022-06-10 15:37:51
163,48,75,0,2021-03-31 17:45:19,2022-06-10 15:37:51
164,48,82,0,2021-03-31 17:45:19,2022-06-10 15:37:51
165,49,4,0,2021-03-31 17:45:19,2021-06-22 10:52:50
166,49,5,0,2021-03-31 17:45:19,2021-06-22 10:52:50
167,49,9,0,2021-03-31 17:45:19,2021-06-22 10:52:50
168,50,103,0,2021-03-31 17:45:19,2022-06-10 15:37:51
169,50,140,0,2021-03-31 17:45:19,2022-06-10 15:37:51
170,51,93,0,2021-03-31 17:45:19,2022-06-10 15:37:51
171,51,138,0,2021-03-31 17:45:19,2022-06-10 15:37:51
172,52,49,0,2021-03-31 17:45:19,2021-06-22 10:52:50
173,52,50,0,2021-03-31 17:45:19,2021-06-22 10:52:50
174,53,93,0,2021-03-31 17:45:19,2021-06-22 10:52:50
175,53,98,0,2021-03-31 17:45:19,2021-06-22 10:52:50
176,53,103,0,2021-03-31 17:45:19,2021-06-22 10:52:50
177,53,107,0,2021-03-31 17:45:19,2021-06-22 10:52:50
178,54,,0,2021-03-31 17:45:19,2021-06-22 10:52:50
179,55,74,0,2021-03-31 17:45:19,2021-06-01 10:11:22
180,56,103,0,2021-03-31 17:45:19,2021-06-22 10:52:50
181,56,106,0,2021-03-31 17:45:19,2021-06-22 10:52:50
182,57,40,0,2021-03-31 17:45:19,2022-06-10 15:37:51
183,57,41,0,2021-03-31 17:45:19,2022-06-10 15:37:51
184,57,47,0,2021-03-31 17:45:19,2022-06-10 15:37:51
185,58,74,0,2021-03-31 17:45:19,2022-06-10 15:37:51
186,58,85,0,2021-03-31 17:45:19,2022-06-10 15:37:51
187,58,88,0,2021-03-31 17:45:19,2022-06-10 15:37:51
188,58,93,0,2021-03-31 17:45:19,2022-06-10 15:37:51
189,58,102,0,2021-03-31 17:45:19,2022-06-10 15:37:51
190,58,133,0,2021-03-31 17:45:19,2022-06-10 15:37:51
191,59,15,0,2021-03-31 17:45:19,2022-06-10 15:37:51
192,59,67,0,2021-03-31 17:45:19,2022-06-10 15:37:51
193,59,71,0,2021-03-31 17:45:19,2022-06-10 15:37:51
194,59,73,0,2021-03-31 17:45:19,2022-06-10 15:37:51
195,59,122,0,2021-03-31 17:45:19,2022-06-10 15:37:51
196,60,74,0,2021-03-31 17:45:19,2022-06-10 15:37:51
197,60,81,0,2021-03-31 17:45:19,2022-06-10 15:37:51
198,60,103,0,2021-03-31 17:45:19,2022-06-10 15:37:51
199,60,107,0,2021-03-31 17:45:19,2022-06-10 15:37:51
200,60,129,0,2021-03-31 17:45:19,2022-06-10 15:37:51
201,60,141,0,2021-03-31 17:45:19,2022-06-10 15:37:51
202,61,85,0,2021-03-31 17:45:19,2022-06-10 15:37:51
203,61,86,0,2021-03-31 17:45:19,2022-06-10 15:37:51
204,61,103,0,2021-03-31 17:45:19,2022-06-10 15:37:51
205,61,105,0,2021-03-31 17:45:19,2022-06-10 15:37:51
206,62,15,0,2021-03-31 17:45:19,2022-06-10 15:37:51
207,62,17,0,2021-03-31 17:45:19,2022-06-10 15:37:51
208,63,93,0,2021-03-31 17:45:19,2022-06-10 15:37:51
209,64,103,0,2021-03-31 17:45:19,2021-06-22 10:52:50
210,65,59,0,2021-03-31 17:45:19,2022-06-10 15:37:51
211,66,,0,2021-03-31 17:45:19,2021-06-22 10:52:50
212,67,,0,2021-03-31 17:45:19,2021-06-22 10:52:50
213,68,111,0,2021-03-31 17:45:19,2021-06-22 10:52:50
214,68,118,0,2021-03-31 17:45:19,2021-06-22 10:52:50
215,69,111,0,2021-03-31 17:45:19,2021-06-22 10:52:50
216,69,113,0,2021-03-31 17:45:19,2021-06-22 10:52:50
217,69,114,0,2021-03-31 17:45:19,2021-06-22 10:52:50
218,69,116,0,2021-03-31 17:45:19,2021-06-22 10:52:50
219,69,117,0,2021-03-31 17:45:19,2021-06-22 10:52:50
220,69,121,0,2021-03-31 17:45:19,2021-06-22 10:52:50
221,70,103,0,2021-03-31 17:45:19,2022-06-10 15:37:51
222,70,140,0,2021-03-31 17:45:19,2022-06-10 15:37:51
223,71,59,0,2021-03-31 17:45:19,2022-06-10 15:37:51
224,71,62,0,2021-03-31 17:45:19,2022-06-10 15:37:51
225,71,85,0,2021-03-31 17:45:19,2022-06-10 15:37:51
226,71,134,0,2021-03-31 17:45:19,2022-06-10 15:37:51
227,72,111,0,2021-03-31 17:45:19,2021-06-22 10:52:50
228,72,113,0,2021-03-31 17:45:19,2021-06-22 10:52:50
229,72,114,0,2021-03-31 17:45:19,2021-06-22 10:52:50
230,72,115,0,2021-03-31 17:45:19,2021-06-22 10:52:50
231,72,116,0,2021-03-31 17:45:19,2021-06-22 10:52:50
232,72,117,0,2021-03-31 17:45:19,2021-06-22 10:52:50
233,73,111,0,2021-03-31 17:45:19,2022-06-10 15:37:51
234,73,113,0,2021-03-31 17:45:19,2022-06-10 15:37:51
235,73,114,0,2021-03-31 17:45:19,2022-06-10 15:37:51
236,74,93,0,2021-03-31 17:45:19,2021-06-22 10:52:50
237,75,103,0,2021-03-31 17:45:19,2022-06-10 15:37:51
238,75,106,0,2021-03-31 17:45:19,2022-06-10 15:37:51
239,76,59,0,2021-03-31 17:45:19,2022-06-10 15:37:51
240,76,62,0,2021-03-31 17:45:19,2022-06-10 15:37:51
241,77,59,0,2021-03-31 17:45:19,2022-06-10 15:37:51
242,77,62,0,2021-03-31 17:45:19,2022-06-10 15:37:51
243,78,2,0,2021-03-31 17:45:19,2021-06-22 10:52:50
244,79,15,0,2021-03-31 17:45:19,2022-06-10 15:37:51
245,79,19,0,2021-03-31 17:45:19,2022-06-10 15:37:51
246,79,20,0,2021-03-31 17:45:19,2022-06-10 15:37:51
247,79,24,0,2021-03-31 17:45:19,2022-06-10 15:37:51
248,79,32,0,2021-03-31 17:45:19,2022-06-10 15:37:51
249,79,35,0,2021-03-31 17:45:19,2022-06-10 15:37:51
250,79,38,0,2021-03-31 17:45:19,2022-06-10 15:37:51
251,80,111,0,2021-03-31 17:45:19,2022-06-10 15:37:51
252,80,112,0,2021-03-31 17:45:19,2022-06-10 15:37:51
253,80,113,0,2021-03-31 17:45:19,2022-06-10 15:37:51
254,80,117,0,2021-03-31 17:45:19,2022-06-10 15:37:51
255,80,118,0,2021-03-31 17:45:19,2022-06-10 15:37:51
256,80,119,0,2021-03-31 17:45:19,2022-06-10 15:37:51
257,81,59,0,2021-03-31 17:45:19,2022-06-10 15:37:51
258,81,127,0,2021-03-31 17:45:19,2022-06-10 15:37:51
259,81,128,0,2021-03-31 17:45:19,2022-06-10 15:37:51
260,82,32,0,2021-03-31 17:45:19,2022-06-10 15:37:51
261,82,34,0,2021-03-31 17:45:19,2022-06-10 15:37:51
262,82,67,0,2021-03-31 17:45:19,2022-06-10 15:37:51
263,82,71,0,2021-03-31 17:45:19,2022-06-10 15:37:51
264,83,15,0,2021-03-31 17:45:19,2022-06-10 15:37:51
265,83,18,0,2021-03-31 17:45:19,2022-06-10 15:37:51
266,83,19,0,2021-03-31 17:45:19,2022-06-10 15:37:51
267,83,21,0,2021-03-31 17:45:19,2022-06-10 15:37:51
268,83,24,0,2021-03-31 17:45:19,2022-06-10 15:37:51
269,83,32,0,2021-03-31 17:45:19,2022-06-10 15:37:51
270,83,35,0,2021-03-31 17:45:19,2022-06-10 15:37:51
271,84,93,0,2021-03-31 17:45:19,2021-06-22 10:52:50
272,84,97,0,2021-03-31 17:45:19,2021-06-22 10:52:50
273,84,111,0,2021-03-31 17:45:19,2021-06-22 10:52:50
274,84,114,0,2021-03-31 17:45:19,2021-06-22 10:52:50
275,85,15,0,2021-03-31 17:45:19,2022-06-10 15:37:51
276,85,49,0,2021-03-31 17:45:19,2022-06-10 15:37:51
277,85,50,0,2021-03-31 17:45:19,2022-06-10 15:37:51
278,85,67,0,2021-03-31 17:45:19,2022-06-10 15:37:51
279,85,68,0,2021-03-31 17:45:19,2022-06-10 15:37:51
280,85,126,0,2021-03-31 17:45:19,2022-06-10 15:37:51
281,86,,0,2021-03-31 17:45:19,2021-06-22 10:52:50
282,87,85,0,2021-03-31 17:45:19,2022-06-10 15:37:51
283,88,111,0,2021-03-31 17:45:19,2021-06-22 10:52:50
284,88,116,0,2021-03-31 17:45:19,2021-06-22 10:52:50
285,89,74,0,2021-03-31 17:45:19,2021-06-22 10:52:50
286,89,80,0,2021-03-31 17:45:19,2021-06-22 10:52:50
287,90,113,0,2021-03-31 17:45:19,2022-06-10 15:37:51
288,90,117,0,2021-03-31 17:45:19,2022-06-10 15:37:51
289,91,74,0,2021-03-31 17:45:19,2022-06-10 15:37:51
290,91,82,0,2021-03-31 17:45:19,2022-06-10 15:37:51
291,91,85,0,2021-03-31 17:45:19,2022-06-10 15:37:51
292,91,87,0,2021-03-31 17:45:19,2022-06-10 15:37:51
293,92,40,0,2021-03-31 17:45:19,2022-06-10 15:37:51
294,92,41,0,2021-03-31 17:45:19,2022-06-10 15:37:51
295,93,111,0,2021-03-31 17:45:19,2022-06-10 15:37:51
296,93,114,0,2021-03-31 17:45:19,2022-06-10 15:37:51
297,93,117,0,2021-03-31 17:45:19,2022-06-10 15:37:51
298,94,49,0,2021-03-31 17:45:19,2022-06-10 15:37:51
299,94,50,0,2021-03-31 17:45:19,2022-06-10 15:37:51
300,94,67,0,2021-03-31 17:45:19,2022-06-10 15:37:51
301,94,71,0,2021-03-31 17:45:19,2022-06-10 15:37:51
302,95,59,0,2021-03-31 17:45:19,2022-06-10 15:37:51
303,95,62,0,2021-03-31 17:45:19,2022-06-10 15:37:51
304,96,67,0,2021-03-31 17:45:19,2022-06-10 15:37:51
305,96,71,0,2021-03-31 17:45:19,2022-06-10 15:37:51
306,97,93,0,2021-03-31 17:45:19,2021-05-06 06:52:41
307,97,101,0,2021-03-31 17:45:19,2021-05-06 06:52:41
308,97,111,0,2021-03-31 17:45:19,2021-05-06 06:52:41
309,97,113,0,2021-03-31 17:45:19,2021-05-06 06:52:41
310,97,114,0,2021-03-31 17:45:19,2021-05-06 06:52:41
311,98,103,0,2021-03-31 17:45:19,2021-06-22 10:52:50
312,98,108,0,2021-03-31 17:45:19,2021-06-22 10:52:50
313,99,,0,2021-03-31 17:45:19,2021-06-01 10:11:22
314,100,74,0,2021-03-31 17:45:19,2021-06-22 10:52:50
315,101,59,0,2021-03-31 17:45:19,2022-06-10 15:37:51
316,101,60,0,2021-03-31 17:45:19,2022-06-10 15:37:51
317,102,49,0,2021-03-31 17:45:19,2022-06-10 15:37:51
318,102,50,0,2021-03-31 17:45:19,2022-06-10 15:37:51
319,103,67,0,2021-03-31 17:45:19,2021-06-09 09:22:10
320,103,71,0,2021-03-31 17:45:19,2021-06-09 09:22:10
321,103,73,0,2021-03-31 17:45:19,2021-06-09 09:22:10
322,104,49,0,2021-03-31 17:45:19,2022-06-10 15:37:51
323,104,54,0,2021-03-31 17:45:19,2022-06-10 15:37:51
324,104,57,0,2021-03-31 17:45:19,2022-06-10 15:37:51
325,105,2,0,2021-03-31 17:45:19,2021-05-26 13:20:38
326,106,93,0,2021-03-31 17:45:19,2022-06-10 15:37:51
327,106,97,0,2021-03-31 17:45:19,2022-06-10 15:37:51
328,106,111,0,2021-03-31 17:45:19,2022-06-10 15:37:51
329,106,118,0,2021-03-31 17:45:19,2022-06-10 15:37:51
330,107,74,0,2021-03-31 17:45:19,2022-06-10 15:37:51
331,107,81,0,2021-03-31 17:45:19,2022-06-10 15:37:51
332,107,111,0,2021-03-31 17:45:19,2022-06-10 15:37:51
333,107,113,0,2021-03-31 17:45:19,2022-06-10 15:37:51
334,107,114,0,2021-03-31 17:45:19,2022-06-10 15:37:51
335,107,116,0,2021-03-31 17:45:19,2022-06-10 15:37:51
336,107,117,0,2021-03-31 17:45:19,2022-06-10 15:37:51
337,108,111,0,2021-03-31 17:45:19,2022-06-10 15:37:51
338,108,112,0,2021-03-31 17:45:19,2022-06-10 15:37:51
339,109,15,0,2021-03-31 17:45:19,2021-06-22 10:52:50
340,109,24,0,2021-03-31 17:45:19,2021-06-22 10:52:50
341,109,74,0,2021-03-31 17:45:19,2021-06-22 10:52:50
342,109,81,0,2021-03-31 17:45:19,2021-06-22 10:52:50
343,110,59,0,2021-03-31 17:45:19,2021-06-22 10:52:50
344,110,60,0,2021-03-31 17:45:19,2021-06-22 10:52:50
345,110,67,0,2021-03-31 17:45:19,2021-06-22 10:52:50
346,110,71,0,2021-03-31 17:45:19,2021-06-22 10:52:50
347,110,74,0,2021-03-31 17:45:19,2021-06-22 10:52:50
348,110,133,0,2021-03-31 17:45:19,2021-06-22 10:52:50
349,111,93,0,2021-03-31 17:45:19,2022-06-10 15:37:51
350,111,101,0,2021-03-31 17:45:19,2022-06-10 15:37:51
351,111,111,0,2021-03-31 17:45:19,2022-06-10 15:37:51
352,111,113,0,2021-03-31 17:45:19,2022-06-10 15:37:51
353,111,114,0,2021-03-31 17:45:19,2022-06-10 15:37:51
354,112,59,0,2021-03-31 17:45:19,2022-06-10 15:37:51
355,112,61,0,2021-03-31 17:45:19,2022-06-10 15:37:51
356,112,62,0,2021-03-31 17:45:19,2022-06-10 15:37:51
357,113,,0,2021-03-31 17:45:19,2021-06-22 10:52:50
358,114,93,0,2021-03-31 17:45:19,2021-06-22 10:52:50
359,114,94,0,2021-03-31 17:45:19,2021-06-22 10:52:50
360,115,93,0,2021-03-31 17:45:19,2021-06-22 10:52:50
361,115,138,0,2021-03-31 17:45:19,2021-06-22 10:52:50
362,116,103,0,2021-03-31 17:45:19,2022-06-10 15:37:51
363,116,105,0,2021-03-31 17:45:19,2022-06-10 15:37:51
364,116,110,0,2021-03-31 17:45:19,2022-06-10 15:37:51
365,117,93,0,2021-03-31 17:45:19,2021-05-26 13:20:38
366,117,138,0,2021-03-31 17:45:19,2021-05-26 13:20:38
367,118,59,0,2021-03-31 17:45:19,2022-06-10 15:37:51
368,118,93,0,2021-03-31 17:45:19,2022-06-10 15:37:51
369,118,101,0,2021-03-31 17:45:19,2022-06-10 15:37:51
370,119,85,0,2021-03-31 17:45:19,2022-06-10 15:37:51
371,119,111,0,2021-03-31 17:45:19,2022-06-10 15:37:51
372,119,113,0,2021-03-31 17:45:19,2022-06-10 15:37:51
373,119,137,0,2021-03-31 17:45:19,2022-06-10 15:37:51
374,120,85,0,2021-03-31 17:45:19,2021-05-18 13:36:02
375,120,111,0,2021-03-31 17:45:19,2021-05-18 13:36:02
376,120,117,0,2021-03-31 17:45:19,2021-05-18 13:36:02
377,120,137,0,2021-03-31 17:45:19,2021-05-18 13:36:02
378,121,4,0,2021-03-31 17:45:19,2021-06-22 10:52:50
379,121,9,0,2021-03-31 17:45:19,2021-06-22 10:52:50
380,122,93,0,2021-03-31 17:45:19,2021-06-22 10:52:50
381,123,74,0,2021-03-31 17:45:19,2022-06-10 15:37:51
382,123,83,0,2021-03-31 17:45:19,2022-06-10 15:37:51
383,124,40,0,2021-03-31 17:45:19,2022-06-10 15:37:51
384,124,47,0,2021-03-31 17:45:19,2022-06-10 15:37:51
385,124,74,0,2021-03-31 17:45:19,2022-06-10 15:37:51
386,124,82,0,2021-03-31 17:45:19,2022-06-10 15:37:51
387,124,85,0,2021-03-31 17:45:19,2022-06-10 15:37:51
388,124,86,0,2021-03-31 17:45:19,2022-06-10 15:37:51
389,124,87,0,2021-03-31 17:45:19,2022-06-10 15:37:51
390,125,40,0,2021-03-31 17:45:19,2021-06-22 10:52:50
391,125,41,0,2021-03-31 17:45:19,2021-06-22 10:52:50
392,125,43,0,2021-03-31 17:45:19,2021-06-22 10:52:50
393,125,85,0,2021-03-31 17:45:19,2021-06-22 10:52:50
394,125,86,0,2021-03-31 17:45:19,2021-06-22 10:52:50
395,126,74,0,2021-03-31 17:45:19,2021-06-22 10:52:50
396,126,76,0,2021-03-31 17:45:19,2021-06-22 10:52:50
397,127,111,0,2021-03-31 17:45:19,2021-06-22 10:52:50
398,127,113,0,2021-03-31 17:45:19,2021-06-22 10:52:50
399,127,114,0,2021-03-31 17:45:19,2021-06-22 10:52:50
400,127,115,0,2021-03-31 17:45:19,2021-06-22 10:52:50
401,128,1,0,2021-03-31 17:45:19,2022-06-10 15:37:51
402,128,2,0,2021-03-31 17:45:19,2022-06-10 15:37:51
403,128,49,0,2021-03-31 17:45:19,2022-06-10 15:37:51
404,128,51,0,2021-03-31 17:45:19,2022-06-10 15:37:51
405,128,53,0,2021-03-31 17:45:19,2022-06-10 15:37:51
406,128,55,0,2021-03-31 17:45:19,2022-06-10 15:37:51
407,128,56,0,2021-03-31 17:45:19,2022-06-10 15:37:51
408,128,57,0,2021-03-31 17:45:19,2022-06-10 15:37:51
409,128,58,0,2021-03-31 17:45:19,2022-06-10 15:37:51
410,128,67,0,2021-03-31 17:45:19,2022-06-10 15:37:51
411,128,71,0,2021-03-31 17:45:19,2022-06-10 15:37:51
412,129,15,0,2021-03-31 17:45:19,2021-06-22 10:52:50
413,129,24,0,2021-03-31 17:45:19,2021-06-22 10:52:50
414,129,93,0,2021-03-31 17:45:19,2021-06-22 10:52:50
415,129,94,0,2021-03-31 17:45:19,2021-06-22 10:52:50
416,130,85,0,2021-03-31 17:45:19,2022-06-10 15:37:51
417,130,142,0,2021-03-31 17:45:19,2022-06-10 15:37:51
418,131,15,0,2021-03-31 17:45:19,2022-06-10 15:37:51
419,131,20,0,2021-03-31 17:45:19,2022-06-10 15:37:51
420,131,24,0,2021-03-31 17:45:19,2022-06-10 15:37:51
421,131,32,0,2021-03-31 17:45:19,2022-06-10 15:37:51
422,131,35,0,2021-03-31 17:45:19,2022-06-10 15:37:51
423,131,38,0,2021-03-31 17:45:19,2022-06-10 15:37:51
424,132,93,0,2021-03-31 17:45:19,2022-06-10 15:37:51
425,132,100,0,2021-03-31 17:45:19,2022-06-10 15:37:51
426,133,103,0,2021-03-31 17:45:19,2022-06-10 15:37:51
427,133,108,0,2021-03-31 17:45:19,2022-06-10 15:37:51
428,134,,0,2021-03-31 17:45:19,2021-06-22 10:52:50
429,135,,0,2021-03-31 17:45:19,2021-06-22 10:52:50
430,136,85,0,2021-03-31 17:45:19,2022-06-10 15:37:51
431,136,93,0,2021-03-31 17:45:19,2022-06-10 15:37:51
432,136,101,0,2021-03-31 17:45:19,2022-06-10 15:37:51
433,136,103,0,2021-03-31 17:45:19,2022-06-10 15:37:51
434,136,108,0,2021-03-31 17:45:19,2022-06-10 15:37:51
435,136,109,0,2021-03-31 17:45:19,2022-06-10 15:37:51
436,136,110,0,2021-03-31 17:45:19,2022-06-10 15:37:51
437,137,49,0,2021-03-31 17:45:19,2022-06-10 15:37:51
438,137,54,0,2021-03-31 17:45:19,2022-06-10 15:37:51
439,137,85,0,2021-03-31 17:45:19,2022-06-10 15:37:51
440,137,86,0,2021-03-31 17:45:19,2022-06-10 15:37:51
441,137,89,0,2021-03-31 17:45:19,2022-06-10 15:37:51
442,137,91,0,2021-03-31 17:45:19,2022-06-10 15:37:51
443,137,142,0,2021-03-31 17:45:19,2022-06-10 15:37:51
444,138,59,0,2021-03-31 17:45:19,2021-06-22 10:52:50
445,138,74,0,2021-03-31 17:45:19,2021-06-22 10:52:50
446,138,81,0,2021-03-31 17:45:19,2021-06-22 10:52:50
447,138,103,0,2021-03-31 17:45:19,2021-06-22 10:52:50
448,138,141,0,2021-03-31 17:45:19,2021-06-22 10:52:50
449,139,25,0,2021-03-31 17:45:19,2021-06-22 10:52:50
450,139,30,0,2021-03-31 17:45:19,2021-06-22 10:52:50
451,140,103,0,2021-03-31 17:45:19,2021-06-22 10:52:50
452,140,108,0,2021-03-31 17:45:19,2021-06-22 10:52:50
453,141,67,0,2021-03-31 17:45:19,2021-06-22 10:52:50
454,141,71,0,2021-03-31 17:45:19,2021-06-22 10:52:50
455,141,73,0,2021-03-31 17:45:19,2021-06-22 10:52:50
456,142,40,0,2021-03-31 17:45:19,2022-06-10 15:37:51
457,142,41,0,2021-03-31 17:45:19,2022-06-10 15:37:51
458,142,43,0,2021-03-31 17:45:19,2022-06-10 15:37:51
459,143,74,0,2021-03-31 17:45:19,2022-06-10 15:37:51
460,143,81,0,2021-03-31 17:45:19,2022-06-10 15:37:51
461,143,111,0,2021-03-31 17:45:19,2022-06-10 15:37:51
462,143,116,0,2021-03-31 17:45:19,2022-06-10 15:37:51
463,143,129,0,2021-03-31 17:45:19,2022-06-10 15:37:51
464,144,93,0,2021-03-31 17:45:19,2022-06-10 15:37:51
465,144,95,0,2021-03-31 17:45:19,2022-06-10 15:37:51
466,144,103,0,2021-03-31 17:45:19,2022-06-10 15:37:51
467,144,140,0,2021-03-31 17:45:19,2022-06-10 15:37:51
468,145,59,0,2021-03-31 17:45:19,2021-06-22 10:52:50
469,145,85,0,2021-03-31 17:45:19,2021-06-22 10:52:50
470,145,93,0,2021-03-31 17:45:19,2021-06-22 10:52:50
471,145,101,0,2021-03-31 17:45:19,2021-06-22 10:52:50
472,145,128,0,2021-03-31 17:45:19,2021-06-22 10:52:50
473,145,137,0,2021-03-31 17:45:19,2021-06-22 10:52:50
474,146,93,0,2021-03-31 17:45:19,2022-06-10 15:37:51
475,146,94,0,2021-03-31 17:45:19,2022-06-10 15:37:51
476,147,93,0,2021-03-31 17:45:19,2022-06-10 15:37:51
477,147,94,0,2021-03-31 17:45:19,2022-06-10 15:37:51
478,148,111,0,2021-03-31 17:45:19,2021-04-20 07:05:51
479,148,112,0,2021-03-31 17:45:19,2021-04-20 07:05:51
480,148,113,0,2021-03-31 17:45:19,2021-04-20 07:05:51
481,149,74,0,2021-03-31 17:45:19,2021-06-22 10:52:50
482,149,79,0,2021-03-31 17:45:19,2021-06-22 10:52:50
483,150,2,0,2021-03-31 17:45:19,2022-06-10 15:37:51
484,150,49,0,2021-03-31 17:45:19,2022-06-10 15:37:51
485,150,54,0,2021-03-31 17:45:19,2022-06-10 15:37:51
486,150,58,0,2021-03-31 17:45:19,2022-06-10 15:37:51
487,150,85,0,2021-03-31 17:45:19,2022-06-10 15:37:51
488,151,,0,2021-03-31 17:45:19,2021-05-06 06:52:41
489,152,93,0,2021-03-31 17:45:19,2021-06-22 10:52:50
490,153,74,0,2021-03-31 17:45:19,2022-06-10 15:37:51
491,153,93,0,2021-03-31 17:45:19,2022-06-10 15:37:51
492,153,99,0,2021-03-31 17:45:19,2022-06-10 15:37:51
493,154,103,0,2021-03-31 17:45:19,2022-06-10 15:37:51
494,155,103,0,2021-03-31 17:45:19,2022-06-10 15:37:51
495,155,104,0,2021-03-31 17:45:19,2022-06-10 15:37:51
496,156,74,0,2021-03-31 17:45:19,2021-06-22 10:52:50
497,156,79,0,2021-03-31 17:45:19,2021-06-22 10:52:50
498,157,59,0,2021-03-31 17:45:19,2021-05-26 13:20:38
499,157,61,0,2021-03-31 17:45:19,2021-05-26 13:20:38
500,157,93,0,2021-03-31 17:45:19,2021-05-26 13:20:38
501,157,101,0,2021-03-31 17:45:19,2021-05-26 13:20:38
502,158,111,0,2021-03-31 17:45:19,2021-06-21 09:39:27
503,158,118,0,2021-03-31 17:45:19,2021-06-21 09:39:27
504,159,32,0,2021-03-31 17:45:19,2022-06-10 15:37:51
505,159,35,0,2021-03-31 17:45:19,2022-06-10 15:37:51
506,160,,0,2021-03-31 17:45:19,2021-06-01 10:11:22
507,161,103,0,2021-03-31 17:45:19,2021-05-03 08:20:25
508,161,140,0,2021-03-31 17:45:19,2021-05-03 08:20:25
509,162,25,0,2021-03-31 17:45:19,2022-06-10 15:37:51
510,162,29,0,2021-03-31 17:45:19,2022-06-10 15:37:51
511,163,93,0,2021-03-31 17:45:19,2022-06-10 15:37:51
512,164,15,0,2021-03-31 17:45:19,2022-06-10 15:37:51
513,164,21,0,2021-03-31 17:45:19,2022-06-10 15:37:51
514,165,103,0,2021-03-31 17:45:19,2021-05-06 06:52:41
515,165,105,0,2021-03-31 17:45:19,2021-05-06 06:52:41
516,165,108,0,2021-03-31 17:45:19,2021-05-06 06:52:41
517,165,109,0,2021-03-31 17:45:19,2021-05-06 06:52:41
518,166,74,0,2021-03-31 17:45:19,2021-06-22 10:52:50
519,166,81,0,2021-03-31 17:45:19,2021-06-22 10:52:50
520,167,74,0,2021-03-31 17:45:19,2022-06-10 15:37:51
521,167,83,0,2021-03-31 17:45:19,2022-06-10 15:37:51
522,167,85,0,2021-03-31 17:45:19,2022-06-10 15:37:51
523,167,137,0,2021-03-31 17:45:19,2022-06-10 15:37:51
524,168,59,0,2021-03-31 17:45:19,2021-06-22 10:52:50
525,168,62,0,2021-03-31 17:45:19,2021-06-22 10:52:50
526,168,85,0,2021-03-31 17:45:19,2021-06-22 10:52:50
527,168,134,0,2021-03-31 17:45:19,2021-06-22 10:52:50
528,169,103,0,2021-03-31 17:45:19,2022-06-10 15:37:51
529,169,111,0,2021-03-31 17:45:19,2022-06-10 15:37:51
530,169,117,0,2021-03-31 17:45:19,2022-06-10 15:37:51
531,169,140,0,2021-03-31 17:45:19,2022-06-10 15:37:51
532,170,85,0,2021-03-31 17:45:19,2021-06-22 10:52:50
533,170,90,0,2021-03-31 17:45:19,2021-06-22 10:52:50
534,170,93,0,2021-03-31 17:45:19,2021-06-22 10:52:50
535,170,95,0,2021-03-31 17:45:19,2021-06-22 10:52:50
536,171,74,0,2021-03-31 17:45:19,2021-05-18 13:36:02
537,171,129,0,2021-03-31 17:45:19,2021-05-18 13:36:02
538,171,131,0,2021-03-31 17:45:19,2021-05-18 13:36:02
539,172,93,0,2021-03-31 17:45:19,2022-06-10 15:37:51
540,172,138,0,2021-03-31 17:45:19,2022-06-10 15:37:51
541,173,1,0,2021-03-31 17:45:19,2021-06-22 10:52:50
542,173,2,0,2021-03-31 17:45:19,2021-06-22 10:52:50
543,174,93,0,2021-03-31 17:45:19,2022-06-10 15:37:51
544,174,100,0,2021-03-31 17:45:19,2022-06-10 15:37:51
545,175,,0,2021-03-31 17:45:19,2021-06-22 10:52:50
546,176,2,0,2021-03-31 17:45:19,2022-06-10 15:37:51
547,177,49,0,2021-03-31 17:45:19,2022-06-10 15:37:51
548,177,54,0,2021-03-31 17:45:19,2022-06-10 15:37:51
549,177,85,0,2021-03-31 17:45:19,2022-06-10 15:37:51
550,177,86,0,2021-03-31 17:45:19,2022-06-10 15:37:51
551,177,89,0,2021-03-31 17:45:19,2022-06-10 15:37:51
552,177,93,0,2021-03-31 17:45:19,2022-06-10 15:37:51
553,177,95,0,2021-03-31 17:45:19,2022-06-10 15:37:51
554,177,111,0,2021-03-31 17:45:19,2022-06-10 15:37:51
555,177,113,0,2021-03-31 17:45:19,2022-06-10 15:37:51
556,177,114,0,2021-03-31 17:45:19,2022-06-10 15:37:51
557,177,115,0,2021-03-31 17:45:19,2022-06-10 15:37:51
558,177,118,0,2021-03-31 17:45:19,2022-06-10 15:37:51
559,178,15,0,2021-03-31 17:45:19,2021-06-22 10:52:50
560,178,18,0,2021-03-31 17:45:19,2021-06-22 10:52:50
561,178,19,0,2021-03-31 17:45:19,2021-06-22 10:52:50
562,178,20,0,2021-03-31 17:45:19,2021-06-22 10:52:50
563,178,21,0,2021-03-31 17:45:19,2021-06-22 10:52:50
564,178,22,0,2021-03-31 17:45:19,2021-06-22 10:52:50
565,178,24,0,2021-03-31 17:45:19,2021-06-22 10:52:50
566,178,32,0,2021-03-31 17:45:19,2021-06-22 10:52:50
567,178,35,0,2021-03-31 17:45:19,2021-06-22 10:52:50
568,179,59,0,2021-03-31 17:45:19,2022-06-10 15:37:51
569,179,62,0,2021-03-31 17:45:19,2022-06-10 15:37:51
570,180,74,0,2021-03-31 17:45:19,2022-06-10 15:37:51
571,180,81,0,2021-03-31 17:45:19,2022-06-10 15:37:51
572,180,111,0,2021-03-31 17:45:19,2022-06-10 15:37:51
573,180,112,0,2021-03-31 17:45:19,2022-06-10 15:37:51
574,180,116,0,2021-03-31 17:45:19,2022-06-10 15:37:51
575,180,117,0,2021-03-31 17:45:19,2022-06-10 15:37:51
576,181,25,0,2021-03-31 17:45:19,2021-06-22 10:52:50
577,181,67,0,2021-03-31 17:45:19,2021-06-22 10:52:50
578,181,71,0,2021-03-31 17:45:19,2021-06-22 10:52:50
579,182,49,0,2021-03-31 17:45:19,2022-06-10 15:37:51
580,182,54,0,2021-03-31 17:45:19,2022-06-10 15:37:51
581,182,111,0,2021-03-31 17:45:19,2022-06-10 15:37:51
582,182,112,0,2021-03-31 17:45:19,2022-06-10 15:37:51
583,182,113,0,2021-03-31 17:45:19,2022-06-10 15:37:51
584,182,114,0,2021-03-31 17:45:19,2022-06-10 15:37:51
585,182,115,0,2021-03-31 17:45:19,2022-06-10 15:37:51
586,182,116,0,2021-03-31 17:45:19,2022-06-10 15:37:51
587,182,117,0,2021-03-31 17:45:19,2022-06-10 15:37:51
588,182,118,0,2021-03-31 17:45:19,2022-06-10 15:37:51
589,182,119,0,2021-03-31 17:45:19,2022-06-10 15:37:51
590,182,121,0,2021-03-31 17:45:19,2022-06-10 15:37:51
591,183,15,0,2021-03-31 17:45:19,2021-06-22 10:52:50
592,183,16,0,2021-03-31 17:45:19,2021-06-22 10:52:50
593,183,22,0,2021-03-31 17:45:19,2021-06-22 10:52:50
594,184,15,0,2021-03-31 17:45:19,2022-06-10 15:37:51
595,184,16,0,2021-03-31 17:45:19,2022-06-10 15:37:51
596,184,17,0,2021-03-31 17:45:19,2022-06-10 15:37:51
597,184,22,0,2021-03-31 17:45:19,2022-06-10 15:37:51
598,185,15,0,2021-03-31 17:45:19,2022-06-10 15:37:51
599,185,16,0,2021-03-31 17:45:19,2022-06-10 15:37:51
600,185,49,0,2021-03-31 17:45:19,2022-06-10 15:37:51
601,185,50,0,2021-03-31 17:45:19,2022-06-10 15:37:51
602,185,52,0,2021-03-31 17:45:19,2022-06-10 15:37:51
603,185,54,0,2021-03-31 17:45:19,2022-06-10 15:37:51
604,185,55,0,2021-03-31 17:45:19,2022-06-10 15:37:51
605,185,56,0,2021-03-31 17:45:19,2022-06-10 15:37:51
606,186,85,0,2021-03-31 17:45:19,2022-06-10 15:37:51
607,186,103,0,2021-03-31 17:45:19,2022-06-10 15:37:51
608,186,107,0,2021-03-31 17:45:19,2022-06-10 15:37:51
609,186,108,0,2021-03-31 17:45:19,2022-06-10 15:37:51
610,186,109,0,2021-03-31 17:45:19,2022-06-10 15:37:51
611,187,15,0,2021-03-31 17:45:19,2022-06-10 15:37:51
612,188,49,0,2021-03-31 17:45:19,2022-06-10 15:37:51
613,188,126,0,2021-03-31 17:45:19,2022-06-10 15:37:51
614,189,74,0,2021-03-31 17:45:19,2021-04-22 09:11:19
615,189,111,0,2021-03-31 17:45:19,2021-04-22 09:11:19
616,189,117,0,2021-03-31 17:45:19,2021-04-22 09:11:19
617,189,129,0,2021-03-31 17:45:19,2021-04-22 09:11:19
618,190,111,0,2021-03-31 17:45:19,2022-06-10 15:37:51
619,190,112,0,2021-03-31 17:45:19,2022-06-10 15:37:51
620,190,113,0,2021-03-31 17:45:19,2022-06-10 15:37:51
621,190,114,0,2021-03-31 17:45:19,2022-06-10 15:37:51
622,190,115,0,2021-03-31 17:45:19,2022-06-10 15:37:51
623,190,117,0,2021-03-31 17:45:19,2022-06-10 15:37:51
624,191,,0,2021-03-31 17:45:19,2021-04-02 17:05:20
625,192,74,0,2021-03-31 17:45:19,2021-06-22 10:52:50
626,193,111,0,2021-03-31 17:45:19,2022-06-10 15:37:51
627,193,113,0,2021-03-31 17:45:19,2022-06-10 15:37:51
628,193,117,0,2021-03-31 17:45:19,2022-06-10 15:37:51
629,193,121,0,2021-03-31 17:45:19,2022-06-10 15:37:51
630,194,74,0,2021-03-31 17:45:19,2021-06-22 10:52:50
631,195,2,0,2021-03-31 17:45:19,2021-06-22 10:52:50
632,195,49,0,2021-03-31 17:45:19,2021-06-22 10:52:50
633,195,54,0,2021-03-31 17:45:19,2021-06-22 10:52:50
634,195,58,0,2021-03-31 17:45:19,2021-06-22 10:52:50
635,196,32,0,2021-03-31 17:45:19,2022-06-10 15:37:51
636,196,35,0,2021-03-31 17:45:19,2022-06-10 15:37:51
637,196,38,0,2021-03-31 17:45:19,2022-06-10 15:37:51
638,197,49,0,2021-03-31 17:45:19,2022-06-10 15:37:51
639,197,50,0,2021-03-31 17:45:19,2022-06-10 15:37:51
640,197,54,0,2021-03-31 17:45:19,2022-06-10 15:37:51
641,197,85,0,2021-03-31 17:45:19,2022-06-10 15:37:51
642,197,86,0,2021-03-31 17:45:19,2022-06-10 15:37:51
643,198,103,0,2021-03-31 17:45:19,2022-06-10 15:37:51
644,198,110,0,2021-03-31 17:45:19,2022-06-10 15:37:51
645,199,111,0,2021-03-31 17:45:19,2021-06-09 09:22:10
646,199,116,0,2021-03-31 17:45:19,2021-06-09 09:22:10
647,200,67,0,2021-03-31 17:45:19,2022-06-10 15:37:51
648,200,70,0,2021-03-31 17:45:19,2022-06-10 15:37:51
649,200,71,0,2021-03-31 17:45:19,2022-06-10 15:37:51
650,200,73,0,2021-03-31 17:45:19,2022-06-10 15:37:51
651,201,103,0,2021-03-31 17:45:19,2022-06-10 15:37:51
652,201,107,0,2021-03-31 17:45:19,2022-06-10 15:37:51
653,202,4,0,2021-03-31 17:45:19,2022-06-10 15:37:51
654,202,8,0,2021-03-31 17:45:19,2022-06-10 15:37:51
655,203,93,0,2021-03-31 17:45:19,2021-06-22 10:52:50
656,203,99,0,2021-03-31 17:45:19,2021-06-22 10:52:50
657,204,59,0,2021-03-31 17:45:19,2022-06-10 15:37:51
658,204,62,0,2021-03-31 17:45:19,2022-06-10 15:37:51
659,205,,0,2021-03-31 17:45:19,2021-06-17 10:37:13
660,206,93,0,2021-03-31 17:45:19,2022-06-10 15:37:51
661,206,138,0,2021-03-31 17:45:19,2022-06-10 15:37:51
662,207,111,0,2021-03-31 17:45:19,2021-06-22 10:52:50
663,207,113,0,2021-03-31 17:45:19,2021-06-22 10:52:50
664,207,119,0,2021-03-31 17:45:19,2021-06-22 10:52:50
665,207,121,0,2021-03-31 17:45:19,2021-06-22 10:52:50
666,208,103,0,2021-03-31 17:45:19,2021-06-22 10:52:50
667,208,141,0,2021-03-31 17:45:19,2021-06-22 10:52:50
668,209,59,0,2021-03-31 17:45:19,2022-06-10 15:37:51
669,209,128,0,2021-03-31 17:45:19,2022-06-10 15:37:51
670,210,103,0,2021-03-31 17:45:19,2021-04-28 11:58:04
671,210,109,0,2021-03-31 17:45:19,2021-04-28 11:58:04
672,211,103,0,2021-03-31 17:45:19,2022-06-10 15:37:51
673,211,104,0,2021-03-31 17:45:19,2022-06-10 15:37:51
674,212,,0,2021-03-31 17:45:19,2021-06-22 10:52:50
675,213,15,0,2021-03-31 17:45:19,2022-06-10 15:37:51
676,213,19,0,2021-03-31 17:45:19,2022-06-10 15:37:51
677,213,20,0,2021-03-31 17:45:19,2022-06-10 15:37:51
678,213,32,0,2021-03-31 17:45:19,2022-06-10 15:37:51
679,213,35,0,2021-03-31 17:45:19,2022-06-10 15:37:51
680,213,38,0,2021-03-31 17:45:19,2022-06-10 15:37:51
681,214,74,0,2021-03-31 17:45:19,2022-06-10 15:37:51
682,214,76,0,2021-03-31 17:45:19,2022-06-10 15:37:51
683,214,93,0,2021-03-31 17:45:19,2022-06-10 15:37:51
684,214,101,0,2021-03-31 17:45:19,2022-06-10 15:37:51
685,215,111,0,2021-03-31 17:45:19,2021-06-01 10:11:22
686,215,114,0,2021-03-31 17:45:19,2021-06-01 10:11:22
687,215,115,0,2021-03-31 17:45:19,2021-06-01 10:11:22
688,216,15,0,2021-03-31 17:45:19,2022-06-10 15:37:51
689,216,67,0,2021-03-31 17:45:19,2022-06-10 15:37:51
690,216,68,0,2021-03-31 17:45:19,2022-06-10 15:37:51
691,216,71,0,2021-03-31 17:45:19,2022-06-10 15:37:51
692,217,93,0,2021-03-31 17:45:19,2022-06-10 15:37:51
693,217,138,0,2021-03-31 17:45:19,2022-06-10 15:37:51
694,218,111,0,2021-03-31 17:45:19,2022-06-10 15:37:51
695,218,117,0,2021-03-31 17:45:19,2022-06-10 15:37:51
696,218,118,0,2021-03-31 17:45:19,2022-06-10 15:37:51
697,219,93,0,2021-03-31 17:45:19,2022-06-10 15:37:51
698,219,138,0,2021-03-31 17:45:19,2022-06-10 15:37:51
699,220,,0,2021-03-31 17:45:19,2021-06-22 10:52:50
700,221,111,0,2021-03-31 17:45:19,2022-06-10 15:37:51
701,221,119,0,2021-03-31 17:45:19,2022-06-10 15:37:51
702,222,103,0,2021-03-31 17:45:19,2021-04-28 11:58:04
703,222,104,0,2021-03-31 17:45:19,2021-04-28 11:58:04
704,222,105,0,2021-03-31 17:45:19,2021-04-28 11:58:04
705,222,106,0,2021-03-31 17:45:19,2021-04-28 11:58:04
706,222,108,0,2021-03-31 17:45:19,2021-04-28 11:58:04
707,222,109,0,2021-03-31 17:45:19,2021-04-28 11:58:04
708,223,59,0,2021-03-31 17:45:19,2021-06-22 10:52:50
709,224,111,0,2021-03-31 17:45:19,2022-06-10 15:37:51
710,224,116,0,2021-03-31 17:45:19,2022-06-10 15:37:51
711,225,49,0,2021-03-31 17:45:19,2021-06-22 10:52:50
712,225,54,0,2021-03-31 17:45:19,2021-06-22 10:52:50
713,225,58,0,2021-03-31 17:45:19,2021-06-22 10:52:50
714,226,103,0,2021-03-31 17:45:19,2022-06-10 15:37:51
715,226,140,0,2021-03-31 17:45:19,2022-06-10 15:37:51
716,227,103,0,2021-03-31 17:45:19,2022-06-10 15:37:51
717,227,104,0,2021-03-31 17:45:19,2022-06-10 15:37:51
718,227,110,0,2021-03-31 17:45:19,2022-06-10 15:37:51
719,228,85,0,2021-03-31 17:45:19,2021-06-22 10:52:50
720,228,111,0,2021-03-31 17:45:19,2021-06-22 10:52:50
721,228,118,0,2021-03-31 17:45:19,2021-06-22 10:52:50
722,229,85,0,2021-03-31 17:45:19,2021-06-22 10:52:50
723,229,93,0,2021-03-31 17:45:19,2021-06-22 10:52:50
724,229,102,0,2021-03-31 17:45:19,2021-06-22 10:52:50
725,229,111,0,2021-03-31 17:45:19,2021-06-22 10:52:50
726,229,117,0,2021-03-31 17:45:19,2021-06-22 10:52:50
727,229,118,0,2021-03-31 17:45:19,2021-06-22 10:52:50
728,230,59,0,2021-03-31 17:45:20,2021-06-22 10:52:50
729,230,61,0,2021-03-31 17:45:20,2021-06-22 10:52:50
730,230,93,0,2021-03-31 17:45:20,2021-06-22 10:52:50
731,230,101,0,2021-03-31 17:45:20,2021-06-22 10:52:50
732,231,93,0,2021-03-31 17:45:20,2022-06-10 15:37:51
733,231,100,0,2021-03-31 17:45:20,2022-06-10 15:37:51
734,232,25,0,2021-03-31 17:45:20,2021-06-22 10:52:50
735,232,30,0,2021-03-31 17:45:20,2021-06-22 10:52:50
736,233,85,0,2021-03-31 17:45:20,2022-06-10 15:37:51
737,233,93,0,2021-03-31 17:45:20,2022-06-10 15:37:51
738,233,101,0,2021-03-31 17:45:20,2022-06-10 15:37:51
739,233,135,0,2021-03-31 17:45:20,2022-06-10 15:37:51
740,234,,0,2021-03-31 17:45:20,2021-04-07 09:35:18
741,235,49,0,2021-03-31 17:45:20,2022-06-10 15:37:51
742,235,126,0,2021-03-31 17:45:20,2022-06-10 15:37:51
743,236,59,0,2021-03-31 17:45:20,2022-06-10 15:37:51
744,236,62,0,2021-03-31 17:45:20,2022-06-10 15:37:51
745,237,40,0,2021-03-31 17:45:20,2022-06-10 15:37:51
746,237,41,0,2021-03-31 17:45:20,2022-06-10 15:37:51
747,237,74,0,2021-03-31 17:45:20,2022-06-10 15:37:51
748,237,82,0,2021-03-31 17:45:20,2022-06-10 15:37:51
749,238,,0,2021-03-31 17:45:20,2021-04-07 09:35:18
750,239,67,0,2021-03-31 17:45:20,2021-06-22 10:52:50
751,239,68,0,2021-03-31 17:45:20,2021-06-22 10:52:50
752,239,71,0,2021-03-31 17:45:20,2021-06-22 10:52:50
753,240,59,0,2021-03-31 17:45:20,2022-06-10 15:37:51
754,240,61,0,2021-03-31 17:45:20,2022-06-10 15:37:51
755,240,128,0,2021-03-31 17:45:20,2022-06-10 15:37:51
756,241,15,0,2021-03-31 17:45:20,2022-06-10 15:37:51
757,241,67,0,2021-03-31 17:45:20,2022-06-10 15:37:51
758,241,71,0,2021-03-31 17:45:20,2022-06-10 15:37:51
759,241,73,0,2021-03-31 17:45:20,2022-06-10 15:37:51
760,241,122,0,2021-03-31 17:45:20,2022-06-10 15:37:51
761,242,103,0,2021-03-31 17:45:20,2021-06-22 10:52:50
762,242,107,0,2021-03-31 17:45:20,2021-06-22 10:52:50
763,242,141,0,2021-03-31 17:45:20,2021-06-22 10:52:50
764,243,2,0,2021-03-31 17:45:20,2022-06-10 15:37:51
765,243,49,0,2021-03-31 17:45:20,2022-06-10 15:37:51
766,243,50,0,2021-03-31 17:45:20,2022-06-10 15:37:51
767,243,51,0,2021-03-31 17:45:20,2022-06-10 15:37:51
768,243,52,0,2021-03-31 17:45:20,2022-06-10 15:37:51
769,244,85,0,2021-03-31 17:45:20,2022-06-10 15:37:51
770,244,86,0,2021-03-31 17:45:20,2022-06-10 15:37:51
771,244,103,0,2021-03-31 17:45:20,2022-06-10 15:37:51
772,244,108,0,2021-03-31 17:45:20,2022-06-10 15:37:51
773,245,,0,2021-03-31 17:45:20,2021-06-22 10:52:50
774,246,,0,2021-03-31 17:45:20,2021-06-22 10:52:50
775,247,93,0,2021-03-31 17:45:20,2022-06-10 15:37:51
776,247,94,0,2021-03-31 17:45:20,2022-06-10 15:37:51
777,248,4,0,2021-03-31 17:45:20,2022-06-10 15:37:51
778,248,9,0,2021-03-31 17:45:20,2022-06-10 15:37:51
779,248,10,0,2021-03-31 17:45:20,2022-06-10 15:37:51
780,248,12,0,2021-03-31 17:45:20,2022-06-10 15:37:51
781,249,93,0,2021-03-31 17:45:20,2021-06-22 10:52:50
782,249,100,0,2021-03-31 17:45:20,2021-06-22 10:52:50
783,250,93,0,2021-03-31 17:45:20,2022-06-10 15:37:51
784,250,99,0,2021-03-31 17:45:20,2022-06-10 15:37:51
785,251,111,0,2021-03-31 17:45:20,2021-06-22 10:52:50
786,251,118,0,2021-03-31 17:45:20,2021-06-22 10:52:50
787,252,25,0,2021-03-31 17:45:20,2022-06-10 15:37:51
788,252,124,0,2021-03-31 17:45:20,2022-06-10 15:37:51
789,253,59,0,2021-03-31 17:45:20,2021-06-22 10:52:50
790,253,61,0,2021-03-31 17:45:20,2021-06-22 10:52:50
791,253,62,0,2021-03-31 17:45:20,2021-06-22 10:52:50
792,253,85,0,2021-03-31 17:45:20,2021-06-22 10:52:50
793,253,86,0,2021-03-31 17:45:20,2021-06-22 10:52:50
794,254,49,0,2021-03-31 17:45:20,2021-06-22 10:52:50
795,254,51,0,2021-03-31 17:45:20,2021-06-22 10:52:50
796,254,85,0,2021-03-31 17:45:20,2021-06-22 10:52:50
797,254,88,0,2021-03-31 17:45:20,2021-06-22 10:52:50
798,254,103,0,2021-03-31 17:45:20,2021-06-22 10:52:50
799,254,106,0,2021-03-31 17:45:20,2021-06-22 10:52:50
800,254,109,0,2021-03-31 17:45:20,2021-06-22 10:52:50
801,255,111,0,2021-03-31 17:45:20,2021-04-30 07:04:15
802,255,116,0,2021-03-31 17:45:20,2021-04-30 07:04:15
803,256,49,0,2021-03-31 17:45:20,2022-06-10 15:37:51
804,256,51,0,2021-03-31 17:45:20,2022-06-10 15:37:51
805,256,85,0,2021-03-31 17:45:20,2022-06-10 15:37:51
806,256,88,0,2021-03-31 17:45:20,2022-06-10 15:37:51
807,257,32,0,2021-03-31 17:45:20,2022-06-10 15:37:51
808,257,36,0,2021-03-31 17:45:20,2022-06-10 15:37:51
809,258,111,0,2021-03-31 17:45:20,2022-06-10 15:37:51
810,258,119,0,2021-03-31 17:45:20,2022-06-10 15:37:51
811,259,74,0,2021-03-31 17:45:20,2022-06-10 15:37:51
812,259,78,0,2021-03-31 17:45:20,2022-06-10 15:37:51
813,260,74,0,2021-03-31 17:45:20,2021-06-17 10:37:13
814,260,81,0,2021-03-31 17:45:20,2021-06-17 10:37:13
815,260,82,0,2021-03-31 17:45:20,2021-06-17 10:37:13
816,260,129,0,2021-03-31 17:45:20,2021-06-17 10:37:13
817,260,130,0,2021-03-31 17:45:20,2021-06-17 10:37:13
818,261,74,0,2021-03-31 17:45:20,2022-06-10 15:37:51
819,261,81,0,2021-03-31 17:45:20,2022-06-10 15:37:51
820,262,49,0,2021-03-31 17:45:20,2022-06-10 15:37:51
821,262,54,0,2021-03-31 17:45:20,2022-06-10 15:37:51
822,262,57,0,2021-03-31 17:45:20,2022-06-10 15:37:51
823,263,49,0,2021-03-31 17:45:20,2022-06-10 15:37:51
824,263,57,0,2021-03-31 17:45:20,2022-06-10 15:37:51
825,263,95,0,2021-03-31 17:45:20,2022-06-10 15:37:51
826,264,49,0,2021-03-31 17:45:20,2022-06-10 15:37:51
827,264,54,0,2021-03-31 17:45:20,2022-06-10 15:37:51
828,264,57,0,2021-03-31 17:45:20,2022-06-10 15:37:51
829,265,4,0,2021-03-31 17:45:20,2022-06-10 15:37:51
830,265,12,0,2021-03-31 17:45:20,2022-06-10 15:37:51
831,265,103,0,2021-03-31 17:45:20,2022-06-10 15:37:51
832,266,2,0,2021-03-31 17:45:20,2021-06-01 10:11:22
833,267,,0,2021-03-31 17:45:20,2021-04-28 11:58:04
834,268,15,0,2021-03-31 17:45:20,2022-06-10 15:37:51
835,268,18,0,2021-03-31 17:45:20,2022-06-10 15:37:51
836,268,21,0,2021-03-31 17:45:20,2022-06-10 15:37:51
837,268,74,0,2021-03-31 17:45:20,2022-06-10 15:37:51
838,268,76,0,2021-03-31 17:45:20,2022-06-10 15:37:51
839,268,83,0,2021-03-31 17:45:20,2022-06-10 15:37:51
840,268,84,0,2021-03-31 17:45:20,2022-06-10 15:37:51
841,268,85,0,2021-03-31 17:45:20,2022-06-10 15:37:51
842,268,89,0,2021-03-31 17:45:20,2022-06-10 15:37:51
843,268,111,0,2021-03-31 17:45:20,2022-06-10 15:37:51
844,268,115,0,2021-03-31 17:45:20,2022-06-10 15:37:51
845,268,117,0,2021-03-31 17:45:20,2022-06-10 15:37:51
846,269,74,0,2021-03-31 17:45:20,2021-06-22 10:52:50
847,269,81,0,2021-03-31 17:45:20,2021-06-22 10:52:50
848,269,129,0,2021-03-31 17:45:20,2021-06-22 10:52:50
849,270,111,0,2021-03-31 17:45:20,2022-06-10 15:37:51
850,270,113,0,2021-03-31 17:45:20,2022-06-10 15:37:51
851,271,85,0,2021-03-31 17:45:20,2021-06-22 10:52:50
852,271,86,0,2021-03-31 17:45:20,2021-06-22 10:52:50
853,271,93,0,2021-03-31 17:45:20,2021-06-22 10:52:50
854,271,97,0,2021-03-31 17:45:20,2021-06-22 10:52:50
855,271,111,0,2021-03-31 17:45:20,2021-06-22 10:52:50
856,271,117,0,2021-03-31 17:45:20,2021-06-22 10:52:50
857,272,59,0,2021-03-31 17:45:20,2022-06-10 15:37:51
858,272,93,0,2021-03-31 17:45:20,2022-06-10 15:37:51
859,272,101,0,2021-03-31 17:45:20,2022-06-10 15:37:51
860,273,111,0,2021-03-31 17:45:20,2021-06-22 10:52:50
861,273,119,0,2021-03-31 17:45:20,2021-06-22 10:52:50
862,274,93,0,2021-03-31 17:45:20,2022-06-10 15:37:51
863,274,101,0,2021-03-31 17:45:20,2022-06-10 15:37:51
864,274,103,0,2021-03-31 17:45:20,2022-06-10 15:37:51
865,274,141,0,2021-03-31 17:45:20,2022-06-10 15:37:51
866,275,,0,2021-03-31 17:45:20,2021-05-06 06:52:41
867,276,67,0,2021-03-31 17:45:20,2022-06-10 15:37:51
868,276,71,0,2021-03-31 17:45:20,2022-06-10 15:37:51
869,276,73,0,2021-03-31 17:45:20,2022-06-10 15:37:51
870,277,40,0,2021-03-31 17:45:20,2022-06-10 15:37:51
871,277,43,0,2021-03-31 17:45:20,2022-06-10 15:37:51
872,278,93,0,2021-03-31 17:45:20,2022-06-10 15:37:51
873,278,99,0,2021-03-31 17:45:20,2022-06-10 15:37:51
874,279,40,0,2021-03-31 17:45:20,2022-06-10 15:37:51
875,279,46,0,2021-03-31 17:45:20,2022-06-10 15:37:51
876,279,93,0,2021-03-31 17:45:20,2022-06-10 15:37:51
877,279,100,0,2021-03-31 17:45:20,2022-06-10 15:37:51
878,280,93,0,2021-03-31 17:45:20,2021-06-22 10:52:50
879,281,25,0,2021-03-31 17:45:20,2021-06-22 10:52:50
880,281,30,0,2021-03-31 17:45:20,2021-06-22 10:52:50
881,282,15,0,2021-03-31 17:45:20,2022-06-10 15:37:51
882,282,22,0,2021-03-31 17:45:20,2022-06-10 15:37:51
883,282,49,0,2021-03-31 17:45:20,2022-06-10 15:37:51
884,282,50,0,2021-03-31 17:45:20,2022-06-10 15:37:51
885,282,51,0,2021-03-31 17:45:20,2022-06-10 15:37:51
886,282,52,0,2021-03-31 17:45:20,2022-06-10 15:37:51
887,282,54,0,2021-03-31 17:45:20,2022-06-10 15:37:51
888,282,59,0,2021-03-31 17:45:20,2022-06-10 15:37:51
889,282,93,0,2021-03-31 17:45:20,2022-06-10 15:37:51
890,282,94,0,2021-03-31 17:45:20,2022-06-10 15:37:51
891,283,,0,2021-03-31 17:45:20,2021-03-31 16:59:59
892,284,103,0,2021-03-31 17:45:20,2022-06-10 15:37:51
893,284,140,0,2021-03-31 17:45:20,2022-06-10 15:37:51
894,285,74,0,2021-03-31 17:45:20,2021-06-22 10:52:50
895,285,111,0,2021-03-31 17:45:20,2021-06-22 10:52:50
896,285,113,0,2021-03-31 17:45:20,2021-06-22 10:52:50
897,285,114,0,2021-03-31 17:45:20,2021-06-22 10:52:50
898,285,116,0,2021-03-31 17:45:20,2021-06-22 10:52:50
899,285,117,0,2021-03-31 17:45:20,2021-06-22 10:52:50
900,285,132,0,2021-03-31 17:45:20,2021-06-22 10:52:50
901,286,74,0,2021-03-31 17:45:20,2021-05-31 11:39:00
902,287,103,0,2021-03-31 17:45:20,2022-06-10 15:37:51
903,288,67,0,2021-03-31 17:45:20,2022-06-10 15:37:51
904,288,69,0,2021-03-31 17:45:20,2022-06-10 15:37:51
905,289,67,0,2021-03-31 17:45:20,2022-06-10 15:37:51
906,289,71,0,2021-03-31 17:45:20,2022-06-10 15:37:51
907,289,93,0,2021-03-31 17:45:20,2022-06-10 15:37:51
908,289,99,0,2021-03-31 17:45:20,2022-06-10 15:37:51
909,290,15,0,2021-03-31 17:45:20,2022-06-10 15:37:51
910,290,20,0,2021-03-31 17:45:20,2022-06-10 15:37:51
911,290,74,0,2021-03-31 17:45:20,2022-06-10 15:37:51
912,291,15,0,2021-03-31 17:45:20,2022-06-10 15:37:51
913,291,17,0,2021-03-31 17:45:20,2022-06-10 15:37:51
914,291,18,0,2021-03-31 17:45:20,2022-06-10 15:37:51
915,291,19,0,2021-03-31 17:45:20,2022-06-10 15:37:51
916,291,20,0,2021-03-31 17:45:20,2022-06-10 15:37:51
917,291,21,0,2021-03-31 17:45:20,2022-06-10 15:37:51
918,291,49,0,2021-03-31 17:45:20,2022-06-10 15:37:51
919,291,50,0,2021-03-31 17:45:20,2022-06-10 15:37:51
920,291,51,0,2021-03-31 17:45:20,2022-06-10 15:37:51
921,291,54,0,2021-03-31 17:45:20,2022-06-10 15:37:51
922,291,55,0,2021-03-31 17:45:20,2022-06-10 15:37:51
923,291,57,0,2021-03-31 17:45:20,2022-06-10 15:37:51
924,291,74,0,2021-03-31 17:45:20,2022-06-10 15:37:51
925,291,81,0,2021-03-31 17:45:20,2022-06-10 15:37:51
926,291,84,0,2021-03-31 17:45:20,2022-06-10 15:37:51
927,292,32,0,2021-03-31 17:45:20,2021-04-20 07:05:51
928,292,39,0,2021-03-31 17:45:20,2021-04-20 07:05:51
929,293,85,0,2021-03-31 17:45:20,2022-06-10 15:37:51
930,293,88,0,2021-03-31 17:45:20,2022-06-10 15:37:51
931,294,85,0,2021-03-31 17:45:20,2021-06-22 10:52:50
932,294,86,0,2021-03-31 17:45:20,2021-06-22 10:52:50
933,294,111,0,2021-03-31 17:45:20,2021-06-22 10:52:50
934,294,112,0,2021-03-31 17:45:20,2021-06-22 10:52:50
935,294,117,0,2021-03-31 17:45:20,2021-06-22 10:52:50
936,295,93,0,2021-03-31 17:45:20,2022-06-10 15:37:51
937,296,,0,2021-03-31 17:45:20,2021-06-22 10:52:50
938,297,,0,2021-03-31 17:45:20,2021-06-22 10:52:50
939,298,,0,2021-03-31 17:45:20,2021-06-22 10:52:50
940,299,,0,2021-03-31 17:45:20,2021-05-18 13:36:02
941,300,93,0,2021-03-31 17:45:20,2022-06-10 15:37:51
942,300,98,0,2021-03-31 17:45:20,2022-06-10 15:37:51
943,300,103,0,2021-03-31 17:45:20,2022-06-10 15:37:51
944,300,104,0,2021-03-31 17:45:20,2022-06-10 15:37:51
945,300,107,0,2021-03-31 17:45:20,2022-06-10 15:37:51
946,300,108,0,2021-03-31 17:45:20,2022-06-10 15:37:51
947,300,109,0,2021-03-31 17:45:20,2022-06-10 15:37:51
948,300,139,0,2021-03-31 17:45:20,2022-06-10 15:37:51
949,300,141,0,2021-03-31 17:45:20,2022-06-10 15:37:51
950,301,93,0,2021-03-31 17:45:20,2021-06-22 10:52:50
951,301,94,0,2021-03-31 17:45:20,2021-06-22 10:52:50
952,302,85,0,2021-03-31 17:45:20,2021-06-01 10:11:22
953,303,93,0,2021-03-31 17:45:20,2021-06-22 10:52:50
954,303,94,0,2021-03-31 17:45:20,2021-06-22 10:52:50
955,304,103,0,2021-03-31 17:45:20,2021-04-22 09:11:19
956,304,104,0,2021-03-31 17:45:20,2021-04-22 09:11:19
957,305,111,0,2021-03-31 17:45:20,2022-06-10 15:37:51
958,305,112,0,2021-03-31 17:45:20,2022-06-10 15:37:51
959,305,115,0,2021-03-31 17:45:20,2022-06-10 15:37:51
960,306,15,0,2021-03-31 17:45:20,2022-06-10 15:37:51
961,306,19,0,2021-03-31 17:45:20,2022-06-10 15:37:51
962,306,20,0,2021-03-31 17:45:20,2022-06-10 15:37:51
963,306,21,0,2021-03-31 17:45:20,2022-06-10 15:37:51
964,306,23,0,2021-03-31 17:45:20,2022-06-10 15:37:51
965,306,93,0,2021-03-31 17:45:20,2022-06-10 15:37:51
966,306,94,0,2021-03-31 17:45:20,2022-06-10 15:37:51
967,306,95,0,2021-03-31 17:45:20,2022-06-10 15:37:51
968,306,100,0,2021-03-31 17:45:20,2022-06-10 15:37:51
969,306,103,0,2021-03-31 17:45:20,2022-06-10 15:37:51
970,306,105,0,2021-03-31 17:45:20,2022-06-10 15:37:51
971,306,107,0,2021-03-31 17:45:20,2022-06-10 15:37:51
972,306,108,0,2021-03-31 17:45:20,2022-06-10 15:37:51
973,306,109,0,2021-03-31 17:45:20,2022-06-10 15:37:51
974,306,110,0,2021-03-31 17:45:20,2022-06-10 15:37:51
975,306,111,0,2021-03-31 17:45:20,2022-06-10 15:37:51
976,306,112,0,2021-03-31 17:45:20,2022-06-10 15:37:51
977,306,113,0,2021-03-31 17:45:20,2022-06-10 15:37:51
978,306,114,0,2021-03-31 17:45:20,2022-06-10 15:37:51
979,306,115,0,2021-03-31 17:45:20,2022-06-10 15:37:51
980,306,116,0,2021-03-31 17:45:20,2022-06-10 15:37:51
981,306,117,0,2021-03-31 17:45:20,2022-06-10 15:37:51
982,306,118,0,2021-03-31 17:45:20,2022-06-10 15:37:51
983,306,119,0,2021-03-31 17:45:20,2022-06-10 15:37:51
984,306,121,0,2021-03-31 17:45:20,2022-06-10 15:37:51
985,306,129,0,2021-03-31 17:45:20,2022-06-10 15:37:51
986,306,132,0,2021-03-31 17:45:20,2022-06-10 15:37:51
987,306,139,0,2021-03-31 17:45:20,2022-06-10 15:37:51
988,307,111,0,2021-03-31 17:45:20,2021-06-22 10:52:50
989,307,112,0,2021-03-31 17:45:20,2021-06-22 10:52:50
990,307,117,0,2021-03-31 17:45:20,2021-06-22 10:52:50
991,308,111,0,2021-03-31 17:45:20,2022-06-10 15:37:51
992,308,112,0,2021-03-31 17:45:20,2022-06-10 15:37:51
993,308,113,0,2021-03-31 17:45:20,2022-06-10 15:37:51
994,308,114,0,2021-03-31 17:45:20,2022-06-10 15:37:51
995,308,117,0,2021-03-31 17:45:20,2022-06-10 15:37:51
996,309,4,0,2021-03-31 17:45:20,2021-06-22 10:52:50
997,309,7,0,2021-03-31 17:45:20,2021-06-22 10:52:50
998,310,2,0,2021-03-31 17:45:20,2021-06-22 10:52:50
999,311,103,0,2021-03-31 17:45:20,2022-06-10 15:37:51
1000,311,141,0,2021-03-31 17:45:20,2022-06-10 15:37:51
1001,312,111,0,2021-03-31 17:45:20,2022-06-10 15:37:51
1002,312,118,0,2021-03-31 17:45:20,2022-06-10 15:37:51
1003,313,103,0,2021-03-31 17:45:20,2022-06-10 15:37:51
1004,313,110,0,2021-03-31 17:45:20,2022-06-10 15:37:51
1005,314,103,0,2021-03-31 17:45:20,2022-06-10 15:37:51
1006,314,108,0,2021-03-31 17:45:20,2022-06-10 15:37:51
1007,315,111,0,2021-03-31 17:45:20,2022-06-10 15:37:51
1008,315,118,0,2021-03-31 17:45:20,2022-06-10 15:37:51
1009,316,103,0,2021-03-31 17:45:20,2022-06-10 15:37:51
1010,316,108,0,2021-03-31 17:45:20,2022-06-10 15:37:51
1011,317,59,0,2021-03-31 17:45:20,2021-06-22 10:52:50
1012,317,60,0,2021-03-31 17:45:20,2021-06-22 10:52:50
1013,317,93,0,2021-03-31 17:45:20,2021-06-22 10:52:50
1014,317,101,0,2021-03-31 17:45:20,2021-06-22 10:52:50
1015,317,128,0,2021-03-31 17:45:20,2021-06-22 10:52:50
1016,318,85,0,2021-03-31 17:45:20,2021-06-22 10:52:50
1017,318,103,0,2021-03-31 17:45:20,2021-06-22 10:52:50
1018,318,105,0,2021-03-31 17:45:20,2021-06-22 10:52:50
1019,318,135,0,2021-03-31 17:45:20,2021-06-22 10:52:50
1020,318,137,0,2021-03-31 17:45:20,2021-06-22 10:52:50
1021,319,59,0,2021-03-31 17:45:20,2021-06-22 10:52:50
1022,320,25,0,2021-03-31 17:45:20,2022-06-10 15:37:51
1023,320,27,0,2021-03-31 17:45:20,2022-06-10 15:37:51
1024,320,67,0,2021-03-31 17:45:20,2022-06-10 15:37:51
1025,320,71,0,2021-03-31 17:45:20,2022-06-10 15:37:51
1026,321,93,0,2021-03-31 17:45:20,2021-06-22 10:52:50
1027,321,138,0,2021-03-31 17:45:20,2021-06-22 10:52:50
1028,322,103,0,2021-03-31 17:45:20,2022-06-10 15:37:51
1029,322,105,0,2021-03-31 17:45:20,2022-06-10 15:37:51
1030,323,59,0,2021-03-31 17:45:20,2022-06-10 15:37:51
1031,323,61,0,2021-03-31 17:45:20,2022-06-10 15:37:51
1032,323,63,0,2021-03-31 17:45:20,2022-06-10 15:37:51
1033,324,85,0,2021-03-31 17:45:20,2022-06-10 15:37:51
1034,324,89,0,2021-03-31 17:45:20,2022-06-10 15:37:51
1035,324,93,0,2021-03-31 17:45:20,2022-06-10 15:37:51
1036,324,95,0,2021-03-31 17:45:20,2022-06-10 15:37:51
1037,324,111,0,2021-03-31 17:45:20,2022-06-10 15:37:51
1038,324,115,0,2021-03-31 17:45:20,2022-06-10 15:37:51
1039,325,111,0,2021-03-31 17:45:20,2022-06-10 15:37:51
1040,325,112,0,2021-03-31 17:45:20,2022-06-10 15:37:51
1041,325,113,0,2021-03-31 17:45:20,2022-06-10 15:37:51
1042,325,116,0,2021-03-31 17:45:20,2022-06-10 15:37:51
1043,326,103,0,2021-03-31 17:45:20,2022-06-10 15:37:51
1044,326,107,0,2021-03-31 17:45:20,2022-06-10 15:37:51
1045,326,108,0,2021-03-31 17:45:20,2022-06-10 15:37:51
1046,326,109,0,2021-03-31 17:45:20,2022-06-10 15:37:51
1047,326,140,0,2021-03-31 17:45:20,2022-06-10 15:37:51
1048,327,15,0,2021-03-31 17:45:20,2022-06-10 15:37:51
1049,327,17,0,2021-03-31 17:45:20,2022-06-10 15:37:51
1050,328,85,0,2021-03-31 17:45:20,2021-05-06 06:52:41
1051,328,103,0,2021-03-31 17:45:20,2021-05-06 06:52:41
1052,328,107,0,2021-03-31 17:45:20,2021-05-06 06:52:41
1053,329,103,0,2021-03-31 17:45:20,2022-06-10 15:37:51
1054,329,105,0,2021-03-31 17:45:20,2022-06-10 15:37:51
1055,329,110,0,2021-03-31 17:45:20,2022-06-10 15:37:51
1056,330,49,0,2021-03-31 17:45:20,2022-06-10 15:37:51
1057,330,50,0,2021-03-31 17:45:20,2022-06-10 15:37:51
1058,330,93,0,2021-03-31 17:45:20,2022-06-10 15:37:51
1059,330,94,0,2021-03-31 17:45:20,2022-06-10 15:37:51
1060,330,103,0,2021-03-31 17:45:20,2022-06-10 15:37:51
1061,330,139,0,2021-03-31 17:45:20,2022-06-10 15:37:51
1062,331,59,0,2021-03-31 17:45:20,2022-06-10 15:37:51
1063,331,61,0,2021-03-31 17:45:20,2022-06-10 15:37:51
1064,331,93,0,2021-03-31 17:45:20,2022-06-10 15:37:51
1065,331,101,0,2021-03-31 17:45:20,2022-06-10 15:37:51
1066,332,111,0,2021-03-31 17:45:20,2021-06-22 10:52:50
1067,332,118,0,2021-03-31 17:45:20,2021-06-22 10:52:50
1068,333,85,0,2021-03-31 17:45:20,2022-06-10 15:37:51
1069,333,111,0,2021-03-31 17:45:20,2022-06-10 15:37:51
1070,333,112,0,2021-03-31 17:45:20,2022-06-10 15:37:51
1071,333,114,0,2021-03-31 17:45:20,2022-06-10 15:37:51
1072,333,115,0,2021-03-31 17:45:20,2022-06-10 15:37:51
1073,333,116,0,2021-03-31 17:45:20,2022-06-10 15:37:51
1074,334,85,0,2021-03-31 17:45:20,2022-06-10 15:37:51
1075,334,103,0,2021-03-31 17:45:20,2022-06-10 15:37:51
1076,334,108,0,2021-03-31 17:45:20,2022-06-10 15:37:51
1077,334,109,0,2021-03-31 17:45:20,2022-06-10 15:37:51
1078,334,110,0,2021-03-31 17:45:20,2022-06-10 15:37:51
1079,334,135,0,2021-03-31 17:45:20,2022-06-10 15:37:51
1080,335,111,0,2021-03-31 17:45:20,2022-06-10 15:37:51
1081,335,112,0,2021-03-31 17:45:20,2022-06-10 15:37:51
1082,335,113,0,2021-03-31 17:45:20,2022-06-10 15:37:51
1083,335,117,0,2021-03-31 17:45:20,2022-06-10 15:37:51
1084,335,119,0,2021-03-31 17:45:20,2022-06-10 15:37:51
1085,335,121,0,2021-03-31 17:45:20,2022-06-10 15:37:51
1086,336,103,0,2021-03-31 17:45:20,2022-06-10 15:37:51
1087,336,107,0,2021-03-31 17:45:20,2022-06-10 15:37:51
1088,336,108,0,2021-03-31 17:45:20,2022-06-10 15:37:51
1089,336,140,0,2021-03-31 17:45:20,2022-06-10 15:37:51
1090,336,141,0,2021-03-31 17:45:20,2022-06-10 15:37:51
1091,337,103,0,2021-03-31 17:45:20,2022-06-10 15:37:51
1092,337,108,0,2021-03-31 17:45:20,2022-06-10 15:37:51
1093,337,109,0,2021-03-31 17:45:20,2022-06-10 15:37:51
1094,338,111,0,2021-03-31 17:45:20,2022-06-10 15:37:51
1095,338,118,0,2021-03-31 17:45:20,2022-06-10 15:37:51
1096,339,,0,2021-03-31 17:45:20,2021-06-22 10:52:50
1097,340,74,0,2021-03-31 17:45:20,2022-06-10 15:37:51
1098,340,132,0,2021-03-31 17:45:20,2022-06-10 15:37:51
1099,341,59,0,2021-03-31 17:45:20,2021-06-22 10:52:50
1100,341,74,0,2021-03-31 17:45:20,2021-06-22 10:52:50
1101,341,81,0,2021-03-31 17:45:20,2021-06-22 10:52:50
1102,341,103,0,2021-03-31 17:45:20,2021-06-22 10:52:50
1103,341,107,0,2021-03-31 17:45:20,2021-06-22 10:52:50
1104,342,15,0,2021-03-31 17:45:20,2022-06-10 15:37:51
1105,342,17,0,2021-03-31 17:45:20,2022-06-10 15:37:51
1106,342,18,0,2021-03-31 17:45:20,2022-06-10 15:37:51
1107,342,19,0,2021-03-31 17:45:20,2022-06-10 15:37:51
1108,342,20,0,2021-03-31 17:45:20,2022-06-10 15:37:51
1109,342,23,0,2021-03-31 17:45:20,2022-06-10 15:37:51
1110,342,24,0,2021-03-31 17:45:20,2022-06-10 15:37:51
1111,342,32,0,2021-03-31 17:45:20,2022-06-10 15:37:51
1112,342,35,0,2021-03-31 17:45:20,2022-06-10 15:37:51
1113,343,111,0,2021-03-31 17:45:20,2022-06-10 15:37:51
1114,343,117,0,2021-03-31 17:45:20,2022-06-10 15:37:51
1115,344,59,0,2021-03-31 17:45:20,2022-06-10 15:37:51
1116,344,60,0,2021-03-31 17:45:20,2022-06-10 15:37:51
1117,344,85,0,2021-03-31 17:45:20,2022-06-10 15:37:51
1118,344,86,0,2021-03-31 17:45:20,2022-06-10 15:37:51
1119,345,74,0,2021-03-31 17:45:20,2022-06-10 15:37:51
1120,345,111,0,2021-03-31 17:45:20,2022-06-10 15:37:51
1121,345,116,0,2021-03-31 17:45:20,2022-06-10 15:37:51
1122,345,129,0,2021-03-31 17:45:20,2022-06-10 15:37:51
1123,346,103,0,2021-03-31 17:45:20,2022-06-10 15:37:51
1124,346,140,0,2021-03-31 17:45:20,2022-06-10 15:37:51
1125,347,59,0,2021-03-31 17:45:20,2022-06-10 15:37:51
1126,347,62,0,2021-03-31 17:45:20,2022-06-10 15:37:51
1127,348,,0,2021-03-31 17:45:20,2021-06-07 15:38:20
1128,349,85,0,2021-03-31 17:45:20,2022-06-10 15:37:51
1129,349,111,0,2021-03-31 17:45:20,2022-06-10 15:37:51
1130,349,118,0,2021-03-31 17:45:20,2022-06-10 15:37:51
1131,349,136,0,2021-03-31 17:45:20,2022-06-10 15:37:51
1132,349,137,0,2021-03-31 17:45:20,2022-06-10 15:37:51
1133,350,,0,2021-03-31 17:45:20,2021-06-22 10:52:50
1134,351,74,0,2021-03-31 17:45:20,2021-05-03 08:20:25
1135,352,15,0,2021-03-31 17:45:20,2022-06-10 15:37:51
1136,352,16,0,2021-03-31 17:45:20,2022-06-10 15:37:51
1137,352,17,0,2021-03-31 17:45:20,2022-06-10 15:37:51
1138,352,21,0,2021-03-31 17:45:20,2022-06-10 15:37:51
1139,352,32,0,2021-03-31 17:45:20,2022-06-10 15:37:51
1140,352,38,0,2021-03-31 17:45:20,2022-06-10 15:37:51
1141,352,85,0,2021-03-31 17:45:20,2022-06-10 15:37:51
1142,352,89,0,2021-03-31 17:45:20,2022-06-10 15:37:51
1143,352,90,0,2021-03-31 17:45:20,2022-06-10 15:37:51
1144,353,15,0,2021-03-31 17:45:20,2022-06-10 15:37:51
1145,353,32,0,2021-03-31 17:45:20,2022-06-10 15:37:51
1146,353,35,0,2021-03-31 17:45:20,2022-06-10 15:37:51
1147,353,38,0,2021-03-31 17:45:20,2022-06-10 15:37:51
1148,353,49,0,2021-03-31 17:45:20,2022-06-10 15:37:51
1149,353,51,0,2021-03-31 17:45:20,2022-06-10 15:37:51
1150,353,54,0,2021-03-31 17:45:20,2022-06-10 15:37:51
1151,353,74,0,2021-03-31 17:45:20,2022-06-10 15:37:51
1152,353,85,0,2021-03-31 17:45:20,2022-06-10 15:37:51
1153,353,89,0,2021-03-31 17:45:20,2022-06-10 15:37:51
1154,353,90,0,2021-03-31 17:45:20,2022-06-10 15:37:51
1155,353,93,0,2021-03-31 17:45:20,2022-06-10 15:37:51
1156,353,95,0,2021-03-31 17:45:20,2022-06-10 15:37:51
1157,353,111,0,2021-03-31 17:45:20,2022-06-10 15:37:51
1158,353,113,0,2021-03-31 17:45:20,2022-06-10 15:37:51
1159,353,114,0,2021-03-31 17:45:20,2022-06-10 15:37:51
1160,353,115,0,2021-03-31 17:45:20,2022-06-10 15:37:51
1161,353,117,0,2021-03-31 17:45:20,2022-06-10 15:37:51
1162,354,74,0,2021-03-31 17:45:20,2022-06-10 15:37:51
1163,354,75,0,2021-03-31 17:45:20,2022-06-10 15:37:51
1164,355,49,0,2021-03-31 17:45:20,2022-06-10 15:37:51
1165,355,50,0,2021-03-31 17:45:20,2022-06-10 15:37:51
1166,356,103,0,2021-03-31 17:45:20,2022-06-10 15:37:51
1167,356,140,0,2021-03-31 17:45:20,2022-06-10 15:37:51
1168,357,49,0,2021-03-31 17:45:20,2021-06-22 10:52:50
1169,357,67,0,2021-03-31 17:45:20,2021-06-22 10:52:50
1170,357,71,0,2021-03-31 17:45:20,2021-06-22 10:52:50
1171,357,126,0,2021-03-31 17:45:20,2021-06-22 10:52:50
1172,358,74,0,2021-03-31 17:45:20,2021-04-26 15:40:32
1173,358,93,0,2021-03-31 17:45:20,2021-04-26 15:40:32
1174,358,99,0,2021-03-31 17:45:20,2021-04-26 15:40:32
1175,359,74,0,2021-03-31 17:45:20,2021-04-26 15:40:32
1176,359,93,0,2021-03-31 17:45:20,2021-04-26 15:40:32
1177,359,99,0,2021-03-31 17:45:20,2021-04-26 15:40:32
1178,360,49,0,2021-03-31 17:45:20,2022-06-10 15:37:51
1179,360,50,0,2021-03-31 17:45:20,2022-06-10 15:37:51
1180,360,54,0,2021-03-31 17:45:20,2022-06-10 15:37:51
1181,361,32,0,2021-03-31 17:45:20,2022-06-10 15:37:51
1182,361,35,0,2021-03-31 17:45:20,2022-06-10 15:37:51
1183,362,111,0,2021-03-31 17:45:20,2021-06-22 10:52:50
1184,362,116,0,2021-03-31 17:45:20,2021-06-22 10:52:50
1185,363,74,0,2021-03-31 17:45:20,2022-06-10 15:37:51
1186,363,111,0,2021-03-31 17:45:20,2022-06-10 15:37:51
1187,363,117,0,2021-03-31 17:45:20,2022-06-10 15:37:51
1188,363,132,0,2021-03-31 17:45:20,2022-06-10 15:37:51
1189,364,15,0,2021-03-31 17:45:20,2022-06-10 15:37:51
1190,364,18,0,2021-03-31 17:45:20,2022-06-10 15:37:51
1191,365,15,0,2021-03-31 17:45:20,2022-06-10 15:37:51
1192,365,18,0,2021-03-31 17:45:20,2022-06-10 15:37:51
1193,365,19,0,2021-03-31 17:45:20,2022-06-10 15:37:51
1194,365,20,0,2021-03-31 17:45:20,2022-06-10 15:37:51
1195,365,21,0,2021-03-31 17:45:20,2022-06-10 15:37:51
1196,365,24,0,2021-03-31 17:45:20,2022-06-10 15:37:51
1197,365,32,0,2021-03-31 17:45:20,2022-06-10 15:37:51
1198,365,35,0,2021-03-31 17:45:20,2022-06-10 15:37:51
1199,366,74,0,2021-03-31 17:45:20,2022-06-10 15:37:51
1200,366,111,0,2021-03-31 17:45:20,2022-06-10 15:37:51
1201,366,115,0,2021-03-31 17:45:20,2022-06-10 15:37:51
1202,367,85,0,2021-03-31 17:45:20,2022-06-10 15:37:51
1203,367,103,0,2021-03-31 17:45:20,2022-06-10 15:37:51
1204,367,108,0,2021-03-31 17:45:20,2022-06-10 15:37:51
1205,367,109,0,2021-03-31 17:45:20,2022-06-10 15:37:51
1206,367,110,0,2021-03-31 17:45:20,2022-06-10 15:37:51
1207,367,135,0,2021-03-31 17:45:20,2022-06-10 15:37:51
1208,368,111,0,2021-03-31 17:45:20,2022-06-10 15:37:51
1209,368,112,0,2021-03-31 17:45:20,2022-06-10 15:37:51
1210,369,49,0,2021-03-31 17:45:20,2021-06-22 10:52:50
1211,369,54,0,2021-03-31 17:45:20,2021-06-22 10:52:50
1212,370,59,0,2021-03-31 17:45:20,2022-06-10 15:37:51
1213,370,93,0,2021-03-31 17:45:20,2022-06-10 15:37:51
1214,370,101,0,2021-03-31 17:45:20,2022-06-10 15:37:51
1215,370,128,0,2021-03-31 17:45:20,2022-06-10 15:37:51
1216,371,15,0,2021-03-31 17:45:20,2022-06-10 15:37:51
1217,371,67,0,2021-03-31 17:45:20,2022-06-10 15:37:51
1218,371,71,0,2021-03-31 17:45:20,2022-06-10 15:37:51
1219,371,122,0,2021-03-31 17:45:20,2022-06-10 15:37:51
1220,372,15,0,2021-03-31 17:45:20,2022-06-10 15:37:51
1221,373,32,0,2021-03-31 17:45:20,2022-06-10 15:37:51
1222,373,35,0,2021-03-31 17:45:20,2022-06-10 15:37:51
1223,374,67,0,2021-03-31 17:45:20,2021-06-22 10:52:50
1224,374,71,0,2021-03-31 17:45:20,2021-06-22 10:52:50
1225,374,85,0,2021-03-31 17:45:20,2021-06-22 10:52:50
1226,374,135,0,2021-03-31 17:45:20,2021-06-22 10:52:50
1227,374,142,0,2021-03-31 17:45:20,2021-06-22 10:52:50
1228,375,112,0,2021-03-31 17:45:20,2022-06-10 15:37:51
1229,375,116,0,2021-03-31 17:45:20,2022-06-10 15:37:51
1230,375,117,0,2021-03-31 17:45:20,2022-06-10 15:37:51
1231,376,15,0,2021-03-31 17:45:20,2022-06-10 15:37:51
1232,376,21,0,2021-03-31 17:45:20,2022-06-10 15:37:51
1233,376,24,0,2021-03-31 17:45:20,2022-06-10 15:37:51
1234,376,32,0,2021-03-31 17:45:20,2022-06-10 15:37:51
1235,376,35,0,2021-03-31 17:45:20,2022-06-10 15:37:51
1236,376,38,0,2021-03-31 17:45:20,2022-06-10 15:37:51
1237,377,15,0,2021-03-31 17:45:20,2021-04-20 07:05:51
1238,377,17,0,2021-03-31 17:45:20,2021-04-20 07:05:51
1239,377,32,0,2021-03-31 17:45:20,2021-04-20 07:05:51
1240,377,38,0,2021-03-31 17:45:20,2021-04-20 07:05:51
1241,378,49,0,2021-03-31 17:45:20,2021-06-17 10:37:13
1242,378,54,0,2021-03-31 17:45:20,2021-06-17 10:37:13
1243,378,67,0,2021-03-31 17:45:20,2021-06-17 10:37:13
1244,378,68,0,2021-03-31 17:45:20,2021-06-17 10:37:13
1245,378,71,0,2021-03-31 17:45:20,2021-06-17 10:37:13
1246,378,85,0,2021-03-31 17:45:20,2021-06-17 10:37:13
1247,378,111,0,2021-03-31 17:45:20,2021-06-17 10:37:13
1248,378,117,0,2021-03-31 17:45:20,2021-06-17 10:37:13
1249,378,142,0,2021-03-31 17:45:20,2021-06-17 10:37:13
1250,379,93,0,2021-03-31 17:45:20,2022-06-10 15:37:51
1251,379,94,0,2021-03-31 17:45:20,2022-06-10 15:37:51
1252,380,40,0,2021-03-31 17:45:20,2022-06-10 15:37:51
1253,380,47,0,2021-03-31 17:45:20,2022-06-10 15:37:51
1254,381,111,0,2021-03-31 17:45:20,2022-06-10 15:37:51
1255,381,112,0,2021-03-31 17:45:20,2022-06-10 15:37:51
1256,381,114,0,2021-03-31 17:45:20,2022-06-10 15:37:51
1257,381,117,0,2021-03-31 17:45:20,2022-06-10 15:37:51
1258,381,120,0,2021-03-31 17:45:20,2022-06-10 15:37:51
1259,382,103,0,2021-03-31 17:45:20,2021-06-22 10:52:50
1260,383,59,0,2021-03-31 17:45:20,2022-06-10 15:37:51
1261,383,74,0,2021-03-31 17:45:20,2022-06-10 15:37:51
1262,383,76,0,2021-03-31 17:45:20,2022-06-10 15:37:51
1263,383,77,0,2021-03-31 17:45:20,2022-06-10 15:37:51
1264,383,78,0,2021-03-31 17:45:20,2022-06-10 15:37:51
1265,383,81,0,2021-03-31 17:45:20,2022-06-10 15:37:51
1266,383,93,0,2021-03-31 17:45:20,2022-06-10 15:37:51
1267,383,94,0,2021-03-31 17:45:20,2022-06-10 15:37:51
1268,383,101,0,2021-03-31 17:45:20,2022-06-10 15:37:51
1269,383,103,0,2021-03-31 17:45:20,2022-06-10 15:37:51
1270,384,74,0,2021-03-31 17:45:20,2022-06-10 15:37:51
1271,385,15,0,2021-03-31 17:45:20,2021-06-22 10:52:50
1272,385,74,0,2021-03-31 17:45:20,2021-06-22 10:52:50
1273,385,77,0,2021-03-31 17:45:20,2021-06-22 10:52:50
1274,385,122,0,2021-03-31 17:45:20,2021-06-22 10:52:50
1275,385,131,0,2021-03-31 17:45:20,2021-06-22 10:52:50
1276,386,93,0,2021-03-31 17:45:20,2022-06-10 15:37:51
1277,387,15,0,2021-03-31 17:45:20,2021-06-22 10:52:50
1278,387,24,0,2021-03-31 17:45:20,2021-06-22 10:52:50
1279,387,93,0,2021-03-31 17:45:20,2021-06-22 10:52:50
1280,387,95,0,2021-03-31 17:45:20,2021-06-22 10:52:50
1281,388,85,0,2021-03-31 17:45:20,2021-05-26 13:20:38
1282,389,111,0,2021-03-31 17:45:20,2022-06-10 15:37:51
1283,389,118,0,2021-03-31 17:45:20,2022-06-10 15:37:51
1284,390,111,0,2021-03-31 17:45:20,2022-06-10 15:37:51
1285,390,118,0,2021-03-31 17:45:20,2022-06-10 15:37:51
1286,391,40,0,2021-03-31 17:45:20,2022-06-10 15:37:51
1287,391,48,0,2021-03-31 17:45:20,2022-06-10 15:37:51
1288,392,40,0,2021-03-31 17:45:20,2022-06-10 15:37:51
1289,392,48,0,2021-03-31 17:45:20,2022-06-10 15:37:51
1290,393,40,0,2021-03-31 17:45:20,2022-06-10 15:37:51
1291,393,48,0,2021-03-31 17:45:20,2022-06-10 15:37:51
1292,394,40,0,2021-03-31 17:45:20,2022-06-10 15:37:51
1293,394,48,0,2021-03-31 17:45:20,2022-06-10 15:37:51
1294,395,111,0,2021-03-31 17:45:20,2022-06-10 15:37:51
1295,395,113,0,2021-03-31 17:45:20,2022-06-10 15:37:51
1296,395,117,0,2021-03-31 17:45:20,2022-06-10 15:37:51
1297,396,59,0,2021-03-31 17:45:20,2021-06-22 10:52:50
1298,396,93,0,2021-03-31 17:45:20,2021-06-22 10:52:50
1299,396,101,0,2021-03-31 17:45:20,2021-06-22 10:52:50
1300,397,25,0,2021-03-31 17:45:20,2021-06-22 10:52:50
1301,398,15,0,2021-03-31 17:45:20,2022-06-10 15:37:51
1302,398,122,0,2021-03-31 17:45:20,2022-06-10 15:37:51
1303,399,,0,2021-03-31 17:45:20,2021-06-22 10:52:50
1304,400,74,0,2021-03-31 17:45:20,2021-06-22 10:52:50
1305,400,79,0,2021-03-31 17:45:20,2021-06-22 10:52:50
1306,401,93,0,2021-03-31 17:45:20,2022-06-10 15:37:51
1307,401,100,0,2021-03-31 17:45:20,2022-06-10 15:37:51
1308,402,103,0,2021-03-31 17:45:20,2022-06-10 15:37:51
1309,402,110,0,2021-03-31 17:45:20,2022-06-10 15:37:51
1310,403,85,0,2021-03-31 17:45:20,2022-06-10 15:37:51
1311,403,103,0,2021-03-31 17:45:20,2022-06-10 15:37:51
1312,403,104,0,2021-03-31 17:45:20,2022-06-10 15:37:51
1313,403,107,0,2021-03-31 17:45:20,2022-06-10 15:37:51
1314,403,108,0,2021-03-31 17:45:20,2022-06-10 15:37:51
1315,403,135,0,2021-03-31 17:45:20,2022-06-10 15:37:51
1316,403,139,0,2021-03-31 17:45:20,2022-06-10 15:37:51
1317,404,74,0,2021-03-31 17:45:20,2022-06-10 15:37:51
1318,404,81,0,2021-03-31 17:45:20,2022-06-10 15:37:51
1319,404,103,0,2021-03-31 17:45:20,2022-06-10 15:37:51
1320,404,140,0,2021-03-31 17:45:20,2022-06-10 15:37:51
1321,404,141,0,2021-03-31 17:45:20,2022-06-10 15:37:51
1322,405,103,0,2021-03-31 17:45:20,2021-06-22 10:52:50
1323,405,111,0,2021-03-31 17:45:20,2021-06-22 10:52:50
1324,405,117,0,2021-03-31 17:45:20,2021-06-22 10:52:50
1325,406,74,0,2021-03-31 17:45:20,2021-06-22 10:52:50
1326,406,81,0,2021-03-31 17:45:20,2021-06-22 10:52:50
1327,406,103,0,2021-03-31 17:45:20,2021-06-22 10:52:50
1328,406,107,0,2021-03-31 17:45:20,2021-06-22 10:52:50
1329,407,111,0,2021-03-31 17:45:20,2021-06-22 10:52:50
1330,407,118,0,2021-03-31 17:45:20,2021-06-22 10:52:50
1331,408,111,0,2021-03-31 17:45:20,2022-06-10 15:37:51
1332,408,120,0,2021-03-31 17:45:20,2022-06-10 15:37:51
1333,409,103,0,2021-03-31 17:45:20,2021-05-17 08:23:40
1334,409,140,0,2021-03-31 17:45:20,2021-05-17 08:23:40
1335,410,32,0,2021-03-31 17:45:20,2022-06-10 15:37:51
1336,410,36,0,2021-03-31 17:45:20,2022-06-10 15:37:51
1337,411,59,0,2021-03-31 17:45:20,2022-06-10 15:37:51
1338,411,62,0,2021-03-31 17:45:20,2022-06-10 15:37:51
1339,411,93,0,2021-03-31 17:45:20,2022-06-10 15:37:51
1340,411,101,0,2021-03-31 17:45:20,2022-06-10 15:37:51
1341,412,49,0,2021-03-31 17:45:20,2021-05-26 13:20:38
1342,412,54,0,2021-03-31 17:45:20,2021-05-26 13:20:38
1343,412,55,0,2021-03-31 17:45:20,2021-05-26 13:20:38
1344,412,85,0,2021-03-31 17:45:20,2021-05-26 13:20:38
1345,412,103,0,2021-03-31 17:45:20,2021-05-26 13:20:38
1346,412,108,0,2021-03-31 17:45:20,2021-05-26 13:20:38
1347,412,109,0,2021-03-31 17:45:20,2021-05-26 13:20:38
1348,412,126,0,2021-03-31 17:45:20,2021-05-26 13:20:38
1349,412,135,0,2021-03-31 17:45:20,2021-05-26 13:20:38
1350,413,93,0,2021-03-31 17:45:20,2022-06-10 15:37:51
1351,413,97,0,2021-03-31 17:45:20,2022-06-10 15:37:51
1352,413,111,0,2021-03-31 17:45:20,2022-06-10 15:37:51
1353,413,113,0,2021-03-31 17:45:20,2022-06-10 15:37:51
1354,414,15,0,2021-03-31 17:45:20,2022-06-10 15:37:51
1355,414,67,0,2021-03-31 17:45:20,2022-06-10 15:37:51
1356,414,71,0,2021-03-31 17:45:20,2022-06-10 15:37:51
1357,414,122,0,2021-03-31 17:45:20,2022-06-10 15:37:51
1358,415,59,0,2021-03-31 17:45:20,2021-06-22 10:52:50
1359,415,93,0,2021-03-31 17:45:20,2021-06-22 10:52:50
1360,415,101,0,2021-03-31 17:45:20,2021-06-22 10:52:50
1361,416,74,0,2021-03-31 17:45:20,2022-06-10 15:37:51
1362,416,93,0,2021-03-31 17:45:20,2022-06-10 15:37:51
1363,416,100,0,2021-03-31 17:45:20,2022-06-10 15:37:51
1364,416,129,0,2021-03-31 17:45:20,2022-06-10 15:37:51
1365,417,74,0,2021-03-31 17:45:20,2022-06-10 15:37:51
1366,417,82,0,2021-03-31 17:45:20,2022-06-10 15:37:51
1367,417,84,0,2021-03-31 17:45:20,2022-06-10 15:37:51
1368,417,85,0,2021-03-31 17:45:20,2022-06-10 15:37:51
1369,417,89,0,2021-03-31 17:45:20,2022-06-10 15:37:51
1370,417,93,0,2021-03-31 17:45:20,2022-06-10 15:37:51
1371,417,99,0,2021-03-31 17:45:20,2022-06-10 15:37:51
1372,418,85,0,2021-03-31 17:45:20,2022-06-10 15:37:51
1373,418,103,0,2021-03-31 17:45:20,2022-06-10 15:37:51
1374,418,105,0,2021-03-31 17:45:20,2022-06-10 15:37:51
1375,418,110,0,2021-03-31 17:45:20,2022-06-10 15:37:51
1376,418,135,0,2021-03-31 17:45:20,2022-06-10 15:37:51
1377,418,137,0,2021-03-31 17:45:20,2022-06-10 15:37:51
1378,419,93,0,2021-03-31 17:45:20,2022-06-10 15:37:51
1379,419,94,0,2021-03-31 17:45:20,2022-06-10 15:37:51
1380,420,,0,2021-03-31 17:45:20,2021-06-22 10:52:50
1381,421,,0,2021-03-31 17:45:20,2021-04-26 15:40:32
1382,422,74,0,2021-03-31 17:45:20,2022-06-10 15:37:51
1383,422,111,0,2021-03-31 17:45:20,2022-06-10 15:37:51
1384,422,116,0,2021-03-31 17:45:20,2022-06-10 15:37:51
1385,422,129,0,2021-03-31 17:45:20,2022-06-10 15:37:51
1386,423,74,0,2021-03-31 17:45:20,2022-06-10 15:37:51
1387,423,79,0,2021-03-31 17:45:20,2022-06-10 15:37:51
1388,424,74,0,2021-03-31 17:45:20,2022-06-10 15:37:51
1389,424,79,0,2021-03-31 17:45:20,2022-06-10 15:37:51
1390,425,15,0,2021-03-31 17:45:20,2022-06-10 15:37:51
1391,425,67,0,2021-03-31 17:45:20,2022-06-10 15:37:51
1392,425,71,0,2021-03-31 17:45:20,2022-06-10 15:37:51
1393,425,122,0,2021-03-31 17:45:20,2022-06-10 15:37:51
1394,426,59,0,2021-03-31 17:45:20,2022-06-10 15:37:51
1395,426,62,0,2021-03-31 17:45:20,2022-06-10 15:37:51
1396,426,93,0,2021-03-31 17:45:20,2022-06-10 15:37:51
1397,426,101,0,2021-03-31 17:45:20,2022-06-10 15:37:51
1398,427,59,0,2021-03-31 17:45:20,2022-06-10 15:37:51
1399,427,93,0,2021-03-31 17:45:20,2022-06-10 15:37:51
1400,427,138,0,2021-03-31 17:45:20,2022-06-10 15:37:51
1401,428,,0,2021-03-31 17:45:20,2021-04-26 15:40:32
1402,429,85,0,2021-03-31 17:45:20,2021-06-22 10:52:50
1403,429,111,0,2021-03-31 17:45:20,2021-06-22 10:52:50
1404,429,118,0,2021-03-31 17:45:20,2021-06-22 10:52:50
1405,430,15,0,2021-03-31 17:45:20,2021-04-26 15:40:32
1406,430,16,0,2021-03-31 17:45:20,2021-04-26 15:40:32
1407,430,49,0,2021-03-31 17:45:20,2021-04-26 15:40:32
1408,430,125,0,2021-03-31 17:45:20,2021-04-26 15:40:32
1409,431,49,0,2021-03-31 17:45:20,2022-06-10 15:37:51
1410,431,50,0,2021-03-31 17:45:20,2022-06-10 15:37:51
1411,431,55,0,2021-03-31 17:45:20,2022-06-10 15:37:51
1412,431,126,0,2021-03-31 17:45:20,2022-06-10 15:37:51
1413,432,49,0,2021-03-31 17:45:20,2021-06-22 10:52:50
1414,432,50,0,2021-03-31 17:45:20,2021-06-22 10:52:50
1415,432,56,0,2021-03-31 17:45:20,2021-06-22 10:52:50
1416,433,4,0,2021-03-31 17:45:20,2021-06-22 10:52:50
1417,433,10,0,2021-03-31 17:45:20,2021-06-22 10:52:50
1418,434,111,0,2021-03-31 17:45:20,2022-06-10 15:37:51
1419,434,113,0,2021-03-31 17:45:20,2022-06-10 15:37:51
1420,434,114,0,2021-03-31 17:45:20,2022-06-10 15:37:51
1421,434,117,0,2021-03-31 17:45:20,2022-06-10 15:37:51
1422,434,118,0,2021-03-31 17:45:20,2022-06-10 15:37:51
1423,435,103,0,2021-03-31 17:45:20,2021-06-22 10:52:50
1424,435,108,0,2021-03-31 17:45:20,2021-06-22 10:52:50
1425,436,111,0,2021-03-31 17:45:20,2022-06-10 15:37:51
1426,436,113,0,2021-03-31 17:45:20,2022-06-10 15:37:51
1427,436,117,0,2021-03-31 17:45:20,2022-06-10 15:37:51
1428,437,103,0,2021-03-31 17:45:20,2022-06-10 15:37:51
1429,437,104,0,2021-03-31 17:45:20,2022-06-10 15:37:51
1430,437,108,0,2021-03-31 17:45:20,2022-06-10 15:37:51
1431,437,141,0,2021-03-31 17:45:20,2022-06-10 15:37:51
1432,438,2,0,2021-03-31 17:45:20,2022-06-10 15:37:51
1433,438,49,0,2021-03-31 17:45:20,2022-06-10 15:37:51
1434,438,50,0,2021-03-31 17:45:20,2022-06-10 15:37:51
1435,438,51,0,2021-03-31 17:45:20,2022-06-10 15:37:51
1436,438,54,0,2021-03-31 17:45:20,2022-06-10 15:37:51
1437,438,55,0,2021-03-31 17:45:20,2022-06-10 15:37:51
1438,438,57,0,2021-03-31 17:45:20,2022-06-10 15:37:51
1439,438,58,0,2021-03-31 17:45:20,2022-06-10 15:37:51
1440,438,85,0,2021-03-31 17:45:20,2022-06-10 15:37:51
1441,438,89,0,2021-03-31 17:45:20,2022-06-10 15:37:51
1442,439,103,0,2021-03-31 17:45:20,2021-06-22 10:52:50
1443,439,105,0,2021-03-31 17:45:20,2021-06-22 10:52:50
1444,439,106,0,2021-03-31 17:45:20,2021-06-22 10:52:50
1445,439,111,0,2021-03-31 17:45:20,2021-06-22 10:52:50
1446,439,112,0,2021-03-31 17:45:20,2021-06-22 10:52:50
1447,439,113,0,2021-03-31 17:45:20,2021-06-22 10:52:50
1448,439,116,0,2021-03-31 17:45:20,2021-06-22 10:52:50
1449,439,117,0,2021-03-31 17:45:20,2021-06-22 10:52:50
1450,439,118,0,2021-03-31 17:45:20,2021-06-22 10:52:50
1451,439,121,0,2021-03-31 17:45:20,2021-06-22 10:52:50
1452,440,,0,2021-03-31 17:45:20,2021-06-22 10:52:50
1453,441,,0,2021-03-31 17:45:20,2021-06-22 10:52:50
1454,442,93,0,2021-03-31 17:45:20,2022-06-10 15:37:51
1455,442,95,0,2021-03-31 17:45:20,2022-06-10 15:37:51
1456,443,59,0,2021-03-31 17:45:20,2022-06-10 15:37:51
1457,443,60,0,2021-03-31 17:45:20,2022-06-10 15:37:51
1458,443,85,0,2021-03-31 17:45:20,2022-06-10 15:37:51
1459,443,93,0,2021-03-31 17:45:20,2022-06-10 15:37:51
1460,443,102,0,2021-03-31 17:45:20,2022-06-10 15:37:51
1461,444,15,0,2021-03-31 17:45:20,2022-06-10 15:37:51
1462,444,16,0,2021-03-31 17:45:20,2022-06-10 15:37:51
1463,444,19,0,2021-03-31 17:45:20,2022-06-10 15:37:51
1464,444,20,0,2021-03-31 17:45:20,2022-06-10 15:37:51
1465,444,21,0,2021-03-31 17:45:20,2022-06-10 15:37:51
1466,444,22,0,2021-03-31 17:45:20,2022-06-10 15:37:51
1467,444,23,0,2021-03-31 17:45:20,2022-06-10 15:37:51
1468,444,24,0,2021-03-31 17:45:20,2022-06-10 15:37:51
1469,444,74,0,2021-03-31 17:45:20,2022-06-10 15:37:51
1470,444,131,0,2021-03-31 17:45:20,2022-06-10 15:37:51
1471,445,111,0,2021-03-31 17:45:20,2021-06-22 10:52:50
1472,445,114,0,2021-03-31 17:45:20,2021-06-22 10:52:50
1473,445,117,0,2021-03-31 17:45:20,2021-06-22 10:52:50
1474,446,74,0,2021-03-31 17:45:20,2022-06-10 15:37:51
1475,446,84,0,2021-03-31 17:45:20,2022-06-10 15:37:51
1476,446,85,0,2021-03-31 17:45:20,2022-06-10 15:37:51
1477,446,89,0,2021-03-31 17:45:20,2022-06-10 15:37:51
1478,446,129,0,2021-03-31 17:45:20,2022-06-10 15:37:51
1479,447,49,0,2021-03-31 17:45:20,2021-06-22 10:52:50
1480,447,50,0,2021-03-31 17:45:20,2021-06-22 10:52:50
1481,447,55,0,2021-03-31 17:45:20,2021-06-22 10:52:50
1482,447,56,0,2021-03-31 17:45:20,2021-06-22 10:52:50
1483,448,100,0,2021-03-31 17:45:20,2022-06-10 15:37:51
1484,449,93,0,2021-03-31 17:45:20,2021-06-22 10:52:50
1485,449,101,0,2021-03-31 17:45:20,2021-06-22 10:52:50
1486,449,103,0,2021-03-31 17:45:20,2021-06-22 10:52:50
1487,450,49,0,2021-03-31 17:45:20,2022-06-10 15:37:51
1488,450,54,0,2021-03-31 17:45:20,2022-06-10 15:37:51
1489,450,85,0,2021-03-31 17:45:20,2022-06-10 15:37:51
1490,451,111,0,2021-03-31 17:45:20,2021-06-22 10:52:50
1491,451,117,0,2021-03-31 17:45:20,2021-06-22 10:52:50
1492,452,111,0,2021-03-31 17:45:20,2022-06-10 15:37:51
1493,452,113,0,2021-03-31 17:45:20,2022-06-10 15:37:51
1494,452,119,0,2021-03-31 17:45:20,2022-06-10 15:37:51
1495,452,120,0,2021-03-31 17:45:20,2022-06-10 15:37:51
1496,453,111,0,2021-03-31 17:45:20,2022-06-10 15:37:51
1497,453,117,0,2021-03-31 17:45:20,2022-06-10 15:37:51
1498,453,119,0,2021-03-31 17:45:20,2022-06-10 15:37:51
1499,454,,0,2021-03-31 17:45:20,2021-06-22 10:52:50
1500,455,49,0,2021-03-31 17:45:20,2022-06-10 15:37:51
1501,455,50,0,2021-03-31 17:45:20,2022-06-10 15:37:51
1502,455,54,0,2021-03-31 17:45:20,2022-06-10 15:37:51
1503,455,57,0,2021-03-31 17:45:20,2022-06-10 15:37:51
1504,455,58,0,2021-03-31 17:45:20,2022-06-10 15:37:51
1505,456,103,0,2021-03-31 17:45:20,2022-06-10 15:37:51
1506,456,104,0,2021-03-31 17:45:20,2022-06-10 15:37:51
1507,457,59,0,2021-03-31 17:45:20,2022-06-10 15:37:51
1508,457,62,0,2021-03-31 17:45:20,2022-06-10 15:37:51
1509,458,2,0,2021-03-31 17:45:20,2021-04-02 17:05:20
1510,459,,0,2021-03-31 17:45:20,2021-04-02 17:05:20
1511,460,93,0,2021-03-31 17:45:20,2022-06-10 15:37:51
1512,460,138,0,2021-03-31 17:45:20,2022-06-10 15:37:51
1513,461,4,0,2021-03-31 17:45:20,2022-06-10 15:37:51
1514,461,11,0,2021-03-31 17:45:20,2022-06-10 15:37:51
1515,462,4,0,2021-03-31 17:45:20,2022-06-10 15:37:51
1516,462,11,0,2021-03-31 17:45:20,2022-06-10 15:37:51
1517,463,74,0,2021-03-31 17:45:20,2022-06-10 15:37:51
1518,463,82,0,2021-03-31 17:45:20,2022-06-10 15:37:51
1519,464,15,0,2021-03-31 17:45:20,2021-06-22 10:52:50
1520,465,49,0,2021-03-31 17:45:20,2022-06-10 15:37:51
1521,465,50,0,2021-03-31 17:45:20,2022-06-10 15:37:51
1522,466,49,0,2021-03-31 17:45:20,2022-06-10 15:37:51
1523,466,50,0,2021-03-31 17:45:20,2022-06-10 15:37:51
1524,466,55,0,2021-03-31 17:45:20,2022-06-10 15:37:51
1525,466,59,0,2021-03-31 17:45:20,2022-06-10 15:37:51
1526,466,62,0,2021-03-31 17:45:20,2022-06-10 15:37:51
1527,467,103,0,2021-03-31 17:45:20,2022-06-10 15:37:51
1528,467,104,0,2021-03-31 17:45:20,2022-06-10 15:37:51
1529,468,104,0,2021-03-31 17:45:20,2022-06-10 15:37:51
1530,468,108,0,2021-03-31 17:45:20,2022-06-10 15:37:51
1531,468,109,0,2021-03-31 17:45:20,2022-06-10 15:37:51
1532,469,103,0,2021-03-31 17:45:20,2022-06-10 15:37:51
1533,469,104,0,2021-03-31 17:45:20,2022-06-10 15:37:51
1534,470,103,0,2021-03-31 17:45:20,2022-06-10 15:37:51
1535,470,107,0,2021-03-31 17:45:20,2022-06-10 15:37:51
1536,470,109,0,2021-03-31 17:45:20,2022-06-10 15:37:51
1537,471,103,0,2021-03-31 17:45:20,2022-06-10 15:37:51
1538,471,108,0,2021-03-31 17:45:20,2022-06-10 15:37:51
1539,471,109,0,2021-03-31 17:45:20,2022-06-10 15:37:51
1540,471,110,0,2021-03-31 17:45:20,2022-06-10 15:37:51
1541,472,111,0,2021-03-31 17:45:20,2022-06-10 15:37:51
1542,472,112,0,2021-03-31 17:45:20,2022-06-10 15:37:51
1543,472,117,0,2021-03-31 17:45:20,2022-06-10 15:37:51
1544,473,32,0,2021-03-31 17:45:20,2021-06-22 10:52:50
1545,473,39,0,2021-03-31 17:45:20,2021-06-22 10:52:50
1546,474,103,0,2021-03-31 17:45:20,2021-06-22 10:52:50
1547,474,107,0,2021-03-31 17:45:20,2021-06-22 10:52:50
1548,475,103,0,2021-03-31 17:45:20,2022-06-10 15:37:51
1549,475,104,0,2021-03-31 17:45:20,2022-06-10 15:37:51
1550,476,93,0,2021-03-31 17:45:20,2022-06-10 15:37:51
1551,476,103,0,2021-03-31 17:45:20,2022-06-10 15:37:51
1552,476,108,0,2021-03-31 17:45:20,2022-06-10 15:37:51
1553,476,138,0,2021-03-31 17:45:20,2022-06-10 15:37:51
1554,476,141,0,2021-03-31 17:45:20,2022-06-10 15:37:51
1555,477,85,0,2021-03-31 17:45:20,2022-06-10 15:37:51
1556,477,88,0,2021-03-31 17:45:20,2022-06-10 15:37:51
1557,478,15,0,2021-03-31 17:45:20,2022-06-10 15:37:51
1558,478,16,0,2021-03-31 17:45:20,2022-06-10 15:37:51
1559,478,22,0,2021-03-31 17:45:20,2022-06-10 15:37:51
1560,479,40,0,2021-03-31 17:45:20,2021-06-22 10:52:50
1561,479,41,0,2021-03-31 17:45:20,2021-06-22 10:52:50
1562,479,46,0,2021-03-31 17:45:20,2021-06-22 10:52:50
1563,479,59,0,2021-03-31 17:45:20,2021-06-22 10:52:50
1564,479,61,0,2021-03-31 17:45:20,2021-06-22 10:52:50
1565,479,74,0,2021-03-31 17:45:20,2021-06-22 10:52:50
1566,479,82,0,2021-03-31 17:45:20,2021-06-22 10:52:50
1567,479,93,0,2021-03-31 17:45:20,2021-06-22 10:52:50
1568,479,101,0,2021-03-31 17:45:20,2021-06-22 10:52:50
1569,480,93,0,2021-03-31 17:45:20,2022-06-10 15:37:51
1570,480,98,0,2021-03-31 17:45:20,2022-06-10 15:37:51
1571,480,103,0,2021-03-31 17:45:20,2022-06-10 15:37:51
1572,480,107,0,2021-03-31 17:45:20,2022-06-10 15:37:51
1573,481,15,0,2021-03-31 17:45:20,2022-06-10 15:37:51
1574,481,17,0,2021-03-31 17:45:20,2022-06-10 15:37:51
1575,481,19,0,2021-03-31 17:45:20,2022-06-10 15:37:51
1576,481,20,0,2021-03-31 17:45:20,2022-06-10 15:37:51
1577,482,74,0,2021-03-31 17:45:20,2022-06-10 15:37:51
1578,482,76,0,2021-03-31 17:45:20,2022-06-10 15:37:51
1579,482,93,0,2021-03-31 17:45:20,2022-06-10 15:37:51
1580,482,95,0,2021-03-31 17:45:20,2022-06-10 15:37:51
1581,483,85,0,2021-03-31 17:45:20,2022-06-10 15:37:51
1582,483,111,0,2021-03-31 17:45:20,2022-06-10 15:37:51
1583,483,118,0,2021-03-31 17:45:20,2022-06-10 15:37:51
1584,484,49,0,2021-03-31 17:45:20,2022-06-10 15:37:51
1585,484,53,0,2021-03-31 17:45:20,2022-06-10 15:37:51
1586,485,93,0,2021-03-31 17:45:20,2022-06-10 15:37:51
1587,485,95,0,2021-03-31 17:45:20,2022-06-10 15:37:51
1588,486,74,0,2021-03-31 17:45:20,2022-06-10 15:37:51
1589,486,81,0,2021-03-31 17:45:20,2022-06-10 15:37:51
1590,486,103,0,2021-03-31 17:45:20,2022-06-10 15:37:51
1591,486,107,0,2021-03-31 17:45:20,2022-06-10 15:37:51
1592,487,59,0,2021-03-31 17:45:20,2022-06-10 15:37:51
1593,487,74,0,2021-03-31 17:45:20,2022-06-10 15:37:51
1594,487,81,0,2021-03-31 17:45:20,2022-06-10 15:37:51
1595,487,93,0,2021-03-31 17:45:20,2022-06-10 15:37:51
1596,487,101,0,2021-03-31 17:45:20,2022-06-10 15:37:51
1597,488,93,0,2021-03-31 17:45:20,2022-06-10 15:37:51
1598,488,95,0,2021-03-31 17:45:20,2022-06-10 15:37:51
1599,488,97,0,2021-03-31 17:45:20,2022-06-10 15:37:51
1600,488,111,0,2021-03-31 17:45:20,2022-06-10 15:37:51
1601,488,115,0,2021-03-31 17:45:20,2022-06-10 15:37:51
1602,489,59,0,2021-03-31 17:45:20,2022-06-10 15:37:51
1603,489,62,0,2021-03-31 17:45:20,2022-06-10 15:37:51
1604,489,127,0,2021-03-31 17:45:20,2022-06-10 15:37:51
1605,489,128,0,2021-03-31 17:45:20,2022-06-10 15:37:51
1606,490,1,0,2021-03-31 17:45:21,2022-06-10 15:37:51
1607,490,15,0,2021-03-31 17:45:21,2022-06-10 15:37:51
1608,490,16,0,2021-03-31 17:45:21,2022-06-10 15:37:51
1609,490,23,0,2021-03-31 17:45:21,2022-06-10 15:37:51
1610,490,49,0,2021-03-31 17:45:21,2022-06-10 15:37:51
1611,490,50,0,2021-03-31 17:45:21,2022-06-10 15:37:51
1612,490,52,0,2021-03-31 17:45:21,2022-06-10 15:37:51
1613,490,54,0,2021-03-31 17:45:21,2022-06-10 15:37:51
1614,490,55,0,2021-03-31 17:45:21,2022-06-10 15:37:51
1615,490,67,0,2021-03-31 17:45:21,2022-06-10 15:37:51
1616,490,68,0,2021-03-31 17:45:21,2022-06-10 15:37:51
1617,490,72,0,2021-03-31 17:45:21,2022-06-10 15:37:51
1618,490,126,0,2021-03-31 17:45:21,2022-06-10 15:37:51
1619,491,111,0,2021-03-31 17:45:21,2022-06-10 15:37:51
1620,491,117,0,2021-03-31 17:45:21,2022-06-10 15:37:51
1621,492,4,0,2021-03-31 17:45:21,2022-06-10 15:37:51
1622,492,5,0,2021-03-31 17:45:21,2022-06-10 15:37:51
1623,492,8,0,2021-03-31 17:45:21,2022-06-10 15:37:51
1624,492,11,0,2021-03-31 17:45:21,2022-06-10 15:37:51
1625,493,74,0,2021-03-31 17:45:21,2022-06-10 15:37:51
1626,493,111,0,2021-03-31 17:45:21,2022-06-10 15:37:51
1627,493,112,0,2021-03-31 17:45:21,2022-06-10 15:37:51
1628,493,116,0,2021-03-31 17:45:21,2022-06-10 15:37:51
1629,493,129,0,2021-03-31 17:45:21,2022-06-10 15:37:51
1630,494,111,0,2021-03-31 17:45:21,2021-06-22 10:52:50
1631,494,117,0,2021-03-31 17:45:21,2021-06-22 10:52:50
1632,495,40,0,2021-03-31 17:45:21,2022-06-10 15:37:51
1633,495,47,0,2021-03-31 17:45:21,2022-06-10 15:37:51
1634,496,103,0,2021-03-31 17:45:21,2022-06-10 15:37:51
1635,496,140,0,2021-03-31 17:45:21,2022-06-10 15:37:51
1636,496,141,0,2021-03-31 17:45:21,2022-06-10 15:37:51
1637,497,59,0,2021-03-31 17:45:21,2022-06-10 15:37:51
1638,497,60,0,2021-03-31 17:45:21,2022-06-10 15:37:51
1639,497,62,0,2021-03-31 17:45:21,2022-06-10 15:37:51
1640,497,127,0,2021-03-31 17:45:21,2022-06-10 15:37:51
1641,497,128,0,2021-03-31 17:45:21,2022-06-10 15:37:51
1642,498,85,0,2021-03-31 17:45:21,2022-06-10 15:37:51
1643,498,88,0,2021-03-31 17:45:21,2022-06-10 15:37:51
1644,499,103,0,2021-03-31 17:45:21,2021-06-22 10:52:50
1645,499,109,0,2021-03-31 17:45:21,2021-06-22 10:52:50
1646,500,103,0,2021-03-31 17:45:21,2022-06-10 15:37:51
1647,500,106,0,2021-03-31 17:45:21,2022-06-10 15:37:51
1648,500,108,0,2021-03-31 17:45:21,2022-06-10 15:37:51
1649,500,139,0,2021-03-31 17:45:21,2022-06-10 15:37:51
1650,501,59,0,2021-03-31 17:45:21,2021-06-22 10:52:50
1651,501,62,0,2021-03-31 17:45:21,2021-06-22 10:52:50
1652,501,93,0,2021-03-31 17:45:21,2021-06-22 10:52:50
1653,501,99,0,2021-03-31 17:45:21,2021-06-22 10:52:50
1654,501,101,0,2021-03-31 17:45:21,2021-06-22 10:52:50
1655,502,49,0,2021-03-31 17:45:21,2022-06-10 15:37:51
1656,503,85,0,2021-03-31 17:45:21,2022-06-10 15:37:51
1657,503,111,0,2021-03-31 17:45:21,2022-06-10 15:37:51
1658,503,113,0,2021-03-31 17:45:21,2022-06-10 15:37:51
1659,503,114,0,2021-03-31 17:45:21,2022-06-10 15:37:51
1660,503,115,0,2021-03-31 17:45:21,2022-06-10 15:37:51
1661,504,40,0,2021-03-31 17:45:21,2022-06-10 15:37:51
1662,504,46,0,2021-03-31 17:45:21,2022-06-10 15:37:51
1663,505,111,0,2021-03-31 17:45:21,2022-06-10 15:37:51
1664,505,113,0,2021-03-31 17:45:21,2022-06-10 15:37:51
1665,505,114,0,2021-03-31 17:45:21,2022-06-10 15:37:51
1666,505,115,0,2021-03-31 17:45:21,2022-06-10 15:37:51
1667,506,59,0,2021-03-31 17:45:21,2021-06-22 10:52:50
1668,506,93,0,2021-03-31 17:45:21,2021-06-22 10:52:50
1669,506,101,0,2021-03-31 17:45:21,2021-06-22 10:52:50
1670,507,67,0,2021-03-31 17:45:21,2022-06-10 15:37:51
1671,507,71,0,2021-03-31 17:45:21,2022-06-10 15:37:51
1672,507,85,0,2021-03-31 17:45:21,2022-06-10 15:37:51
1673,507,142,0,2021-03-31 17:45:21,2022-06-10 15:37:51
1674,508,40,0,2021-03-31 17:45:21,2022-06-10 15:37:51
1675,508,41,0,2021-03-31 17:45:21,2022-06-10 15:37:51
1676,509,74,0,2021-03-31 17:45:21,2021-06-22 10:52:50
1677,509,81,0,2021-03-31 17:45:21,2021-06-22 10:52:50
1678,509,111,0,2021-03-31 17:45:21,2021-06-22 10:52:50
1679,509,116,0,2021-03-31 17:45:21,2021-06-22 10:52:50
1680,510,85,0,2021-03-31 17:45:21,2021-06-22 10:52:50
1681,510,86,0,2021-03-31 17:45:21,2021-06-22 10:52:50
1682,510,88,0,2021-03-31 17:45:21,2021-06-22 10:52:50
1683,511,103,0,2021-03-31 17:45:21,2022-06-10 15:37:51
1684,511,141,0,2021-03-31 17:45:21,2022-06-10 15:37:51
1685,512,103,0,2021-03-31 17:45:21,2022-06-10 15:37:51
1686,512,141,0,2021-03-31 17:45:21,2022-06-10 15:37:51
1687,513,49,0,2021-03-31 17:45:21,2022-06-10 15:37:51
1688,513,54,0,2021-03-31 17:45:21,2022-06-10 15:37:51
1689,513,55,0,2021-03-31 17:45:21,2022-06-10 15:37:51
1690,513,57,0,2021-03-31 17:45:21,2022-06-10 15:37:51
1691,513,85,0,2021-03-31 17:45:21,2022-06-10 15:37:51
1692,513,93,0,2021-03-31 17:45:21,2022-06-10 15:37:51
1693,513,102,0,2021-03-31 17:45:21,2022-06-10 15:37:51
1694,513,137,0,2021-03-31 17:45:21,2022-06-10 15:37:51
1695,514,,0,2021-03-31 17:45:21,2021-06-17 10:37:13
1696,515,74,0,2021-03-31 17:45:21,2022-06-10 15:37:51
1697,515,111,0,2021-03-31 17:45:21,2022-06-10 15:37:51
1698,515,116,0,2021-03-31 17:45:21,2022-06-10 15:37:51
1699,515,129,0,2021-03-31 17:45:21,2022-06-10 15:37:51
1700,516,103,0,2021-03-31 17:45:21,2021-06-22 10:52:50
1701,516,107,0,2021-03-31 17:45:21,2021-06-22 10:52:50
1702,517,74,0,2021-03-31 17:45:21,2021-06-22 10:52:50
1703,517,111,0,2021-03-31 17:45:21,2021-06-22 10:52:50
1704,517,116,0,2021-03-31 17:45:21,2021-06-22 10:52:50
1705,517,129,0,2021-03-31 17:45:21,2021-06-22 10:52:50
1706,518,32,0,2021-03-31 17:45:21,2022-06-10 15:37:51
1707,518,33,0,2021-03-31 17:45:21,2022-06-10 15:37:51
1708,519,,0,2021-03-31 17:45:21,2021-06-22 10:52:50
1709,520,,0,2021-03-31 17:45:21,2021-06-22 10:52:50
1710,521,49,0,2021-03-31 17:45:21,2022-06-10 15:37:51
1711,521,53,0,2021-03-31 17:45:21,2022-06-10 15:37:51
1712,521,54,0,2021-03-31 17:45:21,2022-06-10 15:37:51
1713,521,57,0,2021-03-31 17:45:21,2022-06-10 15:37:51
1714,521,93,0,2021-03-31 17:45:21,2022-06-10 15:37:51
1715,521,97,0,2021-03-31 17:45:21,2022-06-10 15:37:51
1716,522,103,0,2021-03-31 17:45:21,2022-06-10 15:37:51
1717,522,108,0,2021-03-31 17:45:21,2022-06-10 15:37:51
1718,523,59,0,2021-03-31 17:45:21,2022-06-10 15:37:51
1719,523,62,0,2021-03-31 17:45:21,2022-06-10 15:37:51
1720,523,85,0,2021-03-31 17:45:21,2022-06-10 15:37:51
1721,523,87,0,2021-03-31 17:45:21,2022-06-10 15:37:51
1722,523,93,0,2021-03-31 17:45:21,2022-06-10 15:37:51
1723,523,101,0,2021-03-31 17:45:21,2022-06-10 15:37:51
1724,524,93,0,2021-03-31 17:45:21,2021-06-22 10:52:50
1725,525,59,0,2021-03-31 17:45:21,2022-06-10 15:37:51
1726,525,62,0,2021-03-31 17:45:21,2022-06-10 15:37:51
1727,526,103,0,2021-03-31 17:45:21,2021-06-22 10:52:50
1728,526,104,0,2021-03-31 17:45:21,2021-06-22 10:52:50
1729,526,110,0,2021-03-31 17:45:21,2021-06-22 10:52:50
1730,526,139,0,2021-03-31 17:45:21,2021-06-22 10:52:50
1731,526,141,0,2021-03-31 17:45:21,2021-06-22 10:52:50
1732,527,111,0,2021-03-31 17:45:21,2022-06-10 15:37:51
1733,527,113,0,2021-03-31 17:45:21,2022-06-10 15:37:51
1734,527,117,0,2021-03-31 17:45:21,2022-06-10 15:37:51
1735,528,111,0,2021-03-31 17:45:21,2022-06-10 15:37:51
1736,528,112,0,2021-03-31 17:45:21,2022-06-10 15:37:51
1737,528,113,0,2021-03-31 17:45:21,2022-06-10 15:37:51
1738,528,117,0,2021-03-31 17:45:21,2022-06-10 15:37:51
1739,529,111,0,2021-03-31 17:45:21,2022-06-10 15:37:51
1740,529,112,0,2021-03-31 17:45:21,2022-06-10 15:37:51
1741,529,113,0,2021-03-31 17:45:21,2022-06-10 15:37:51
1742,529,114,0,2021-03-31 17:45:21,2022-06-10 15:37:51
1743,529,115,0,2021-03-31 17:45:21,2022-06-10 15:37:51
1744,529,117,0,2021-03-31 17:45:21,2022-06-10 15:37:51
1745,529,119,0,2021-03-31 17:45:21,2022-06-10 15:37:51
1746,529,121,0,2021-03-31 17:45:21,2022-06-10 15:37:51
1747,530,111,0,2021-03-31 17:45:21,2022-06-10 15:37:51
1748,530,113,0,2021-03-31 17:45:21,2022-06-10 15:37:51
1749,530,117,0,2021-03-31 17:45:21,2022-06-10 15:37:51
1750,530,120,0,2021-03-31 17:45:21,2022-06-10 15:37:51
1751,531,74,0,2021-03-31 17:45:21,2021-06-09 09:22:10
1752,531,79,0,2021-03-31 17:45:21,2021-06-09 09:22:10
1753,532,103,0,2021-03-31 17:45:21,2022-06-10 15:37:51
1754,532,105,0,2021-03-31 17:45:21,2022-06-10 15:37:51
1755,533,40,0,2021-03-31 17:45:21,2022-06-10 15:37:51
1756,533,46,0,2021-03-31 17:45:21,2022-06-10 15:37:51
1757,534,15,0,2021-03-31 17:45:21,2022-06-10 15:37:51
1758,534,17,0,2021-03-31 17:45:21,2022-06-10 15:37:51
1759,534,18,0,2021-03-31 17:45:21,2022-06-10 15:37:51
1760,534,19,0,2021-03-31 17:45:21,2022-06-10 15:37:51
1761,534,20,0,2021-03-31 17:45:21,2022-06-10 15:37:51
1762,534,24,0,2021-03-31 17:45:21,2022-06-10 15:37:51
1763,534,32,0,2021-03-31 17:45:21,2022-06-10 15:37:51
1764,534,35,0,2021-03-31 17:45:21,2022-06-10 15:37:51
1765,534,38,0,2021-03-31 17:45:21,2022-06-10 15:37:51
1766,535,32,0,2021-03-31 17:45:21,2021-06-22 10:52:50
1767,535,35,0,2021-03-31 17:45:21,2021-06-22 10:52:50
1768,535,36,0,2021-03-31 17:45:21,2021-06-22 10:52:50
1769,536,49,0,2021-03-31 17:45:21,2022-06-10 15:37:51
1770,536,50,0,2021-03-31 17:45:21,2022-06-10 15:37:51
1771,536,59,0,2021-03-31 17:45:21,2022-06-10 15:37:51
1772,536,60,0,2021-03-31 17:45:21,2022-06-10 15:37:51
1773,537,111,0,2021-03-31 17:45:21,2022-06-10 15:37:51
1774,537,118,0,2021-03-31 17:45:21,2022-06-10 15:37:51
1775,538,15,0,2021-03-31 17:45:21,2022-06-10 15:37:51
1776,538,17,0,2021-03-31 17:45:21,2022-06-10 15:37:51
1777,538,18,0,2021-03-31 17:45:21,2022-06-10 15:37:51
1778,538,19,0,2021-03-31 17:45:21,2022-06-10 15:37:51
1779,538,21,0,2021-03-31 17:45:21,2022-06-10 15:37:51
1780,539,93,0,2021-03-31 17:45:21,2022-06-10 15:37:51
1781,539,97,0,2021-03-31 17:45:21,2022-06-10 15:37:51
1782,539,111,0,2021-03-31 17:45:21,2022-06-10 15:37:51
1783,539,112,0,2021-03-31 17:45:21,2022-06-10 15:37:51
1784,539,113,0,2021-03-31 17:45:21,2022-06-10 15:37:51
1785,539,114,0,2021-03-31 17:45:21,2022-06-10 15:37:51
1786,539,115,0,2021-03-31 17:45:21,2022-06-10 15:37:51
1787,539,117,0,2021-03-31 17:45:21,2022-06-10 15:37:51
1788,540,,0,2021-03-31 17:45:21,2021-06-22 10:52:50
1789,541,4,0,2021-03-31 17:45:21,2022-06-10 15:37:51
1790,541,9,0,2021-03-31 17:45:21,2022-06-10 15:37:51
1791,542,,0,2021-03-31 17:45:21,2021-05-20 10:30:26
1792,543,59,0,2021-03-31 17:45:21,2021-06-22 10:52:50
1793,543,61,0,2021-03-31 17:45:21,2021-06-22 10:52:50
1794,543,93,0,2021-03-31 17:45:21,2021-06-22 10:52:50
1795,543,101,0,2021-03-31 17:45:21,2021-06-22 10:52:50
1796,543,128,0,2021-03-31 17:45:21,2021-06-22 10:52:50
1797,544,4,0,2021-03-31 17:45:21,2021-06-22 10:52:50
1798,545,103,0,2021-03-31 17:45:21,2022-06-10 15:37:51
1799,546,49,0,2021-03-31 17:45:21,2021-06-22 10:52:50
1800,546,54,0,2021-03-31 17:45:21,2021-06-22 10:52:50
1801,546,74,0,2021-03-31 17:45:21,2021-06-22 10:52:50
1802,546,85,0,2021-03-31 17:45:21,2021-06-22 10:52:50
1803,546,91,0,2021-03-31 17:45:21,2021-06-22 10:52:50
1804,546,111,0,2021-03-31 17:45:21,2021-06-22 10:52:50
1805,546,117,0,2021-03-31 17:45:21,2021-06-22 10:52:50
1806,546,132,0,2021-03-31 17:45:21,2021-06-22 10:52:50
1807,546,137,0,2021-03-31 17:45:21,2021-06-22 10:52:50
1808,547,103,0,2021-03-31 17:45:21,2022-06-10 15:37:51
1809,547,104,0,2021-03-31 17:45:21,2022-06-10 15:37:51
1810,548,25,0,2021-03-31 17:45:21,2022-06-10 15:37:51
1811,548,27,0,2021-03-31 17:45:21,2022-06-10 15:37:51
1812,548,67,0,2021-03-31 17:45:21,2022-06-10 15:37:51
1813,548,71,0,2021-03-31 17:45:21,2022-06-10 15:37:51
1814,549,93,0,2021-03-31 17:45:21,2021-06-22 10:52:50
1815,550,59,0,2021-03-31 17:45:21,2022-06-10 15:37:51
1816,551,15,0,2021-03-31 17:45:21,2022-06-10 15:37:51
1817,551,16,0,2021-03-31 17:45:21,2022-06-10 15:37:51
1818,551,49,0,2021-03-31 17:45:21,2022-06-10 15:37:51
1819,551,50,0,2021-03-31 17:45:21,2022-06-10 15:37:51
1820,551,51,0,2021-03-31 17:45:21,2022-06-10 15:37:51
1821,551,74,0,2021-03-31 17:45:21,2022-06-10 15:37:51
1822,551,81,0,2021-03-31 17:45:21,2022-06-10 15:37:51
1823,551,85,0,2021-03-31 17:45:21,2022-06-10 15:37:51
1824,551,90,0,2021-03-31 17:45:21,2022-06-10 15:37:51
1825,551,125,0,2021-03-31 17:45:21,2022-06-10 15:37:51
1826,551,129,0,2021-03-31 17:45:21,2022-06-10 15:37:51
1827,552,2,0,2021-03-31 17:45:21,2021-06-22 10:52:50
1828,552,49,0,2021-03-31 17:45:21,2021-06-22 10:52:50
1829,552,50,0,2021-03-31 17:45:21,2021-06-22 10:52:50
1830,552,51,0,2021-03-31 17:45:21,2021-06-22 10:52:50
1831,552,52,0,2021-03-31 17:45:21,2021-06-22 10:52:50
1832,552,54,0,2021-03-31 17:45:21,2021-06-22 10:52:50
1833,552,55,0,2021-03-31 17:45:21,2021-06-22 10:52:50
1834,552,56,0,2021-03-31 17:45:21,2021-06-22 10:52:50
1835,552,57,0,2021-03-31 17:45:21,2021-06-22 10:52:50
1836,552,58,0,2021-03-31 17:45:21,2021-06-22 10:52:50
1837,552,93,0,2021-03-31 17:45:21,2021-06-22 10:52:50
1838,552,94,0,2021-03-31 17:45:21,2021-06-22 10:52:50
1839,552,95,0,2021-03-31 17:45:21,2021-06-22 10:52:50
1840,552,125,0,2021-03-31 17:45:21,2021-06-22 10:52:50
1841,552,126,0,2021-03-31 17:45:21,2021-06-22 10:52:50
1842,553,93,0,2021-03-31 17:45:21,2022-06-10 15:37:51
1843,553,97,0,2021-03-31 17:45:21,2022-06-10 15:37:51
1844,553,111,0,2021-03-31 17:45:21,2022-06-10 15:37:51
1845,553,112,0,2021-03-31 17:45:21,2022-06-10 15:37:51
1846,553,113,0,2021-03-31 17:45:21,2022-06-10 15:37:51
1847,553,117,0,2021-03-31 17:45:21,2022-06-10 15:37:51
1848,554,85,0,2021-03-31 17:45:21,2022-06-10 15:37:51
1849,554,103,0,2021-03-31 17:45:21,2022-06-10 15:37:51
1850,554,105,0,2021-03-31 17:45:21,2022-06-10 15:37:51
1851,554,108,0,2021-03-31 17:45:21,2022-06-10 15:37:51
1852,554,109,0,2021-03-31 17:45:21,2022-06-10 15:37:51
1853,554,111,0,2021-03-31 17:45:21,2022-06-10 15:37:51
1854,554,113,0,2021-03-31 17:45:21,2022-06-10 15:37:51
1855,554,114,0,2021-03-31 17:45:21,2022-06-10 15:37:51
1856,554,135,0,2021-03-31 17:45:21,2022-06-10 15:37:51
1857,555,103,0,2021-03-31 17:45:21,2022-06-10 15:37:51
1858,556,111,0,2021-03-31 17:45:21,2021-06-22 10:52:50
1859,556,112,0,2021-03-31 17:45:21,2021-06-22 10:52:50
1860,556,113,0,2021-03-31 17:45:21,2021-06-22 10:52:50
1861,556,117,0,2021-03-31 17:45:21,2021-06-22 10:52:50
1862,557,103,0,2021-03-31 17:45:21,2022-06-10 15:37:51
1863,557,104,0,2021-03-31 17:45:21,2022-06-10 15:37:51
1864,558,59,0,2021-03-31 17:45:21,2022-06-10 15:37:51
1865,559,103,0,2021-03-31 17:45:21,2022-06-10 15:37:51
1866,559,110,0,2021-03-31 17:45:21,2022-06-10 15:37:51
1867,559,139,0,2021-03-31 17:45:21,2022-06-10 15:37:51
1868,560,103,0,2021-03-31 17:45:21,2021-06-09 09:22:10
1869,560,140,0,2021-03-31 17:45:21,2021-06-09 09:22:10
1870,561,1,0,2021-03-31 17:45:21,2022-06-10 15:37:51
1871,561,2,0,2021-03-31 17:45:21,2022-06-10 15:37:51
1872,561,49,0,2021-03-31 17:45:21,2022-06-10 15:37:51
1873,561,51,0,2021-03-31 17:45:21,2022-06-10 15:37:51
1874,561,54,0,2021-03-31 17:45:21,2022-06-10 15:37:51
1875,561,55,0,2021-03-31 17:45:21,2022-06-10 15:37:51
1876,561,56,0,2021-03-31 17:45:21,2022-06-10 15:37:51
1877,561,57,0,2021-03-31 17:45:21,2022-06-10 15:37:51
1878,561,58,0,2021-03-31 17:45:21,2022-06-10 15:37:51
1879,561,93,0,2021-03-31 17:45:21,2022-06-10 15:37:51
1880,561,94,0,2021-03-31 17:45:21,2022-06-10 15:37:51
1881,562,85,0,2021-03-31 17:45:21,2021-06-22 10:52:50
1882,562,86,0,2021-03-31 17:45:21,2021-06-22 10:52:50
1883,562,103,0,2021-03-31 17:45:21,2021-06-22 10:52:50
1884,562,105,0,2021-03-31 17:45:21,2021-06-22 10:52:50
1885,562,107,0,2021-03-31 17:45:21,2021-06-22 10:52:50
1886,562,108,0,2021-03-31 17:45:21,2021-06-22 10:52:50
1887,562,110,0,2021-03-31 17:45:21,2021-06-22 10:52:50
1888,563,93,0,2021-03-31 17:45:21,2022-06-10 15:37:51
1889,563,95,0,2021-03-31 17:45:21,2022-06-10 15:37:51
1890,563,111,0,2021-03-31 17:45:21,2022-06-10 15:37:51
1891,563,115,0,2021-03-31 17:45:21,2022-06-10 15:37:51
1892,564,,0,2021-03-31 17:45:21,2021-06-01 10:11:22
1893,565,49,0,2021-03-31 17:45:21,2022-06-10 15:37:51
1894,565,59,0,2021-03-31 17:45:21,2022-06-10 15:37:51
1895,565,60,0,2021-03-31 17:45:21,2022-06-10 15:37:51
1896,565,61,0,2021-03-31 17:45:21,2022-06-10 15:37:51
1897,565,74,0,2021-03-31 17:45:21,2022-06-10 15:37:51
1898,565,126,0,2021-03-31 17:45:21,2022-06-10 15:37:51
1899,565,127,0,2021-03-31 17:45:21,2022-06-10 15:37:51
1900,565,133,0,2021-03-31 17:45:21,2022-06-10 15:37:51
1901,566,4,0,2021-03-31 17:45:21,2022-06-10 15:37:51
1902,566,11,0,2021-03-31 17:45:21,2022-06-10 15:37:51
1903,566,40,0,2021-03-31 17:45:21,2022-06-10 15:37:51
1904,566,41,0,2021-03-31 17:45:21,2022-06-10 15:37:51
1905,566,43,0,2021-03-31 17:45:21,2022-06-10 15:37:51
1906,566,46,0,2021-03-31 17:45:21,2022-06-10 15:37:51
1907,567,59,0,2021-03-31 17:45:21,2021-06-22 10:52:50
1908,567,62,0,2021-03-31 17:45:21,2021-06-22 10:52:50
1909,567,85,0,2021-03-31 17:45:21,2021-06-22 10:52:50
1910,567,93,0,2021-03-31 17:45:21,2021-06-22 10:52:50
1911,567,101,0,2021-03-31 17:45:21,2021-06-22 10:52:50
1912,567,134,0,2021-03-31 17:45:21,2021-06-22 10:52:50
1913,568,49,0,2021-03-31 17:45:21,2022-06-10 15:37:51
1914,568,93,0,2021-03-31 17:45:21,2022-06-10 15:37:51
1915,568,101,0,2021-03-31 17:45:21,2022-06-10 15:37:51
1916,568,126,0,2021-03-31 17:45:21,2022-06-10 15:37:51
1917,569,74,0,2021-03-31 17:45:21,2022-06-10 15:37:51
1918,569,81,0,2021-03-31 17:45:21,2022-06-10 15:37:51
1919,569,111,0,2021-03-31 17:45:21,2022-06-10 15:37:51
1920,569,116,0,2021-03-31 17:45:21,2022-06-10 15:37:51
1921,570,15,0,2021-03-31 17:45:21,2022-06-10 15:37:51
1922,571,103,0,2021-03-31 17:45:21,2022-06-10 15:37:51
1923,571,108,0,2021-03-31 17:45:21,2022-06-10 15:37:51
1924,572,40,0,2021-03-31 17:45:21,2022-06-10 15:37:51
1925,572,41,0,2021-03-31 17:45:21,2022-06-10 15:37:51
1926,573,15,0,2021-03-31 17:45:21,2021-06-22 10:52:50
1927,573,74,0,2021-03-31 17:45:21,2021-06-22 10:52:50
1928,574,74,0,2021-03-31 17:45:21,2021-06-22 10:52:50
1929,574,81,0,2021-03-31 17:45:21,2021-06-22 10:52:50
1930,574,111,0,2021-03-31 17:45:21,2021-06-22 10:52:50
1931,574,116,0,2021-03-31 17:45:21,2021-06-22 10:52:50
1932,575,103,0,2021-03-31 17:45:21,2022-06-10 15:37:51
1933,575,105,0,2021-03-31 17:45:21,2022-06-10 15:37:51
1934,575,110,0,2021-03-31 17:45:21,2022-06-10 15:37:51
1935,576,40,0,2021-03-31 17:45:21,2022-06-10 15:37:51
1936,576,48,0,2021-03-31 17:45:21,2022-06-10 15:37:51
1937,577,85,0,2021-03-31 17:45:21,2021-06-22 10:52:50
1938,577,86,0,2021-03-31 17:45:21,2021-06-22 10:52:50
1939,577,111,0,2021-03-31 17:45:21,2021-06-22 10:52:50
1940,577,113,0,2021-03-31 17:45:21,2021-06-22 10:52:50
1941,577,114,0,2021-03-31 17:45:21,2021-06-22 10:52:50
1942,577,115,0,2021-03-31 17:45:21,2021-06-22 10:52:50
1943,577,117,0,2021-03-31 17:45:21,2021-06-22 10:52:50
1944,578,85,0,2021-03-31 17:45:21,2021-06-09 09:22:10
1945,578,86,0,2021-03-31 17:45:21,2021-06-09 09:22:10
1946,578,111,0,2021-03-31 17:45:21,2021-06-09 09:22:10
1947,578,113,0,2021-03-31 17:45:21,2021-06-09 09:22:10
1948,578,114,0,2021-03-31 17:45:21,2021-06-09 09:22:10
1949,578,115,0,2021-03-31 17:45:21,2021-06-09 09:22:10
1950,578,117,0,2021-03-31 17:45:21,2021-06-09 09:22:10
1951,579,103,0,2021-03-31 17:45:21,2022-06-10 15:37:51
1952,579,108,0,2021-03-31 17:45:21,2022-06-10 15:37:51
1953,580,111,0,2021-03-31 17:45:21,2022-06-10 15:37:51
1954,580,112,0,2021-03-31 17:45:21,2022-06-10 15:37:51
1955,580,113,0,2021-03-31 17:45:21,2022-06-10 15:37:51
1956,580,114,0,2021-03-31 17:45:21,2022-06-10 15:37:51
1957,580,115,0,2021-03-31 17:45:21,2022-06-10 15:37:51
1958,580,116,0,2021-03-31 17:45:21,2022-06-10 15:37:51
1959,580,117,0,2021-03-31 17:45:21,2022-06-10 15:37:51
1960,581,4,0,2021-03-31 17:45:21,2022-06-10 15:37:51
1961,581,5,0,2021-03-31 17:45:21,2022-06-10 15:37:51
1962,581,6,0,2021-03-31 17:45:21,2022-06-10 15:37:51
1963,581,11,0,2021-03-31 17:45:21,2022-06-10 15:37:51
1964,582,103,0,2021-03-31 17:45:21,2022-06-10 15:37:51
1965,582,105,0,2021-03-31 17:45:21,2022-06-10 15:37:51
1966,582,108,0,2021-03-31 17:45:21,2022-06-10 15:37:51
1967,582,111,0,2021-03-31 17:45:21,2022-06-10 15:37:51
1968,582,113,0,2021-03-31 17:45:21,2022-06-10 15:37:51
1969,582,117,0,2021-03-31 17:45:21,2022-06-10 15:37:51
1970,583,15,0,2021-03-31 17:45:21,2022-06-10 15:37:51
1971,583,67,0,2021-03-31 17:45:21,2022-06-10 15:37:51
1972,583,71,0,2021-03-31 17:45:21,2022-06-10 15:37:51
1973,583,73,0,2021-03-31 17:45:21,2022-06-10 15:37:51
1974,583,122,0,2021-03-31 17:45:21,2022-06-10 15:37:51
1975,584,15,0,2021-03-31 17:45:21,2022-06-10 15:37:51
1976,584,17,0,2021-03-31 17:45:21,2022-06-10 15:37:51
1977,584,21,0,2021-03-31 17:45:21,2022-06-10 15:37:51
1978,584,49,0,2021-03-31 17:45:21,2022-06-10 15:37:51
1979,584,51,0,2021-03-31 17:45:21,2022-06-10 15:37:51
1980,584,54,0,2021-03-31 17:45:21,2022-06-10 15:37:51
1981,584,56,0,2021-03-31 17:45:21,2022-06-10 15:37:51
1982,584,74,0,2021-03-31 17:45:21,2022-06-10 15:37:51
1983,584,93,0,2021-03-31 17:45:21,2022-06-10 15:37:51
1984,584,95,0,2021-03-31 17:45:21,2022-06-10 15:37:51
1985,584,111,0,2021-03-31 17:45:21,2022-06-10 15:37:51
1986,584,112,0,2021-03-31 17:45:21,2022-06-10 15:37:51
1987,584,113,0,2021-03-31 17:45:21,2022-06-10 15:37:51
1988,584,114,0,2021-03-31 17:45:21,2022-06-10 15:37:51
1989,584,115,0,2021-03-31 17:45:21,2022-06-10 15:37:51
1990,584,116,0,2021-03-31 17:45:21,2022-06-10 15:37:51
1991,584,117,0,2021-03-31 17:45:21,2022-06-10 15:37:51
1992,584,118,0,2021-03-31 17:45:21,2022-06-10 15:37:51
1993,584,120,0,2021-03-31 17:45:21,2022-06-10 15:37:51
1994,585,85,0,2021-03-31 17:45:21,2022-06-10 15:37:51
1995,585,89,0,2021-03-31 17:45:21,2022-06-10 15:37:51
1996,585,93,0,2021-03-31 17:45:21,2022-06-10 15:37:51
1997,585,95,0,2021-03-31 17:45:21,2022-06-10 15:37:51
1998,585,100,0,2021-03-31 17:45:21,2022-06-10 15:37:51
1999,585,113,0,2021-03-31 17:45:21,2022-06-10 15:37:51
2000,585,114,0,2021-03-31 17:45:21,2022-06-10 15:37:51
2001,585,115,0,2021-03-31 17:45:21,2022-06-10 15:37:51
2002,585,117,0,2021-03-31 17:45:21,2022-06-10 15:37:51
2003,585,118,0,2021-03-31 17:45:21,2022-06-10 15:37:51
2004,586,49,0,2021-03-31 17:45:21,2022-06-10 15:37:51
2005,586,54,0,2021-03-31 17:45:21,2022-06-10 15:37:51
2006,586,55,0,2021-03-31 17:45:21,2022-06-10 15:37:51
2007,586,74,0,2021-03-31 17:45:21,2022-06-10 15:37:51
2008,587,103,0,2021-03-31 17:45:21,2021-06-22 10:52:50
2009,588,103,0,2021-03-31 17:45:21,2021-06-22 10:52:50
2010,589,74,0,2021-03-31 17:45:21,2022-06-10 15:37:51
2011,589,80,0,2021-03-31 17:45:21,2022-06-10 15:37:51
2012,590,49,0,2021-03-31 17:45:21,2021-06-22 10:52:50
2013,590,51,0,2021-03-31 17:45:21,2021-06-22 10:52:50
2014,590,93,0,2021-03-31 17:45:21,2021-06-22 10:52:50
2015,590,101,0,2021-03-31 17:45:21,2021-06-22 10:52:50
2016,591,103,0,2021-03-31 17:45:21,2022-06-10 15:37:51
2017,592,67,0,2021-03-31 17:45:21,2021-06-22 10:52:50
2018,592,69,0,2021-03-31 17:45:21,2021-06-22 10:52:50
2019,592,71,0,2021-03-31 17:45:21,2021-06-22 10:52:50
2020,593,3,0,2021-03-31 17:45:21,2021-04-12 08:44:02
2021,593,67,0,2021-03-31 17:45:21,2021-04-12 08:44:02
2022,593,74,0,2021-03-31 17:45:21,2021-04-12 08:44:02
2023,593,75,0,2021-03-31 17:45:21,2021-04-12 08:44:02
2024,593,82,0,2021-03-31 17:45:21,2021-04-12 08:44:02
2025,594,74,0,2021-03-31 17:45:21,2022-06-10 15:37:51
2026,594,76,0,2021-03-31 17:45:21,2022-06-10 15:37:51
2027,594,93,0,2021-03-31 17:45:21,2022-06-10 15:37:51
2028,594,99,0,2021-03-31 17:45:21,2022-06-10 15:37:51
2029,595,15,0,2021-03-31 17:45:21,2022-06-10 15:37:51
2030,595,67,0,2021-03-31 17:45:21,2022-06-10 15:37:51
2031,595,71,0,2021-03-31 17:45:21,2022-06-10 15:37:51
2032,595,122,0,2021-03-31 17:45:21,2022-06-10 15:37:51
2033,596,15,0,2021-03-31 17:45:21,2022-06-10 15:37:51
2034,596,17,0,2021-03-31 17:45:21,2022-06-10 15:37:51
2035,596,20,0,2021-03-31 17:45:21,2022-06-10 15:37:51
2036,596,24,0,2021-03-31 17:45:21,2022-06-10 15:37:51
2037,596,32,0,2021-03-31 17:45:21,2022-06-10 15:37:51
2038,596,35,0,2021-03-31 17:45:21,2022-06-10 15:37:51
2039,596,38,0,2021-03-31 17:45:21,2022-06-10 15:37:51
2040,597,103,0,2021-03-31 17:45:21,2021-06-22 10:52:50
2041,597,140,0,2021-03-31 17:45:21,2021-06-22 10:52:50
2042,598,74,0,2021-03-31 17:45:21,2022-06-10 15:37:51
2043,598,81,0,2021-03-31 17:45:21,2022-06-10 15:37:51
2044,598,85,0,2021-03-31 17:45:21,2022-06-10 15:37:51
2045,598,103,0,2021-03-31 17:45:21,2022-06-10 15:37:51
2046,598,111,0,2021-03-31 17:45:21,2022-06-10 15:37:51
2047,598,112,0,2021-03-31 17:45:21,2022-06-10 15:37:51
2048,598,116,0,2021-03-31 17:45:21,2022-06-10 15:37:51
2049,598,129,0,2021-03-31 17:45:21,2022-06-10 15:37:51
2050,598,137,0,2021-03-31 17:45:21,2022-06-10 15:37:51
2051,598,141,0,2021-03-31 17:45:21,2022-06-10 15:37:51
2052,599,93,0,2021-03-31 17:45:21,2021-06-22 10:52:50
2053,599,100,0,2021-03-31 17:45:21,2021-06-22 10:52:50
2054,600,103,0,2021-03-31 17:45:21,2022-06-10 15:37:51
2055,600,105,0,2021-03-31 17:45:21,2022-06-10 15:37:51
2056,600,106,0,2021-03-31 17:45:21,2022-06-10 15:37:51
2057,600,108,0,2021-03-31 17:45:21,2022-06-10 15:37:51
2058,600,139,0,2021-03-31 17:45:21,2022-06-10 15:37:51
2059,601,74,0,2021-03-31 17:45:21,2021-06-22 10:52:50
2060,601,81,0,2021-03-31 17:45:21,2021-06-22 10:52:50
2061,601,103,0,2021-03-31 17:45:21,2021-06-22 10:52:50
2062,601,141,0,2021-03-31 17:45:21,2021-06-22 10:52:50
2063,602,32,0,2021-03-31 17:45:21,2022-06-10 15:37:51
2064,602,35,0,2021-03-31 17:45:21,2022-06-10 15:37:51
2065,602,38,0,2021-03-31 17:45:21,2022-06-10 15:37:51
2066,603,74,0,2021-03-31 17:45:21,2022-06-10 15:37:51
2067,603,79,0,2021-03-31 17:45:21,2022-06-10 15:37:51
2068,604,2,0,2021-03-31 17:45:21,2022-06-10 15:37:51
2069,604,49,0,2021-03-31 17:45:21,2022-06-10 15:37:51
2070,604,50,0,2021-03-31 17:45:21,2022-06-10 15:37:51
2071,604,51,0,2021-03-31 17:45:21,2022-06-10 15:37:51
2072,604,52,0,2021-03-31 17:45:21,2022-06-10 15:37:51
2073,604,53,0,2021-03-31 17:45:21,2022-06-10 15:37:51
2074,604,54,0,2021-03-31 17:45:21,2022-06-10 15:37:51
2075,604,55,0,2021-03-31 17:45:21,2022-06-10 15:37:51
2076,604,56,0,2021-03-31 17:45:21,2022-06-10 15:37:51
2077,604,57,0,2021-03-31 17:45:21,2022-06-10 15:37:51
2078,604,58,0,2021-03-31 17:45:21,2022-06-10 15:37:51
2079,605,,0,2021-03-31 17:45:21,2021-04-12 16:18:11
2080,606,,0,2021-03-31 17:45:21,2021-03-31 16:59:59
2081,607,103,0,2021-03-31 17:45:21,2022-06-10 15:37:51
2082,607,107,0,2021-03-31 17:45:21,2022-06-10 15:37:51
2083,607,141,0,2021-03-31 17:45:21,2022-06-10 15:37:51
2084,608,49,0,2021-03-31 17:45:21,2022-06-10 15:37:51
2085,608,54,0,2021-03-31 17:45:21,2022-06-10 15:37:51
2086,608,86,0,2021-03-31 17:45:21,2022-06-10 15:37:51
2087,608,91,0,2021-03-31 17:45:21,2022-06-10 15:37:51
2088,608,142,0,2021-03-31 17:45:21,2022-06-10 15:37:51
2089,609,111,0,2021-03-31 17:45:21,2021-06-22 10:52:50
2090,609,112,0,2021-03-31 17:45:21,2021-06-22 10:52:50
2091,610,85,0,2021-03-31 17:45:21,2022-06-10 15:37:51
2092,610,111,0,2021-03-31 17:45:21,2022-06-10 15:37:51
2093,610,118,0,2021-03-31 17:45:21,2022-06-10 15:37:51
2094,610,136,0,2021-03-31 17:45:21,2022-06-10 15:37:51
2095,611,15,0,2021-03-31 17:45:21,2022-06-10 15:37:51
2096,611,24,0,2021-03-31 17:45:21,2022-06-10 15:37:51
2097,611,49,0,2021-03-31 17:45:21,2022-06-10 15:37:51
2098,611,50,0,2021-03-31 17:45:21,2022-06-10 15:37:51
2099,611,51,0,2021-03-31 17:45:21,2022-06-10 15:37:51
2100,611,54,0,2021-03-31 17:45:21,2022-06-10 15:37:51
2101,611,55,0,2021-03-31 17:45:21,2022-06-10 15:37:51
2102,612,103,0,2021-03-31 17:45:21,2022-06-10 15:37:51
2103,612,107,0,2021-03-31 17:45:21,2022-06-10 15:37:51
2104,613,67,0,2021-03-31 17:45:21,2022-06-10 15:37:51
2105,613,71,0,2021-03-31 17:45:21,2022-06-10 15:37:51
2106,614,85,0,2021-03-31 17:45:21,2022-06-10 15:37:51
2107,614,104,0,2021-03-31 17:45:21,2022-06-10 15:37:51
2108,614,105,0,2021-03-31 17:45:21,2022-06-10 15:37:51
2109,615,71,0,2021-03-31 17:45:21,2021-06-22 10:52:50
2110,616,74,0,2021-03-31 17:45:21,2022-06-10 15:37:51
2111,616,85,0,2021-03-31 17:45:21,2022-06-10 15:37:51
2112,617,111,0,2021-03-31 17:45:21,2022-06-10 15:37:51
2113,617,116,0,2021-03-31 17:45:21,2022-06-10 15:37:51
2114,618,103,0,2021-03-31 17:45:21,2022-06-10 15:37:51
2115,618,141,0,2021-03-31 17:45:21,2022-06-10 15:37:51
2116,619,103,0,2021-03-31 17:45:21,2022-06-10 15:37:51
2117,620,59,0,2021-03-31 17:45:21,2022-06-10 15:37:51
2118,620,61,0,2021-03-31 17:45:21,2022-06-10 15:37:51
2119,621,,0,2021-03-31 17:45:21,2021-03-31 16:59:59
2120,622,74,0,2021-03-31 17:45:21,2022-06-10 15:37:51
2121,622,75,0,2021-03-31 17:45:21,2022-06-10 15:37:51
2122,622,82,0,2021-03-31 17:45:21,2022-06-10 15:37:51
2123,622,85,0,2021-03-31 17:45:21,2022-06-10 15:37:51
2124,622,87,0,2021-03-31 17:45:21,2022-06-10 15:37:51
2125,623,85,0,2021-03-31 17:45:21,2022-06-10 15:37:51
2126,623,103,0,2021-03-31 17:45:21,2022-06-10 15:37:51
2127,623,106,0,2021-03-31 17:45:21,2022-06-10 15:37:51
2128,623,109,0,2021-03-31 17:45:21,2022-06-10 15:37:51
2129,624,111,0,2021-03-31 17:45:21,2021-06-22 10:52:50
2130,624,112,0,2021-03-31 17:45:21,2021-06-22 10:52:50
2131,624,113,0,2021-03-31 17:45:21,2021-06-22 10:52:50
2132,624,114,0,2021-03-31 17:45:21,2021-06-22 10:52:50
2133,624,117,0,2021-03-31 17:45:21,2021-06-22 10:52:50
2134,625,111,0,2021-03-31 17:45:21,2022-06-10 15:37:51
2135,625,112,0,2021-03-31 17:45:21,2022-06-10 15:37:51
2136,625,113,0,2021-03-31 17:45:21,2022-06-10 15:37:51
2137,625,114,0,2021-03-31 17:45:21,2022-06-10 15:37:51
2138,625,116,0,2021-03-31 17:45:21,2022-06-10 15:37:51
2139,625,117,0,2021-03-31 17:45:21,2022-06-10 15:37:51
2140,626,49,0,2021-03-31 17:45:21,2021-06-22 10:52:50
2141,626,54,0,2021-03-31 17:45:21,2021-06-22 10:52:50
2142,626,93,0,2021-03-31 17:45:21,2021-06-22 10:52:50
2143,626,94,0,2021-03-31 17:45:21,2021-06-22 10:52:50
2144,626,95,0,2021-03-31 17:45:21,2021-06-22 10:52:50
2145,626,103,0,2021-03-31 17:45:21,2021-06-22 10:52:50
2146,626,107,0,2021-03-31 17:45:21,2021-06-22 10:52:50
2147,627,49,0,2021-03-31 17:45:21,2022-06-10 15:37:51
2148,627,51,0,2021-03-31 17:45:21,2022-06-10 15:37:51
2149,628,67,0,2021-03-31 17:45:21,2022-06-10 15:37:51
2150,628,71,0,2021-03-31 17:45:21,2022-06-10 15:37:51
2151,629,93,0,2021-03-31 17:45:21,2021-06-22 10:52:50
2152,629,97,0,2021-03-31 17:45:21,2021-06-22 10:52:50
2153,629,111,0,2021-03-31 17:45:21,2021-06-22 10:52:50
2154,629,118,0,2021-03-31 17:45:21,2021-06-22 10:52:50
2155,630,49,0,2021-03-31 17:45:21,2022-06-10 15:37:51
2156,631,49,0,2021-03-31 17:45:21,2022-06-10 15:37:51
2157,631,55,0,2021-03-31 17:45:21,2022-06-10 15:37:51
2158,631,62,0,2021-03-31 17:45:21,2022-06-10 15:37:51
2159,631,127,0,2021-03-31 17:45:21,2022-06-10 15:37:51
2160,631,128,0,2021-03-31 17:45:21,2022-06-10 15:37:51
2161,632,49,0,2021-03-31 17:45:21,2022-06-10 15:37:51
2162,632,50,0,2021-03-31 17:45:21,2022-06-10 15:37:51
2163,632,52,0,2021-03-31 17:45:21,2022-06-10 15:37:51
2164,633,32,0,2021-03-31 17:45:21,2021-06-22 10:52:50
2165,633,38,0,2021-03-31 17:45:21,2021-06-22 10:52:50
2166,634,85,0,2021-03-31 17:45:21,2021-06-22 10:52:50
2167,634,93,0,2021-03-31 17:45:21,2021-06-22 10:52:50
2168,634,97,0,2021-03-31 17:45:21,2021-06-22 10:52:50
2169,634,111,0,2021-03-31 17:45:21,2021-06-22 10:52:50
2170,634,118,0,2021-03-31 17:45:21,2021-06-22 10:52:50
2171,634,120,0,2021-03-31 17:45:21,2021-06-22 10:52:50
2172,634,136,0,2021-03-31 17:45:21,2021-06-22 10:52:50
2173,635,2,0,2021-03-31 17:45:21,2022-06-10 15:37:51
2174,635,49,0,2021-03-31 17:45:21,2022-06-10 15:37:51
2175,635,53,0,2021-03-31 17:45:21,2022-06-10 15:37:51
2176,636,40,0,2021-03-31 17:45:21,2022-06-10 15:37:51
2177,636,42,0,2021-03-31 17:45:21,2022-06-10 15:37:51
2178,636,43,0,2021-03-31 17:45:21,2022-06-10 15:37:51
2179,636,44,0,2021-03-31 17:45:21,2022-06-10 15:37:51
2180,636,46,0,2021-03-31 17:45:21,2022-06-10 15:37:51
2181,637,74,0,2021-03-31 17:45:21,2022-06-10 15:37:51
2182,637,111,0,2021-03-31 17:45:21,2022-06-10 15:37:51
2183,637,113,0,2021-03-31 17:45:21,2022-06-10 15:37:51
2184,637,114,0,2021-03-31 17:45:21,2022-06-10 15:37:51
2185,637,115,0,2021-03-31 17:45:21,2022-06-10 15:37:51
2186,637,116,0,2021-03-31 17:45:21,2022-06-10 15:37:51
2187,637,117,0,2021-03-31 17:45:21,2022-06-10 15:37:51
2188,638,15,0,2021-03-31 17:45:21,2022-06-10 15:37:51
2189,638,21,0,2021-03-31 17:45:21,2022-06-10 15:37:51
2190,639,16,0,2021-03-31 17:45:21,2022-06-10 15:37:51
2191,639,22,0,2021-03-31 17:45:21,2022-06-10 15:37:51
2192,640,2,0,2021-03-31 17:45:21,2022-06-10 15:37:51
2193,640,49,0,2021-03-31 17:45:21,2022-06-10 15:37:51
2194,640,53,0,2021-03-31 17:45:21,2022-06-10 15:37:51
2195,641,103,0,2021-03-31 17:45:21,2022-06-10 15:37:51
2196,641,104,0,2021-03-31 17:45:21,2022-06-10 15:37:51
2197,642,103,0,2021-03-31 17:45:21,2022-06-10 15:37:51
2198,642,107,0,2021-03-31 17:45:21,2022-06-10 15:37:51
2199,643,74,0,2021-03-31 17:45:21,2021-06-22 10:52:50
2200,644,93,0,2021-03-31 17:45:21,2022-06-10 15:37:51
2201,644,138,0,2021-03-31 17:45:21,2022-06-10 15:37:51
2202,645,93,0,2021-03-31 17:45:21,2022-06-10 15:37:51
2203,645,138,0,2021-03-31 17:45:21,2022-06-10 15:37:51
2204,646,,0,2021-03-31 17:45:21,2021-06-17 10:37:13
2205,647,,0,2021-03-31 17:45:21,2021-06-22 10:52:50
2206,648,103,0,2021-03-31 17:45:21,2021-06-22 10:52:50
2207,648,111,0,2021-03-31 17:45:21,2021-06-22 10:52:50
2208,648,117,0,2021-03-31 17:45:21,2021-06-22 10:52:50
2209,649,85,0,2021-03-31 17:45:21,2021-06-22 10:52:50
2210,649,111,0,2021-03-31 17:45:21,2021-06-22 10:52:50
2211,649,118,0,2021-03-31 17:45:21,2021-06-22 10:52:50
2212,650,103,0,2021-03-31 17:45:21,2021-06-22 10:52:50
2213,650,109,0,2021-03-31 17:45:21,2021-06-22 10:52:50
2214,651,49,0,2021-03-31 17:45:21,2022-06-10 15:37:51
2215,651,53,0,2021-03-31 17:45:21,2022-06-10 15:37:51
2216,651,57,0,2021-03-31 17:45:21,2022-06-10 15:37:51
2217,651,85,0,2021-03-31 17:45:21,2022-06-10 15:37:51
2218,651,90,0,2021-03-31 17:45:21,2022-06-10 15:37:51
2219,651,93,0,2021-03-31 17:45:21,2022-06-10 15:37:51
2220,651,95,0,2021-03-31 17:45:21,2022-06-10 15:37:51
2221,652,40,0,2021-03-31 17:45:21,2022-06-10 15:37:51
2222,652,47,0,2021-03-31 17:45:21,2022-06-10 15:37:51
2223,653,103,0,2021-03-31 17:45:21,2022-06-10 15:37:51
2224,653,107,0,2021-03-31 17:45:21,2022-06-10 15:37:51
2225,654,74,0,2021-03-31 17:45:21,2022-06-10 15:37:51
2226,654,93,0,2021-03-31 17:45:21,2022-06-10 15:37:51
2227,655,111,0,2021-03-31 17:45:21,2022-06-10 15:37:51
2228,655,114,0,2021-03-31 17:45:21,2022-06-10 15:37:51
2229,655,117,0,2021-03-31 17:45:21,2022-06-10 15:37:51
2230,656,111,0,2021-03-31 17:45:21,2021-06-22 10:52:50
2231,656,114,0,2021-03-31 17:45:21,2021-06-22 10:52:50
2232,656,117,0,2021-03-31 17:45:21,2021-06-22 10:52:50
2233,657,111,0,2021-03-31 17:45:21,2021-06-22 10:52:50
2234,657,112,0,2021-03-31 17:45:21,2021-06-22 10:52:50
2235,657,113,0,2021-03-31 17:45:21,2021-06-22 10:52:50
2236,657,114,0,2021-03-31 17:45:21,2021-06-22 10:52:50
2237,657,117,0,2021-03-31 17:45:21,2021-06-22 10:52:50
2238,658,85,0,2021-03-31 17:45:21,2021-06-22 10:52:50
2239,658,103,0,2021-03-31 17:45:21,2021-06-22 10:52:50
2240,658,106,0,2021-03-31 17:45:21,2021-06-22 10:52:50
2241,658,107,0,2021-03-31 17:45:21,2021-06-22 10:52:50
2242,658,108,0,2021-03-31 17:45:21,2021-06-22 10:52:50
2243,658,109,0,2021-03-31 17:45:21,2021-06-22 10:52:50
2244,658,135,0,2021-03-31 17:45:21,2021-06-22 10:52:50
2245,658,137,0,2021-03-31 17:45:21,2021-06-22 10:52:50
2246,659,85,0,2021-03-31 17:45:21,2022-06-10 15:37:51
2247,659,86,0,2021-03-31 17:45:21,2022-06-10 15:37:51
2248,659,111,0,2021-03-31 17:45:21,2022-06-10 15:37:51
2249,659,118,0,2021-03-31 17:45:21,2022-06-10 15:37:51
2250,660,40,0,2021-03-31 17:45:21,2022-06-10 15:37:51
2251,660,46,0,2021-03-31 17:45:21,2022-06-10 15:37:51
2252,661,59,0,2021-03-31 17:45:21,2021-06-01 10:11:22
2253,662,40,0,2021-03-31 17:45:21,2022-06-10 15:37:51
2254,662,46,0,2021-03-31 17:45:21,2022-06-10 15:37:51
2255,663,25,0,2021-03-31 17:45:21,2022-06-10 15:37:51
2256,663,30,0,2021-03-31 17:45:21,2022-06-10 15:37:51
2257,664,93,0,2021-03-31 17:45:21,2022-06-10 15:37:51
2258,664,97,0,2021-03-31 17:45:21,2022-06-10 15:37:51
2259,664,111,0,2021-03-31 17:45:21,2022-06-10 15:37:51
2260,664,118,0,2021-03-31 17:45:21,2022-06-10 15:37:51
2261,665,59,0,2021-03-31 17:45:21,2022-06-10 15:37:51
2262,665,61,0,2021-03-31 17:45:21,2022-06-10 15:37:51
2263,666,93,0,2021-03-31 17:45:21,2022-06-10 15:37:51
2264,666,138,0,2021-03-31 17:45:21,2022-06-10 15:37:51
2265,667,1,0,2021-03-31 17:45:21,2022-06-10 15:37:51
2266,667,15,0,2021-03-31 17:45:21,2022-06-10 15:37:51
2267,667,16,0,2021-03-31 17:45:21,2022-06-10 15:37:51
2268,667,17,0,2021-03-31 17:45:21,2022-06-10 15:37:51
2269,667,19,0,2021-03-31 17:45:21,2022-06-10 15:37:51
2270,667,22,0,2021-03-31 17:45:21,2022-06-10 15:37:51
2271,667,23,0,2021-03-31 17:45:21,2022-06-10 15:37:51
2272,667,24,0,2021-03-31 17:45:21,2022-06-10 15:37:51
2273,667,49,0,2021-03-31 17:45:21,2022-06-10 15:37:51
2274,667,50,0,2021-03-31 17:45:21,2022-06-10 15:37:51
2275,667,67,0,2021-03-31 17:45:21,2022-06-10 15:37:51
2276,667,71,0,2021-03-31 17:45:21,2022-06-10 15:37:51
2277,668,85,0,2021-03-31 17:45:21,2022-06-10 15:37:51
2278,668,111,0,2021-03-31 17:45:21,2022-06-10 15:37:51
2279,668,113,0,2021-03-31 17:45:21,2022-06-10 15:37:51
2280,668,137,0,2021-03-31 17:45:21,2022-06-10 15:37:51
2281,669,40,0,2021-03-31 17:45:21,2022-06-10 15:37:51
2282,669,41,0,2021-03-31 17:45:21,2022-06-10 15:37:51
2283,670,111,0,2021-03-31 17:45:21,2022-06-10 15:37:51
2284,670,118,0,2021-03-31 17:45:21,2022-06-10 15:37:51
2285,671,67,0,2021-03-31 17:45:21,2022-06-10 15:37:51
2286,671,69,0,2021-03-31 17:45:21,2022-06-10 15:37:51
2287,672,74,0,2021-03-31 17:45:21,2022-06-10 15:37:51
2288,672,81,0,2021-03-31 17:45:21,2022-06-10 15:37:51
2289,673,93,0,2021-03-31 17:45:21,2022-06-10 15:37:51
2290,673,138,0,2021-03-31 17:45:21,2022-06-10 15:37:51
2291,674,111,0,2021-03-31 17:45:21,2022-06-10 15:37:51
2292,674,112,0,2021-03-31 17:45:21,2022-06-10 15:37:51
2293,674,113,0,2021-03-31 17:45:21,2022-06-10 15:37:51
2294,674,114,0,2021-03-31 17:45:21,2022-06-10 15:37:51
2295,674,115,0,2021-03-31 17:45:21,2022-06-10 15:37:51
2296,674,117,0,2021-03-31 17:45:21,2022-06-10 15:37:51
2297,674,118,0,2021-03-31 17:45:21,2022-06-10 15:37:51
2298,675,59,0,2021-03-31 17:45:21,2022-06-10 15:37:51
2299,675,62,0,2021-03-31 17:45:21,2022-06-10 15:37:51
2300,675,85,0,2021-03-31 17:45:21,2022-06-10 15:37:51
2301,675,86,0,2021-03-31 17:45:21,2022-06-10 15:37:51
2302,676,59,0,2021-03-31 17:45:21,2022-06-10 15:37:51
2303,676,61,0,2021-03-31 17:45:21,2022-06-10 15:37:51
2304,677,111,0,2021-03-31 17:45:21,2022-06-10 15:37:51
2305,677,117,0,2021-03-31 17:45:21,2022-06-10 15:37:51
2306,678,74,0,2021-03-31 17:45:21,2022-06-10 15:37:51
2307,678,111,0,2021-03-31 17:45:21,2022-06-10 15:37:51
2308,678,116,0,2021-03-31 17:45:21,2022-06-10 15:37:51
2309,678,129,0,2021-03-31 17:45:21,2022-06-10 15:37:51
2310,678,132,0,2021-03-31 17:45:21,2022-06-10 15:37:51
2311,679,93,0,2021-03-31 17:45:21,2022-06-10 15:37:51
2312,679,95,0,2021-03-31 17:45:21,2022-06-10 15:37:51
2313,679,111,0,2021-03-31 17:45:21,2022-06-10 15:37:51
2314,679,113,0,2021-03-31 17:45:21,2022-06-10 15:37:51
2315,679,114,0,2021-03-31 17:45:21,2022-06-10 15:37:51
2316,679,115,0,2021-03-31 17:45:21,2022-06-10 15:37:51
2317,680,49,0,2021-03-31 17:45:21,2022-06-10 15:37:51
2318,680,54,0,2021-03-31 17:45:21,2022-06-10 15:37:51
2319,680,85,0,2021-03-31 17:45:21,2022-06-10 15:37:51
2320,680,86,0,2021-03-31 17:45:21,2022-06-10 15:37:51
2321,680,91,0,2021-03-31 17:45:21,2022-06-10 15:37:51
2322,680,142,0,2021-03-31 17:45:21,2022-06-10 15:37:51
2323,681,59,0,2021-03-31 17:45:21,2022-06-10 15:37:51
2324,681,62,0,2021-03-31 17:45:21,2022-06-10 15:37:51
2325,682,111,0,2021-03-31 17:45:21,2022-06-10 15:37:51
2326,682,113,0,2021-03-31 17:45:21,2022-06-10 15:37:51
2327,682,114,0,2021-03-31 17:45:21,2022-06-10 15:37:51
2328,682,116,0,2021-03-31 17:45:21,2022-06-10 15:37:51
2329,683,93,0,2021-03-31 17:45:21,2022-06-10 15:37:51
2330,683,138,0,2021-03-31 17:45:21,2022-06-10 15:37:51
2331,684,93,0,2021-03-31 17:45:21,2021-06-22 10:52:50
2332,684,97,0,2021-03-31 17:45:21,2021-06-22 10:52:50
2333,684,111,0,2021-03-31 17:45:21,2021-06-22 10:52:50
2334,684,113,0,2021-03-31 17:45:21,2021-06-22 10:52:50
2335,684,117,0,2021-03-31 17:45:21,2021-06-22 10:52:50
2336,685,15,0,2021-03-31 17:45:21,2022-06-10 15:37:51
2337,685,19,0,2021-03-31 17:45:21,2022-06-10 15:37:51
2338,686,93,0,2021-03-31 17:45:21,2021-05-26 13:20:38
2339,687,4,0,2021-03-31 17:45:21,2022-06-10 15:37:51
2340,687,14,0,2021-03-31 17:45:21,2022-06-10 15:37:51
2341,688,15,0,2021-03-31 17:45:21,2022-06-10 15:37:51
2342,688,21,0,2021-03-31 17:45:21,2022-06-10 15:37:51
2343,689,15,0,2021-03-31 17:45:21,2022-06-10 15:37:51
2344,689,21,0,2021-03-31 17:45:21,2022-06-10 15:37:51
2345,690,,0,2021-03-31 17:45:21,2021-04-14 08:22:42
2346,691,85,0,2021-03-31 17:45:21,2022-06-10 15:37:51
2347,691,89,0,2021-03-31 17:45:21,2022-06-10 15:37:51
2348,691,111,0,2021-03-31 17:45:21,2022-06-10 15:37:51
2349,691,112,0,2021-03-31 17:45:21,2022-06-10 15:37:51
2350,691,113,0,2021-03-31 17:45:21,2022-06-10 15:37:51
2351,691,114,0,2021-03-31 17:45:21,2022-06-10 15:37:51
2352,691,115,0,2021-03-31 17:45:21,2022-06-10 15:37:51
2353,691,117,0,2021-03-31 17:45:21,2022-06-10 15:37:51
2354,691,118,0,2021-03-31 17:45:21,2022-06-10 15:37:51
2355,691,119,0,2021-03-31 17:45:21,2022-06-10 15:37:51
2356,691,121,0,2021-03-31 17:45:21,2022-06-10 15:37:51
2357,692,59,0,2021-03-31 17:45:21,2022-06-10 15:37:51
2358,692,61,0,2021-03-31 17:45:21,2022-06-10 15:37:51
2359,692,62,0,2021-03-31 17:45:21,2022-06-10 15:37:51
2360,692,85,0,2021-03-31 17:45:21,2022-06-10 15:37:51
2361,692,87,0,2021-03-31 17:45:21,2022-06-10 15:37:51
2362,693,49,0,2021-03-31 17:45:21,2022-06-10 15:37:51
2363,693,51,0,2021-03-31 17:45:21,2022-06-10 15:37:51
2364,693,85,0,2021-03-31 17:45:21,2022-06-10 15:37:51
2365,693,88,0,2021-03-31 17:45:21,2022-06-10 15:37:51
2366,694,59,0,2021-03-31 17:45:21,2022-06-10 15:37:51
2367,694,61,0,2021-03-31 17:45:21,2022-06-10 15:37:51
2368,694,62,0,2021-03-31 17:45:21,2022-06-10 15:37:51
2369,694,85,0,2021-03-31 17:45:21,2022-06-10 15:37:51
2370,694,87,0,2021-03-31 17:45:21,2022-06-10 15:37:51
2371,695,4,0,2021-03-31 17:45:21,2022-06-10 15:37:51
2372,695,13,0,2021-03-31 17:45:21,2022-06-10 15:37:51
2373,696,103,0,2021-03-31 17:45:21,2022-06-10 15:37:51
2374,696,104,0,2021-03-31 17:45:21,2022-06-10 15:37:51
2375,696,110,0,2021-03-31 17:45:21,2022-06-10 15:37:51
2376,697,85,0,2021-03-31 17:45:21,2022-06-10 15:37:51
2377,697,103,0,2021-03-31 17:45:21,2022-06-10 15:37:51
2378,697,104,0,2021-03-31 17:45:21,2022-06-10 15:37:51
2379,697,106,0,2021-03-31 17:45:21,2022-06-10 15:37:51
2380,697,108,0,2021-03-31 17:45:21,2022-06-10 15:37:51
2381,697,109,0,2021-03-31 17:45:21,2022-06-10 15:37:51
2382,698,85,0,2021-03-31 17:45:21,2022-06-10 15:37:51
2383,698,86,0,2021-03-31 17:45:21,2022-06-10 15:37:51
2384,698,103,0,2021-03-31 17:45:21,2022-06-10 15:37:51
2385,698,104,0,2021-03-31 17:45:21,2022-06-10 15:37:51
2386,698,105,0,2021-03-31 17:45:21,2022-06-10 15:37:51
2387,698,106,0,2021-03-31 17:45:21,2022-06-10 15:37:51
2388,698,108,0,2021-03-31 17:45:21,2022-06-10 15:37:51
2389,698,109,0,2021-03-31 17:45:21,2022-06-10 15:37:51
2390,698,110,0,2021-03-31 17:45:21,2022-06-10 15:37:51
2391,699,85,0,2021-03-31 17:45:21,2022-06-10 15:37:51
2392,699,111,0,2021-03-31 17:45:21,2022-06-10 15:37:51
2393,699,118,0,2021-03-31 17:45:21,2022-06-10 15:37:51
2394,700,59,0,2021-03-31 17:45:21,2022-06-10 15:37:51
2395,700,62,0,2021-03-31 17:45:21,2022-06-10 15:37:51
2396,700,85,0,2021-03-31 17:45:21,2022-06-10 15:37:51
2397,700,87,0,2021-03-31 17:45:21,2022-06-10 15:37:51
2398,700,93,0,2021-03-31 17:45:21,2022-06-10 15:37:51
2399,700,101,0,2021-03-31 17:45:21,2022-06-10 15:37:51
2400,701,85,0,2021-03-31 17:45:21,2022-06-10 15:37:51
2401,702,15,0,2021-03-31 17:45:21,2022-06-10 15:37:51
2402,702,18,0,2021-03-31 17:45:21,2022-06-10 15:37:51
2403,702,20,0,2021-03-31 17:45:21,2022-06-10 15:37:51
2404,702,21,0,2021-03-31 17:45:21,2022-06-10 15:37:51
2405,702,24,0,2021-03-31 17:45:21,2022-06-10 15:37:51
2406,702,32,0,2021-03-31 17:45:21,2022-06-10 15:37:51
2407,702,35,0,2021-03-31 17:45:21,2022-06-10 15:37:51
2408,702,38,0,2021-03-31 17:45:21,2022-06-10 15:37:51
2409,703,74,0,2021-03-31 17:45:21,2022-06-10 15:37:51
2410,703,81,0,2021-03-31 17:45:21,2022-06-10 15:37:51
2411,703,111,0,2021-03-31 17:45:21,2022-06-10 15:37:51
2412,703,116,0,2021-03-31 17:45:21,2022-06-10 15:37:51
2413,704,103,0,2021-03-31 17:45:21,2022-06-10 15:37:51
2414,704,108,0,2021-03-31 17:45:21,2022-06-10 15:37:51
2415,705,59,0,2021-03-31 17:45:21,2022-06-10 15:37:51
2416,705,61,0,2021-03-31 17:45:21,2022-06-10 15:37:51
2417,705,62,0,2021-03-31 17:45:21,2022-06-10 15:37:51
2418,705,85,0,2021-03-31 17:45:21,2022-06-10 15:37:51
2419,705,86,0,2021-03-31 17:45:21,2022-06-10 15:37:51
2420,706,15,0,2021-03-31 17:45:21,2021-06-22 10:52:50
2421,706,17,0,2021-03-31 17:45:21,2021-06-22 10:52:50
2422,706,18,0,2021-03-31 17:45:21,2021-06-22 10:52:50
2423,706,19,0,2021-03-31 17:45:21,2021-06-22 10:52:50
2424,706,21,0,2021-03-31 17:45:21,2021-06-22 10:52:50
2425,706,32,0,2021-03-31 17:45:21,2021-06-22 10:52:50
2426,706,35,0,2021-03-31 17:45:21,2021-06-22 10:52:50
2427,707,49,0,2021-03-31 17:45:21,2022-06-10 15:37:51
2428,707,50,0,2021-03-31 17:45:21,2022-06-10 15:37:51
2429,707,54,0,2021-03-31 17:45:21,2022-06-10 15:37:51
2430,708,15,0,2021-03-31 17:45:21,2022-06-10 15:37:51
2431,708,16,0,2021-03-31 17:45:21,2022-06-10 15:37:51
2432,708,17,0,2021-03-31 17:45:21,2022-06-10 15:37:51
2433,708,19,0,2021-03-31 17:45:21,2022-06-10 15:37:51
2434,708,20,0,2021-03-31 17:45:21,2022-06-10 15:37:51
2435,708,21,0,2021-03-31 17:45:21,2022-06-10 15:37:51
2436,708,49,0,2021-03-31 17:45:21,2022-06-10 15:37:51
2437,708,50,0,2021-03-31 17:45:21,2022-06-10 15:37:51
2438,708,51,0,2021-03-31 17:45:21,2022-06-10 15:37:51
2439,708,74,0,2021-03-31 17:45:21,2022-06-10 15:37:51
2440,708,76,0,2021-03-31 17:45:21,2022-06-10 15:37:51
2441,708,77,0,2021-03-31 17:45:21,2022-06-10 15:37:51
2442,708,78,0,2021-03-31 17:45:21,2022-06-10 15:37:51
2443,708,83,0,2021-03-31 17:45:21,2022-06-10 15:37:51
2444,708,84,0,2021-03-31 17:45:21,2022-06-10 15:37:51
2445,708,93,0,2021-03-31 17:45:21,2022-06-10 15:37:51
2446,708,95,0,2021-03-31 17:45:21,2022-06-10 15:37:51
2447,708,111,0,2021-03-31 17:45:21,2022-06-10 15:37:51
2448,708,114,0,2021-03-31 17:45:21,2022-06-10 15:37:51
2449,708,116,0,2021-03-31 17:45:21,2022-06-10 15:37:51
2450,708,117,0,2021-03-31 17:45:21,2022-06-10 15:37:51
2451,709,93,0,2021-03-31 17:45:21,2021-06-22 10:52:50
2452,709,97,0,2021-03-31 17:45:21,2021-06-22 10:52:50
2453,709,111,0,2021-03-31 17:45:21,2021-06-22 10:52:50
2454,709,117,0,2021-03-31 17:45:21,2021-06-22 10:52:50
2455,710,67,0,2021-03-31 17:45:21,2022-06-10 15:37:51
2456,710,71,0,2021-03-31 17:45:21,2022-06-10 15:37:51
2457,711,93,0,2021-03-31 17:45:21,2021-06-22 10:52:50
2458,712,85,0,2021-03-31 17:45:21,2022-06-10 15:37:51
2459,712,111,0,2021-03-31 17:45:21,2022-06-10 15:37:51
2460,712,113,0,2021-03-31 17:45:21,2022-06-10 15:37:51
2461,712,114,0,2021-03-31 17:45:21,2022-06-10 15:37:51
2462,712,115,0,2021-03-31 17:45:21,2022-06-10 15:37:51
2463,712,117,0,2021-03-31 17:45:21,2022-06-10 15:37:51
2464,713,93,0,2021-03-31 17:45:21,2021-06-22 10:52:50
2465,713,99,0,2021-03-31 17:45:21,2021-06-22 10:52:50
2466,714,85,0,2021-03-31 17:45:21,2021-06-22 10:52:50
2467,714,103,0,2021-03-31 17:45:21,2021-06-22 10:52:50
2468,714,104,0,2021-03-31 17:45:21,2021-06-22 10:52:50
2469,714,107,0,2021-03-31 17:45:21,2021-06-22 10:52:50
2470,714,108,0,2021-03-31 17:45:21,2021-06-22 10:52:50
2471,714,109,0,2021-03-31 17:45:21,2021-06-22 10:52:50
2472,714,135,0,2021-03-31 17:45:21,2021-06-22 10:52:50
2473,715,93,0,2021-03-31 17:45:21,2022-06-10 15:37:51
2474,715,98,0,2021-03-31 17:45:21,2022-06-10 15:37:51
2475,715,103,0,2021-03-31 17:45:21,2022-06-10 15:37:51
2476,715,107,0,2021-03-31 17:45:21,2022-06-10 15:37:51
2477,716,74,0,2021-03-31 17:45:21,2021-06-22 10:52:50
2478,716,76,0,2021-03-31 17:45:21,2021-06-22 10:52:50
2479,716,85,0,2021-03-31 17:45:21,2021-06-22 10:52:50
2480,716,89,0,2021-03-31 17:45:21,2021-06-22 10:52:50
2481,716,93,0,2021-03-31 17:45:21,2021-06-22 10:52:50
2482,716,95,0,2021-03-31 17:45:21,2021-06-22 10:52:50
2483,716,142,0,2021-03-31 17:45:21,2021-06-22 10:52:50
2484,717,103,0,2021-03-31 17:45:21,2022-06-10 15:37:51
2485,717,108,0,2021-03-31 17:45:21,2022-06-10 15:37:51
2486,718,103,0,2021-03-31 17:45:21,2022-06-10 15:37:51
2487,718,140,0,2021-03-31 17:45:21,2022-06-10 15:37:51
2488,719,49,0,2021-03-31 17:45:21,2022-06-10 15:37:51
2489,719,54,0,2021-03-31 17:45:21,2022-06-10 15:37:51
2490,719,85,0,2021-03-31 17:45:21,2022-06-10 15:37:51
2491,719,86,0,2021-03-31 17:45:21,2022-06-10 15:37:51
2492,719,91,0,2021-03-31 17:45:21,2022-06-10 15:37:51
2493,719,137,0,2021-03-31 17:45:21,2022-06-10 15:37:51
2494,719,142,0,2021-03-31 17:45:21,2022-06-10 15:37:51
2495,720,111,0,2021-03-31 17:45:21,2021-06-22 10:52:50
2496,720,117,0,2021-03-31 17:45:21,2021-06-22 10:52:50
2497,721,74,0,2021-03-31 17:45:21,2022-06-10 15:37:51
2498,721,76,0,2021-03-31 17:45:21,2022-06-10 15:37:51
2499,721,93,0,2021-03-31 17:45:21,2022-06-10 15:37:51
2500,721,101,0,2021-03-31 17:45:21,2022-06-10 15:37:51
2501,722,111,0,2021-03-31 17:45:21,2022-06-10 15:37:51
2502,722,113,0,2021-03-31 17:45:21,2022-06-10 15:37:51
2503,722,114,0,2021-03-31 17:45:21,2022-06-10 15:37:51
2504,722,117,0,2021-03-31 17:45:21,2022-06-10 15:37:51
2505,723,40,0,2021-03-31 17:45:21,2022-06-10 15:37:51
2506,723,41,0,2021-03-31 17:45:21,2022-06-10 15:37:51
2507,723,74,0,2021-03-31 17:45:21,2022-06-10 15:37:51
2508,723,82,0,2021-03-31 17:45:21,2022-06-10 15:37:51
2509,723,129,0,2021-03-31 17:45:21,2022-06-10 15:37:51
2510,724,32,0,2021-03-31 17:45:21,2022-06-10 15:37:51
2511,724,33,0,2021-03-31 17:45:21,2022-06-10 15:37:51
2512,724,36,0,2021-03-31 17:45:21,2022-06-10 15:37:51
2513,725,103,0,2021-03-31 17:45:21,2021-06-22 10:52:50
2514,725,140,0,2021-03-31 17:45:21,2021-06-22 10:52:50
2515,725,141,0,2021-03-31 17:45:21,2021-06-22 10:52:50
2516,726,59,0,2021-03-31 17:45:21,2022-06-10 15:37:51
2517,726,93,0,2021-03-31 17:45:21,2022-06-10 15:37:51
2518,726,101,0,2021-03-31 17:45:21,2022-06-10 15:37:51
2519,727,103,0,2021-03-31 17:45:21,2022-06-10 15:37:51
2520,727,139,0,2021-03-31 17:45:21,2022-06-10 15:37:51
2521,728,49,0,2021-03-31 17:45:21,2022-06-10 15:37:51
2522,728,50,0,2021-03-31 17:45:21,2022-06-10 15:37:51
2523,728,51,0,2021-03-31 17:45:21,2022-06-10 15:37:51
2524,728,54,0,2021-03-31 17:45:21,2022-06-10 15:37:51
2525,728,56,0,2021-03-31 17:45:21,2022-06-10 15:37:51
2526,728,57,0,2021-03-31 17:45:21,2022-06-10 15:37:51
2527,728,58,0,2021-03-31 17:45:21,2022-06-10 15:37:51
2528,729,49,0,2021-03-31 17:45:21,2021-06-22 10:52:50
2529,729,50,0,2021-03-31 17:45:21,2021-06-22 10:52:50
2530,729,51,0,2021-03-31 17:45:21,2021-06-22 10:52:50
2531,730,111,0,2021-03-31 17:45:21,2021-06-22 10:52:50
2532,730,113,0,2021-03-31 17:45:21,2021-06-22 10:52:50
2533,730,117,0,2021-03-31 17:45:21,2021-06-22 10:52:50
2534,730,120,0,2021-03-31 17:45:21,2021-06-22 10:52:50
2535,731,103,0,2021-03-31 17:45:21,2021-06-22 10:52:50
2536,732,74,0,2021-03-31 17:45:21,2022-06-10 15:37:51
2537,732,76,0,2021-03-31 17:45:21,2022-06-10 15:37:51
2538,732,85,0,2021-03-31 17:45:21,2022-06-10 15:37:51
2539,732,89,0,2021-03-31 17:45:21,2022-06-10 15:37:51
2540,732,111,0,2021-03-31 17:45:21,2022-06-10 15:37:51
2541,732,117,0,2021-03-31 17:45:21,2022-06-10 15:37:51
2542,733,74,0,2021-03-31 17:45:21,2021-06-22 10:52:50
2543,733,81,0,2021-03-31 17:45:21,2021-06-22 10:52:50
2544,733,103,0,2021-03-31 17:45:21,2021-06-22 10:52:50
2545,734,59,0,2021-03-31 17:45:21,2022-06-10 15:37:51
2546,734,60,0,2021-03-31 17:45:21,2022-06-10 15:37:51
2547,734,74,0,2021-03-31 17:45:21,2022-06-10 15:37:51
2548,734,76,0,2021-03-31 17:45:21,2022-06-10 15:37:51
2549,734,84,0,2021-03-31 17:45:21,2022-06-10 15:37:51
2550,734,85,0,2021-03-31 17:45:21,2022-06-10 15:37:51
2551,734,86,0,2021-03-31 17:45:21,2022-06-10 15:37:51
2552,734,133,0,2021-03-31 17:45:21,2022-06-10 15:37:51
2553,735,103,0,2021-03-31 17:45:21,2021-06-22 10:52:50
2554,735,111,0,2021-03-31 17:45:21,2021-06-22 10:52:50
2555,736,,0,2021-03-31 17:45:21,2021-06-22 10:52:50
2556,737,93,0,2021-03-31 17:45:21,2021-06-22 10:52:50
2557,737,138,0,2021-03-31 17:45:21,2021-06-22 10:52:50
2558,738,85,0,2021-03-31 17:45:22,2022-06-10 15:37:51
2559,738,88,0,2021-03-31 17:45:22,2022-06-10 15:37:51
2560,738,93,0,2021-03-31 17:45:22,2022-06-10 15:37:51
2561,738,102,0,2021-03-31 17:45:22,2022-06-10 15:37:51
2562,739,59,0,2021-03-31 17:45:22,2022-06-10 15:37:51
2563,739,127,0,2021-03-31 17:45:22,2022-06-10 15:37:51
2564,740,59,0,2021-03-31 17:45:22,2022-06-10 15:37:51
2565,740,62,0,2021-03-31 17:45:22,2022-06-10 15:37:51
2566,740,85,0,2021-03-31 17:45:22,2022-06-10 15:37:51
2567,740,127,0,2021-03-31 17:45:22,2022-06-10 15:37:51
2568,740,134,0,2021-03-31 17:45:22,2022-06-10 15:37:51
2569,741,15,0,2021-03-31 17:45:22,2022-06-10 15:37:51
2570,741,19,0,2021-03-31 17:45:22,2022-06-10 15:37:51
2571,741,20,0,2021-03-31 17:45:22,2022-06-10 15:37:51
2572,741,32,0,2021-03-31 17:45:22,2022-06-10 15:37:51
2573,741,35,0,2021-03-31 17:45:22,2022-06-10 15:37:51
2574,742,93,0,2021-03-31 17:45:22,2022-06-10 15:37:51
2575,742,97,0,2021-03-31 17:45:22,2022-06-10 15:37:51
2576,742,111,0,2021-03-31 17:45:22,2022-06-10 15:37:51
2577,742,117,0,2021-03-31 17:45:22,2022-06-10 15:37:51
2578,743,93,0,2021-03-31 17:45:22,2022-06-10 15:37:51
2579,744,111,0,2021-03-31 17:45:22,2022-06-10 15:37:51
2580,744,117,0,2021-03-31 17:45:22,2022-06-10 15:37:51
2581,745,85,0,2021-03-31 17:45:22,2022-06-10 15:37:51
2582,745,93,0,2021-03-31 17:45:22,2022-06-10 15:37:51
2583,745,97,0,2021-03-31 17:45:22,2022-06-10 15:37:51
2584,745,111,0,2021-03-31 17:45:22,2022-06-10 15:37:51
2585,745,118,0,2021-03-31 17:45:22,2022-06-10 15:37:51
2586,746,93,0,2021-03-31 17:45:22,2022-06-10 15:37:51
2587,746,97,0,2021-03-31 17:45:22,2022-06-10 15:37:51
2588,746,111,0,2021-03-31 17:45:22,2022-06-10 15:37:51
2589,746,118,0,2021-03-31 17:45:22,2022-06-10 15:37:51
2590,747,74,0,2021-03-31 17:45:22,2022-06-10 15:37:51
2591,747,75,0,2021-03-31 17:45:22,2022-06-10 15:37:51
2592,748,85,0,2021-03-31 17:45:22,2022-06-10 15:37:51
2593,748,135,0,2021-03-31 17:45:22,2022-06-10 15:37:51
2594,748,136,0,2021-03-31 17:45:22,2022-06-10 15:37:51
2595,748,137,0,2021-03-31 17:45:22,2022-06-10 15:37:51
2596,748,142,0,2021-03-31 17:45:22,2022-06-10 15:37:51
2597,749,49,0,2021-03-31 17:45:22,2022-06-10 15:37:51
2598,749,54,0,2021-03-31 17:45:22,2022-06-10 15:37:51
2599,750,103,0,2021-03-31 17:45:22,2022-06-10 15:37:51
2600,750,140,0,2021-03-31 17:45:22,2022-06-10 15:37:51
2601,751,85,0,2021-03-31 17:45:22,2022-06-10 15:37:51
2602,751,89,0,2021-03-31 17:45:22,2022-06-10 15:37:51
2603,752,15,0,2021-03-31 17:45:22,2022-06-10 15:37:51
2604,752,16,0,2021-03-31 17:45:22,2022-06-10 15:37:51
2605,752,17,0,2021-03-31 17:45:22,2022-06-10 15:37:51
2606,752,49,0,2021-03-31 17:45:22,2022-06-10 15:37:51
2607,752,50,0,2021-03-31 17:45:22,2022-06-10 15:37:51
2608,753,103,0,2021-03-31 17:45:22,2021-06-22 10:52:50
2609,753,108,0,2021-03-31 17:45:22,2021-06-22 10:52:50
2610,754,74,0,2021-03-31 17:45:22,2021-06-22 10:52:50
2611,754,76,0,2021-03-31 17:45:22,2021-06-22 10:52:50
2612,754,93,0,2021-03-31 17:45:22,2021-06-22 10:52:50
2613,754,101,0,2021-03-31 17:45:22,2021-06-22 10:52:50
2614,755,93,0,2021-03-31 17:45:22,2022-06-10 15:37:51
2615,755,97,0,2021-03-31 17:45:22,2022-06-10 15:37:51
2616,755,111,0,2021-03-31 17:45:22,2022-06-10 15:37:51
2617,755,118,0,2021-03-31 17:45:22,2022-06-10 15:37:51
2618,756,103,0,2021-03-31 17:45:22,2021-04-22 09:11:19
2619,757,103,0,2021-03-31 17:45:22,2022-06-10 15:37:51
2620,758,93,0,2021-03-31 17:45:22,2022-06-10 15:37:51
2621,758,99,0,2021-03-31 17:45:22,2022-06-10 15:37:51
2622,759,93,0,2021-03-31 17:45:22,2022-06-10 15:37:51
2623,760,67,0,2021-03-31 17:45:22,2021-06-22 10:52:50
2624,760,71,0,2021-03-31 17:45:22,2021-06-22 10:52:50
2625,760,111,0,2021-03-31 17:45:22,2021-06-22 10:52:50
2626,760,117,0,2021-03-31 17:45:22,2021-06-22 10:52:50
2627,761,93,0,2021-03-31 17:45:22,2022-06-10 15:37:51
2628,761,101,0,2021-03-31 17:45:22,2022-06-10 15:37:51
2629,761,103,0,2021-03-31 17:45:22,2022-06-10 15:37:51
2630,761,141,0,2021-03-31 17:45:22,2022-06-10 15:37:51
2631,762,49,0,2021-03-31 17:45:22,2022-06-10 15:37:51
2632,762,50,0,2021-03-31 17:45:22,2022-06-10 15:37:51
2633,762,53,0,2021-03-31 17:45:22,2022-06-10 15:37:51
2634,762,54,0,2021-03-31 17:45:22,2022-06-10 15:37:51
2635,762,55,0,2021-03-31 17:45:22,2022-06-10 15:37:51
2636,762,58,0,2021-03-31 17:45:22,2022-06-10 15:37:51
2637,763,4,0,2021-03-31 17:45:22,2022-06-10 15:37:51
2638,763,9,0,2021-03-31 17:45:22,2022-06-10 15:37:51
2639,764,111,0,2021-03-31 17:45:22,2022-06-10 15:37:51
2640,764,113,0,2021-03-31 17:45:22,2022-06-10 15:37:51
2641,764,114,0,2021-03-31 17:45:22,2022-06-10 15:37:51
2642,764,115,0,2021-03-31 17:45:22,2022-06-10 15:37:51
2643,765,49,0,2021-03-31 17:45:22,2021-06-22 10:52:50
2644,765,50,0,2021-03-31 17:45:22,2021-06-22 10:52:50
2645,765,52,0,2021-03-31 17:45:22,2021-06-22 10:52:50
2646,765,55,0,2021-03-31 17:45:22,2021-06-22 10:52:50
2647,766,74,0,2021-03-31 17:45:22,2022-06-10 15:37:51
2648,766,81,0,2021-03-31 17:45:22,2022-06-10 15:37:51
2649,766,111,0,2021-03-31 17:45:22,2022-06-10 15:37:51
2650,766,112,0,2021-03-31 17:45:22,2022-06-10 15:37:51
2651,766,113,0,2021-03-31 17:45:22,2022-06-10 15:37:51
2652,766,114,0,2021-03-31 17:45:22,2022-06-10 15:37:51
2653,766,116,0,2021-03-31 17:45:22,2022-06-10 15:37:51
2654,766,129,0,2021-03-31 17:45:22,2022-06-10 15:37:51
2655,767,49,0,2021-03-31 17:45:22,2021-06-22 10:52:50
2656,767,54,0,2021-03-31 17:45:22,2021-06-22 10:52:50
2657,767,85,0,2021-03-31 17:45:22,2021-06-22 10:52:50
2658,767,91,0,2021-03-31 17:45:22,2021-06-22 10:52:50
2659,768,85,0,2021-03-31 17:45:22,2022-06-10 15:37:51
2660,768,90,0,2021-03-31 17:45:22,2022-06-10 15:37:51
2661,768,103,0,2021-03-31 17:45:22,2022-06-10 15:37:51
2662,768,140,0,2021-03-31 17:45:22,2022-06-10 15:37:51
2663,769,93,0,2021-03-31 17:45:22,2022-06-10 15:37:51
2664,769,103,0,2021-03-31 17:45:22,2022-06-10 15:37:51
2665,769,108,0,2021-03-31 17:45:22,2022-06-10 15:37:51
2666,769,138,0,2021-03-31 17:45:22,2022-06-10 15:37:51
2667,770,15,0,2021-03-31 17:45:22,2022-06-10 15:37:51
2668,770,16,0,2021-03-31 17:45:22,2022-06-10 15:37:51
2669,770,22,0,2021-03-31 17:45:22,2022-06-10 15:37:51
2670,771,103,0,2021-03-31 17:45:22,2021-05-20 10:30:26
2671,771,141,0,2021-03-31 17:45:22,2021-05-20 10:30:26
2672,772,4,0,2021-03-31 17:45:22,2022-06-10 15:37:51
2673,772,9,0,2021-03-31 17:45:22,2022-06-10 15:37:51
2674,773,4,0,2021-03-31 17:45:22,2021-06-22 10:52:50
2675,773,9,0,2021-03-31 17:45:22,2021-06-22 10:52:50
2676,774,93,0,2021-03-31 17:45:22,2022-06-10 15:37:51
2677,774,97,0,2021-03-31 17:45:22,2022-06-10 15:37:51
2678,774,111,0,2021-03-31 17:45:22,2022-06-10 15:37:51
2679,774,113,0,2021-03-31 17:45:22,2022-06-10 15:37:51
2680,774,114,0,2021-03-31 17:45:22,2022-06-10 15:37:51
2681,774,117,0,2021-03-31 17:45:22,2022-06-10 15:37:51
2682,774,118,0,2021-03-31 17:45:22,2022-06-10 15:37:51
2683,775,15,0,2021-03-31 17:45:22,2022-06-10 15:37:51
2684,775,17,0,2021-03-31 17:45:22,2022-06-10 15:37:51
2685,775,21,0,2021-03-31 17:45:22,2022-06-10 15:37:51
2686,775,67,0,2021-03-31 17:45:22,2022-06-10 15:37:51
2687,775,71,0,2021-03-31 17:45:22,2022-06-10 15:37:51
2688,776,93,0,2021-03-31 17:45:22,2022-06-10 15:37:51
2689,776,94,0,2021-03-31 17:45:22,2022-06-10 15:37:51
2690,777,93,0,2021-03-31 17:45:22,2021-06-22 10:52:50
2691,777,97,0,2021-03-31 17:45:22,2021-06-22 10:52:50
2692,777,111,0,2021-03-31 17:45:22,2021-06-22 10:52:50
2693,777,118,0,2021-03-31 17:45:22,2021-06-22 10:52:50
2694,778,85,0,2021-03-31 17:45:22,2022-06-10 15:37:51
2695,778,111,0,2021-03-31 17:45:22,2022-06-10 15:37:51
2696,778,118,0,2021-03-31 17:45:22,2022-06-10 15:37:51
2697,778,136,0,2021-03-31 17:45:22,2022-06-10 15:37:51
2698,779,93,0,2021-03-31 17:45:22,2022-06-10 15:37:51
2699,779,103,0,2021-03-31 17:45:22,2022-06-10 15:37:51
2700,779,138,0,2021-03-31 17:45:22,2022-06-10 15:37:51
2701,779,141,0,2021-03-31 17:45:22,2022-06-10 15:37:51
2702,780,,0,2021-03-31 17:45:22,2021-06-22 10:52:50
2703,781,49,0,2021-03-31 17:45:22,2022-06-10 15:37:51
2704,781,50,0,2021-03-31 17:45:22,2022-06-10 15:37:51
2705,781,54,0,2021-03-31 17:45:22,2022-06-10 15:37:51
2706,782,111,0,2021-03-31 17:45:22,2022-06-10 15:37:51
2707,782,118,0,2021-03-31 17:45:22,2022-06-10 15:37:51
2708,783,15,0,2021-03-31 17:45:22,2021-06-22 10:52:50
2709,783,21,0,2021-03-31 17:45:22,2021-06-22 10:52:50
2710,783,32,0,2021-03-31 17:45:22,2021-06-22 10:52:50
2711,783,38,0,2021-03-31 17:45:22,2021-06-22 10:52:50
2712,783,85,0,2021-03-31 17:45:22,2021-06-22 10:52:50
2713,783,90,0,2021-03-31 17:45:22,2021-06-22 10:52:50
2714,784,111,0,2021-03-31 17:45:22,2021-06-22 10:52:50
2715,784,118,0,2021-03-31 17:45:22,2021-06-22 10:52:50
2716,785,93,0,2021-03-31 17:45:22,2021-06-22 10:52:50
2717,786,112,0,2021-03-31 17:45:22,2022-06-10 15:37:51
2718,786,113,0,2021-03-31 17:45:22,2022-06-10 15:37:51
2719,786,114,0,2021-03-31 17:45:22,2022-06-10 15:37:51
2720,786,117,0,2021-03-31 17:45:22,2022-06-10 15:37:51
2721,787,93,0,2021-03-31 17:45:22,2021-06-22 10:52:50
2722,788,93,0,2021-03-31 17:45:22,2021-06-01 10:11:22
2723,789,59,0,2021-03-31 17:45:22,2021-06-22 10:52:50
2724,789,62,0,2021-03-31 17:45:22,2021-06-22 10:52:50
2725,789,93,0,2021-03-31 17:45:22,2021-06-22 10:52:50
2726,789,101,0,2021-03-31 17:45:22,2021-06-22 10:52:50
2727,790,40,0,2021-03-31 17:45:22,2022-06-10 15:37:51
2728,790,43,0,2021-03-31 17:45:22,2022-06-10 15:37:51
2729,791,15,0,2021-03-31 17:45:22,2022-06-10 15:37:51
2730,791,16,0,2021-03-31 17:45:22,2022-06-10 15:37:51
2731,791,17,0,2021-03-31 17:45:22,2022-06-10 15:37:51
2732,791,18,0,2021-03-31 17:45:22,2022-06-10 15:37:51
2733,791,19,0,2021-03-31 17:45:22,2022-06-10 15:37:51
2734,791,21,0,2021-03-31 17:45:22,2022-06-10 15:37:51
2735,791,23,0,2021-03-31 17:45:22,2022-06-10 15:37:51
2736,792,49,0,2021-03-31 17:45:22,2021-06-22 10:52:50
2737,792,51,0,2021-03-31 17:45:22,2021-06-22 10:52:50
2738,792,67,0,2021-03-31 17:45:22,2021-06-22 10:52:50
2739,792,71,0,2021-03-31 17:45:22,2021-06-22 10:52:50
2740,793,103,0,2021-03-31 17:45:22,2021-06-22 10:52:50
2741,793,141,0,2021-03-31 17:45:22,2021-06-22 10:52:50
2742,794,111,0,2021-03-31 17:45:22,2021-04-12 16:18:11
2743,794,113,0,2021-03-31 17:45:22,2021-04-12 16:18:11
2744,794,85,0,2021-03-31 17:45:22,2021-04-12 16:18:11
2745,794,86,0,2021-03-31 17:45:22,2021-04-12 16:18:11
2746,795,,0,2021-03-31 17:45:22,2021-06-22 10:52:50
2747,796,,0,2021-03-31 17:45:22,2021-06-22 10:52:50
2748,797,,0,2021-03-31 17:45:22,2021-06-22 10:52:50
2749,798,49,0,2021-03-31 17:45:22,2021-06-22 10:52:50
2750,798,55,0,2021-03-31 17:45:22,2021-06-22 10:52:50
2751,799,,0,2021-03-31 17:45:22,2021-06-22 10:52:50
2752,800,74,0,2021-03-31 17:45:22,2022-06-10 15:37:51
2753,800,81,0,2021-03-31 17:45:22,2022-06-10 15:37:51
2754,800,85,0,2021-03-31 17:45:22,2022-06-10 15:37:51
2755,800,111,0,2021-03-31 17:45:22,2022-06-10 15:37:51
2756,800,113,0,2021-03-31 17:45:22,2022-06-10 15:37:51
2757,800,114,0,2021-03-31 17:45:22,2022-06-10 15:37:51
2758,800,116,0,2021-03-31 17:45:22,2022-06-10 15:37:51
2759,800,137,0,2021-03-31 17:45:22,2022-06-10 15:37:51
2760,801,85,0,2021-03-31 17:45:22,2022-06-10 15:37:51
2761,801,103,0,2021-03-31 17:45:22,2022-06-10 15:37:51
2762,801,135,0,2021-03-31 17:45:22,2022-06-10 15:37:51
2763,801,139,0,2021-03-31 17:45:22,2022-06-10 15:37:51
2764,802,15,0,2021-03-31 17:45:22,2022-06-10 15:37:51
2765,802,17,0,2021-03-31 17:45:22,2022-06-10 15:37:51
2766,802,32,0,2021-03-31 17:45:22,2022-06-10 15:37:51
2767,802,38,0,2021-03-31 17:45:22,2022-06-10 15:37:51
2768,803,1,0,2021-03-31 17:45:22,2022-06-10 15:37:51
2769,803,2,0,2021-03-31 17:45:22,2022-06-10 15:37:51
2770,803,49,0,2021-03-31 17:45:22,2022-06-10 15:37:51
2771,803,51,0,2021-03-31 17:45:22,2022-06-10 15:37:51
2772,803,54,0,2021-03-31 17:45:22,2022-06-10 15:37:51
2773,803,55,0,2021-03-31 17:45:22,2022-06-10 15:37:51
2774,803,56,0,2021-03-31 17:45:22,2022-06-10 15:37:51
2775,803,57,0,2021-03-31 17:45:22,2022-06-10 15:37:51
2776,803,58,0,2021-03-31 17:45:22,2022-06-10 15:37:51
2777,804,85,0,2021-03-31 17:45:22,2022-06-10 15:37:51
2778,804,93,0,2021-03-31 17:45:22,2022-06-10 15:37:51
2779,804,95,0,2021-03-31 17:45:22,2022-06-10 15:37:51
2780,804,103,0,2021-03-31 17:45:22,2022-06-10 15:37:51
2781,804,105,0,2021-03-31 17:45:22,2022-06-10 15:37:51
2782,804,108,0,2021-03-31 17:45:22,2022-06-10 15:37:51
2783,804,109,0,2021-03-31 17:45:22,2022-06-10 15:37:51
2784,804,135,0,2021-03-31 17:45:22,2022-06-10 15:37:51
2785,804,137,0,2021-03-31 17:45:22,2022-06-10 15:37:51
2786,805,15,0,2021-03-31 17:45:22,2021-06-22 10:52:50
2787,805,19,0,2021-03-31 17:45:22,2021-06-22 10:52:50
2788,805,24,0,2021-03-31 17:45:22,2021-06-22 10:52:50
2789,806,59,0,2021-03-31 17:45:22,2021-06-22 10:52:50
2790,806,93,0,2021-03-31 17:45:22,2021-06-22 10:52:50
2791,806,101,0,2021-03-31 17:45:22,2021-06-22 10:52:50
2792,807,93,0,2021-03-31 17:45:22,2022-06-10 15:37:51
2793,807,138,0,2021-03-31 17:45:22,2022-06-10 15:37:51
2794,808,93,0,2021-03-31 17:45:22,2022-06-10 15:37:51
2795,808,94,0,2021-03-31 17:45:22,2022-06-10 15:37:51
2796,809,103,0,2021-03-31 17:45:22,2021-06-22 10:52:50
2797,809,105,0,2021-03-31 17:45:22,2021-06-22 10:52:50
2798,810,103,0,2021-03-31 17:45:22,2022-06-10 15:37:51
2799,810,104,0,2021-03-31 17:45:22,2022-06-10 15:37:51
2800,810,105,0,2021-03-31 17:45:22,2022-06-10 15:37:51
2801,810,110,0,2021-03-31 17:45:22,2022-06-10 15:37:51
2802,811,93,0,2021-03-31 17:45:22,2021-06-22 10:52:50
2803,812,103,0,2021-03-31 17:45:22,2022-06-10 15:37:51
2804,812,111,0,2021-03-31 17:45:22,2022-06-10 15:37:51
2805,812,117,0,2021-03-31 17:45:22,2022-06-10 15:37:51
2806,813,59,0,2021-03-31 17:45:22,2022-06-10 15:37:51
2807,813,93,0,2021-03-31 17:45:22,2022-06-10 15:37:51
2808,813,101,0,2021-03-31 17:45:22,2022-06-10 15:37:51
2809,813,127,0,2021-03-31 17:45:22,2022-06-10 15:37:51
2810,813,128,0,2021-03-31 17:45:22,2022-06-10 15:37:51
2811,814,103,0,2021-03-31 17:45:22,2022-06-10 15:37:51
2812,814,140,0,2021-03-31 17:45:22,2022-06-10 15:37:51
2813,815,49,0,2021-03-31 17:45:22,2022-06-10 15:37:51
2814,815,54,0,2021-03-31 17:45:22,2022-06-10 15:37:51
2815,815,85,0,2021-03-31 17:45:22,2022-06-10 15:37:51
2816,815,86,0,2021-03-31 17:45:22,2022-06-10 15:37:51
2817,815,90,0,2021-03-31 17:45:22,2022-06-10 15:37:51
2818,815,91,0,2021-03-31 17:45:22,2022-06-10 15:37:51
2819,815,142,0,2021-03-31 17:45:22,2022-06-10 15:37:51
2820,816,35,0,2021-03-31 17:45:22,2022-06-10 15:37:51
2821,816,38,0,2021-03-31 17:45:22,2022-06-10 15:37:51
2822,816,49,0,2021-03-31 17:45:22,2022-06-10 15:37:51
2823,816,51,0,2021-03-31 17:45:22,2022-06-10 15:37:51
2824,816,54,0,2021-03-31 17:45:22,2022-06-10 15:37:51
2825,816,85,0,2021-03-31 17:45:22,2022-06-10 15:37:51
2826,816,89,0,2021-03-31 17:45:22,2022-06-10 15:37:51
2827,816,93,0,2021-03-31 17:45:22,2022-06-10 15:37:51
2828,816,94,0,2021-03-31 17:45:22,2022-06-10 15:37:51
2829,816,95,0,2021-03-31 17:45:22,2022-06-10 15:37:51
2830,816,100,0,2021-03-31 17:45:22,2022-06-10 15:37:51
2831,816,111,0,2021-03-31 17:45:22,2022-06-10 15:37:51
2832,816,112,0,2021-03-31 17:45:22,2022-06-10 15:37:51
2833,816,113,0,2021-03-31 17:45:22,2022-06-10 15:37:51
2834,816,114,0,2021-03-31 17:45:22,2022-06-10 15:37:51
2835,816,115,0,2021-03-31 17:45:22,2022-06-10 15:37:51
2836,816,116,0,2021-03-31 17:45:22,2022-06-10 15:37:51
2837,816,117,0,2021-03-31 17:45:22,2022-06-10 15:37:51
2838,816,118,0,2021-03-31 17:45:22,2022-06-10 15:37:51
2839,817,111,0,2021-03-31 17:45:22,2022-06-10 15:37:51
2840,817,113,0,2021-03-31 17:45:22,2022-06-10 15:37:51
2841,817,114,0,2021-03-31 17:45:22,2022-06-10 15:37:51
2842,817,115,0,2021-03-31 17:45:22,2022-06-10 15:37:51
2843,817,116,0,2021-03-31 17:45:22,2022-06-10 15:37:51
2844,818,103,0,2021-03-31 17:45:22,2022-06-10 15:37:51
2845,818,104,0,2021-03-31 17:45:22,2022-06-10 15:37:51
2846,818,105,0,2021-03-31 17:45:22,2022-06-10 15:37:51
2847,818,108,0,2021-03-31 17:45:22,2022-06-10 15:37:51
2848,818,109,0,2021-03-31 17:45:22,2022-06-10 15:37:51
2849,818,139,0,2021-03-31 17:45:22,2022-06-10 15:37:51
2850,819,85,0,2021-03-31 17:45:22,2021-06-22 10:52:50
2851,819,89,0,2021-03-31 17:45:22,2021-06-22 10:52:50
2852,819,93,0,2021-03-31 17:45:22,2021-06-22 10:52:50
2853,819,95,0,2021-03-31 17:45:22,2021-06-22 10:52:50
2854,819,111,0,2021-03-31 17:45:22,2021-06-22 10:52:50
2855,819,113,0,2021-03-31 17:45:22,2021-06-22 10:52:50
2856,820,32,0,2021-03-31 17:45:22,2022-06-10 15:37:51
2857,820,33,0,2021-03-31 17:45:22,2022-06-10 15:37:51
2858,820,34,0,2021-03-31 17:45:22,2022-06-10 15:37:51
2859,820,67,0,2021-03-31 17:45:22,2022-06-10 15:37:51
2860,820,71,0,2021-03-31 17:45:22,2022-06-10 15:37:51
2861,821,74,0,2021-03-31 17:45:22,2022-06-10 15:37:51
2862,821,129,0,2021-03-31 17:45:22,2022-06-10 15:37:51
2863,822,103,0,2021-03-31 17:45:22,2022-06-10 15:37:51
2864,822,141,0,2021-03-31 17:45:22,2022-06-10 15:37:51
2865,823,103,0,2021-03-31 17:45:22,2022-06-10 15:37:51
2866,823,108,0,2021-03-31 17:45:22,2022-06-10 15:37:51
2867,823,109,0,2021-03-31 17:45:22,2022-06-10 15:37:51
2868,824,93,0,2021-03-31 17:45:22,2021-06-22 10:52:50
2869,824,94,0,2021-03-31 17:45:22,2021-06-22 10:52:50
2870,825,4,0,2021-03-31 17:45:22,2021-06-22 10:52:50
2871,825,13,0,2021-03-31 17:45:22,2021-06-22 10:52:50
2872,826,74,0,2021-03-31 17:45:22,2022-06-10 15:37:51
2873,826,80,0,2021-03-31 17:45:22,2022-06-10 15:37:51
2874,827,111,0,2021-03-31 17:45:22,2022-06-10 15:37:51
2875,827,114,0,2021-03-31 17:45:22,2022-06-10 15:37:51
2876,828,74,0,2021-03-31 17:45:22,2021-06-22 10:52:50
2877,828,84,0,2021-03-31 17:45:22,2021-06-22 10:52:50
2878,828,85,0,2021-03-31 17:45:22,2021-06-22 10:52:50
2879,828,89,0,2021-03-31 17:45:22,2021-06-22 10:52:50
2880,828,90,0,2021-03-31 17:45:22,2021-06-22 10:52:50
2881,828,111,0,2021-03-31 17:45:22,2021-06-22 10:52:50
2882,828,115,0,2021-03-31 17:45:22,2021-06-22 10:52:50
2883,829,59,0,2021-03-31 17:45:22,2021-06-22 10:52:50
2884,829,60,0,2021-03-31 17:45:22,2021-06-22 10:52:50
2885,829,74,0,2021-03-31 17:45:22,2021-06-22 10:52:50
2886,829,81,0,2021-03-31 17:45:22,2021-06-22 10:52:50
2887,829,103,0,2021-03-31 17:45:22,2021-06-22 10:52:50
2888,829,128,0,2021-03-31 17:45:22,2021-06-22 10:52:50
2889,829,141,0,2021-03-31 17:45:22,2021-06-22 10:52:50
2890,830,111,0,2021-03-31 17:45:22,2022-06-10 15:37:51
2891,830,117,0,2021-03-31 17:45:22,2022-06-10 15:37:51
2892,831,59,0,2021-03-31 17:45:22,2022-06-10 15:37:51
2893,831,93,0,2021-03-31 17:45:22,2022-06-10 15:37:51
2894,831,101,0,2021-03-31 17:45:22,2022-06-10 15:37:51
2895,831,128,0,2021-03-31 17:45:22,2022-06-10 15:37:51
2896,832,59,0,2021-03-31 17:45:22,2022-06-10 15:37:51
2897,832,61,0,2021-03-31 17:45:22,2022-06-10 15:37:51
2898,832,67,0,2021-03-31 17:45:22,2022-06-10 15:37:51
2899,832,71,0,2021-03-31 17:45:22,2022-06-10 15:37:51
2900,832,93,0,2021-03-31 17:45:22,2022-06-10 15:37:51
2901,832,101,0,2021-03-31 17:45:22,2022-06-10 15:37:51
2902,832,102,0,2021-03-31 17:45:22,2022-06-10 15:37:51
2903,833,59,0,2021-03-31 17:45:22,2022-06-10 15:37:51
2904,833,74,0,2021-03-31 17:45:22,2022-06-10 15:37:51
2905,833,81,0,2021-03-31 17:45:22,2022-06-10 15:37:51
2906,833,103,0,2021-03-31 17:45:22,2022-06-10 15:37:51
2907,833,128,0,2021-03-31 17:45:22,2022-06-10 15:37:51
2908,833,141,0,2021-03-31 17:45:22,2022-06-10 15:37:51
2909,834,49,0,2021-03-31 17:45:22,2022-06-10 15:37:51
2910,834,54,0,2021-03-31 17:45:22,2022-06-10 15:37:51
2911,834,103,0,2021-03-31 17:45:22,2022-06-10 15:37:51
2912,834,108,0,2021-03-31 17:45:22,2022-06-10 15:37:51
2913,834,109,0,2021-03-31 17:45:22,2022-06-10 15:37:51
2914,834,111,0,2021-03-31 17:45:22,2022-06-10 15:37:51
2915,834,112,0,2021-03-31 17:45:22,2022-06-10 15:37:51
2916,834,113,0,2021-03-31 17:45:22,2022-06-10 15:37:51
2917,834,114,0,2021-03-31 17:45:22,2022-06-10 15:37:51
2918,834,115,0,2021-03-31 17:45:22,2022-06-10 15:37:51
2919,834,117,0,2021-03-31 17:45:22,2022-06-10 15:37:51
2920,834,118,0,2021-03-31 17:45:22,2022-06-10 15:37:51
2921,834,139,0,2021-03-31 17:45:22,2022-06-10 15:37:51
2922,835,74,0,2021-03-31 17:45:22,2022-06-10 15:37:51
2923,835,84,0,2021-03-31 17:45:22,2022-06-10 15:37:51
2924,835,93,0,2021-03-31 17:45:22,2022-06-10 15:37:51
2925,835,95,0,2021-03-31 17:45:22,2022-06-10 15:37:51
2926,835,111,0,2021-03-31 17:45:22,2022-06-10 15:37:51
2927,835,115,0,2021-03-31 17:45:22,2022-06-10 15:37:51
2928,835,131,0,2021-03-31 17:45:22,2022-06-10 15:37:51
2929,836,74,0,2021-03-31 17:45:22,2021-06-22 10:52:50
2930,836,83,0,2021-03-31 17:45:22,2021-06-22 10:52:50
2931,836,93,0,2021-03-31 17:45:22,2021-06-22 10:52:50
2932,836,95,0,2021-03-31 17:45:22,2021-06-22 10:52:50
2933,836,99,0,2021-03-31 17:45:22,2021-06-22 10:52:50
2934,837,25,0,2021-03-31 17:45:22,2022-06-10 15:37:51
2935,837,124,0,2021-03-31 17:45:22,2022-06-10 15:37:51
2936,838,85,0,2021-03-31 17:45:22,2022-06-10 15:37:51
2937,838,89,0,2021-03-31 17:45:22,2022-06-10 15:37:51
2938,839,111,0,2021-03-31 17:45:22,2022-06-10 15:37:51
2939,839,112,0,2021-03-31 17:45:22,2022-06-10 15:37:51
2940,839,113,0,2021-03-31 17:45:22,2022-06-10 15:37:51
2941,839,117,0,2021-03-31 17:45:22,2022-06-10 15:37:51
2942,840,49,0,2021-03-31 17:45:22,2021-06-22 10:52:50
2943,840,51,0,2021-03-31 17:45:22,2021-06-22 10:52:50
2944,840,54,0,2021-03-31 17:45:22,2021-06-22 10:52:50
2945,840,55,0,2021-03-31 17:45:22,2021-06-22 10:52:50
2946,840,58,0,2021-03-31 17:45:22,2021-06-22 10:52:50
2947,840,93,0,2021-03-31 17:45:22,2021-06-22 10:52:50
2948,840,97,0,2021-03-31 17:45:22,2021-06-22 10:52:50
2949,840,111,0,2021-03-31 17:45:22,2021-06-22 10:52:50
2950,840,113,0,2021-03-31 17:45:22,2021-06-22 10:52:50
2951,840,114,0,2021-03-31 17:45:22,2021-06-22 10:52:50
2952,841,,0,2021-03-31 17:45:22,2021-04-02 17:05:20
2953,842,74,0,2021-03-31 17:45:22,2022-06-10 15:37:51
2954,843,111,0,2021-03-31 17:45:22,2022-06-10 15:37:51
2955,843,113,0,2021-03-31 17:45:22,2022-06-10 15:37:51
2956,843,114,0,2021-03-31 17:45:22,2022-06-10 15:37:51
2957,843,115,0,2021-03-31 17:45:22,2022-06-10 15:37:51
2958,844,,0,2021-03-31 17:45:22,2021-04-26 15:40:32
2959,845,93,0,2021-03-31 17:45:22,2022-06-10 15:37:51
2960,846,59,0,2021-03-31 17:45:22,2021-06-22 10:52:50
2961,846,74,0,2021-03-31 17:45:22,2021-06-22 10:52:50
2962,846,81,0,2021-03-31 17:45:22,2021-06-22 10:52:50
2963,846,103,0,2021-03-31 17:45:22,2021-06-22 10:52:50
2964,846,107,0,2021-03-31 17:45:22,2021-06-22 10:52:50
2965,846,111,0,2021-03-31 17:45:22,2021-06-22 10:52:50
2966,846,116,0,2021-03-31 17:45:22,2021-06-22 10:52:50
2967,847,49,0,2021-03-31 17:45:22,2021-06-22 10:52:50
2968,847,50,0,2021-03-31 17:45:22,2021-06-22 10:52:50
2969,847,59,0,2021-03-31 17:45:22,2021-06-22 10:52:50
2970,847,60,0,2021-03-31 17:45:22,2021-06-22 10:52:50
2971,847,85,0,2021-03-31 17:45:22,2021-06-22 10:52:50
2972,847,135,0,2021-03-31 17:45:22,2021-06-22 10:52:50
2973,848,111,0,2021-03-31 17:45:22,2022-06-10 15:37:51
2974,848,118,0,2021-03-31 17:45:22,2022-06-10 15:37:51
2975,849,49,0,2021-03-31 17:45:22,2021-06-22 10:52:50
2976,849,51,0,2021-03-31 17:45:22,2021-06-22 10:52:50
2977,850,93,0,2021-03-31 17:45:22,2021-06-01 10:11:22
2978,851,4,0,2021-03-31 17:45:22,2022-06-10 15:37:51
2979,851,8,0,2021-03-31 17:45:22,2022-06-10 15:37:51
2980,852,67,0,2021-03-31 17:45:22,2022-06-10 15:37:51
2981,852,69,0,2021-03-31 17:45:22,2022-06-10 15:37:51
2982,853,59,0,2021-03-31 17:45:22,2021-06-22 10:52:50
2983,853,60,0,2021-03-31 17:45:22,2021-06-22 10:52:50
2984,853,93,0,2021-03-31 17:45:22,2021-06-22 10:52:50
2985,853,101,0,2021-03-31 17:45:22,2021-06-22 10:52:50
2986,853,128,0,2021-03-31 17:45:22,2021-06-22 10:52:50
2987,854,111,0,2021-03-31 17:45:22,2022-06-10 15:37:51
2988,854,112,0,2021-03-31 17:45:22,2022-06-10 15:37:51
2989,854,113,0,2021-03-31 17:45:22,2022-06-10 15:37:51
2990,854,114,0,2021-03-31 17:45:22,2022-06-10 15:37:51
2991,854,115,0,2021-03-31 17:45:22,2022-06-10 15:37:51
2992,854,119,0,2021-03-31 17:45:22,2022-06-10 15:37:51
2993,854,121,0,2021-03-31 17:45:22,2022-06-10 15:37:51
2994,855,111,0,2021-03-31 17:45:22,2022-06-10 15:37:51
2995,855,113,0,2021-03-31 17:45:22,2022-06-10 15:37:51
2996,855,117,0,2021-03-31 17:45:22,2022-06-10 15:37:51
2997,856,49,0,2021-03-31 17:45:22,2022-06-10 15:37:51
2998,856,50,0,2021-03-31 17:45:22,2022-06-10 15:37:51
2999,856,55,0,2021-03-31 17:45:22,2022-06-10 15:37:51
3000,856,56,0,2021-03-31 17:45:22,2022-06-10 15:37:51
3001,856,58,0,2021-03-31 17:45:22,2022-06-10 15:37:51
3002,857,111,0,2021-03-31 17:45:22,2022-06-10 15:37:51
3003,857,112,0,2021-03-31 17:45:22,2022-06-10 15:37:51
3004,857,114,0,2021-03-31 17:45:22,2022-06-10 15:37:51
3005,857,117,0,2021-03-31 17:45:22,2022-06-10 15:37:51
3006,858,85,0,2021-03-31 17:45:22,2022-06-10 15:37:51
3007,858,93,0,2021-03-31 17:45:22,2022-06-10 15:37:51
3008,858,97,0,2021-03-31 17:45:22,2022-06-10 15:37:51
3009,858,103,0,2021-03-31 17:45:22,2022-06-10 15:37:51
3010,858,106,0,2021-03-31 17:45:22,2022-06-10 15:37:51
3011,858,108,0,2021-03-31 17:45:22,2022-06-10 15:37:51
3012,858,109,0,2021-03-31 17:45:22,2022-06-10 15:37:51
3013,858,135,0,2021-03-31 17:45:22,2022-06-10 15:37:51
3014,859,111,0,2021-03-31 17:45:22,2022-06-10 15:37:51
3015,859,112,0,2021-03-31 17:45:22,2022-06-10 15:37:51
3016,859,113,0,2021-03-31 17:45:22,2022-06-10 15:37:51
3017,859,116,0,2021-03-31 17:45:22,2022-06-10 15:37:51
3018,859,117,0,2021-03-31 17:45:22,2022-06-10 15:37:51
3019,859,119,0,2021-03-31 17:45:22,2022-06-10 15:37:51
3020,859,121,0,2021-03-31 17:45:22,2022-06-10 15:37:51
3021,860,25,0,2021-03-31 17:45:22,2022-06-10 15:37:51
3022,860,124,0,2021-03-31 17:45:22,2022-06-10 15:37:51
3023,861,111,0,2021-03-31 17:45:22,2022-06-10 15:37:51
3024,861,112,0,2021-03-31 17:45:22,2022-06-10 15:37:51
3025,861,113,0,2021-03-31 17:45:22,2022-06-10 15:37:51
3026,861,114,0,2021-03-31 17:45:22,2022-06-10 15:37:51
3027,861,115,0,2021-03-31 17:45:22,2022-06-10 15:37:51
3028,862,49,0,2021-03-31 17:45:22,2022-06-10 15:37:51
3029,862,54,0,2021-03-31 17:45:22,2022-06-10 15:37:51
3030,862,57,0,2021-03-31 17:45:22,2022-06-10 15:37:51
3031,863,111,0,2021-03-31 17:45:22,2022-06-10 15:37:51
3032,863,112,0,2021-03-31 17:45:22,2022-06-10 15:37:51
3033,864,15,0,2021-03-31 17:45:22,2022-06-10 15:37:51
3034,864,21,0,2021-03-31 17:45:22,2022-06-10 15:37:51
3035,865,4,0,2021-03-31 17:45:22,2022-06-10 15:37:51
3036,865,6,0,2021-03-31 17:45:22,2022-06-10 15:37:51
3037,865,8,0,2021-03-31 17:45:22,2022-06-10 15:37:51
3038,865,11,0,2021-03-31 17:45:22,2022-06-10 15:37:51
3039,865,13,0,2021-03-31 17:45:22,2022-06-10 15:37:51
3040,866,1,0,2021-03-31 17:45:22,2021-06-22 10:52:50
3041,866,67,0,2021-03-31 17:45:22,2021-06-22 10:52:50
3042,866,68,0,2021-03-31 17:45:22,2021-06-22 10:52:50
3043,866,71,0,2021-03-31 17:45:22,2021-06-22 10:52:50
3044,867,40,0,2021-03-31 17:45:22,2022-06-10 15:37:51
3045,867,46,0,2021-03-31 17:45:22,2022-06-10 15:37:51
3046,867,74,0,2021-03-31 17:45:22,2022-06-10 15:37:51
3047,867,82,0,2021-03-31 17:45:22,2022-06-10 15:37:51
3048,868,59,0,2021-03-31 17:45:22,2022-06-10 15:37:51
3049,868,62,0,2021-03-31 17:45:22,2022-06-10 15:37:51
3050,868,85,0,2021-03-31 17:45:22,2022-06-10 15:37:51
3051,868,87,0,2021-03-31 17:45:22,2022-06-10 15:37:51
3052,869,1,0,2021-03-31 17:45:22,2021-06-22 10:52:50
3053,869,2,0,2021-03-31 17:45:22,2021-06-22 10:52:50
3054,870,93,0,2021-03-31 17:45:22,2022-06-10 15:37:51
3055,870,98,0,2021-03-31 17:45:22,2022-06-10 15:37:51
3056,871,74,0,2021-03-31 17:45:22,2022-06-10 15:37:51
3057,871,83,0,2021-03-31 17:45:22,2022-06-10 15:37:51
3058,872,49,0,2021-03-31 17:45:22,2022-06-10 15:37:51
3059,872,54,0,2021-03-31 17:45:22,2022-06-10 15:37:51
3060,872,74,0,2021-03-31 17:45:22,2022-06-10 15:37:51
3061,872,84,0,2021-03-31 17:45:22,2022-06-10 15:37:51
3062,872,85,0,2021-03-31 17:45:22,2022-06-10 15:37:51
3063,872,142,0,2021-03-31 17:45:22,2022-06-10 15:37:51
3064,873,85,0,2021-03-31 17:45:22,2021-06-22 10:52:50
3065,873,111,0,2021-03-31 17:45:22,2021-06-22 10:52:50
3066,873,114,0,2021-03-31 17:45:22,2021-06-22 10:52:50
3067,873,117,0,2021-03-31 17:45:22,2021-06-22 10:52:50
3068,873,118,0,2021-03-31 17:45:22,2021-06-22 10:52:50
3069,873,121,0,2021-03-31 17:45:22,2021-06-22 10:52:50
3070,873,137,0,2021-03-31 17:45:22,2021-06-22 10:52:50
3071,874,59,0,2021-03-31 17:45:22,2021-04-22 09:11:19
3072,874,62,0,2021-03-31 17:45:22,2021-04-22 09:11:19
3073,875,111,0,2021-03-31 17:45:22,2021-05-20 10:30:26
3074,875,113,0,2021-03-31 17:45:22,2021-05-20 10:30:26
3075,876,93,0,2021-03-31 17:45:22,2022-06-10 15:37:51
3076,876,138,0,2021-03-31 17:45:22,2022-06-10 15:37:51
3077,877,,0,2021-03-31 17:45:22,2021-05-06 06:52:41
3078,878,49,0,2021-03-31 17:45:22,2022-06-10 15:37:51
3079,878,54,0,2021-03-31 17:45:22,2022-06-10 15:37:51
3080,878,85,0,2021-03-31 17:45:22,2022-06-10 15:37:51
3081,878,88,0,2021-03-31 17:45:22,2022-06-10 15:37:51
3082,878,93,0,2021-03-31 17:45:22,2022-06-10 15:37:51
3083,878,102,0,2021-03-31 17:45:22,2022-06-10 15:37:51
3084,878,137,0,2021-03-31 17:45:22,2022-06-10 15:37:51
3085,879,93,0,2021-03-31 17:45:22,2021-06-22 10:52:50
3086,879,94,0,2021-03-31 17:45:22,2021-06-22 10:52:50
3087,880,103,0,2021-03-31 17:45:22,2022-06-10 15:37:51
3088,880,141,0,2021-03-31 17:45:22,2022-06-10 15:37:51
3089,881,111,0,2021-03-31 17:45:22,2022-06-10 15:37:51
3090,881,112,0,2021-03-31 17:45:22,2022-06-10 15:37:51
3091,881,113,0,2021-03-31 17:45:22,2022-06-10 15:37:51
3092,881,114,0,2021-03-31 17:45:22,2022-06-10 15:37:51
3093,881,115,0,2021-03-31 17:45:22,2022-06-10 15:37:51
3094,881,116,0,2021-03-31 17:45:22,2022-06-10 15:37:51
3095,881,117,0,2021-03-31 17:45:22,2022-06-10 15:37:51
3096,881,121,0,2021-03-31 17:45:22,2022-06-10 15:37:51
3097,882,93,0,2021-03-31 17:45:22,2021-06-22 10:52:50
3098,883,15,0,2021-03-31 17:45:22,2021-06-22 10:52:50
3099,883,16,0,2021-03-31 17:45:22,2021-06-22 10:52:50
3100,883,19,0,2021-03-31 17:45:22,2021-06-22 10:52:50
3101,883,21,0,2021-03-31 17:45:22,2021-06-22 10:52:50
3102,883,22,0,2021-03-31 17:45:22,2021-06-22 10:52:50
3103,883,32,0,2021-03-31 17:45:22,2021-06-22 10:52:50
3104,883,35,0,2021-03-31 17:45:22,2021-06-22 10:52:50
3105,883,38,0,2021-03-31 17:45:22,2021-06-22 10:52:50
3106,883,74,0,2021-03-31 17:45:22,2021-06-22 10:52:50
3107,883,83,0,2021-03-31 17:45:22,2021-06-22 10:52:50
3108,883,84,0,2021-03-31 17:45:22,2021-06-22 10:52:50
3109,883,93,0,2021-03-31 17:45:22,2021-06-22 10:52:50
3110,883,100,0,2021-03-31 17:45:22,2021-06-22 10:52:50
3111,884,74,0,2021-03-31 17:45:22,2022-06-10 15:37:51
3112,884,111,0,2021-03-31 17:45:22,2022-06-10 15:37:51
3113,884,116,0,2021-03-31 17:45:22,2022-06-10 15:37:51
3114,884,117,0,2021-03-31 17:45:22,2022-06-10 15:37:51
3115,884,129,0,2021-03-31 17:45:22,2022-06-10 15:37:51
3116,885,103,0,2021-03-31 17:45:22,2022-06-10 15:37:51
3117,885,107,0,2021-03-31 17:45:22,2022-06-10 15:37:51
3118,886,15,0,2021-03-31 17:45:22,2022-06-10 15:37:51
3119,886,16,0,2021-03-31 17:45:22,2022-06-10 15:37:51
3120,886,22,0,2021-03-31 17:45:22,2022-06-10 15:37:51
3121,886,32,0,2021-03-31 17:45:22,2022-06-10 15:37:51
3122,886,38,0,2021-03-31 17:45:22,2022-06-10 15:37:51
3123,887,74,0,2021-03-31 17:45:22,2022-06-10 15:37:51
3124,887,75,0,2021-03-31 17:45:22,2022-06-10 15:37:51
3125,887,82,0,2021-03-31 17:45:22,2022-06-10 15:37:51
3126,888,4,0,2021-03-31 17:45:22,2021-06-22 10:52:50
3127,888,7,0,2021-03-31 17:45:22,2021-06-22 10:52:50
3128,889,4,0,2021-03-31 17:45:22,2021-06-22 10:52:50
3129,889,5,0,2021-03-31 17:45:22,2021-06-22 10:52:50
3130,889,6,0,2021-03-31 17:45:22,2021-06-22 10:52:50
3131,889,7,0,2021-03-31 17:45:22,2021-06-22 10:52:50
3132,889,9,0,2021-03-31 17:45:22,2021-06-22 10:52:50
3133,890,85,0,2021-03-31 17:45:22,2022-06-10 15:37:51
3134,890,86,0,2021-03-31 17:45:22,2022-06-10 15:37:51
3135,890,111,0,2021-03-31 17:45:22,2022-06-10 15:37:51
3136,890,118,0,2021-03-31 17:45:22,2022-06-10 15:37:51
3137,891,111,0,2021-03-31 17:45:22,2021-05-06 06:52:41
3138,891,112,0,2021-03-31 17:45:22,2021-05-06 06:52:41
3139,891,113,0,2021-03-31 17:45:22,2021-05-06 06:52:41
3140,891,114,0,2021-03-31 17:45:22,2021-05-06 06:52:41
3141,891,115,0,2021-03-31 17:45:22,2021-05-06 06:52:41
3142,891,117,0,2021-03-31 17:45:22,2021-05-06 06:52:41
3143,892,74,0,2021-03-31 17:45:22,2022-06-10 15:37:51
3144,892,93,0,2021-03-31 17:45:22,2022-06-10 15:37:51
3145,892,97,0,2021-03-31 17:45:22,2022-06-10 15:37:51
3146,892,111,0,2021-03-31 17:45:22,2022-06-10 15:37:51
3147,892,113,0,2021-03-31 17:45:22,2022-06-10 15:37:51
3148,892,114,0,2021-03-31 17:45:22,2022-06-10 15:37:51
3149,892,116,0,2021-03-31 17:45:22,2022-06-10 15:37:51
3150,892,129,0,2021-03-31 17:45:22,2022-06-10 15:37:51
3151,893,49,0,2021-03-31 17:45:22,2022-06-10 15:37:51
3152,893,50,0,2021-03-31 17:45:22,2022-06-10 15:37:51
3153,893,52,0,2021-03-31 17:45:22,2022-06-10 15:37:51
3154,893,54,0,2021-03-31 17:45:22,2022-06-10 15:37:51
3155,893,55,0,2021-03-31 17:45:22,2022-06-10 15:37:51
3156,893,74,0,2021-03-31 17:45:22,2022-06-10 15:37:51
3157,893,81,0,2021-03-31 17:45:22,2022-06-10 15:37:51
3158,893,103,0,2021-03-31 17:45:22,2022-06-10 15:37:51
3159,893,107,0,2021-03-31 17:45:22,2022-06-10 15:37:51
3160,893,126,0,2021-03-31 17:45:22,2022-06-10 15:37:51
3161,894,74,0,2021-03-31 17:45:22,2022-06-10 15:37:51
3162,894,76,0,2021-03-31 17:45:22,2022-06-10 15:37:51
3163,894,93,0,2021-03-31 17:45:22,2022-06-10 15:37:51
3164,894,99,0,2021-03-31 17:45:22,2022-06-10 15:37:51
3165,895,85,0,2021-03-31 17:45:22,2021-06-22 10:52:50
3166,895,111,0,2021-03-31 17:45:22,2021-06-22 10:52:50
3167,895,113,0,2021-03-31 17:45:22,2021-06-22 10:52:50
3168,895,114,0,2021-03-31 17:45:22,2021-06-22 10:52:50
3169,895,115,0,2021-03-31 17:45:22,2021-06-22 10:52:50
3170,895,142,0,2021-03-31 17:45:22,2021-06-22 10:52:50
3171,896,111,0,2021-03-31 17:45:22,2022-06-10 15:37:51
3172,896,113,0,2021-03-31 17:45:22,2022-06-10 15:37:51
3173,896,120,0,2021-03-31 17:45:22,2022-06-10 15:37:51
3174,897,17,0,2021-03-31 17:45:22,2022-06-10 15:37:51
3175,897,18,0,2021-03-31 17:45:22,2022-06-10 15:37:51
3176,897,74,0,2021-03-31 17:45:22,2022-06-10 15:37:51
3177,897,83,0,2021-03-31 17:45:22,2022-06-10 15:37:51
3178,898,93,0,2021-03-31 17:45:22,2022-06-10 15:37:51
3179,898,101,0,2021-03-31 17:45:22,2022-06-10 15:37:51
3180,898,103,0,2021-03-31 17:45:22,2022-06-10 15:37:51
3181,898,107,0,2021-03-31 17:45:22,2022-06-10 15:37:51
3182,898,108,0,2021-03-31 17:45:22,2022-06-10 15:37:51
3183,898,141,0,2021-03-31 17:45:22,2022-06-10 15:37:51
3184,899,49,0,2021-03-31 17:45:22,2022-06-10 15:37:51
3185,899,50,0,2021-03-31 17:45:22,2022-06-10 15:37:51
3186,899,126,0,2021-03-31 17:45:22,2022-06-10 15:37:51
3187,900,15,0,2021-03-31 17:45:22,2022-06-10 15:37:51
3188,900,18,0,2021-03-31 17:45:22,2022-06-10 15:37:51
3189,900,19,0,2021-03-31 17:45:22,2022-06-10 15:37:51
3190,900,67,0,2021-03-31 17:45:22,2022-06-10 15:37:51
3191,900,71,0,2021-03-31 17:45:22,2022-06-10 15:37:51
3192,901,103,0,2021-03-31 17:45:22,2021-05-17 08:23:40
3193,902,103,0,2021-03-31 17:45:22,2022-06-10 15:37:51
3194,902,140,0,2021-03-31 17:45:22,2022-06-10 15:37:51
3195,903,74,0,2021-03-31 17:45:22,2021-06-17 10:37:13
3196,903,81,0,2021-03-31 17:45:22,2021-06-17 10:37:13
3197,904,74,0,2021-03-31 17:45:22,2022-06-10 15:37:51
3198,904,81,0,2021-03-31 17:45:22,2022-06-10 15:37:51
3199,904,111,0,2021-03-31 17:45:22,2022-06-10 15:37:51
3200,904,113,0,2021-03-31 17:45:22,2022-06-10 15:37:51
3201,904,114,0,2021-03-31 17:45:22,2022-06-10 15:37:51
3202,904,116,0,2021-03-31 17:45:22,2022-06-10 15:37:51
3203,905,111,0,2021-03-31 17:45:22,2022-06-10 15:37:51
3204,905,112,0,2021-03-31 17:45:22,2022-06-10 15:37:51
3205,905,113,0,2021-03-31 17:45:22,2022-06-10 15:37:51
3206,905,114,0,2021-03-31 17:45:22,2022-06-10 15:37:51
3207,905,115,0,2021-03-31 17:45:22,2022-06-10 15:37:51
3208,905,117,0,2021-03-31 17:45:22,2022-06-10 15:37:51
3209,906,32,0,2021-03-31 17:45:22,2021-06-22 10:52:50
3210,906,39,0,2021-03-31 17:45:22,2021-06-22 10:52:50
3211,907,32,0,2021-03-31 17:45:22,2021-06-22 10:52:50
3212,907,34,0,2021-03-31 17:45:22,2021-06-22 10:52:50
3213,908,93,0,2021-03-31 17:45:22,2022-06-10 15:37:51
3214,908,98,0,2021-03-31 17:45:22,2022-06-10 15:37:51
3215,909,,0,2021-03-31 17:45:22,2021-06-17 10:37:13
3216,910,111,0,2021-03-31 17:45:22,2022-06-10 15:37:51
3217,910,119,0,2021-03-31 17:45:22,2022-06-10 15:37:51
3218,911,1,0,2021-03-31 17:45:22,2021-06-22 10:52:50
3219,911,2,0,2021-03-31 17:45:22,2021-06-22 10:52:50
3220,911,49,0,2021-03-31 17:45:22,2021-06-22 10:52:50
3221,911,53,0,2021-03-31 17:45:22,2021-06-22 10:52:50
3222,911,54,0,2021-03-31 17:45:22,2021-06-22 10:52:50
3223,911,55,0,2021-03-31 17:45:22,2021-06-22 10:52:50
3224,911,56,0,2021-03-31 17:45:22,2021-06-22 10:52:50
3225,911,57,0,2021-03-31 17:45:22,2021-06-22 10:52:50
3226,912,85,0,2021-03-31 17:45:22,2022-06-10 15:37:51
3227,912,103,0,2021-03-31 17:45:22,2022-06-10 15:37:51
3228,912,105,0,2021-03-31 17:45:22,2022-06-10 15:37:51
3229,912,106,0,2021-03-31 17:45:22,2022-06-10 15:37:51
3230,912,108,0,2021-03-31 17:45:22,2022-06-10 15:37:51
3231,912,109,0,2021-03-31 17:45:22,2022-06-10 15:37:51
3232,912,135,0,2021-03-31 17:45:22,2022-06-10 15:37:51
3233,913,103,0,2021-03-31 17:45:22,2022-06-10 15:37:51
3234,913,104,0,2021-03-31 17:45:22,2022-06-10 15:37:51
3235,913,105,0,2021-03-31 17:45:22,2022-06-10 15:37:51
3236,913,108,0,2021-03-31 17:45:22,2022-06-10 15:37:51
3237,913,110,0,2021-03-31 17:45:22,2022-06-10 15:37:51
3238,914,49,0,2021-03-31 17:45:22,2021-06-22 10:52:50
3239,914,54,0,2021-03-31 17:45:22,2021-06-22 10:52:50
3240,914,85,0,2021-03-31 17:45:22,2021-06-22 10:52:50
3241,914,91,0,2021-03-31 17:45:22,2021-06-22 10:52:50
3242,915,59,0,2021-03-31 17:45:22,2022-06-10 15:37:51
3243,915,61,0,2021-03-31 17:45:22,2022-06-10 15:37:51
3244,916,93,0,2021-03-31 17:45:22,2021-06-22 10:52:50
3245,916,100,0,2021-03-31 17:45:22,2021-06-22 10:52:50
3246,917,,0,2021-03-31 17:45:22,2021-06-22 10:52:50
3247,918,111,0,2021-03-31 17:45:22,2022-06-10 15:37:51
3248,918,114,0,2021-03-31 17:45:22,2022-06-10 15:37:51
3249,919,15,0,2021-03-31 17:45:22,2021-06-22 10:52:50
3250,919,16,0,2021-03-31 17:45:22,2021-06-22 10:52:50
3251,919,19,0,2021-03-31 17:45:22,2021-06-22 10:52:50
3252,919,20,0,2021-03-31 17:45:22,2021-06-22 10:52:50
3253,919,21,0,2021-03-31 17:45:22,2021-06-22 10:52:50
3254,919,22,0,2021-03-31 17:45:22,2021-06-22 10:52:50
3255,919,24,0,2021-03-31 17:45:22,2021-06-22 10:52:50
3256,919,85,0,2021-03-31 17:45:22,2021-06-22 10:52:50
3257,919,90,0,2021-03-31 17:45:22,2021-06-22 10:52:50
3258,920,49,0,2021-03-31 17:45:22,2022-06-10 15:37:51
3259,921,74,0,2021-03-31 17:45:22,2022-06-10 15:37:51
3260,921,78,0,2021-03-31 17:45:22,2022-06-10 15:37:51
3261,922,74,0,2021-03-31 17:45:22,2021-06-22 10:52:50
3262,922,81,0,2021-03-31 17:45:22,2021-06-22 10:52:50
3263,922,111,0,2021-03-31 17:45:22,2021-06-22 10:52:50
3264,922,113,0,2021-03-31 17:45:22,2021-06-22 10:52:50
3265,922,114,0,2021-03-31 17:45:22,2021-06-22 10:52:50
3266,922,116,0,2021-03-31 17:45:22,2021-06-22 10:52:50
3267,922,117,0,2021-03-31 17:45:22,2021-06-22 10:52:50
3268,922,129,0,2021-03-31 17:45:22,2021-06-22 10:52:50
3269,923,93,0,2021-03-31 17:45:22,2022-06-10 15:37:51
3270,923,97,0,2021-03-31 17:45:22,2022-06-10 15:37:51
3271,923,103,0,2021-03-31 17:45:22,2022-06-10 15:37:51
3272,923,106,0,2021-03-31 17:45:22,2022-06-10 15:37:51
3273,923,112,0,2021-03-31 17:45:22,2022-06-10 15:37:51
3274,923,114,0,2021-03-31 17:45:22,2022-06-10 15:37:51
3275,923,117,0,2021-03-31 17:45:22,2022-06-10 15:37:51
3276,924,74,0,2021-03-31 17:45:22,2022-06-10 15:37:51
3277,924,103,0,2021-03-31 17:45:22,2022-06-10 15:37:51
3278,924,129,0,2021-03-31 17:45:22,2022-06-10 15:37:51
3279,924,140,0,2021-03-31 17:45:22,2022-06-10 15:37:51
3280,925,25,0,2021-03-31 17:45:22,2022-06-10 15:37:51
3281,925,27,0,2021-03-31 17:45:22,2022-06-10 15:37:51
3282,925,67,0,2021-03-31 17:45:22,2022-06-10 15:37:51
3283,925,71,0,2021-03-31 17:45:22,2022-06-10 15:37:51
3284,926,,0,2021-03-31 17:45:22,2021-06-22 10:52:50
3285,927,93,0,2021-03-31 17:45:22,2022-06-10 15:37:51
3286,927,95,0,2021-03-31 17:45:22,2022-06-10 15:37:51
3287,927,103,0,2021-03-31 17:45:22,2022-06-10 15:37:51
3288,927,107,0,2021-03-31 17:45:22,2022-06-10 15:37:51
3289,928,49,0,2021-03-31 17:45:22,2022-06-10 15:37:51
3290,928,55,0,2021-03-31 17:45:22,2022-06-10 15:37:51
3291,928,59,0,2021-03-31 17:45:22,2022-06-10 15:37:51
3292,928,128,0,2021-03-31 17:45:22,2022-06-10 15:37:51
3293,929,25,0,2021-03-31 17:45:22,2022-06-10 15:37:51
3294,929,124,0,2021-03-31 17:45:22,2022-06-10 15:37:51
3295,930,32,0,2021-03-31 17:45:22,2021-05-26 13:20:38
3296,930,35,0,2021-03-31 17:45:22,2021-05-26 13:20:38
3297,931,49,0,2021-03-31 17:45:22,2021-05-26 13:20:38
3298,931,50,0,2021-03-31 17:45:22,2021-05-26 13:20:38
3299,931,54,0,2021-03-31 17:45:22,2021-05-26 13:20:38
3300,931,85,0,2021-03-31 17:45:22,2021-05-26 13:20:38
3301,931,91,0,2021-03-31 17:45:22,2021-05-26 13:20:38
3302,932,40,0,2021-03-31 17:45:23,2022-06-10 15:37:51
3303,932,41,0,2021-03-31 17:45:23,2022-06-10 15:37:51
3304,932,43,0,2021-03-31 17:45:23,2022-06-10 15:37:51
3305,932,47,0,2021-03-31 17:45:23,2022-06-10 15:37:51
3306,932,48,0,2021-03-31 17:45:23,2022-06-10 15:37:51
3307,933,103,0,2021-03-31 17:45:23,2022-06-10 15:37:51
3308,933,141,0,2021-03-31 17:45:23,2022-06-10 15:37:51
3309,934,59,0,2021-03-31 17:45:23,2022-06-10 15:37:51
3310,934,61,0,2021-03-31 17:45:23,2022-06-10 15:37:51
3311,934,93,0,2021-03-31 17:45:23,2022-06-10 15:37:51
3312,934,101,0,2021-03-31 17:45:23,2022-06-10 15:37:51
3313,934,128,0,2021-03-31 17:45:23,2022-06-10 15:37:51
3314,935,85,0,2021-03-31 17:45:23,2022-06-10 15:37:51
3315,935,111,0,2021-03-31 17:45:23,2022-06-10 15:37:51
3316,935,113,0,2021-03-31 17:45:23,2022-06-10 15:37:51
3317,935,137,0,2021-03-31 17:45:23,2022-06-10 15:37:51
3318,936,4,0,2021-03-31 17:45:23,2021-06-22 10:52:50
3319,936,12,0,2021-03-31 17:45:23,2021-06-22 10:52:50
3320,936,14,0,2021-03-31 17:45:23,2021-06-22 10:52:50
3321,937,32,0,2021-03-31 17:45:23,2021-06-22 10:52:50
3322,937,39,0,2021-03-31 17:45:23,2021-06-22 10:52:50
3323,938,74,0,2021-03-31 17:45:23,2022-06-10 15:37:51
3324,938,82,0,2021-03-31 17:45:23,2022-06-10 15:37:51
3325,939,59,0,2021-03-31 17:45:23,2021-05-07 11:10:35
3326,939,62,0,2021-03-31 17:45:23,2021-05-07 11:10:35
3327,939,74,0,2021-03-31 17:45:23,2021-05-07 11:10:35
3328,939,82,0,2021-03-31 17:45:23,2021-05-07 11:10:35
3329,939,85,0,2021-03-31 17:45:23,2021-05-07 11:10:35
3330,939,86,0,2021-03-31 17:45:23,2021-05-07 11:10:35
3331,940,93,0,2021-03-31 17:45:23,2022-06-10 15:37:51
3332,940,100,0,2021-03-31 17:45:23,2022-06-10 15:37:51
3333,941,93,0,2021-03-31 17:45:23,2022-06-10 15:37:51
3334,942,93,0,2021-03-31 17:45:23,2021-06-22 10:52:50
3335,943,74,0,2021-03-31 17:45:23,2022-06-10 15:37:51
3336,943,111,0,2021-03-31 17:45:23,2022-06-10 15:37:51
3337,943,116,0,2021-03-31 17:45:23,2022-06-10 15:37:51
3338,944,15,0,2021-03-31 17:45:23,2022-06-10 15:37:51
3339,944,21,0,2021-03-31 17:45:23,2022-06-10 15:37:51
3340,944,49,0,2021-03-31 17:45:23,2022-06-10 15:37:51
3341,944,50,0,2021-03-31 17:45:23,2022-06-10 15:37:51
3342,944,51,0,2021-03-31 17:45:23,2022-06-10 15:37:51
3343,945,103,0,2021-03-31 17:45:23,2021-06-22 10:52:50
3344,945,107,0,2021-03-31 17:45:23,2021-06-22 10:52:50
3345,946,59,0,2021-03-31 17:45:23,2021-06-22 10:52:50
3346,946,60,0,2021-03-31 17:45:23,2021-06-22 10:52:50
3347,947,40,0,2021-03-31 17:45:23,2022-06-10 15:37:51
3348,947,41,0,2021-03-31 17:45:23,2022-06-10 15:37:51
3349,948,103,0,2021-03-31 17:45:23,2021-06-22 10:52:50
3350,949,40,0,2021-03-31 17:45:23,2021-06-22 10:52:50
3351,949,41,0,2021-03-31 17:45:23,2021-06-22 10:52:50
3352,950,93,0,2021-03-31 17:45:23,2022-06-10 15:37:51
3353,950,100,0,2021-03-31 17:45:23,2022-06-10 15:37:51
3354,951,,0,2021-03-31 17:45:23,2021-06-22 10:52:50
3355,952,103,0,2021-03-31 17:45:23,2022-06-10 15:37:51
3356,952,140,0,2021-03-31 17:45:23,2022-06-10 15:37:51
3357,953,111,0,2021-03-31 17:45:23,2022-06-10 15:37:51
3358,953,112,0,2021-03-31 17:45:23,2022-06-10 15:37:51
3359,953,114,0,2021-03-31 17:45:23,2022-06-10 15:37:51
3360,953,117,0,2021-03-31 17:45:23,2022-06-10 15:37:51
3361,954,4,0,2021-03-31 17:45:23,2021-06-22 10:52:50
3362,954,5,0,2021-03-31 17:45:23,2021-06-22 10:52:50
3363,955,4,0,2021-03-31 17:45:23,2021-06-22 10:52:50
3364,955,14,0,2021-03-31 17:45:23,2021-06-22 10:52:50
3365,956,93,0,2021-03-31 17:45:23,2021-06-22 10:52:50
3366,956,103,0,2021-03-31 17:45:23,2021-06-22 10:52:50
3367,956,109,0,2021-03-31 17:45:23,2021-06-22 10:52:50
3368,957,49,0,2021-03-31 17:45:23,2022-06-10 15:37:51
3369,957,55,0,2021-03-31 17:45:23,2022-06-10 15:37:51
3370,958,49,0,2021-03-31 17:45:23,2022-06-10 15:37:51
3371,958,51,0,2021-03-31 17:45:23,2022-06-10 15:37:51
3372,958,52,0,2021-03-31 17:45:23,2022-06-10 15:37:51
3373,959,103,0,2021-03-31 17:45:23,2022-06-10 15:37:51
3374,959,107,0,2021-03-31 17:45:23,2022-06-10 15:37:51
3375,960,111,0,2021-03-31 17:45:23,2021-06-22 10:52:50
3376,960,113,0,2021-03-31 17:45:23,2021-06-22 10:52:50
3377,961,49,0,2021-03-31 17:45:23,2022-06-10 15:37:51
3378,961,50,0,2021-03-31 17:45:23,2022-06-10 15:37:51
3379,961,126,0,2021-03-31 17:45:23,2022-06-10 15:37:51
3380,962,59,0,2021-03-31 17:45:23,2022-06-10 15:37:51
3381,962,61,0,2021-03-31 17:45:23,2022-06-10 15:37:51
3382,963,85,0,2021-03-31 17:45:23,2022-06-10 15:37:51
3383,963,103,0,2021-03-31 17:45:23,2022-06-10 15:37:51
3384,963,105,0,2021-03-31 17:45:23,2022-06-10 15:37:51
3385,963,106,0,2021-03-31 17:45:23,2022-06-10 15:37:51
3386,963,108,0,2021-03-31 17:45:23,2022-06-10 15:37:51
3387,963,137,0,2021-03-31 17:45:23,2022-06-10 15:37:51
3388,964,,0,2021-03-31 17:45:23,2021-04-14 10:09:17
3389,965,49,0,2021-03-31 17:45:23,2022-06-10 15:37:51
3390,965,53,0,2021-03-31 17:45:23,2022-06-10 15:37:51
3391,965,103,0,2021-03-31 17:45:23,2022-06-10 15:37:51
3392,965,107,0,2021-03-31 17:45:23,2022-06-10 15:37:51
3393,966,49,0,2021-03-31 17:45:23,2021-06-22 10:52:50
3394,966,51,0,2021-03-31 17:45:23,2021-06-22 10:52:50
3395,966,93,0,2021-03-31 17:45:23,2021-06-22 10:52:50
3396,966,94,0,2021-03-31 17:45:23,2021-06-22 10:52:50
3397,967,111,0,2021-03-31 17:45:23,2022-06-10 15:37:51
3398,967,112,0,2021-03-31 17:45:23,2022-06-10 15:37:51
3399,967,113,0,2021-03-31 17:45:23,2022-06-10 15:37:51
3400,967,117,0,2021-03-31 17:45:23,2022-06-10 15:37:51
3401,968,49,0,2021-03-31 17:45:23,2022-06-10 15:37:51
3402,968,51,0,2021-03-31 17:45:23,2022-06-10 15:37:51
3403,968,74,0,2021-03-31 17:45:23,2022-06-10 15:37:51
3404,968,93,0,2021-03-31 17:45:23,2022-06-10 15:37:51
3405,968,94,0,2021-03-31 17:45:23,2022-06-10 15:37:51
3406,969,15,0,2021-03-31 17:45:23,2022-06-10 15:37:51
3407,969,16,0,2021-03-31 17:45:23,2022-06-10 15:37:51
3408,969,22,0,2021-03-31 17:45:23,2022-06-10 15:37:51
3409,970,93,0,2021-03-31 17:45:23,2022-06-10 15:37:51
3410,970,100,0,2021-03-31 17:45:23,2022-06-10 15:37:51
3411,971,49,0,2021-03-31 17:45:23,2022-06-10 15:37:51
3412,971,54,0,2021-03-31 17:45:23,2022-06-10 15:37:51
3413,972,74,0,2021-03-31 17:45:23,2022-06-10 15:37:51
3414,972,85,0,2021-03-31 17:45:23,2022-06-10 15:37:51
3415,972,89,0,2021-03-31 17:45:23,2022-06-10 15:37:51
3416,973,25,0,2021-03-31 17:45:23,2022-06-10 15:37:51
3417,973,26,0,2021-03-31 17:45:23,2022-06-10 15:37:51
3418,974,74,0,2021-03-31 17:45:23,2021-06-22 10:52:50
3419,974,84,0,2021-03-31 17:45:23,2021-06-22 10:52:50
3420,974,93,0,2021-03-31 17:45:23,2021-06-22 10:52:50
3421,974,101,0,2021-03-31 17:45:23,2021-06-22 10:52:50
3422,974,131,0,2021-03-31 17:45:23,2021-06-22 10:52:50
3423,975,4,0,2021-03-31 17:45:23,2022-06-10 15:37:51
3424,975,10,0,2021-03-31 17:45:23,2022-06-10 15:37:51
3425,976,103,0,2021-03-31 17:45:23,2022-06-10 15:37:51
3426,976,104,0,2021-03-31 17:45:23,2022-06-10 15:37:51
3427,977,103,0,2021-03-31 17:45:23,2022-06-10 15:37:51
3428,977,105,0,2021-03-31 17:45:23,2022-06-10 15:37:51
3429,977,110,0,2021-03-31 17:45:23,2022-06-10 15:37:51
3430,978,85,0,2021-03-31 17:45:23,2022-06-10 15:37:51
3431,978,93,0,2021-03-31 17:45:23,2022-06-10 15:37:51
3432,978,97,0,2021-03-31 17:45:23,2022-06-10 15:37:51
3433,978,111,0,2021-03-31 17:45:23,2022-06-10 15:37:51
3434,978,118,0,2021-03-31 17:45:23,2022-06-10 15:37:51
3435,979,74,0,2021-03-31 17:45:23,2022-06-10 15:37:51
3436,980,,0,2021-03-31 17:45:23,2021-04-08 12:19:37
3437,981,74,0,2021-03-31 17:45:23,2021-06-22 10:52:50
3438,981,81,0,2021-03-31 17:45:23,2021-06-22 10:52:50
3439,981,103,0,2021-03-31 17:45:23,2021-06-22 10:52:50
3440,981,141,0,2021-03-31 17:45:23,2021-06-22 10:52:50
3441,982,74,0,2021-03-31 17:45:23,2022-06-10 15:37:51
3442,983,1,0,2021-03-31 17:45:23,2022-06-10 15:37:51
3443,983,2,0,2021-03-31 17:45:23,2022-06-10 15:37:51
3444,983,111,0,2021-03-31 17:45:23,2022-06-10 15:37:51
3445,983,115,0,2021-03-31 17:45:23,2022-06-10 15:37:51
3446,984,93,0,2021-03-31 17:45:23,2022-06-10 15:37:51
3447,984,138,0,2021-03-31 17:45:23,2022-06-10 15:37:51
3448,985,67,0,2021-03-31 17:45:23,2022-06-10 15:37:51
3449,985,68,0,2021-03-31 17:45:23,2022-06-10 15:37:51
3450,985,69,0,2021-03-31 17:45:23,2022-06-10 15:37:51
3451,985,72,0,2021-03-31 17:45:23,2022-06-10 15:37:51
3452,986,74,0,2021-03-31 17:45:23,2022-06-10 15:37:51
3453,986,83,0,2021-03-31 17:45:23,2022-06-10 15:37:51
3454,987,,0,2021-03-31 17:45:23,2021-06-22 10:52:50
3455,988,1,0,2021-03-31 17:45:23,2022-06-10 15:37:51
3456,988,2,0,2021-03-31 17:45:23,2022-06-10 15:37:51
3457,988,49,0,2021-03-31 17:45:23,2022-06-10 15:37:51
3458,988,50,0,2021-03-31 17:45:23,2022-06-10 15:37:51
3459,988,51,0,2021-03-31 17:45:23,2022-06-10 15:37:51
3460,988,53,0,2021-03-31 17:45:23,2022-06-10 15:37:51
3461,988,57,0,2021-03-31 17:45:23,2022-06-10 15:37:51
3462,988,58,0,2021-03-31 17:45:23,2022-06-10 15:37:51
3463,988,85,0,2021-03-31 17:45:23,2022-06-10 15:37:51
3464,988,89,0,2021-03-31 17:45:23,2022-06-10 15:37:51
3465,988,93,0,2021-03-31 17:45:23,2022-06-10 15:37:51
3466,988,94,0,2021-03-31 17:45:23,2022-06-10 15:37:51
3467,989,85,0,2021-03-31 17:45:23,2022-06-10 15:37:51
3468,989,86,0,2021-03-31 17:45:23,2022-06-10 15:37:51
3469,989,111,0,2021-03-31 17:45:23,2022-06-10 15:37:51
3470,989,117,0,2021-03-31 17:45:23,2022-06-10 15:37:51
3471,990,74,0,2021-03-31 17:45:23,2021-06-22 10:52:50
3472,990,111,0,2021-03-31 17:45:23,2021-06-22 10:52:50
3473,990,117,0,2021-03-31 17:45:23,2021-06-22 10:52:50
3474,991,103,0,2021-03-31 17:45:23,2022-06-10 15:37:51
3475,991,110,0,2021-03-31 17:45:23,2022-06-10 15:37:51
3476,992,103,0,2021-03-31 17:45:23,2022-06-10 15:37:51
3477,992,107,0,2021-03-31 17:45:23,2022-06-10 15:37:51
3478,993,,0,2021-03-31 17:45:23,2021-06-22 10:52:50
3479,994,49,0,2021-03-31 17:45:23,2022-06-10 15:37:51
3480,994,51,0,2021-03-31 17:45:23,2022-06-10 15:37:51
3481,994,54,0,2021-03-31 17:45:23,2022-06-10 15:37:51
3482,994,55,0,2021-03-31 17:45:23,2022-06-10 15:37:51
3483,994,85,0,2021-03-31 17:45:23,2022-06-10 15:37:51
3484,994,91,0,2021-03-31 17:45:23,2022-06-10 15:37:51
3485,995,49,0,2021-03-31 17:45:23,2022-06-10 15:37:51
3486,995,54,0,2021-03-31 17:45:23,2022-06-10 15:37:51
3487,995,85,0,2021-03-31 17:45:23,2022-06-10 15:37:51
3488,995,88,0,2021-03-31 17:45:23,2022-06-10 15:37:51
3489,995,93,0,2021-03-31 17:45:23,2022-06-10 15:37:51
3490,995,101,0,2021-03-31 17:45:23,2022-06-10 15:37:51
3491,996,,0,2021-03-31 17:45:23,2021-06-22 10:52:50
3492,997,111,0,2021-03-31 17:45:23,2022-06-10 15:37:51
3493,997,112,0,2021-03-31 17:45:23,2022-06-10 15:37:51
3494,997,113,0,2021-03-31 17:45:23,2022-06-10 15:37:51
3495,997,114,0,2021-03-31 17:45:23,2022-06-10 15:37:51
3496,997,116,0,2021-03-31 17:45:23,2022-06-10 15:37:51
3497,997,117,0,2021-03-31 17:45:23,2022-06-10 15:37:51
3498,998,15,0,2021-03-31 17:45:23,2022-06-10 15:37:51
3499,998,17,0,2021-03-31 17:45:23,2022-06-10 15:37:51
3500,998,19,0,2021-03-31 17:45:23,2022-06-10 15:37:51
3501,999,74,0,2021-03-31 17:45:23,2022-06-10 15:37:51
3502,999,93,0,2021-03-31 17:45:23,2022-06-10 15:37:51
3503,999,97,0,2021-03-31 17:45:23,2022-06-10 15:37:51
3504,999,111,0,2021-03-31 17:45:23,2022-06-10 15:37:51
3505,999,116,0,2021-03-31 17:45:23,2022-06-10 15:37:51
3506,1000,67,0,2021-03-31 17:45:23,2022-06-10 15:37:51
3507,1000,71,0,2021-03-31 17:45:23,2022-06-10 15:37:51
3508,1000,73,0,2021-03-31 17:45:23,2022-06-10 15:37:51
3509,1001,59,0,2021-03-31 17:45:23,2022-06-10 15:37:51
3510,1001,61,0,2021-03-31 17:45:23,2022-06-10 15:37:51
3511,1001,62,0,2021-03-31 17:45:23,2022-06-10 15:37:51
3512,1002,111,0,2021-03-31 17:45:23,2022-06-10 15:37:51
3513,1002,113,0,2021-03-31 17:45:23,2022-06-10 15:37:51
3514,1002,114,0,2021-03-31 17:45:23,2022-06-10 15:37:51
3515,1002,116,0,2021-03-31 17:45:23,2022-06-10 15:37:51
3516,1003,111,0,2021-03-31 17:45:23,2022-06-10 15:37:51
3517,1003,113,0,2021-03-31 17:45:23,2022-06-10 15:37:51
3518,1003,114,0,2021-03-31 17:45:23,2022-06-10 15:37:51
3519,1004,59,0,2021-03-31 17:45:23,2022-06-10 15:37:51
3520,1004,63,0,2021-03-31 17:45:23,2022-06-10 15:37:51
3521,1005,32,0,2021-03-31 17:45:23,2022-06-10 15:37:51
3522,1005,35,0,2021-03-31 17:45:23,2022-06-10 15:37:51
3523,1005,38,0,2021-03-31 17:45:23,2022-06-10 15:37:51
3524,1006,93,0,2021-03-31 17:45:23,2022-06-10 15:37:51
3525,1007,40,0,2021-03-31 17:45:23,2022-06-10 15:37:51
3526,1007,46,0,2021-03-31 17:45:23,2022-06-10 15:37:51
3527,1007,48,0,2021-03-31 17:45:23,2022-06-10 15:37:51
3528,1008,40,0,2021-03-31 17:45:23,2022-06-10 15:37:51
3529,1008,41,0,2021-03-31 17:45:23,2022-06-10 15:37:51
3530,1009,93,0,2021-03-31 17:45:23,2022-06-10 15:37:51
3531,1009,95,0,2021-03-31 17:45:23,2022-06-10 15:37:51
3532,1009,111,0,2021-03-31 17:45:23,2022-06-10 15:37:51
3533,1009,112,0,2021-03-31 17:45:23,2022-06-10 15:37:51
3534,1009,114,0,2021-03-31 17:45:23,2022-06-10 15:37:51
3535,1009,115,0,2021-03-31 17:45:23,2022-06-10 15:37:51
3536,1009,117,0,2021-03-31 17:45:23,2022-06-10 15:37:51
3537,1009,121,0,2021-03-31 17:45:23,2022-06-10 15:37:51
3538,1010,49,0,2021-03-31 17:45:23,2022-06-10 15:37:51
3539,1010,53,0,2021-03-31 17:45:23,2022-06-10 15:37:51
3540,1010,54,0,2021-03-31 17:45:23,2022-06-10 15:37:51
3541,1010,57,0,2021-03-31 17:45:23,2022-06-10 15:37:51
3542,1011,67,0,2021-03-31 17:45:23,2022-06-10 15:37:51
3543,1011,71,0,2021-03-31 17:45:23,2022-06-10 15:37:51
3544,1011,74,0,2021-03-31 17:45:23,2022-06-10 15:37:51
3545,1012,49,0,2021-03-31 17:45:23,2022-06-10 15:37:51
3546,1012,51,0,2021-03-31 17:45:23,2022-06-10 15:37:51
3547,1012,93,0,2021-03-31 17:45:23,2022-06-10 15:37:51
3548,1012,94,0,2021-03-31 17:45:23,2022-06-10 15:37:51
3549,1013,74,0,2021-03-31 17:45:23,2022-06-10 15:37:51
3550,1013,111,0,2021-03-31 17:45:23,2022-06-10 15:37:51
3551,1013,121,0,2021-03-31 17:45:23,2022-06-10 15:37:51
3552,1014,49,0,2021-03-31 17:45:23,2021-06-22 10:52:50
3553,1014,50,0,2021-03-31 17:45:23,2021-06-22 10:52:50
3554,1014,51,0,2021-03-31 17:45:23,2021-06-22 10:52:50
3555,1014,54,0,2021-03-31 17:45:23,2021-06-22 10:52:50
3556,1014,55,0,2021-03-31 17:45:23,2021-06-22 10:52:50
3557,1014,56,0,2021-03-31 17:45:23,2021-06-22 10:52:50
3558,1014,57,0,2021-03-31 17:45:23,2021-06-22 10:52:50
3559,1014,58,0,2021-03-31 17:45:23,2021-06-22 10:52:50
3560,1015,15,0,2021-03-31 17:45:23,2022-06-10 15:37:51
3561,1015,16,0,2021-03-31 17:45:23,2022-06-10 15:37:51
3562,1015,17,0,2021-03-31 17:45:23,2022-06-10 15:37:51
3563,1015,18,0,2021-03-31 17:45:23,2022-06-10 15:37:51
3564,1015,19,0,2021-03-31 17:45:23,2022-06-10 15:37:51
3565,1015,20,0,2021-03-31 17:45:23,2022-06-10 15:37:51
3566,1015,21,0,2021-03-31 17:45:23,2022-06-10 15:37:51
3567,1015,32,0,2021-03-31 17:45:23,2022-06-10 15:37:51
3568,1015,33,0,2021-03-31 17:45:23,2022-06-10 15:37:51
3569,1015,34,0,2021-03-31 17:45:23,2022-06-10 15:37:51
3570,1015,35,0,2021-03-31 17:45:23,2022-06-10 15:37:51
3571,1015,38,0,2021-03-31 17:45:23,2022-06-10 15:37:51
3572,1016,59,0,2021-03-31 17:45:23,2022-06-10 15:37:51
3573,1016,60,0,2021-03-31 17:45:23,2022-06-10 15:37:51
3574,1016,85,0,2021-03-31 17:45:23,2022-06-10 15:37:51
3575,1016,93,0,2021-03-31 17:45:23,2022-06-10 15:37:51
3576,1016,101,0,2021-03-31 17:45:23,2022-06-10 15:37:51
3577,1016,135,0,2021-03-31 17:45:23,2022-06-10 15:37:51
3578,1017,93,0,2021-03-31 17:45:23,2022-06-10 15:37:51
3579,1017,98,0,2021-03-31 17:45:23,2022-06-10 15:37:51
3580,1018,49,0,2021-03-31 17:45:23,2022-06-10 15:37:51
3581,1018,50,0,2021-03-31 17:45:23,2022-06-10 15:37:51
3582,1018,126,0,2021-03-31 17:45:23,2022-06-10 15:37:51
3583,1019,,0,2021-03-31 17:45:23,2021-06-22 10:52:50
3584,1020,74,0,2021-03-31 17:45:23,2022-06-10 15:37:51
3585,1020,114,0,2021-03-31 17:45:23,2022-06-10 15:37:51
3586,1020,115,0,2021-03-31 17:45:23,2022-06-10 15:37:51
3587,1020,117,0,2021-03-31 17:45:23,2022-06-10 15:37:51
3588,1021,93,0,2021-03-31 17:45:23,2022-06-10 15:37:51
3589,1021,95,0,2021-03-31 17:45:23,2022-06-10 15:37:51
3590,1022,111,0,2021-03-31 17:45:23,2022-06-10 15:37:51
3591,1022,118,0,2021-03-31 17:45:23,2022-06-10 15:37:51
3592,1023,49,0,2021-03-31 17:45:23,2022-06-10 15:37:51
3593,1023,57,0,2021-03-31 17:45:23,2022-06-10 15:37:51
3594,1023,93,0,2021-03-31 17:45:23,2022-06-10 15:37:51
3595,1023,95,0,2021-03-31 17:45:23,2022-06-10 15:37:51
3596,1024,111,0,2021-03-31 17:45:23,2022-06-10 15:37:51
3597,1024,118,0,2021-03-31 17:45:23,2022-06-10 15:37:51
3598,1025,93,0,2021-03-31 17:45:23,2022-06-10 15:37:51
3599,1025,102,0,2021-03-31 17:45:23,2022-06-10 15:37:51
3600,1025,111,0,2021-03-31 17:45:23,2022-06-10 15:37:51
3601,1025,118,0,2021-03-31 17:45:23,2022-06-10 15:37:51
3602,1026,111,0,2021-03-31 17:45:23,2022-06-10 15:37:51
3603,1026,112,0,2021-03-31 17:45:23,2022-06-10 15:37:51
3604,1026,113,0,2021-03-31 17:45:23,2022-06-10 15:37:51
3605,1026,114,0,2021-03-31 17:45:23,2022-06-10 15:37:51
3606,1026,116,0,2021-03-31 17:45:23,2022-06-10 15:37:51
3607,1027,49,0,2021-03-31 17:45:23,2021-04-13 13:59:42
3608,1027,50,0,2021-03-31 17:45:23,2021-04-13 13:59:42
3609,1027,54,0,2021-03-31 17:45:23,2021-04-13 13:59:42
3610,1028,49,0,2021-03-31 17:45:23,2022-06-10 15:37:51
3611,1028,51,0,2021-03-31 17:45:23,2022-06-10 15:37:51
3612,1029,74,0,2021-03-31 17:45:23,2022-06-10 15:37:51
3613,1030,93,0,2021-03-31 17:45:23,2022-06-10 15:37:51
3614,1030,101,0,2021-03-31 17:45:23,2022-06-10 15:37:51
3615,1030,103,0,2021-03-31 17:45:23,2022-06-10 15:37:51
3616,1030,141,0,2021-03-31 17:45:23,2022-06-10 15:37:51
3617,1031,93,0,2021-03-31 17:45:23,2021-06-22 10:52:50
3618,1032,74,0,2021-03-31 17:45:23,2022-06-10 15:37:51
3619,1032,76,0,2021-03-31 17:45:23,2022-06-10 15:37:51
3620,1032,131,0,2021-03-31 17:45:23,2022-06-10 15:37:51
3621,1033,74,0,2021-03-31 17:45:23,2021-06-22 10:52:50
3622,1034,74,0,2021-03-31 17:45:23,2022-06-10 15:37:51
3623,1034,81,0,2021-03-31 17:45:23,2022-06-10 15:37:51
3624,1034,93,0,2021-03-31 17:45:23,2022-06-10 15:37:51
3625,1034,95,0,2021-03-31 17:45:23,2022-06-10 15:37:51
3626,1034,103,0,2021-03-31 17:45:23,2022-06-10 15:37:51
3627,1034,141,0,2021-03-31 17:45:23,2022-06-10 15:37:51
3628,1035,49,0,2021-03-31 17:45:23,2022-06-10 15:37:51
3629,1035,50,0,2021-03-31 17:45:23,2022-06-10 15:37:51
3630,1036,40,0,2021-03-31 17:45:23,2021-06-22 10:52:50
3631,1036,41,0,2021-03-31 17:45:23,2021-06-22 10:52:50
3632,1036,74,0,2021-03-31 17:45:23,2021-06-22 10:52:50
3633,1036,82,0,2021-03-31 17:45:23,2021-06-22 10:52:50
3634,1036,85,0,2021-03-31 17:45:23,2021-06-22 10:52:50
3635,1036,86,0,2021-03-31 17:45:23,2021-06-22 10:52:50
3636,1037,40,0,2021-03-31 17:45:23,2022-06-10 15:37:51
3637,1037,41,0,2021-03-31 17:45:23,2022-06-10 15:37:51
3638,1037,74,0,2021-03-31 17:45:23,2022-06-10 15:37:51
3639,1037,82,0,2021-03-31 17:45:23,2022-06-10 15:37:51
3640,1038,49,0,2021-03-31 17:45:23,2022-06-10 15:37:51
3641,1038,53,0,2021-03-31 17:45:23,2022-06-10 15:37:51
3642,1039,111,0,2021-03-31 17:45:23,2022-06-10 15:37:51
3643,1039,112,0,2021-03-31 17:45:23,2022-06-10 15:37:51
3644,1039,113,0,2021-03-31 17:45:23,2022-06-10 15:37:51
3645,1039,117,0,2021-03-31 17:45:23,2022-06-10 15:37:51
3646,1039,121,0,2021-03-31 17:45:23,2022-06-10 15:37:51
3647,1040,,0,2021-03-31 17:45:23,2021-06-22 10:52:50
3648,1041,15,0,2021-03-31 17:45:23,2022-06-10 15:37:51
3649,1041,19,0,2021-03-31 17:45:23,2022-06-10 15:37:51
3650,1041,20,0,2021-03-31 17:45:23,2022-06-10 15:37:51
3651,1042,74,0,2021-03-31 17:45:23,2022-06-10 15:37:51
3652,1042,93,0,2021-03-31 17:45:23,2022-06-10 15:37:51
3653,1042,97,0,2021-03-31 17:45:23,2022-06-10 15:37:51
3654,1042,111,0,2021-03-31 17:45:23,2022-06-10 15:37:51
3655,1042,112,0,2021-03-31 17:45:23,2022-06-10 15:37:51
3656,1042,113,0,2021-03-31 17:45:23,2022-06-10 15:37:51
3657,1042,114,0,2021-03-31 17:45:23,2022-06-10 15:37:51
3658,1042,115,0,2021-03-31 17:45:23,2022-06-10 15:37:51
3659,1042,116,0,2021-03-31 17:45:23,2022-06-10 15:37:51
3660,1042,117,0,2021-03-31 17:45:23,2022-06-10 15:37:51
3661,1042,119,0,2021-03-31 17:45:23,2022-06-10 15:37:51
3662,1043,49,0,2021-03-31 17:45:23,2022-06-10 15:37:51
3663,1043,50,0,2021-03-31 17:45:23,2022-06-10 15:37:51
3664,1043,54,0,2021-03-31 17:45:23,2022-06-10 15:37:51
3665,1043,74,0,2021-03-31 17:45:23,2022-06-10 15:37:51
3666,1043,81,0,2021-03-31 17:45:23,2022-06-10 15:37:51
3667,1044,49,0,2021-03-31 17:45:23,2021-06-22 10:52:50
3668,1044,54,0,2021-03-31 17:45:23,2021-06-22 10:52:50
3669,1044,57,0,2021-03-31 17:45:23,2021-06-22 10:52:50
3670,1045,1,0,2021-03-31 17:45:23,2022-06-10 15:37:51
3671,1045,2,0,2021-03-31 17:45:23,2022-06-10 15:37:51
3672,1045,49,0,2021-03-31 17:45:23,2022-06-10 15:37:51
3673,1045,54,0,2021-03-31 17:45:23,2022-06-10 15:37:51
3674,1045,55,0,2021-03-31 17:45:23,2022-06-10 15:37:51
3675,1045,57,0,2021-03-31 17:45:23,2022-06-10 15:37:51
3676,1045,58,0,2021-03-31 17:45:23,2022-06-10 15:37:51
3677,1046,67,0,2021-03-31 17:45:23,2022-06-10 15:37:51
3678,1046,70,0,2021-03-31 17:45:23,2022-06-10 15:37:51
3679,1047,1,0,2021-03-31 17:45:23,2021-06-22 10:52:50
3680,1047,2,0,2021-03-31 17:45:23,2021-06-22 10:52:50
3681,1048,74,0,2021-03-31 17:45:23,2021-06-22 10:52:50
3682,1049,85,0,2021-03-31 17:45:23,2022-06-10 15:37:51
3683,1050,49,0,2021-03-31 17:45:23,2022-06-10 15:37:51
3684,1050,51,0,2021-03-31 17:45:23,2022-06-10 15:37:51
3685,1050,52,0,2021-03-31 17:45:23,2022-06-10 15:37:51
3686,1050,54,0,2021-03-31 17:45:23,2022-06-10 15:37:51
3687,1050,55,0,2021-03-31 17:45:23,2022-06-10 15:37:51
3688,1050,67,0,2021-03-31 17:45:23,2022-06-10 15:37:51
3689,1050,68,0,2021-03-31 17:45:23,2022-06-10 15:37:51
3690,1051,,0,2021-03-31 17:45:23,2021-05-26 13:20:38
3691,1052,113,0,2021-03-31 17:45:23,2022-06-10 15:37:51
3692,1052,115,0,2021-03-31 17:45:23,2022-06-10 15:37:51
3693,1052,117,0,2021-03-31 17:45:23,2022-06-10 15:37:51
3694,1053,74,0,2021-03-31 17:45:23,2022-06-10 15:37:51
3695,1053,78,0,2021-03-31 17:45:23,2022-06-10 15:37:51
3696,1053,85,0,2021-03-31 17:45:23,2022-06-10 15:37:51
3697,1053,89,0,2021-03-31 17:45:23,2022-06-10 15:37:51
3698,1053,93,0,2021-03-31 17:45:23,2022-06-10 15:37:51
3699,1053,94,0,2021-03-31 17:45:23,2022-06-10 15:37:51
3700,1053,129,0,2021-03-31 17:45:23,2022-06-10 15:37:51
3701,1053,134,0,2021-03-31 17:45:23,2022-06-10 15:37:51
3702,1053,135,0,2021-03-31 17:45:23,2022-06-10 15:37:51
3703,1053,136,0,2021-03-31 17:45:23,2022-06-10 15:37:51
3704,1054,85,0,2021-03-31 17:45:23,2022-06-10 15:37:51
3705,1054,142,0,2021-03-31 17:45:23,2022-06-10 15:37:51
3706,1055,103,0,2021-03-31 17:45:23,2022-06-10 15:37:51
3707,1055,104,0,2021-03-31 17:45:23,2022-06-10 15:37:51
3708,1055,105,0,2021-03-31 17:45:23,2022-06-10 15:37:51
3709,1055,108,0,2021-03-31 17:45:23,2022-06-10 15:37:51
3710,1055,109,0,2021-03-31 17:45:23,2022-06-10 15:37:51
3711,1055,110,0,2021-03-31 17:45:23,2022-06-10 15:37:51
3712,1056,74,0,2021-03-31 17:45:23,2022-06-10 15:37:51
3713,1056,111,0,2021-03-31 17:45:23,2022-06-10 15:37:51
3714,1056,112,0,2021-03-31 17:45:23,2022-06-10 15:37:51
3715,1056,113,0,2021-03-31 17:45:23,2022-06-10 15:37:51
3716,1056,114,0,2021-03-31 17:45:23,2022-06-10 15:37:51
3717,1056,115,0,2021-03-31 17:45:23,2022-06-10 15:37:51
3718,1056,116,0,2021-03-31 17:45:23,2022-06-10 15:37:51
3719,1056,117,0,2021-03-31 17:45:23,2022-06-10 15:37:51
3720,1056,121,0,2021-03-31 17:45:23,2022-06-10 15:37:51
3721,1057,74,0,2021-03-31 17:45:23,2021-06-22 10:52:50
3722,1057,82,0,2021-03-31 17:45:23,2021-06-22 10:52:50
3723,1057,84,0,2021-03-31 17:45:23,2021-06-22 10:52:50
3724,1058,,0,2021-03-31 17:45:23,2021-06-22 10:52:50
3725,1059,49,0,2021-03-31 17:45:23,2022-06-10 15:37:51
3726,1059,50,0,2021-03-31 17:45:23,2022-06-10 15:37:51
3727,1060,49,0,2021-03-31 17:45:23,2022-06-10 15:37:51
3728,1060,50,0,2021-03-31 17:45:23,2022-06-10 15:37:51
3729,1061,49,0,2021-03-31 17:45:23,2022-06-10 15:37:51
3730,1061,50,0,2021-03-31 17:45:23,2022-06-10 15:37:51
3731,1062,111,0,2021-03-31 17:45:23,2022-06-10 15:37:51
3732,1062,113,0,2021-03-31 17:45:23,2022-06-10 15:37:51
3733,1062,117,0,2021-03-31 17:45:23,2022-06-10 15:37:51
3734,1062,118,0,2021-03-31 17:45:23,2022-06-10 15:37:51
3735,1062,120,0,2021-03-31 17:45:23,2022-06-10 15:37:51
3736,1063,93,0,2021-03-31 17:45:23,2022-06-10 15:37:51
3737,1064,74,0,2021-03-31 17:45:23,2022-06-10 15:37:51
3738,1064,84,0,2021-03-31 17:45:23,2022-06-10 15:37:51
3739,1064,85,0,2021-03-31 17:45:23,2022-06-10 15:37:51
3740,1064,89,0,2021-03-31 17:45:23,2022-06-10 15:37:51
3741,1064,93,0,2021-03-31 17:45:23,2022-06-10 15:37:51
3742,1064,94,0,2021-03-31 17:45:23,2022-06-10 15:37:51
3743,1064,95,0,2021-03-31 17:45:23,2022-06-10 15:37:51
3744,1064,111,0,2021-03-31 17:45:23,2022-06-10 15:37:51
3745,1064,113,0,2021-03-31 17:45:23,2022-06-10 15:37:51
3746,1064,114,0,2021-03-31 17:45:23,2022-06-10 15:37:51
3747,1064,115,0,2021-03-31 17:45:23,2022-06-10 15:37:51
3748,1064,133,0,2021-03-31 17:45:23,2022-06-10 15:37:51
3749,1064,135,0,2021-03-31 17:45:23,2022-06-10 15:37:51
3750,1065,85,0,2021-03-31 17:45:23,2021-06-22 10:52:50
3751,1065,111,0,2021-03-31 17:45:23,2021-06-22 10:52:50
3752,1065,118,0,2021-03-31 17:45:23,2021-06-22 10:52:50
3753,1065,135,0,2021-03-31 17:45:23,2021-06-22 10:52:50
3754,1065,136,0,2021-03-31 17:45:23,2021-06-22 10:52:50
3755,1065,137,0,2021-03-31 17:45:23,2021-06-22 10:52:50
3756,1066,111,0,2021-03-31 17:45:23,2022-06-10 15:37:51
3757,1066,112,0,2021-03-31 17:45:23,2022-06-10 15:37:51
3758,1066,114,0,2021-03-31 17:45:23,2022-06-10 15:37:51
3759,1066,117,0,2021-03-31 17:45:23,2022-06-10 15:37:51
3760,1066,121,0,2021-03-31 17:45:23,2022-06-10 15:37:51
3761,1067,49,0,2021-03-31 17:45:23,2022-06-10 15:37:51
3762,1067,51,0,2021-03-31 17:45:23,2022-06-10 15:37:51
3763,1068,111,0,2021-03-31 17:45:23,2021-06-22 10:52:50
3764,1068,113,0,2021-03-31 17:45:23,2021-06-22 10:52:50
3765,1068,114,0,2021-03-31 17:45:23,2021-06-22 10:52:50
3766,1069,103,0,2021-03-31 17:45:23,2021-05-06 06:52:41
3767,1069,104,0,2021-03-31 17:45:23,2021-05-06 06:52:41
3768,1070,111,0,2021-03-31 17:45:23,2022-06-10 15:37:51
3769,1070,113,0,2021-03-31 17:45:23,2022-06-10 15:37:51
3770,1070,121,0,2021-03-31 17:45:23,2022-06-10 15:37:51
3771,1071,103,0,2021-03-31 17:45:23,2021-06-01 10:11:22
3772,1071,104,0,2021-03-31 17:45:23,2021-06-01 10:11:22
3773,1072,85,0,2021-03-31 17:45:23,2021-05-06 06:52:41
3774,1072,103,0,2021-03-31 17:45:23,2021-05-06 06:52:41
3775,1072,107,0,2021-03-31 17:45:23,2021-05-06 06:52:41
3776,1072,109,0,2021-03-31 17:45:23,2021-05-06 06:52:41
3777,1072,135,0,2021-03-31 17:45:23,2021-05-06 06:52:41
3778,1073,40,0,2021-03-31 17:45:23,2021-05-26 13:20:38
3779,1073,46,0,2021-03-31 17:45:23,2021-05-26 13:20:38
3780,1074,93,0,2021-03-31 17:45:23,2022-06-10 15:37:51
3781,1074,97,0,2021-03-31 17:45:23,2022-06-10 15:37:51
3782,1074,111,0,2021-03-31 17:45:23,2022-06-10 15:37:51
3783,1074,117,0,2021-03-31 17:45:23,2022-06-10 15:37:51
3784,1075,40,0,2021-03-31 17:45:23,2022-06-10 15:37:51
3785,1075,44,0,2021-03-31 17:45:23,2022-06-10 15:37:51
3786,1075,74,0,2021-03-31 17:45:23,2022-06-10 15:37:51
3787,1075,75,0,2021-03-31 17:45:23,2022-06-10 15:37:51
3788,1075,82,0,2021-03-31 17:45:23,2022-06-10 15:37:51
3789,1076,1,0,2021-03-31 17:45:23,2021-06-22 10:52:50
3790,1076,2,0,2021-03-31 17:45:23,2021-06-22 10:52:50
3791,1076,49,0,2021-03-31 17:45:23,2021-06-22 10:52:50
3792,1076,51,0,2021-03-31 17:45:23,2021-06-22 10:52:50
3793,1076,54,0,2021-03-31 17:45:23,2021-06-22 10:52:50
3794,1076,55,0,2021-03-31 17:45:23,2021-06-22 10:52:50
3795,1076,58,0,2021-03-31 17:45:23,2021-06-22 10:52:50
3796,1076,85,0,2021-03-31 17:45:23,2021-06-22 10:52:50
3797,1076,91,0,2021-03-31 17:45:23,2021-06-22 10:52:50
3798,1077,,0,2021-03-31 17:45:23,2021-06-22 10:52:50
3799,1078,111,0,2021-03-31 17:45:23,2022-06-10 15:37:51
3800,1078,117,0,2021-03-31 17:45:23,2022-06-10 15:37:51
3801,1079,85,0,2021-03-31 17:45:23,2021-06-22 10:52:50
3802,1079,90,0,2021-03-31 17:45:23,2021-06-22 10:52:50
3803,1079,103,0,2021-03-31 17:45:23,2021-06-22 10:52:50
3804,1079,107,0,2021-03-31 17:45:23,2021-06-22 10:52:50
3805,1079,140,0,2021-03-31 17:45:23,2021-06-22 10:52:50
3806,1080,113,0,2021-03-31 17:45:23,2022-06-10 15:37:51
3807,1080,114,0,2021-03-31 17:45:23,2022-06-10 15:37:51
3808,1080,116,0,2021-03-31 17:45:23,2022-06-10 15:37:51
3809,1080,117,0,2021-03-31 17:45:23,2022-06-10 15:37:51
3810,1081,40,0,2021-03-31 17:45:23,2022-06-10 15:37:51
3811,1081,46,0,2021-03-31 17:45:23,2022-06-10 15:37:51
3812,1082,49,0,2021-03-31 17:45:23,2022-06-10 15:37:51
3813,1082,54,0,2021-03-31 17:45:23,2022-06-10 15:37:51
3814,1083,49,0,2021-03-31 17:45:23,2022-06-10 15:37:51
3815,1083,54,0,2021-03-31 17:45:23,2022-06-10 15:37:51
3816,1084,40,0,2021-03-31 17:45:23,2022-06-10 15:37:51
3817,1084,41,0,2021-03-31 17:45:23,2022-06-10 15:37:51
3818,1084,43,0,2021-03-31 17:45:23,2022-06-10 15:37:51
3819,1084,59,0,2021-03-31 17:45:23,2022-06-10 15:37:51
3820,1084,61,0,2021-03-31 17:45:23,2022-06-10 15:37:51
3821,1084,63,0,2021-03-31 17:45:23,2022-06-10 15:37:51
3822,1084,93,0,2021-03-31 17:45:23,2022-06-10 15:37:51
3823,1084,101,0,2021-03-31 17:45:23,2022-06-10 15:37:51
3824,1085,111,0,2021-03-31 17:45:23,2021-06-22 10:52:50
3825,1085,112,0,2021-03-31 17:45:23,2021-06-22 10:52:50
3826,1085,117,0,2021-03-31 17:45:23,2021-06-22 10:52:50
3827,1086,,0,2021-03-31 17:45:23,2021-06-22 10:52:50
3828,1087,111,0,2021-03-31 17:45:23,2022-06-10 15:37:51
3829,1087,112,0,2021-03-31 17:45:23,2022-06-10 15:37:51
3830,1087,113,0,2021-03-31 17:45:23,2022-06-10 15:37:51
3831,1087,117,0,2021-03-31 17:45:23,2022-06-10 15:37:51
3832,1087,119,0,2021-03-31 17:45:23,2022-06-10 15:37:51
3833,1087,120,0,2021-03-31 17:45:23,2022-06-10 15:37:51
3834,1087,121,0,2021-03-31 17:45:23,2022-06-10 15:37:51
3835,1088,111,0,2021-03-31 17:45:23,2022-06-10 15:37:51
3836,1088,113,0,2021-03-31 17:45:23,2022-06-10 15:37:51
3837,1088,116,0,2021-03-31 17:45:23,2022-06-10 15:37:51
3838,1088,117,0,2021-03-31 17:45:23,2022-06-10 15:37:51
3839,1088,119,0,2021-03-31 17:45:23,2022-06-10 15:37:51
3840,1089,40,0,2021-03-31 17:45:23,2022-06-10 15:37:51
3841,1089,42,0,2021-03-31 17:45:23,2022-06-10 15:37:51
3842,1090,32,0,2021-03-31 17:45:23,2022-06-10 15:37:51
3843,1090,33,0,2021-03-31 17:45:23,2022-06-10 15:37:51
3844,1091,85,0,2021-03-31 17:45:23,2022-06-10 15:37:51
3845,1091,90,0,2021-03-31 17:45:23,2022-06-10 15:37:51
3846,1091,93,0,2021-03-31 17:45:23,2022-06-10 15:37:51
3847,1091,138,0,2021-03-31 17:45:23,2022-06-10 15:37:51
3848,1092,85,0,2021-03-31 17:45:23,2022-06-10 15:37:51
3849,1092,86,0,2021-03-31 17:45:23,2022-06-10 15:37:51
3850,1092,111,0,2021-03-31 17:45:23,2022-06-10 15:37:51
3851,1092,112,0,2021-03-31 17:45:23,2022-06-10 15:37:51
3852,1092,114,0,2021-03-31 17:45:23,2022-06-10 15:37:51
3853,1092,117,0,2021-03-31 17:45:23,2022-06-10 15:37:51
3854,1093,74,0,2021-03-31 17:45:23,2022-06-10 15:37:51
3855,1093,111,0,2021-03-31 17:45:23,2022-06-10 15:37:51
3856,1093,116,0,2021-03-31 17:45:23,2022-06-10 15:37:51
3857,1094,111,0,2021-03-31 17:45:23,2022-06-10 15:37:51
3858,1094,112,0,2021-03-31 17:45:23,2022-06-10 15:37:51
3859,1094,113,0,2021-03-31 17:45:23,2022-06-10 15:37:51
3860,1094,114,0,2021-03-31 17:45:23,2022-06-10 15:37:51
3861,1094,115,0,2021-03-31 17:45:23,2022-06-10 15:37:51
3862,1094,117,0,2021-03-31 17:45:23,2022-06-10 15:37:51
3863,1095,111,0,2021-03-31 17:45:23,2022-06-10 15:37:51
3864,1095,112,0,2021-03-31 17:45:23,2022-06-10 15:37:51
3865,1095,113,0,2021-03-31 17:45:23,2022-06-10 15:37:51
3866,1095,114,0,2021-03-31 17:45:23,2022-06-10 15:37:51
3867,1095,116,0,2021-03-31 17:45:23,2022-06-10 15:37:51
3868,1095,117,0,2021-03-31 17:45:23,2022-06-10 15:37:51
3869,1095,121,0,2021-03-31 17:45:23,2022-06-10 15:37:51
3870,1096,93,0,2021-03-31 17:45:23,2022-06-10 15:37:51
3871,1096,138,0,2021-03-31 17:45:23,2022-06-10 15:37:51
3872,1097,93,0,2021-03-31 17:45:23,2022-06-10 15:37:51
3873,1097,95,0,2021-03-31 17:45:23,2022-06-10 15:37:51
3874,1097,111,0,2021-03-31 17:45:23,2022-06-10 15:37:51
3875,1097,118,0,2021-03-31 17:45:23,2022-06-10 15:37:51
3876,1098,40,0,2021-03-31 17:45:23,2022-06-10 15:37:51
3877,1098,41,0,2021-03-31 17:45:23,2022-06-10 15:37:51
3878,1098,74,0,2021-03-31 17:45:23,2022-06-10 15:37:51
3879,1098,82,0,2021-03-31 17:45:23,2022-06-10 15:37:51
3880,1099,40,0,2021-03-31 17:45:23,2022-06-10 15:37:51
3881,1099,41,0,2021-03-31 17:45:23,2022-06-10 15:37:51
3882,1099,74,0,2021-03-31 17:45:23,2022-06-10 15:37:51
3883,1099,82,0,2021-03-31 17:45:23,2022-06-10 15:37:51
3884,1100,40,0,2021-03-31 17:45:23,2022-06-10 15:37:51
3885,1100,41,0,2021-03-31 17:45:23,2022-06-10 15:37:51
3886,1100,74,0,2021-03-31 17:45:23,2022-06-10 15:37:51
3887,1100,82,0,2021-03-31 17:45:23,2022-06-10 15:37:51
3888,1101,85,0,2021-03-31 17:45:23,2022-06-10 15:37:51
3889,1101,86,0,2021-03-31 17:45:23,2022-06-10 15:37:51
3890,1101,137,0,2021-03-31 17:45:23,2022-06-10 15:37:51
3891,1102,49,0,2021-03-31 17:45:23,2021-05-26 13:20:38
3892,1102,50,0,2021-03-31 17:45:23,2021-05-26 13:20:38
3893,1102,52,0,2021-03-31 17:45:23,2021-05-26 13:20:38
3894,1103,93,0,2021-03-31 17:45:23,2022-06-10 15:37:51
3895,1103,101,0,2021-03-31 17:45:23,2022-06-10 15:37:51
3896,1103,103,0,2021-03-31 17:45:23,2022-06-10 15:37:51
3897,1103,104,0,2021-03-31 17:45:23,2022-06-10 15:37:51
3898,1104,1,0,2021-03-31 17:45:23,2021-06-22 10:52:50
3899,1104,2,0,2021-03-31 17:45:23,2021-06-22 10:52:50
3900,1104,49,0,2021-03-31 17:45:23,2021-06-22 10:52:50
3901,1104,58,0,2021-03-31 17:45:23,2021-06-22 10:52:50
3902,1104,93,0,2021-03-31 17:45:23,2021-06-22 10:52:50
3903,1104,97,0,2021-03-31 17:45:23,2021-06-22 10:52:50
3904,1105,74,0,2021-03-31 17:45:23,2022-06-10 15:37:51
3905,1105,111,0,2021-03-31 17:45:23,2022-06-10 15:37:51
3906,1105,112,0,2021-03-31 17:45:23,2022-06-10 15:37:51
3907,1105,113,0,2021-03-31 17:45:23,2022-06-10 15:37:51
3908,1105,114,0,2021-03-31 17:45:23,2022-06-10 15:37:51
3909,1105,116,0,2021-03-31 17:45:23,2022-06-10 15:37:51
3910,1105,129,0,2021-03-31 17:45:23,2022-06-10 15:37:51
3911,1106,25,0,2021-03-31 17:45:23,2022-06-10 15:37:51
3912,1106,30,0,2021-03-31 17:45:23,2022-06-10 15:37:51
3913,1107,111,0,2021-03-31 17:45:23,2021-06-22 10:52:50
3914,1107,112,0,2021-03-31 17:45:23,2021-06-22 10:52:50
3915,1107,113,0,2021-03-31 17:45:23,2021-06-22 10:52:50
3916,1107,114,0,2021-03-31 17:45:23,2021-06-22 10:52:50
3917,1107,115,0,2021-03-31 17:45:23,2021-06-22 10:52:50
3918,1107,117,0,2021-03-31 17:45:23,2021-06-22 10:52:50
3919,1108,59,0,2021-03-31 17:45:23,2022-06-10 15:37:51
3920,1108,62,0,2021-03-31 17:45:23,2022-06-10 15:37:51
3921,1108,93,0,2021-03-31 17:45:23,2022-06-10 15:37:51
3922,1108,97,0,2021-03-31 17:45:23,2022-06-10 15:37:51
3923,1109,49,0,2021-03-31 17:45:23,2022-06-10 15:37:51
3924,1109,55,0,2021-03-31 17:45:23,2022-06-10 15:37:51
3925,1110,32,0,2021-03-31 17:45:23,2021-05-17 08:23:40
3926,1110,35,0,2021-03-31 17:45:23,2021-05-17 08:23:40
3927,1111,49,0,2021-03-31 17:45:23,2022-06-10 15:37:51
3928,1111,50,0,2021-03-31 17:45:23,2022-06-10 15:37:51
3929,1112,49,0,2021-03-31 17:45:23,2022-06-10 15:37:51
3930,1112,54,0,2021-03-31 17:45:23,2022-06-10 15:37:51
3931,1112,55,0,2021-03-31 17:45:23,2022-06-10 15:37:51
3932,1112,56,0,2021-03-31 17:45:23,2022-06-10 15:37:51
3933,1112,57,0,2021-03-31 17:45:23,2022-06-10 15:37:51
3934,1112,58,0,2021-03-31 17:45:23,2022-06-10 15:37:51
3935,1112,126,0,2021-03-31 17:45:23,2022-06-10 15:37:51
3936,1113,93,0,2021-03-31 17:45:23,2022-06-10 15:37:51
3937,1113,94,0,2021-03-31 17:45:23,2022-06-10 15:37:51
3938,1114,67,0,2021-03-31 17:45:23,2021-06-22 10:52:50
3939,1114,69,0,2021-03-31 17:45:23,2021-06-22 10:52:50
3940,1115,111,0,2021-03-31 17:45:23,2021-06-22 10:52:50
3941,1115,118,0,2021-03-31 17:45:23,2021-06-22 10:52:50
3942,1116,111,0,2021-03-31 17:45:23,2022-06-10 15:37:51
3943,1116,113,0,2021-03-31 17:45:23,2022-06-10 15:37:51
3944,1117,59,0,2021-03-31 17:45:23,2021-06-22 10:52:50
3945,1117,61,0,2021-03-31 17:45:23,2021-06-22 10:52:50
3946,1117,127,0,2021-03-31 17:45:23,2021-06-22 10:52:50
3947,1118,49,0,2021-03-31 17:45:23,2021-06-22 10:52:50
3948,1118,53,0,2021-03-31 17:45:23,2021-06-22 10:52:50
3949,1119,93,0,2021-03-31 17:45:23,2021-05-17 08:23:40
3950,1119,97,0,2021-03-31 17:45:23,2021-05-17 08:23:40
3951,1119,111,0,2021-03-31 17:45:23,2021-05-17 08:23:40
3952,1119,112,0,2021-03-31 17:45:23,2021-05-17 08:23:40
3953,1119,113,0,2021-03-31 17:45:23,2021-05-17 08:23:40
3954,1119,114,0,2021-03-31 17:45:23,2021-05-17 08:23:40
3955,1119,115,0,2021-03-31 17:45:23,2021-05-17 08:23:40
3956,1119,117,0,2021-03-31 17:45:23,2021-05-17 08:23:40
3957,1120,32,0,2021-03-31 17:45:23,2022-06-10 15:37:51
3958,1120,36,0,2021-03-31 17:45:23,2022-06-10 15:37:51
3959,1121,103,0,2021-03-31 17:45:23,2021-06-22 10:52:50
3960,1122,103,0,2021-03-31 17:45:23,2021-06-22 10:52:50
3961,1122,109,0,2021-03-31 17:45:23,2021-06-22 10:52:50
3962,1123,1,0,2021-03-31 17:45:23,2022-06-10 15:37:51
3963,1123,2,0,2021-03-31 17:45:23,2022-06-10 15:37:51
3964,1123,49,0,2021-03-31 17:45:23,2022-06-10 15:37:51
3965,1123,51,0,2021-03-31 17:45:23,2022-06-10 15:37:51
3966,1123,67,0,2021-03-31 17:45:23,2022-06-10 15:37:51
3967,1123,71,0,2021-03-31 17:45:23,2022-06-10 15:37:51
3968,1124,74,0,2021-03-31 17:45:23,2022-06-10 15:37:51
3969,1124,81,0,2021-03-31 17:45:23,2022-06-10 15:37:51
3970,1124,111,0,2021-03-31 17:45:23,2022-06-10 15:37:51
3971,1124,112,0,2021-03-31 17:45:23,2022-06-10 15:37:51
3972,1124,113,0,2021-03-31 17:45:23,2022-06-10 15:37:51
3973,1124,114,0,2021-03-31 17:45:23,2022-06-10 15:37:51
3974,1124,116,0,2021-03-31 17:45:23,2022-06-10 15:37:51
3975,1124,129,0,2021-03-31 17:45:23,2022-06-10 15:37:51
3976,1125,111,0,2021-03-31 17:45:23,2021-06-22 10:52:50
3977,1125,117,0,2021-03-31 17:45:23,2021-06-22 10:52:50
3978,1126,,0,2021-03-31 17:45:23,2021-04-02 17:05:20
3979,1127,111,0,2021-03-31 17:45:23,2021-06-22 10:52:50
3980,1127,113,0,2021-03-31 17:45:23,2021-06-22 10:52:50
3981,1128,85,0,2021-03-31 17:45:23,2021-06-22 10:52:50
3982,1128,103,0,2021-03-31 17:45:23,2021-06-22 10:52:50
3983,1128,107,0,2021-03-31 17:45:23,2021-06-22 10:52:50
3984,1128,108,0,2021-03-31 17:45:23,2021-06-22 10:52:50
3985,1128,109,0,2021-03-31 17:45:23,2021-06-22 10:52:50
3986,1129,74,0,2021-03-31 17:45:23,2021-06-22 10:52:50
3987,1129,83,0,2021-03-31 17:45:23,2021-06-22 10:52:50
3988,1129,85,0,2021-03-31 17:45:23,2021-06-22 10:52:50
3989,1129,86,0,2021-03-31 17:45:23,2021-06-22 10:52:50
3990,1130,2,0,2021-03-31 17:45:23,2021-04-02 17:05:20
3991,1131,93,0,2021-03-31 17:45:23,2022-06-10 15:37:51
3992,1132,74,0,2021-03-31 17:45:23,2022-06-10 15:37:51
3993,1132,81,0,2021-03-31 17:45:23,2022-06-10 15:37:51
3994,1132,82,0,2021-03-31 17:45:23,2022-06-10 15:37:51
3995,1133,,0,2021-03-31 17:45:24,2021-04-02 17:05:20
3996,1134,25,0,2021-03-31 17:45:24,2022-06-10 15:37:51
3997,1134,26,0,2021-03-31 17:45:24,2022-06-10 15:37:51
3998,1135,25,0,2021-03-31 17:45:24,2022-06-10 15:37:51
3999,1135,124,0,2021-03-31 17:45:24,2022-06-10 15:37:51
4000,1136,93,0,2021-03-31 17:45:24,2022-06-10 15:37:51
4001,1136,100,0,2021-03-31 17:45:24,2022-06-10 15:37:51
4002,1137,74,0,2021-03-31 17:45:24,2022-06-10 15:37:51
4003,1138,59,0,2021-03-31 17:45:24,2022-06-10 15:37:51
4004,1138,128,0,2021-03-31 17:45:24,2022-06-10 15:37:51
4005,1139,49,0,2021-03-31 17:45:24,2022-06-10 15:37:51
4006,1139,52,0,2021-03-31 17:45:24,2022-06-10 15:37:51
4007,1140,49,0,2021-03-31 17:45:24,2022-06-10 15:37:51
4008,1140,54,0,2021-03-31 17:45:24,2022-06-10 15:37:51
4009,1141,67,0,2021-03-31 17:45:24,2022-06-10 15:37:51
4010,1141,68,0,2021-03-31 17:45:24,2022-06-10 15:37:51
4011,1142,49,0,2021-03-31 17:45:24,2022-06-10 15:37:51
4012,1142,51,0,2021-03-31 17:45:24,2022-06-10 15:37:51
4013,1143,40,0,2021-03-31 17:45:24,2022-06-10 15:37:51
4014,1143,41,0,2021-03-31 17:45:24,2022-06-10 15:37:51
4015,1143,74,0,2021-03-31 17:45:24,2022-06-10 15:37:51
4016,1143,82,0,2021-03-31 17:45:24,2022-06-10 15:37:51
4017,1144,15,0,2021-03-31 17:45:24,2022-06-10 15:37:51
4018,1144,17,0,2021-03-31 17:45:24,2022-06-10 15:37:51
4019,1144,18,0,2021-03-31 17:45:24,2022-06-10 15:37:51
4020,1144,19,0,2021-03-31 17:45:24,2022-06-10 15:37:51
4021,1144,20,0,2021-03-31 17:45:24,2022-06-10 15:37:51
4022,1144,21,0,2021-03-31 17:45:24,2022-06-10 15:37:51
4023,1144,23,0,2021-03-31 17:45:24,2022-06-10 15:37:51
4024,1144,24,0,2021-03-31 17:45:24,2022-06-10 15:37:51
4025,1144,32,0,2021-03-31 17:45:24,2022-06-10 15:37:51
4026,1144,35,0,2021-03-31 17:45:24,2022-06-10 15:37:51
4027,1145,85,0,2021-03-31 17:45:24,2021-06-22 10:52:50
4028,1145,89,0,2021-03-31 17:45:24,2021-06-22 10:52:50
4029,1145,93,0,2021-03-31 17:45:24,2021-06-22 10:52:50
4030,1145,95,0,2021-03-31 17:45:24,2021-06-22 10:52:50
4031,1146,85,0,2021-03-31 17:45:24,2022-06-10 15:37:51
4032,1146,89,0,2021-03-31 17:45:24,2022-06-10 15:37:51
4033,1146,111,0,2021-03-31 17:45:24,2022-06-10 15:37:51
4034,1146,115,0,2021-03-31 17:45:24,2022-06-10 15:37:51
4035,1147,85,0,2021-03-31 17:45:24,2022-06-10 15:37:51
4036,1147,86,0,2021-03-31 17:45:24,2022-06-10 15:37:51
4037,1148,49,0,2021-03-31 17:45:24,2022-06-10 15:37:51
4038,1148,55,0,2021-03-31 17:45:24,2022-06-10 15:37:51
4039,1149,111,0,2021-03-31 17:45:24,2021-06-22 10:52:50
4040,1149,112,0,2021-03-31 17:45:24,2021-06-22 10:52:50
4041,1149,113,0,2021-03-31 17:45:24,2021-06-22 10:52:50
4042,1149,116,0,2021-03-31 17:45:24,2021-06-22 10:52:50
4043,1149,117,0,2021-03-31 17:45:24,2021-06-22 10:52:50
4044,1149,121,0,2021-03-31 17:45:24,2021-06-22 10:52:50
4045,1150,93,0,2021-03-31 17:45:24,2022-06-10 15:37:51
4046,1150,100,0,2021-03-31 17:45:24,2022-06-10 15:37:51
4047,1151,49,0,2021-03-31 17:45:24,2022-06-10 15:37:51
4048,1151,54,0,2021-03-31 17:45:24,2022-06-10 15:37:51
4049,1151,57,0,2021-03-31 17:45:24,2022-06-10 15:37:51
4050,1152,49,0,2021-03-31 17:45:24,2022-06-10 15:37:51
4051,1152,55,0,2021-03-31 17:45:24,2022-06-10 15:37:51
4052,1153,49,0,2021-03-31 17:45:24,2022-06-10 15:37:51
4053,1153,50,0,2021-03-31 17:45:24,2022-06-10 15:37:51
4054,1153,54,0,2021-03-31 17:45:24,2022-06-10 15:37:51
4055,1154,49,0,2021-03-31 17:45:24,2022-06-10 15:37:51
4056,1154,51,0,2021-03-31 17:45:24,2022-06-10 15:37:51
4057,1155,103,0,2021-03-31 17:45:24,2022-06-10 15:37:51
4058,1155,141,0,2021-03-31 17:45:24,2022-06-10 15:37:51
4059,1156,103,0,2021-03-31 17:45:24,2022-06-10 15:37:51
4060,1156,104,0,2021-03-31 17:45:24,2022-06-10 15:37:51
4061,1156,105,0,2021-03-31 17:45:24,2022-06-10 15:37:51
4062,1156,106,0,2021-03-31 17:45:24,2022-06-10 15:37:51
4063,1156,107,0,2021-03-31 17:45:24,2022-06-10 15:37:51
4064,1156,108,0,2021-03-31 17:45:24,2022-06-10 15:37:51
4065,1156,109,0,2021-03-31 17:45:24,2022-06-10 15:37:51
4066,1156,110,0,2021-03-31 17:45:24,2022-06-10 15:37:51
4067,1157,51,0,2021-03-31 17:45:24,2022-06-10 15:37:51
4068,1157,53,0,2021-03-31 17:45:24,2022-06-10 15:37:51
4069,1157,54,0,2021-03-31 17:45:24,2022-06-10 15:37:51
4070,1157,55,0,2021-03-31 17:45:24,2022-06-10 15:37:51
4071,1157,56,0,2021-03-31 17:45:24,2022-06-10 15:37:51
4072,1157,57,0,2021-03-31 17:45:24,2022-06-10 15:37:51
4073,1157,58,0,2021-03-31 17:45:24,2022-06-10 15:37:51
4074,1157,74,0,2021-03-31 17:45:24,2022-06-10 15:37:51
4075,1157,85,0,2021-03-31 17:45:24,2022-06-10 15:37:51
4076,1157,89,0,2021-03-31 17:45:24,2022-06-10 15:37:51
4077,1157,93,0,2021-03-31 17:45:24,2022-06-10 15:37:51
4078,1157,94,0,2021-03-31 17:45:24,2022-06-10 15:37:51
4079,1157,95,0,2021-03-31 17:45:24,2022-06-10 15:37:51
4080,1157,129,0,2021-03-31 17:45:24,2022-06-10 15:37:51
4081,1158,111,0,2021-03-31 17:45:24,2022-06-10 15:37:51
4082,1158,112,0,2021-03-31 17:45:24,2022-06-10 15:37:51
4083,1158,113,0,2021-03-31 17:45:24,2022-06-10 15:37:51
4084,1158,114,0,2021-03-31 17:45:24,2022-06-10 15:37:51
4085,1158,115,0,2021-03-31 17:45:24,2022-06-10 15:37:51
4086,1158,117,0,2021-03-31 17:45:24,2022-06-10 15:37:51
4087,1159,49,0,2021-03-31 17:45:24,2022-06-10 15:37:51
4088,1159,50,0,2021-03-31 17:45:24,2022-06-10 15:37:51
4089,1159,51,0,2021-03-31 17:45:24,2022-06-10 15:37:51
4090,1159,52,0,2021-03-31 17:45:24,2022-06-10 15:37:51
4091,1159,93,0,2021-03-31 17:45:24,2022-06-10 15:37:51
4092,1159,100,0,2021-03-31 17:45:24,2022-06-10 15:37:51
4093,1160,93,0,2021-03-31 17:45:24,2022-06-10 15:37:51
4094,1160,100,0,2021-03-31 17:45:24,2022-06-10 15:37:51
4095,1161,93,0,2021-03-31 17:45:24,2022-06-10 15:37:51
4096,1162,15,0,2021-03-31 17:45:24,2021-06-22 10:52:50
4097,1162,17,0,2021-03-31 17:45:24,2021-06-22 10:52:50
4098,1162,19,0,2021-03-31 17:45:24,2021-06-22 10:52:50
4099,1162,21,0,2021-03-31 17:45:24,2021-06-22 10:52:50
4100,1162,74,0,2021-03-31 17:45:24,2021-06-22 10:52:50
4101,1163,85,0,2021-03-31 17:45:24,2022-06-10 15:37:51
4102,1163,103,0,2021-03-31 17:45:24,2022-06-10 15:37:51
4103,1163,106,0,2021-03-31 17:45:24,2022-06-10 15:37:51
4104,1163,109,0,2021-03-31 17:45:24,2022-06-10 15:37:51
4105,1163,135,0,2021-03-31 17:45:24,2022-06-10 15:37:51
4106,1164,111,0,2021-03-31 17:45:24,2022-06-10 15:37:51
4107,1164,112,0,2021-03-31 17:45:24,2022-06-10 15:37:51
4108,1164,113,0,2021-03-31 17:45:24,2022-06-10 15:37:51
4109,1164,116,0,2021-03-31 17:45:24,2022-06-10 15:37:51
4110,1164,117,0,2021-03-31 17:45:24,2022-06-10 15:37:51
4111,1164,118,0,2021-03-31 17:45:24,2022-06-10 15:37:51
4112,1164,119,0,2021-03-31 17:45:24,2022-06-10 15:37:51
4113,1164,121,0,2021-03-31 17:45:24,2022-06-10 15:37:51
4114,1165,111,0,2021-03-31 17:45:24,2022-06-10 15:37:51
4115,1165,121,0,2021-03-31 17:45:24,2022-06-10 15:37:51
4116,1166,74,0,2021-03-31 17:45:24,2022-06-10 15:37:51
4117,1166,113,0,2021-03-31 17:45:24,2022-06-10 15:37:51
4118,1166,114,0,2021-03-31 17:45:24,2022-06-10 15:37:51
4119,1166,116,0,2021-03-31 17:45:24,2022-06-10 15:37:51
4120,1166,117,0,2021-03-31 17:45:24,2022-06-10 15:37:51
4121,1166,129,0,2021-03-31 17:45:24,2022-06-10 15:37:51
4122,1167,40,0,2021-03-31 17:45:24,2022-06-10 15:37:51
4123,1167,41,0,2021-03-31 17:45:24,2022-06-10 15:37:51
4124,1168,49,0,2021-03-31 17:45:24,2022-06-10 15:37:51
4125,1168,54,0,2021-03-31 17:45:24,2022-06-10 15:37:51
4126,1168,55,0,2021-03-31 17:45:24,2022-06-10 15:37:51
4127,1168,56,0,2021-03-31 17:45:24,2022-06-10 15:37:51
4128,1169,103,0,2021-03-31 17:45:24,2022-06-10 15:37:51
4129,1169,108,0,2021-03-31 17:45:24,2022-06-10 15:37:51
4130,1170,93,0,2021-03-31 17:45:24,2022-06-10 15:37:51
4131,1170,138,0,2021-03-31 17:45:24,2022-06-10 15:37:51
4132,1171,59,0,2021-03-31 17:45:24,2021-06-22 10:52:50
4133,1171,61,0,2021-03-31 17:45:24,2021-06-22 10:52:50
4134,1171,93,0,2021-03-31 17:45:24,2021-06-22 10:52:50
4135,1171,101,0,2021-03-31 17:45:24,2021-06-22 10:52:50
4136,1171,127,0,2021-03-31 17:45:24,2021-06-22 10:52:50
4137,1171,128,0,2021-03-31 17:45:24,2021-06-22 10:52:50
4138,1172,,0,2021-03-31 17:45:24,2021-04-26 15:40:32
4139,1173,93,0,2021-03-31 17:45:24,2022-06-10 15:37:51
4140,1173,138,0,2021-03-31 17:45:24,2022-06-10 15:37:51
4141,1174,74,0,2021-03-31 17:45:24,2022-06-10 15:37:51
4142,1174,85,0,2021-03-31 17:45:24,2022-06-10 15:37:51
4143,1174,88,0,2021-03-31 17:45:24,2022-06-10 15:37:51
4144,1174,93,0,2021-03-31 17:45:24,2022-06-10 15:37:51
4145,1174,102,0,2021-03-31 17:45:24,2022-06-10 15:37:51
4146,1174,133,0,2021-03-31 17:45:24,2022-06-10 15:37:51
4147,1174,135,0,2021-03-31 17:45:24,2022-06-10 15:37:51
4148,1174,142,0,2021-03-31 17:45:24,2022-06-10 15:37:51
4149,1175,40,0,2021-03-31 17:45:24,2022-06-10 15:37:51
4150,1175,41,0,2021-03-31 17:45:24,2022-06-10 15:37:51
4151,1175,43,0,2021-03-31 17:45:24,2022-06-10 15:37:51
4152,1176,25,0,2021-03-31 17:45:24,2021-06-22 10:52:50
4153,1176,124,0,2021-03-31 17:45:24,2021-06-22 10:52:50
4154,1177,111,0,2021-03-31 17:45:24,2022-06-10 15:37:51
4155,1177,117,0,2021-03-31 17:45:24,2022-06-10 15:37:51
4156,1177,118,0,2021-03-31 17:45:24,2022-06-10 15:37:51
4157,1178,111,0,2021-03-31 17:45:24,2022-06-10 15:37:51
4158,1178,113,0,2021-03-31 17:45:24,2022-06-10 15:37:51
4159,1178,114,0,2021-03-31 17:45:24,2022-06-10 15:37:51
4160,1179,74,0,2021-03-31 17:45:24,2022-06-10 15:37:51
4161,1179,111,0,2021-03-31 17:45:24,2022-06-10 15:37:51
4162,1179,116,0,2021-03-31 17:45:24,2022-06-10 15:37:51
4163,1179,129,0,2021-03-31 17:45:24,2022-06-10 15:37:51
4164,1180,85,0,2021-03-31 17:45:24,2022-06-10 15:37:51
4165,1180,90,0,2021-03-31 17:45:24,2022-06-10 15:37:51
4166,1181,49,0,2021-03-31 17:45:24,2022-06-10 15:37:51
4167,1181,54,0,2021-03-31 17:45:24,2022-06-10 15:37:51
4168,1181,57,0,2021-03-31 17:45:24,2022-06-10 15:37:51
4169,1181,93,0,2021-03-31 17:45:24,2022-06-10 15:37:51
4170,1181,95,0,2021-03-31 17:45:24,2022-06-10 15:37:51
4171,1182,49,0,2021-03-31 17:45:24,2022-06-10 15:37:51
4172,1182,50,0,2021-03-31 17:45:24,2022-06-10 15:37:51
4173,1183,103,0,2021-03-31 17:45:24,2022-06-10 15:37:51
4174,1183,141,0,2021-03-31 17:45:24,2022-06-10 15:37:51
4175,1184,59,0,2021-03-31 17:45:24,2022-06-10 15:37:51
4176,1184,60,0,2021-03-31 17:45:24,2022-06-10 15:37:51
4177,1184,85,0,2021-03-31 17:45:24,2022-06-10 15:37:51
4178,1184,135,0,2021-03-31 17:45:24,2022-06-10 15:37:51
4179,1185,74,0,2021-03-31 17:45:24,2022-06-10 15:37:51
4180,1185,76,0,2021-03-31 17:45:24,2022-06-10 15:37:51
4181,1185,78,0,2021-03-31 17:45:24,2022-06-10 15:37:51
4182,1185,83,0,2021-03-31 17:45:24,2022-06-10 15:37:51
4183,1185,93,0,2021-03-31 17:45:24,2022-06-10 15:37:51
4184,1185,101,0,2021-03-31 17:45:24,2022-06-10 15:37:51
4185,1186,74,0,2021-03-31 17:45:24,2022-06-10 15:37:51
4186,1186,129,0,2021-03-31 17:45:24,2022-06-10 15:37:51
4187,1187,103,0,2021-03-31 17:45:24,2021-06-22 10:52:50
4188,1187,139,0,2021-03-31 17:45:24,2021-06-22 10:52:50
4189,1188,25,0,2021-03-31 17:45:24,2022-06-10 15:37:51
4190,1188,124,0,2021-03-31 17:45:24,2022-06-10 15:37:51
4191,1189,49,0,2021-03-31 17:45:24,2022-06-10 15:37:51
4192,1189,51,0,2021-03-31 17:45:24,2022-06-10 15:37:51
4193,1189,54,0,2021-03-31 17:45:24,2022-06-10 15:37:51
4194,1189,55,0,2021-03-31 17:45:24,2022-06-10 15:37:51
4195,1190,74,0,2021-03-31 17:45:24,2021-06-22 10:52:50
4196,1190,81,0,2021-03-31 17:45:24,2021-06-22 10:52:50
4197,1190,103,0,2021-03-31 17:45:24,2021-06-22 10:52:50
4198,1190,107,0,2021-03-31 17:45:24,2021-06-22 10:52:50
4199,1191,25,0,2021-03-31 17:45:24,2022-06-10 15:37:51
4200,1191,30,0,2021-03-31 17:45:24,2022-06-10 15:37:51
4201,1191,40,0,2021-03-31 17:45:24,2022-06-10 15:37:51
4202,1191,41,0,2021-03-31 17:45:24,2022-06-10 15:37:51
4203,1191,74,0,2021-03-31 17:45:24,2022-06-10 15:37:51
4204,1191,81,0,2021-03-31 17:45:24,2022-06-10 15:37:51
4205,1191,93,0,2021-03-31 17:45:24,2022-06-10 15:37:51
4206,1191,94,0,2021-03-31 17:45:24,2022-06-10 15:37:51
4207,1191,95,0,2021-03-31 17:45:24,2022-06-10 15:37:51
4208,1191,111,0,2021-03-31 17:45:24,2022-06-10 15:37:51
4209,1191,113,0,2021-03-31 17:45:24,2022-06-10 15:37:51
4210,1191,114,0,2021-03-31 17:45:24,2022-06-10 15:37:51
4211,1191,115,0,2021-03-31 17:45:24,2022-06-10 15:37:51
4212,1191,129,0,2021-03-31 17:45:24,2022-06-10 15:37:51
4213,1192,85,0,2021-03-31 17:45:24,2022-06-10 15:37:51
4214,1192,103,0,2021-03-31 17:45:24,2022-06-10 15:37:51
4215,1192,105,0,2021-03-31 17:45:24,2022-06-10 15:37:51
4216,1192,107,0,2021-03-31 17:45:24,2022-06-10 15:37:51
4217,1192,110,0,2021-03-31 17:45:24,2022-06-10 15:37:51
4218,1193,93,0,2021-03-31 17:45:24,2022-06-10 15:37:51
4219,1193,97,0,2021-03-31 17:45:24,2022-06-10 15:37:51
4220,1193,111,0,2021-03-31 17:45:24,2022-06-10 15:37:51
4221,1193,113,0,2021-03-31 17:45:24,2022-06-10 15:37:51
4222,1193,117,0,2021-03-31 17:45:24,2022-06-10 15:37:51
4223,1194,111,0,2021-03-31 17:45:24,2022-06-10 15:37:51
4224,1194,112,0,2021-03-31 17:45:24,2022-06-10 15:37:51
4225,1195,49,0,2021-03-31 17:45:24,2022-06-10 15:37:51
4226,1195,50,0,2021-03-31 17:45:24,2022-06-10 15:37:51
4227,1195,126,0,2021-03-31 17:45:24,2022-06-10 15:37:51
4228,1196,74,0,2021-03-31 17:45:24,2022-06-10 15:37:51
4229,1196,77,0,2021-03-31 17:45:24,2022-06-10 15:37:51
4230,1196,85,0,2021-03-31 17:45:24,2022-06-10 15:37:51
4231,1196,135,0,2021-03-31 17:45:24,2022-06-10 15:37:51
4232,1197,59,0,2021-03-31 17:45:24,2021-06-22 10:52:50
4233,1197,62,0,2021-03-31 17:45:24,2021-06-22 10:52:50
4234,1197,85,0,2021-03-31 17:45:24,2021-06-22 10:52:50
4235,1198,15,0,2021-03-31 17:45:24,2022-06-10 15:37:51
4236,1198,22,0,2021-03-31 17:45:24,2022-06-10 15:37:51
4237,1199,15,0,2021-03-31 17:45:24,2022-06-10 15:37:51
4238,1199,21,0,2021-03-31 17:45:24,2022-06-10 15:37:51
4239,1200,15,0,2021-03-31 17:45:24,2022-06-10 15:37:51
4240,1200,22,0,2021-03-31 17:45:24,2022-06-10 15:37:51
4241,1201,74,0,2021-03-31 17:45:24,2022-06-10 15:37:51
4242,1201,84,0,2021-03-31 17:45:24,2022-06-10 15:37:51
4243,1202,49,0,2021-03-31 17:45:24,2022-06-10 15:37:51
4244,1202,51,0,2021-03-31 17:45:24,2022-06-10 15:37:51
4245,1203,111,0,2021-03-31 17:45:24,2022-06-10 15:37:51
4246,1203,117,0,2021-03-31 17:45:24,2022-06-10 15:37:51
4247,1203,118,0,2021-03-31 17:45:24,2022-06-10 15:37:51
4248,1204,,0,2021-03-31 17:45:24,2021-06-22 10:52:50
4249,1205,15,0,2021-03-31 17:45:24,2022-06-10 15:37:51
4250,1205,16,0,2021-03-31 17:45:24,2022-06-10 15:37:51
4251,1205,17,0,2021-03-31 17:45:24,2022-06-10 15:37:51
4252,1205,18,0,2021-03-31 17:45:24,2022-06-10 15:37:51
4253,1205,19,0,2021-03-31 17:45:24,2022-06-10 15:37:51
4254,1206,103,0,2021-03-31 17:45:24,2022-06-10 15:37:51
4255,1206,111,0,2021-03-31 17:45:24,2022-06-10 15:37:51
4256,1206,113,0,2021-03-31 17:45:24,2022-06-10 15:37:51
4257,1206,114,0,2021-03-31 17:45:24,2022-06-10 15:37:51
4258,1206,116,0,2021-03-31 17:45:24,2022-06-10 15:37:51
4259,1206,117,0,2021-03-31 17:45:24,2022-06-10 15:37:51
4260,1206,119,0,2021-03-31 17:45:24,2022-06-10 15:37:51
4261,1206,141,0,2021-03-31 17:45:24,2022-06-10 15:37:51
4262,1207,,0,2021-03-31 17:45:24,2021-06-22 10:52:50
4263,1208,103,0,2021-03-31 17:45:24,2022-06-10 15:37:51
4264,1208,108,0,2021-03-31 17:45:24,2022-06-10 15:37:51
4265,1209,103,0,2021-03-31 17:45:24,2022-06-10 15:37:51
4266,1209,140,0,2021-03-31 17:45:24,2022-06-10 15:37:51
4267,1210,15,0,2021-03-31 17:45:24,2022-06-10 15:37:51
4268,1210,23,0,2021-03-31 17:45:24,2022-06-10 15:37:51
4269,1211,40,0,2021-03-31 17:45:24,2022-06-10 15:37:51
4270,1211,46,0,2021-03-31 17:45:24,2022-06-10 15:37:51
4271,1212,74,0,2021-03-31 17:45:24,2022-06-10 15:37:51
4272,1212,76,0,2021-03-31 17:45:24,2022-06-10 15:37:51
4273,1212,85,0,2021-03-31 17:45:24,2022-06-10 15:37:51
4274,1212,86,0,2021-03-31 17:45:24,2022-06-10 15:37:51
4275,1212,93,0,2021-03-31 17:45:24,2022-06-10 15:37:51
4276,1212,101,0,2021-03-31 17:45:24,2022-06-10 15:37:51
4277,1213,103,0,2021-03-31 17:45:24,2022-06-10 15:37:51
4278,1213,108,0,2021-03-31 17:45:24,2022-06-10 15:37:51
4279,1214,112,0,2021-03-31 17:45:24,2022-06-10 15:37:51
4280,1214,113,0,2021-03-31 17:45:24,2022-06-10 15:37:51
4281,1214,114,0,2021-03-31 17:45:24,2022-06-10 15:37:51
4282,1214,115,0,2021-03-31 17:45:24,2022-06-10 15:37:51
4283,1214,117,0,2021-03-31 17:45:24,2022-06-10 15:37:51
4284,1215,111,0,2021-03-31 17:45:24,2021-06-22 10:52:50
4285,1215,117,0,2021-03-31 17:45:24,2021-06-22 10:52:50
4286,1216,111,0,2021-03-31 17:45:24,2021-06-22 10:52:50
4287,1216,112,0,2021-03-31 17:45:24,2021-06-22 10:52:50
4288,1216,113,0,2021-03-31 17:45:24,2021-06-22 10:52:50
4289,1216,114,0,2021-03-31 17:45:24,2021-06-22 10:52:50
4290,1216,116,0,2021-03-31 17:45:24,2021-06-22 10:52:50
4291,1217,103,0,2021-03-31 17:45:24,2021-05-17 14:29:50
4292,1217,104,0,2021-03-31 17:45:24,2021-05-17 14:29:50
4293,1217,105,0,2021-03-31 17:45:24,2021-05-17 14:29:50
4294,1217,106,0,2021-03-31 17:45:24,2021-05-17 14:29:50
4295,1217,107,0,2021-03-31 17:45:24,2021-05-17 14:29:50
4296,1217,108,0,2021-03-31 17:45:24,2021-05-17 14:29:50
4297,1217,109,0,2021-03-31 17:45:24,2021-05-17 14:29:50
4298,1217,110,0,2021-03-31 17:45:24,2021-05-17 14:29:50
4299,1218,15,0,2021-03-31 17:45:24,2022-06-10 15:37:51
4300,1218,21,0,2021-03-31 17:45:24,2022-06-10 15:37:51
4301,1219,93,0,2021-03-31 17:45:24,2022-06-10 15:37:51
4302,1219,97,0,2021-03-31 17:45:24,2022-06-10 15:37:51
4303,1219,111,0,2021-03-31 17:45:24,2022-06-10 15:37:51
4304,1219,112,0,2021-03-31 17:45:24,2022-06-10 15:37:51
4305,1219,113,0,2021-03-31 17:45:24,2022-06-10 15:37:51
4306,1219,114,0,2021-03-31 17:45:24,2022-06-10 15:37:51
4307,1219,117,0,2021-03-31 17:45:24,2022-06-10 15:37:51
4308,1219,118,0,2021-03-31 17:45:24,2022-06-10 15:37:51
4309,1220,40,0,2021-03-31 17:45:24,2022-06-10 15:37:51
4310,1220,41,0,2021-03-31 17:45:24,2022-06-10 15:37:51
4311,1220,47,0,2021-03-31 17:45:24,2022-06-10 15:37:51
4312,1220,74,0,2021-03-31 17:45:24,2022-06-10 15:37:51
4313,1220,82,0,2021-03-31 17:45:24,2022-06-10 15:37:51
4314,1221,93,0,2021-03-31 17:45:24,2021-06-22 10:52:50
4315,1221,97,0,2021-03-31 17:45:24,2021-06-22 10:52:50
4316,1221,111,0,2021-03-31 17:45:24,2021-06-22 10:52:50
4317,1221,118,0,2021-03-31 17:45:24,2021-06-22 10:52:50
4318,1222,67,0,2021-03-31 17:45:24,2021-06-09 09:22:10
4319,1222,70,0,2021-03-31 17:45:24,2021-06-09 09:22:10
4320,1222,93,0,2021-03-31 17:45:24,2021-06-09 09:22:10
4321,1222,99,0,2021-03-31 17:45:24,2021-06-09 09:22:10
4322,1223,74,0,2021-03-31 17:45:24,2022-06-10 15:37:51
4323,1224,49,0,2021-03-31 17:45:24,2022-06-10 15:37:51
4324,1225,4,0,2021-03-31 17:45:24,2022-06-10 15:37:51
4325,1225,9,0,2021-03-31 17:45:24,2022-06-10 15:37:51
4326,1226,40,0,2021-03-31 17:45:24,2021-06-22 10:52:50
4327,1226,41,0,2021-03-31 17:45:24,2021-06-22 10:52:50
4328,1226,43,0,2021-03-31 17:45:24,2021-06-22 10:52:50
4329,1226,46,0,2021-03-31 17:45:24,2021-06-22 10:52:50
4330,1227,40,0,2021-03-31 17:45:24,2022-06-10 15:37:51
4331,1227,41,0,2021-03-31 17:45:24,2022-06-10 15:37:51
4332,1227,43,0,2021-03-31 17:45:24,2022-06-10 15:37:51
4333,1227,46,0,2021-03-31 17:45:24,2022-06-10 15:37:51
4334,1228,40,0,2021-03-31 17:45:24,2022-06-10 15:37:51
4335,1228,41,0,2021-03-31 17:45:24,2022-06-10 15:37:51
4336,1228,42,0,2021-03-31 17:45:24,2022-06-10 15:37:51
4337,1228,44,0,2021-03-31 17:45:24,2022-06-10 15:37:51
4338,1228,46,0,2021-03-31 17:45:24,2022-06-10 15:37:51
4339,1228,48,0,2021-03-31 17:45:24,2022-06-10 15:37:51
4340,1228,74,0,2021-03-31 17:45:24,2022-06-10 15:37:51
4341,1228,75,0,2021-03-31 17:45:24,2022-06-10 15:37:51
4342,1228,82,0,2021-03-31 17:45:24,2022-06-10 15:37:51
4343,1229,74,0,2021-03-31 17:45:24,2022-06-10 15:37:51
4344,1229,111,0,2021-03-31 17:45:24,2022-06-10 15:37:51
4345,1229,116,0,2021-03-31 17:45:24,2022-06-10 15:37:51
4346,1230,93,0,2021-03-31 17:45:24,2022-06-10 15:37:51
4347,1230,97,0,2021-03-31 17:45:24,2022-06-10 15:37:51
4348,1230,111,0,2021-03-31 17:45:24,2022-06-10 15:37:51
4349,1230,113,0,2021-03-31 17:45:24,2022-06-10 15:37:51
4350,1230,114,0,2021-03-31 17:45:24,2022-06-10 15:37:51
4351,1230,117,0,2021-03-31 17:45:24,2022-06-10 15:37:51
4352,1231,49,0,2021-03-31 17:45:24,2022-06-10 15:37:51
4353,1231,50,0,2021-03-31 17:45:24,2022-06-10 15:37:51
4354,1231,52,0,2021-03-31 17:45:24,2022-06-10 15:37:51
4355,1232,103,0,2021-03-31 17:45:24,2022-06-10 15:37:51
4356,1232,107,0,2021-03-31 17:45:24,2022-06-10 15:37:51
4357,1233,,0,2021-03-31 17:45:24,2021-06-22 10:52:50
4358,1234,74,0,2021-03-31 17:45:24,2022-06-10 15:37:51
4359,1235,3,0,2021-03-31 17:45:24,2022-06-10 15:37:51
4360,1235,40,0,2021-03-31 17:45:24,2022-06-10 15:37:51
4361,1235,41,0,2021-03-31 17:45:24,2022-06-10 15:37:51
4362,1235,43,0,2021-03-31 17:45:24,2022-06-10 15:37:51
4363,1236,15,0,2021-03-31 17:45:24,2022-06-10 15:37:51
4364,1236,17,0,2021-03-31 17:45:24,2022-06-10 15:37:51
4365,1236,19,0,2021-03-31 17:45:24,2022-06-10 15:37:51
4366,1236,23,0,2021-03-31 17:45:24,2022-06-10 15:37:51
4367,1236,93,0,2021-03-31 17:45:24,2022-06-10 15:37:51
4368,1236,99,0,2021-03-31 17:45:24,2022-06-10 15:37:51
4369,1237,15,0,2021-03-31 17:45:24,2022-06-10 15:37:51
4370,1238,40,0,2021-03-31 17:45:24,2022-06-10 15:37:51
4371,1238,41,0,2021-03-31 17:45:24,2022-06-10 15:37:51
4372,1238,43,0,2021-03-31 17:45:24,2022-06-10 15:37:51
4373,1239,15,0,2021-03-31 17:45:24,2022-06-10 15:37:51
4374,1239,16,0,2021-03-31 17:45:24,2022-06-10 15:37:51
4375,1239,18,0,2021-03-31 17:45:24,2022-06-10 15:37:51
4376,1239,19,0,2021-03-31 17:45:24,2022-06-10 15:37:51
4377,1239,20,0,2021-03-31 17:45:24,2022-06-10 15:37:51
4378,1239,21,0,2021-03-31 17:45:24,2022-06-10 15:37:51
4379,1239,23,0,2021-03-31 17:45:24,2022-06-10 15:37:51
4380,1239,32,0,2021-03-31 17:45:24,2022-06-10 15:37:51
4381,1239,35,0,2021-03-31 17:45:24,2022-06-10 15:37:51
4382,1239,38,0,2021-03-31 17:45:24,2022-06-10 15:37:51
4383,1239,85,0,2021-03-31 17:45:24,2022-06-10 15:37:51
4384,1239,90,0,2021-03-31 17:45:24,2022-06-10 15:37:51
4385,1240,40,0,2021-03-31 17:45:24,2022-06-10 15:37:51
4386,1240,41,0,2021-03-31 17:45:24,2022-06-10 15:37:51
4387,1240,43,0,2021-03-31 17:45:24,2022-06-10 15:37:51
4388,1240,48,0,2021-03-31 17:45:24,2022-06-10 15:37:51
4389,1241,74,0,2021-03-31 17:45:24,2022-06-10 15:37:51
4390,1241,111,0,2021-03-31 17:45:24,2022-06-10 15:37:51
4391,1241,116,0,2021-03-31 17:45:24,2022-06-10 15:37:51
4392,1241,117,0,2021-03-31 17:45:24,2022-06-10 15:37:51
4393,1242,2,0,2021-03-31 17:45:24,2022-06-10 15:37:51
4394,1242,49,0,2021-03-31 17:45:24,2022-06-10 15:37:51
4395,1242,51,0,2021-03-31 17:45:24,2022-06-10 15:37:51
4396,1242,53,0,2021-03-31 17:45:24,2022-06-10 15:37:51
4397,1242,54,0,2021-03-31 17:45:24,2022-06-10 15:37:51
4398,1242,55,0,2021-03-31 17:45:24,2022-06-10 15:37:51
4399,1242,56,0,2021-03-31 17:45:24,2022-06-10 15:37:51
4400,1242,57,0,2021-03-31 17:45:24,2022-06-10 15:37:51
4401,1242,58,0,2021-03-31 17:45:24,2022-06-10 15:37:51
4402,1243,111,0,2021-03-31 17:45:24,2022-06-10 15:37:51
4403,1243,112,0,2021-03-31 17:45:24,2022-06-10 15:37:51
4404,1243,113,0,2021-03-31 17:45:24,2022-06-10 15:37:51
4405,1243,114,0,2021-03-31 17:45:24,2022-06-10 15:37:51
4406,1243,117,0,2021-03-31 17:45:24,2022-06-10 15:37:51
4407,1243,118,0,2021-03-31 17:45:24,2022-06-10 15:37:51
4408,1244,15,0,2021-03-31 17:45:24,2022-06-10 15:37:51
4409,1244,16,0,2021-03-31 17:45:24,2022-06-10 15:37:51
4410,1244,22,0,2021-03-31 17:45:24,2022-06-10 15:37:51
4411,1245,111,0,2021-03-31 17:45:24,2022-06-10 15:37:51
4412,1245,112,0,2021-03-31 17:45:24,2022-06-10 15:37:51
4413,1245,114,0,2021-03-31 17:45:24,2022-06-10 15:37:51
4414,1245,117,0,2021-03-31 17:45:24,2022-06-10 15:37:51
4415,1246,49,0,2021-03-31 17:45:24,2022-06-10 15:37:51
4416,1246,54,0,2021-03-31 17:45:24,2022-06-10 15:37:51
4417,1247,103,0,2021-03-31 17:45:24,2022-06-10 15:37:51
4418,1247,139,0,2021-03-31 17:45:24,2022-06-10 15:37:51
4419,1248,111,0,2021-03-31 17:45:24,2022-06-10 15:37:51
4420,1248,112,0,2021-03-31 17:45:24,2022-06-10 15:37:51
4421,1249,93,0,2021-03-31 17:45:24,2022-06-10 15:37:51
4422,1249,97,0,2021-03-31 17:45:24,2022-06-10 15:37:51
4423,1249,111,0,2021-03-31 17:45:24,2022-06-10 15:37:51
4424,1249,114,0,2021-03-31 17:45:24,2022-06-10 15:37:51
4425,1249,117,0,2021-03-31 17:45:24,2022-06-10 15:37:51
4426,1249,120,0,2021-03-31 17:45:24,2022-06-10 15:37:51
4427,1250,111,0,2021-03-31 17:45:24,2022-06-10 15:37:51
4428,1250,112,0,2021-03-31 17:45:24,2022-06-10 15:37:51
4429,1251,49,0,2021-03-31 17:45:24,2022-06-10 15:37:51
4430,1251,50,0,2021-03-31 17:45:24,2022-06-10 15:37:51
4431,1251,55,0,2021-03-31 17:45:24,2022-06-10 15:37:51
4432,1251,56,0,2021-03-31 17:45:24,2022-06-10 15:37:51
4433,1252,93,0,2021-03-31 17:45:24,2022-06-10 15:37:51
4434,1252,100,0,2021-03-31 17:45:24,2022-06-10 15:37:51
4435,1253,93,0,2021-03-31 17:45:24,2021-05-07 11:10:35
4436,1253,100,0,2021-03-31 17:45:24,2021-05-07 11:10:35
4437,1254,49,0,2021-03-31 17:45:24,2022-06-10 15:37:51
4438,1254,50,0,2021-03-31 17:45:24,2022-06-10 15:37:51
4439,1255,49,0,2021-03-31 17:45:24,2022-06-10 15:37:51
4440,1255,50,0,2021-03-31 17:45:24,2022-06-10 15:37:51
4441,1256,40,0,2021-03-31 17:45:24,2022-06-10 15:37:51
4442,1256,43,0,2021-03-31 17:45:24,2022-06-10 15:37:51
4443,1257,85,0,2021-03-31 17:45:24,2022-06-10 15:37:51
4444,1257,86,0,2021-03-31 17:45:24,2022-06-10 15:37:51
4445,1257,88,0,2021-03-31 17:45:24,2022-06-10 15:37:51
4446,1258,40,0,2021-03-31 17:45:24,2022-06-10 15:37:51
4447,1258,41,0,2021-03-31 17:45:24,2022-06-10 15:37:51
4448,1258,85,0,2021-03-31 17:45:24,2022-06-10 15:37:51
4449,1258,86,0,2021-03-31 17:45:24,2022-06-10 15:37:51
4450,1259,15,0,2021-03-31 17:45:24,2022-06-10 15:37:51
4451,1259,16,0,2021-03-31 17:45:24,2022-06-10 15:37:51
4452,1259,17,0,2021-03-31 17:45:24,2022-06-10 15:37:51
4453,1259,22,0,2021-03-31 17:45:24,2022-06-10 15:37:51
4454,1259,49,0,2021-03-31 17:45:24,2022-06-10 15:37:51
4455,1259,50,0,2021-03-31 17:45:24,2022-06-10 15:37:51
4456,1259,51,0,2021-03-31 17:45:24,2022-06-10 15:37:51
4457,1259,74,0,2021-03-31 17:45:24,2022-06-10 15:37:51
4458,1260,103,0,2021-03-31 17:45:24,2021-06-22 10:52:50
4459,1260,104,0,2021-03-31 17:45:24,2021-06-22 10:52:50
4460,1260,105,0,2021-03-31 17:45:24,2021-06-22 10:52:50
4461,1260,107,0,2021-03-31 17:45:24,2021-06-22 10:52:50
4462,1260,108,0,2021-03-31 17:45:24,2021-06-22 10:52:50
4463,1260,109,0,2021-03-31 17:45:24,2021-06-22 10:52:50
4464,1261,85,0,2021-03-31 17:45:24,2022-06-10 15:37:51
4465,1261,111,0,2021-03-31 17:45:24,2022-06-10 15:37:51
4466,1261,118,0,2021-03-31 17:45:24,2022-06-10 15:37:51
4467,1262,49,0,2021-03-31 17:45:24,2022-06-10 15:37:51
4468,1263,15,0,2021-03-31 17:45:24,2021-06-11 10:42:43
4469,1263,16,0,2021-03-31 17:45:24,2021-06-11 10:42:43
4470,1263,17,0,2021-03-31 17:45:24,2021-06-11 10:42:43
4471,1263,19,0,2021-03-31 17:45:24,2021-06-11 10:42:43
4472,1263,22,0,2021-03-31 17:45:24,2021-06-11 10:42:43
4473,1263,67,0,2021-03-31 17:45:24,2021-06-11 10:42:43
4474,1263,71,0,2021-03-31 17:45:24,2021-06-11 10:42:43
4475,1263,111,0,2021-03-31 17:45:24,2021-06-11 10:42:43
4476,1263,112,0,2021-03-31 17:45:24,2021-06-11 10:42:43
4477,1263,113,0,2021-03-31 17:45:24,2021-06-11 10:42:43
4478,1263,114,0,2021-03-31 17:45:24,2021-06-11 10:42:43
4479,1263,117,0,2021-03-31 17:45:24,2021-06-11 10:42:43
4480,1264,93,0,2021-03-31 17:45:24,2022-06-10 15:37:51
4481,1264,95,0,2021-03-31 17:45:24,2022-06-10 15:37:51
4482,1265,49,0,2021-03-31 17:45:24,2021-06-22 10:52:50
4483,1265,54,0,2021-03-31 17:45:24,2021-06-22 10:52:50
4484,1265,55,0,2021-03-31 17:45:24,2021-06-22 10:52:50
4485,1265,56,0,2021-03-31 17:45:24,2021-06-22 10:52:50
4486,1265,57,0,2021-03-31 17:45:24,2021-06-22 10:52:50
4487,1265,58,0,2021-03-31 17:45:24,2021-06-22 10:52:50
4488,1266,93,0,2021-03-31 17:45:24,2021-06-22 10:52:50
4489,1266,98,0,2021-03-31 17:45:24,2021-06-22 10:52:50
4490,1267,49,0,2021-03-31 17:45:24,2022-06-10 15:37:51
4491,1267,54,0,2021-03-31 17:45:24,2022-06-10 15:37:51
4492,1267,57,0,2021-03-31 17:45:24,2022-06-10 15:37:51
4493,1267,58,0,2021-03-31 17:45:24,2022-06-10 15:37:51
4494,1268,74,0,2021-03-31 17:45:24,2022-06-10 15:37:51
4495,1268,76,0,2021-03-31 17:45:24,2022-06-10 15:37:51
4496,1268,93,0,2021-03-31 17:45:24,2022-06-10 15:37:51
4497,1268,101,0,2021-03-31 17:45:24,2022-06-10 15:37:51
4498,1269,2,0,2021-03-31 17:45:24,2022-06-10 15:37:51
4499,1270,74,0,2021-03-31 17:45:24,2021-06-22 10:52:50
4500,1270,81,0,2021-03-31 17:45:24,2021-06-22 10:52:50
4501,1270,103,0,2021-03-31 17:45:24,2021-06-22 10:52:50
4502,1270,141,0,2021-03-31 17:45:24,2021-06-22 10:52:50
4503,1271,111,0,2021-03-31 17:45:24,2021-06-22 10:52:50
4504,1271,112,0,2021-03-31 17:45:24,2021-06-22 10:52:50
4505,1271,117,0,2021-03-31 17:45:24,2021-06-22 10:52:50
4506,1272,85,0,2021-03-31 17:45:24,2021-06-22 10:52:50
4507,1272,93,0,2021-03-31 17:45:24,2021-06-22 10:52:50
4508,1272,101,0,2021-03-31 17:45:24,2021-06-22 10:52:50
4509,1272,135,0,2021-03-31 17:45:24,2021-06-22 10:52:50
4510,1272,142,0,2021-03-31 17:45:24,2021-06-22 10:52:50
4511,1273,25,0,2021-03-31 17:45:24,2022-06-10 15:37:51
4512,1273,26,0,2021-03-31 17:45:24,2022-06-10 15:37:51
4513,1273,124,0,2021-03-31 17:45:24,2022-06-10 15:37:51
4514,1274,85,0,2021-03-31 17:45:24,2022-06-10 15:37:51
4515,1274,103,0,2021-03-31 17:45:24,2022-06-10 15:37:51
4516,1274,106,0,2021-03-31 17:45:24,2022-06-10 15:37:51
4517,1274,109,0,2021-03-31 17:45:24,2022-06-10 15:37:51
4518,1274,135,0,2021-03-31 17:45:24,2022-06-10 15:37:51
4519,1274,139,0,2021-03-31 17:45:24,2022-06-10 15:37:51
4520,1275,40,0,2021-03-31 17:45:24,2021-06-22 10:52:50
4521,1275,41,0,2021-03-31 17:45:24,2021-06-22 10:52:50
4522,1276,93,0,2021-03-31 17:45:24,2022-06-10 15:37:51
4523,1276,98,0,2021-03-31 17:45:24,2022-06-10 15:37:51
4524,1276,111,0,2021-03-31 17:45:24,2022-06-10 15:37:51
4525,1276,119,0,2021-03-31 17:45:24,2022-06-10 15:37:51
4526,1277,59,0,2021-03-31 17:45:24,2022-06-10 15:37:51
4527,1277,60,0,2021-03-31 17:45:24,2022-06-10 15:37:51
4528,1277,61,0,2021-03-31 17:45:24,2022-06-10 15:37:51
4529,1277,74,0,2021-03-31 17:45:24,2022-06-10 15:37:51
4530,1277,85,0,2021-03-31 17:45:24,2022-06-10 15:37:51
4531,1277,133,0,2021-03-31 17:45:24,2022-06-10 15:37:51
4532,1277,135,0,2021-03-31 17:45:24,2022-06-10 15:37:51
4533,1278,67,0,2021-03-31 17:45:24,2022-06-10 15:37:51
4534,1278,70,0,2021-03-31 17:45:24,2022-06-10 15:37:51
4535,1278,71,0,2021-03-31 17:45:24,2022-06-10 15:37:51
4536,1278,93,0,2021-03-31 17:45:24,2022-06-10 15:37:51
4537,1278,99,0,2021-03-31 17:45:24,2022-06-10 15:37:51
4538,1279,111,0,2021-03-31 17:45:24,2021-06-22 10:52:50
4539,1279,112,0,2021-03-31 17:45:24,2021-06-22 10:52:50
4540,1280,74,0,2021-03-31 17:45:24,2022-06-10 15:37:51
4541,1280,111,0,2021-03-31 17:45:24,2022-06-10 15:37:51
4542,1280,116,0,2021-03-31 17:45:24,2022-06-10 15:37:51
4543,1280,129,0,2021-03-31 17:45:24,2022-06-10 15:37:51
4544,1281,40,0,2021-03-31 17:45:24,2021-05-26 13:20:38
4545,1281,41,0,2021-03-31 17:45:24,2021-05-26 13:20:38
4546,1281,43,0,2021-03-31 17:45:24,2021-05-26 13:20:38
4547,1281,47,0,2021-03-31 17:45:24,2021-05-26 13:20:38
4548,1282,49,0,2021-03-31 17:45:24,2022-06-10 15:37:51
4549,1282,53,0,2021-03-31 17:45:24,2022-06-10 15:37:51
4550,1282,57,0,2021-03-31 17:45:24,2022-06-10 15:37:51
4551,1283,15,0,2021-03-31 17:45:24,2021-06-22 10:52:50
4552,1283,25,0,2021-03-31 17:45:24,2021-06-22 10:52:50
4553,1283,67,0,2021-03-31 17:45:24,2021-06-22 10:52:50
4554,1283,71,0,2021-03-31 17:45:24,2021-06-22 10:52:50
4555,1283,122,0,2021-03-31 17:45:24,2021-06-22 10:52:50
4556,1283,124,0,2021-03-31 17:45:24,2021-06-22 10:52:50
4557,1284,85,0,2021-03-31 17:45:24,2022-06-10 15:37:51
4558,1284,103,0,2021-03-31 17:45:24,2022-06-10 15:37:51
4559,1284,104,0,2021-03-31 17:45:24,2022-06-10 15:37:51
4560,1284,110,0,2021-03-31 17:45:24,2022-06-10 15:37:51
4561,1284,135,0,2021-03-31 17:45:24,2022-06-10 15:37:51
4562,1284,139,0,2021-03-31 17:45:24,2022-06-10 15:37:51
4563,1285,25,0,2021-03-31 17:45:24,2022-06-10 15:37:51
4564,1285,30,0,2021-03-31 17:45:24,2022-06-10 15:37:51
4565,1285,74,0,2021-03-31 17:45:24,2022-06-10 15:37:51
4566,1285,85,0,2021-03-31 17:45:24,2022-06-10 15:37:51
4567,1285,130,0,2021-03-31 17:45:24,2022-06-10 15:37:51
4568,1285,137,0,2021-03-31 17:45:24,2022-06-10 15:37:51
4569,1286,111,0,2021-03-31 17:45:24,2022-06-10 15:37:51
4570,1286,118,0,2021-03-31 17:45:24,2022-06-10 15:37:51
4571,1287,93,0,2021-03-31 17:45:24,2022-06-10 15:37:51
4572,1287,138,0,2021-03-31 17:45:24,2022-06-10 15:37:51
4573,1288,49,0,2021-03-31 17:45:24,2022-06-10 15:37:51
4574,1288,51,0,2021-03-31 17:45:24,2022-06-10 15:37:51
4575,1288,54,0,2021-03-31 17:45:24,2022-06-10 15:37:51
4576,1288,55,0,2021-03-31 17:45:24,2022-06-10 15:37:51
4577,1288,58,0,2021-03-31 17:45:24,2022-06-10 15:37:51
4578,1288,74,0,2021-03-31 17:45:24,2022-06-10 15:37:51
4579,1288,103,0,2021-03-31 17:45:24,2022-06-10 15:37:51
4580,1288,105,0,2021-03-31 17:45:24,2022-06-10 15:37:51
4581,1288,111,0,2021-03-31 17:45:24,2022-06-10 15:37:51
4582,1288,112,0,2021-03-31 17:45:24,2022-06-10 15:37:51
4583,1288,113,0,2021-03-31 17:45:24,2022-06-10 15:37:51
4584,1288,114,0,2021-03-31 17:45:24,2022-06-10 15:37:51
4585,1288,115,0,2021-03-31 17:45:24,2022-06-10 15:37:51
4586,1288,116,0,2021-03-31 17:45:24,2022-06-10 15:37:51
4587,1288,117,0,2021-03-31 17:45:24,2022-06-10 15:37:51
4588,1288,119,0,2021-03-31 17:45:24,2022-06-10 15:37:51
4589,1288,121,0,2021-03-31 17:45:24,2022-06-10 15:37:51
4590,1289,74,0,2021-03-31 17:45:24,2022-06-10 15:37:51
4591,1289,81,0,2021-03-31 17:45:24,2022-06-10 15:37:51
4592,1289,103,0,2021-03-31 17:45:24,2022-06-10 15:37:51
4593,1289,129,0,2021-03-31 17:45:24,2022-06-10 15:37:51
4594,1289,141,0,2021-03-31 17:45:24,2022-06-10 15:37:51
4595,1290,49,0,2021-03-31 17:45:24,2021-06-22 10:52:50
4596,1290,126,0,2021-03-31 17:45:24,2021-06-22 10:52:50
4597,1291,74,0,2021-03-31 17:45:24,2022-06-10 15:37:51
4598,1291,131,0,2021-03-31 17:45:24,2022-06-10 15:37:51
4599,1292,40,0,2021-03-31 17:45:24,2022-06-10 15:37:51
4600,1292,47,0,2021-03-31 17:45:24,2022-06-10 15:37:51
4601,1293,40,0,2021-03-31 17:45:24,2022-06-10 15:37:51
4602,1293,42,0,2021-03-31 17:45:24,2022-06-10 15:37:51
4603,1294,49,0,2021-03-31 17:45:24,2022-06-10 15:37:51
4604,1294,50,0,2021-03-31 17:45:24,2022-06-10 15:37:51
4605,1294,85,0,2021-03-31 17:45:24,2022-06-10 15:37:51
4606,1294,90,0,2021-03-31 17:45:24,2022-06-10 15:37:51
4607,1295,49,0,2021-03-31 17:45:24,2022-06-10 15:37:51
4608,1295,50,0,2021-03-31 17:45:24,2022-06-10 15:37:51
4609,1295,51,0,2021-03-31 17:45:24,2022-06-10 15:37:51
4610,1295,126,0,2021-03-31 17:45:24,2022-06-10 15:37:51
4611,1296,85,0,2021-03-31 17:45:24,2022-06-10 15:37:51
4612,1296,118,0,2021-03-31 17:45:24,2022-06-10 15:37:51
4613,1296,136,0,2021-03-31 17:45:24,2022-06-10 15:37:51
4614,1297,49,0,2021-03-31 17:45:24,2022-06-10 15:37:51
4615,1297,50,0,2021-03-31 17:45:24,2022-06-10 15:37:51
4616,1297,51,0,2021-03-31 17:45:24,2022-06-10 15:37:51
4617,1297,53,0,2021-03-31 17:45:24,2022-06-10 15:37:51
4618,1297,54,0,2021-03-31 17:45:24,2022-06-10 15:37:51
4619,1297,55,0,2021-03-31 17:45:24,2022-06-10 15:37:51
4620,1297,56,0,2021-03-31 17:45:24,2022-06-10 15:37:51
4621,1297,57,0,2021-03-31 17:45:24,2022-06-10 15:37:51
4622,1297,58,0,2021-03-31 17:45:24,2022-06-10 15:37:51
4623,1298,74,0,2021-03-31 17:45:24,2022-06-10 15:37:51
4624,1298,82,0,2021-03-31 17:45:24,2022-06-10 15:37:51
4625,1298,131,0,2021-03-31 17:45:24,2022-06-10 15:37:51
4626,1299,49,0,2021-03-31 17:45:24,2021-06-22 10:52:50
4627,1299,53,0,2021-03-31 17:45:24,2021-06-22 10:52:50
4628,1299,54,0,2021-03-31 17:45:24,2021-06-22 10:52:50
4629,1299,57,0,2021-03-31 17:45:24,2021-06-22 10:52:50
4630,1300,59,0,2021-03-31 17:45:24,2022-06-10 15:37:51
4631,1300,127,0,2021-03-31 17:45:24,2022-06-10 15:37:51
4632,1300,128,0,2021-03-31 17:45:24,2022-06-10 15:37:51
4633,1301,,0,2021-03-31 17:45:24,2021-05-03 08:20:25
4634,1302,93,0,2021-03-31 17:45:24,2022-06-10 15:37:51
4635,1302,100,0,2021-03-31 17:45:24,2022-06-10 15:37:51
4636,1303,111,0,2021-03-31 17:45:25,2022-06-10 15:37:51
4637,1303,113,0,2021-03-31 17:45:25,2022-06-10 15:37:51
4638,1303,117,0,2021-03-31 17:45:25,2022-06-10 15:37:51
4639,1303,119,0,2021-03-31 17:45:25,2022-06-10 15:37:51
4640,1303,121,0,2021-03-31 17:45:25,2022-06-10 15:37:51
4641,1304,103,0,2021-03-31 17:45:25,2022-06-10 15:37:51
4642,1304,141,0,2021-03-31 17:45:25,2022-06-10 15:37:51
4643,1305,62,0,2021-03-31 17:45:25,2022-06-10 15:37:51
4644,1305,103,0,2021-03-31 17:45:25,2022-06-10 15:37:51
4645,1305,127,0,2021-03-31 17:45:25,2022-06-10 15:37:51
4646,1305,141,0,2021-03-31 17:45:25,2022-06-10 15:37:51
4647,1306,15,0,2021-03-31 17:45:25,2022-06-10 15:37:51
4648,1306,16,0,2021-03-31 17:45:25,2022-06-10 15:37:51
4649,1306,17,0,2021-03-31 17:45:25,2022-06-10 15:37:51
4650,1306,21,0,2021-03-31 17:45:25,2022-06-10 15:37:51
4651,1306,49,0,2021-03-31 17:45:25,2022-06-10 15:37:51
4652,1306,50,0,2021-03-31 17:45:25,2022-06-10 15:37:51
4653,1306,51,0,2021-03-31 17:45:25,2022-06-10 15:37:51
4654,1306,74,0,2021-03-31 17:45:25,2022-06-10 15:37:51
4655,1307,111,0,2021-03-31 17:45:25,2022-06-10 15:37:51
4656,1307,113,0,2021-03-31 17:45:25,2022-06-10 15:37:51
4657,1307,114,0,2021-03-31 17:45:25,2022-06-10 15:37:51
4658,1307,117,0,2021-03-31 17:45:25,2022-06-10 15:37:51
4659,1308,103,0,2021-03-31 17:45:25,2022-06-10 15:37:51
4660,1308,141,0,2021-03-31 17:45:25,2022-06-10 15:37:51
4661,1309,93,0,2021-03-31 17:45:25,2022-06-10 15:37:51
4662,1309,94,0,2021-03-31 17:45:25,2022-06-10 15:37:51
4663,1310,74,0,2021-03-31 17:45:25,2022-06-10 15:37:51
4664,1310,130,0,2021-03-31 17:45:25,2022-06-10 15:37:51
4665,1311,93,0,2021-03-31 17:45:25,2022-06-10 15:37:51
4666,1311,94,0,2021-03-31 17:45:25,2022-06-10 15:37:51
4667,1312,74,0,2021-03-31 17:45:25,2021-06-22 10:52:50
4668,1312,82,0,2021-03-31 17:45:25,2021-06-22 10:52:50
4669,1312,129,0,2021-03-31 17:45:25,2021-06-22 10:52:50
4670,1312,131,0,2021-03-31 17:45:25,2021-06-22 10:52:50
4671,1313,85,0,2021-03-31 17:45:25,2022-06-10 15:37:51
4672,1313,142,0,2021-03-31 17:45:25,2022-06-10 15:37:51
4673,1314,74,0,2021-03-31 17:45:25,2021-06-22 10:52:50
4674,1314,129,0,2021-03-31 17:45:25,2021-06-22 10:52:50
4675,1315,49,0,2021-03-31 17:45:25,2022-06-10 15:37:51
4676,1315,51,0,2021-03-31 17:45:25,2022-06-10 15:37:51
4677,1316,,0,2021-03-31 17:45:25,2021-05-17 08:23:40
4678,1317,49,0,2021-03-31 17:45:25,2022-06-10 15:37:51
4679,1317,53,0,2021-03-31 17:45:25,2022-06-10 15:37:51
4680,1317,54,0,2021-03-31 17:45:25,2022-06-10 15:37:51
4681,1317,57,0,2021-03-31 17:45:25,2022-06-10 15:37:51
4682,1318,59,0,2021-03-31 17:45:25,2022-06-10 15:37:51
4683,1318,62,0,2021-03-31 17:45:25,2022-06-10 15:37:51
4684,1318,85,0,2021-03-31 17:45:25,2022-06-10 15:37:51
4685,1318,134,0,2021-03-31 17:45:25,2022-06-10 15:37:51
4686,1319,,0,2021-03-31 17:45:25,2021-04-14 10:09:17
4687,1320,111,0,2021-03-31 17:45:25,2022-06-10 15:37:51
4688,1320,112,0,2021-03-31 17:45:25,2022-06-10 15:37:51
4689,1320,113,0,2021-03-31 17:45:25,2022-06-10 15:37:51
4690,1320,114,0,2021-03-31 17:45:25,2022-06-10 15:37:51
4691,1320,115,0,2021-03-31 17:45:25,2022-06-10 15:37:51
4692,1320,116,0,2021-03-31 17:45:25,2022-06-10 15:37:51
4693,1320,117,0,2021-03-31 17:45:25,2022-06-10 15:37:51
4694,1320,121,0,2021-03-31 17:45:25,2022-06-10 15:37:51
4695,1321,111,0,2021-03-31 17:45:25,2022-06-10 15:37:51
4696,1321,117,0,2021-03-31 17:45:25,2022-06-10 15:37:51
4697,1322,74,0,2021-03-31 17:45:25,2022-06-10 15:37:51
4698,1322,81,0,2021-03-31 17:45:25,2022-06-10 15:37:51
4699,1322,111,0,2021-03-31 17:45:25,2022-06-10 15:37:51
4700,1322,116,0,2021-03-31 17:45:25,2022-06-10 15:37:51
4701,1322,129,0,2021-03-31 17:45:25,2022-06-10 15:37:51
4702,1323,40,0,2021-03-31 17:45:25,2022-06-10 15:37:51
4703,1323,47,0,2021-03-31 17:45:25,2022-06-10 15:37:51
4704,1324,2,0,2021-03-31 17:45:25,2022-06-10 15:37:51
4705,1325,40,0,2021-03-31 17:45:25,2022-06-10 15:37:51
4706,1325,41,0,2021-03-31 17:45:25,2022-06-10 15:37:51
4707,1326,40,0,2021-03-31 17:45:25,2022-06-10 15:37:51
4708,1326,41,0,2021-03-31 17:45:25,2022-06-10 15:37:51
4709,1327,74,0,2021-03-31 17:45:25,2022-06-10 15:37:51
4710,1327,129,0,2021-03-31 17:45:25,2022-06-10 15:37:51
4711,1327,131,0,2021-03-31 17:45:25,2022-06-10 15:37:51
4712,1328,103,0,2021-03-31 17:45:25,2022-06-10 15:37:51
4713,1328,107,0,2021-03-31 17:45:25,2022-06-10 15:37:51
4714,1329,93,0,2021-03-31 17:45:25,2022-06-10 15:37:51
4715,1329,97,0,2021-03-31 17:45:25,2022-06-10 15:37:51
4716,1329,111,0,2021-03-31 17:45:25,2022-06-10 15:37:51
4717,1329,118,0,2021-03-31 17:45:25,2022-06-10 15:37:51
4718,1330,49,0,2021-03-31 17:45:25,2022-06-10 15:37:51
4719,1330,50,0,2021-03-31 17:45:25,2022-06-10 15:37:51
4720,1330,55,0,2021-03-31 17:45:25,2022-06-10 15:37:51
4721,1330,126,0,2021-03-31 17:45:25,2022-06-10 15:37:51
4722,1331,103,0,2021-03-31 17:45:25,2022-06-10 15:37:51
4723,1331,141,0,2021-03-31 17:45:25,2022-06-10 15:37:51
4724,1332,111,0,2021-03-31 17:45:25,2021-06-22 10:52:50
4725,1332,112,0,2021-03-31 17:45:25,2021-06-22 10:52:50
4726,1332,113,0,2021-03-31 17:45:25,2021-06-22 10:52:50
4727,1332,114,0,2021-03-31 17:45:25,2021-06-22 10:52:50
4728,1332,115,0,2021-03-31 17:45:25,2021-06-22 10:52:50
4729,1332,116,0,2021-03-31 17:45:25,2021-06-22 10:52:50
4730,1332,117,0,2021-03-31 17:45:25,2021-06-22 10:52:50
4731,1332,118,0,2021-03-31 17:45:25,2021-06-22 10:52:50
4732,1332,119,0,2021-03-31 17:45:25,2021-06-22 10:52:50
4733,1332,120,0,2021-03-31 17:45:25,2021-06-22 10:52:50
4734,1332,121,0,2021-03-31 17:45:25,2021-06-22 10:52:50
4735,1333,67,0,2021-03-31 17:45:25,2022-06-10 15:37:51
4736,1333,72,0,2021-03-31 17:45:25,2022-06-10 15:37:51
4737,1334,93,0,2021-03-31 17:45:25,2022-06-10 15:37:51
4738,1334,97,0,2021-03-31 17:45:25,2022-06-10 15:37:51
4739,1334,111,0,2021-03-31 17:45:25,2022-06-10 15:37:51
4740,1334,112,0,2021-03-31 17:45:25,2022-06-10 15:37:51
4741,1334,113,0,2021-03-31 17:45:25,2022-06-10 15:37:51
4742,1334,114,0,2021-03-31 17:45:25,2022-06-10 15:37:51
4743,1334,117,0,2021-03-31 17:45:25,2022-06-10 15:37:51
4744,1335,111,0,2021-03-31 17:45:25,2022-06-10 15:37:51
4745,1335,113,0,2021-03-31 17:45:25,2022-06-10 15:37:51
4746,1335,114,0,2021-03-31 17:45:25,2022-06-10 15:37:51
4747,1336,74,0,2021-03-31 17:45:25,2022-06-10 15:37:51
4748,1336,85,0,2021-03-31 17:45:25,2022-06-10 15:37:51
4749,1336,113,0,2021-03-31 17:45:25,2022-06-10 15:37:51
4750,1336,114,0,2021-03-31 17:45:25,2022-06-10 15:37:51
4751,1336,115,0,2021-03-31 17:45:25,2022-06-10 15:37:51
4752,1336,116,0,2021-03-31 17:45:25,2022-06-10 15:37:51
4753,1336,129,0,2021-03-31 17:45:25,2022-06-10 15:37:51
4754,1336,142,0,2021-03-31 17:45:25,2022-06-10 15:37:51
4755,1337,4,0,2021-03-31 17:45:25,2021-06-22 10:52:50
4756,1337,5,0,2021-03-31 17:45:25,2021-06-22 10:52:50
4757,1337,6,0,2021-03-31 17:45:25,2021-06-22 10:52:50
4758,1338,93,0,2021-03-31 17:45:25,2022-06-10 15:37:51
4759,1338,95,0,2021-03-31 17:45:25,2022-06-10 15:37:51
4760,1339,93,0,2021-03-31 17:45:25,2022-06-10 15:37:51
4761,1339,97,0,2021-03-31 17:45:25,2022-06-10 15:37:51
4762,1339,111,0,2021-03-31 17:45:25,2022-06-10 15:37:51
4763,1339,117,0,2021-03-31 17:45:25,2022-06-10 15:37:51
4764,1340,103,0,2021-03-31 17:45:25,2021-06-22 10:52:50
4765,1340,107,0,2021-03-31 17:45:25,2021-06-22 10:52:50
4766,1341,93,0,2021-03-31 17:45:25,2022-06-10 15:37:51
4767,1341,101,0,2021-03-31 17:45:25,2022-06-10 15:37:51
4768,1341,103,0,2021-03-31 17:45:25,2022-06-10 15:37:51
4769,1341,107,0,2021-03-31 17:45:25,2022-06-10 15:37:51
4770,1342,74,0,2021-03-31 17:45:25,2022-06-10 15:37:51
4771,1342,81,0,2021-03-31 17:45:25,2022-06-10 15:37:51
4772,1342,111,0,2021-03-31 17:45:25,2022-06-10 15:37:51
4773,1342,116,0,2021-03-31 17:45:25,2022-06-10 15:37:51
4774,1343,93,0,2021-03-31 17:45:25,2022-06-10 15:37:51
4775,1343,100,0,2021-03-31 17:45:25,2022-06-10 15:37:51
4776,1344,93,0,2021-03-31 17:45:25,2022-06-10 15:37:51
4777,1344,100,0,2021-03-31 17:45:25,2022-06-10 15:37:51
4778,1345,25,0,2021-03-31 17:45:25,2022-06-10 15:37:51
4779,1345,28,0,2021-03-31 17:45:25,2022-06-10 15:37:51
4780,1346,25,0,2021-03-31 17:45:25,2022-06-10 15:37:51
4781,1346,28,0,2021-03-31 17:45:25,2022-06-10 15:37:51
4782,1347,,0,2021-03-31 17:45:25,2021-05-06 06:52:41
4783,1348,67,0,2021-03-31 17:45:25,2022-06-10 15:37:51
4784,1348,71,0,2021-03-31 17:45:25,2022-06-10 15:37:51
4785,1348,74,0,2021-03-31 17:45:25,2022-06-10 15:37:51
4786,1348,130,0,2021-03-31 17:45:25,2022-06-10 15:37:51
4787,1349,,0,2021-03-31 17:45:25,2021-05-17 08:23:40
4788,1350,4,0,2021-03-31 17:45:25,2021-06-22 10:52:50
4789,1350,7,0,2021-03-31 17:45:25,2021-06-22 10:52:50
4790,1350,40,0,2021-03-31 17:45:25,2021-06-22 10:52:50
4791,1351,74,0,2021-03-31 17:45:25,2022-06-10 15:37:51
4792,1351,81,0,2021-03-31 17:45:25,2022-06-10 15:37:51
4793,1351,111,0,2021-03-31 17:45:25,2022-06-10 15:37:51
4794,1351,112,0,2021-03-31 17:45:25,2022-06-10 15:37:51
4795,1351,116,0,2021-03-31 17:45:25,2022-06-10 15:37:51
4796,1352,15,0,2021-03-31 17:45:25,2022-06-10 15:37:51
4797,1352,17,0,2021-03-31 17:45:25,2022-06-10 15:37:51
4798,1352,19,0,2021-03-31 17:45:25,2022-06-10 15:37:51
4799,1352,20,0,2021-03-31 17:45:25,2022-06-10 15:37:51
4800,1352,21,0,2021-03-31 17:45:25,2022-06-10 15:37:51
4801,1352,22,0,2021-03-31 17:45:25,2022-06-10 15:37:51
4802,1352,32,0,2021-03-31 17:45:25,2022-06-10 15:37:51
4803,1352,35,0,2021-03-31 17:45:25,2022-06-10 15:37:51
4804,1352,85,0,2021-03-31 17:45:25,2022-06-10 15:37:51
4805,1352,89,0,2021-03-31 17:45:25,2022-06-10 15:37:51
4806,1352,90,0,2021-03-31 17:45:25,2022-06-10 15:37:51
4807,1353,74,0,2021-03-31 17:45:25,2021-06-22 10:52:50
4808,1353,81,0,2021-03-31 17:45:25,2021-06-22 10:52:50
4809,1353,130,0,2021-03-31 17:45:25,2021-06-22 10:52:50
4810,1354,32,0,2021-03-31 17:45:25,2022-06-10 15:37:51
4811,1354,35,0,2021-03-31 17:45:25,2022-06-10 15:37:51
4812,1354,38,0,2021-03-31 17:45:25,2022-06-10 15:37:51
4813,1355,32,0,2021-03-31 17:45:25,2022-06-10 15:37:51
4814,1355,35,0,2021-03-31 17:45:25,2022-06-10 15:37:51
4815,1355,38,0,2021-03-31 17:45:25,2022-06-10 15:37:51
4816,1356,111,0,2021-03-31 17:45:25,2022-06-10 15:37:51
4817,1356,112,0,2021-03-31 17:45:25,2022-06-10 15:37:51
4818,1356,113,0,2021-03-31 17:45:25,2022-06-10 15:37:51
4819,1356,119,0,2021-03-31 17:45:25,2022-06-10 15:37:51
4820,1357,85,0,2021-03-31 17:45:25,2022-06-10 15:37:51
4821,1357,135,0,2021-03-31 17:45:25,2022-06-10 15:37:51
4822,1357,142,0,2021-03-31 17:45:25,2022-06-10 15:37:51
4823,1358,15,0,2021-03-31 17:45:25,2022-06-10 15:37:51
4824,1358,25,0,2021-03-31 17:45:25,2022-06-10 15:37:51
4825,1358,122,0,2021-03-31 17:45:25,2022-06-10 15:37:51
4826,1358,124,0,2021-03-31 17:45:25,2022-06-10 15:37:51
4827,1359,4,0,2021-03-31 17:45:25,2022-06-10 15:37:51
4828,1359,5,0,2021-03-31 17:45:25,2022-06-10 15:37:51
4829,1359,8,0,2021-03-31 17:45:25,2022-06-10 15:37:51
4830,1359,9,0,2021-03-31 17:45:25,2022-06-10 15:37:51
4831,1359,11,0,2021-03-31 17:45:25,2022-06-10 15:37:51
4832,1360,49,0,2021-03-31 17:45:25,2022-06-10 15:37:51
4833,1360,55,0,2021-03-31 17:45:25,2022-06-10 15:37:51
4834,1360,56,0,2021-03-31 17:45:25,2022-06-10 15:37:51
4835,1361,32,0,2021-03-31 17:45:25,2021-06-22 10:52:50
4836,1361,33,0,2021-03-31 17:45:25,2021-06-22 10:52:50
4837,1361,34,0,2021-03-31 17:45:25,2021-06-22 10:52:50
4838,1362,59,0,2021-03-31 17:45:25,2021-06-22 10:52:50
4839,1362,74,0,2021-03-31 17:45:25,2021-06-22 10:52:50
4840,1363,49,0,2021-03-31 17:45:25,2022-06-10 15:37:51
4841,1363,50,0,2021-03-31 17:45:25,2022-06-10 15:37:51
4842,1364,49,0,2021-03-31 17:45:25,2022-06-10 15:37:51
4843,1364,50,0,2021-03-31 17:45:25,2022-06-10 15:37:51
4844,1364,51,0,2021-03-31 17:45:25,2022-06-10 15:37:51
4845,1364,54,0,2021-03-31 17:45:25,2022-06-10 15:37:51
4846,1364,56,0,2021-03-31 17:45:25,2022-06-10 15:37:51
4847,1364,57,0,2021-03-31 17:45:25,2022-06-10 15:37:51
4848,1364,58,0,2021-03-31 17:45:25,2022-06-10 15:37:51
4849,1364,126,0,2021-03-31 17:45:25,2022-06-10 15:37:51
4850,1365,74,0,2021-03-31 17:45:25,2022-06-10 15:37:51
4851,1365,111,0,2021-03-31 17:45:25,2022-06-10 15:37:51
4852,1365,112,0,2021-03-31 17:45:25,2022-06-10 15:37:51
4853,1365,113,0,2021-03-31 17:45:25,2022-06-10 15:37:51
4854,1365,114,0,2021-03-31 17:45:25,2022-06-10 15:37:51
4855,1365,115,0,2021-03-31 17:45:25,2022-06-10 15:37:51
4856,1365,117,0,2021-03-31 17:45:25,2022-06-10 15:37:51
4857,1365,121,0,2021-03-31 17:45:25,2022-06-10 15:37:51
4858,1365,129,0,2021-03-31 17:45:25,2022-06-10 15:37:51
4859,1366,111,0,2021-03-31 17:45:25,2022-06-10 15:37:51
4860,1366,118,0,2021-03-31 17:45:25,2022-06-10 15:37:51
4861,1367,74,0,2021-03-31 17:45:25,2022-06-10 15:37:51
4862,1367,75,0,2021-03-31 17:45:25,2022-06-10 15:37:51
4863,1368,112,0,2021-03-31 17:45:25,2021-06-22 10:52:50
4864,1368,113,0,2021-03-31 17:45:25,2021-06-22 10:52:50
4865,1368,114,0,2021-03-31 17:45:25,2021-06-22 10:52:50
4866,1368,115,0,2021-03-31 17:45:25,2021-06-22 10:52:50
4867,1368,117,0,2021-03-31 17:45:25,2021-06-22 10:52:50
4868,1369,74,0,2021-03-31 17:45:25,2022-06-10 15:37:51
4869,1369,111,0,2021-03-31 17:45:25,2022-06-10 15:37:51
4870,1369,113,0,2021-03-31 17:45:25,2022-06-10 15:37:51
4871,1369,114,0,2021-03-31 17:45:25,2022-06-10 15:37:51
4872,1369,115,0,2021-03-31 17:45:25,2022-06-10 15:37:51
4873,1370,74,0,2021-03-31 17:45:25,2022-06-10 15:37:51
4874,1370,75,0,2021-03-31 17:45:25,2022-06-10 15:37:51
4875,1370,133,0,2021-03-31 17:45:25,2022-06-10 15:37:51
4876,1371,111,0,2021-03-31 17:45:25,2022-06-10 15:37:51
4877,1371,118,0,2021-03-31 17:45:25,2022-06-10 15:37:51
4878,1372,40,0,2021-03-31 17:45:25,2022-06-10 15:37:51
4879,1372,48,0,2021-03-31 17:45:25,2022-06-10 15:37:51
4880,1373,103,0,2021-03-31 17:45:25,2021-04-20 07:05:51
4881,1373,108,0,2021-03-31 17:45:25,2021-04-20 07:05:51
4882,1373,109,0,2021-03-31 17:45:25,2021-04-20 07:05:51
4883,1374,103,0,2021-03-31 17:45:25,2022-06-10 15:37:51
4884,1374,104,0,2021-03-31 17:45:25,2022-06-10 15:37:51
4885,1374,105,0,2021-03-31 17:45:25,2022-06-10 15:37:51
4886,1375,49,0,2021-03-31 17:45:25,2021-05-03 08:20:25
4887,1375,50,0,2021-03-31 17:45:25,2021-05-03 08:20:25
4888,1375,51,0,2021-03-31 17:45:25,2021-05-03 08:20:25
4889,1375,54,0,2021-03-31 17:45:25,2021-05-03 08:20:25
4890,1375,93,0,2021-03-31 17:45:25,2021-05-03 08:20:25
4891,1375,98,0,2021-03-31 17:45:25,2021-05-03 08:20:25
4892,1375,103,0,2021-03-31 17:45:25,2021-05-03 08:20:25
4893,1375,104,0,2021-03-31 17:45:25,2021-05-03 08:20:25
4894,1375,105,0,2021-03-31 17:45:25,2021-05-03 08:20:25
4895,1375,107,0,2021-03-31 17:45:25,2021-05-03 08:20:25
4896,1375,108,0,2021-03-31 17:45:25,2021-05-03 08:20:25
4897,1376,103,0,2021-03-31 17:45:25,2021-05-03 08:20:25
4898,1376,107,0,2021-03-31 17:45:25,2021-05-03 08:20:25
4899,1376,110,0,2021-03-31 17:45:25,2021-05-03 08:20:25
4900,1377,2,0,2021-03-31 17:45:25,2021-06-22 10:52:50
4901,1378,111,0,2021-03-31 17:45:25,2022-06-10 15:37:51
4902,1378,112,0,2021-03-31 17:45:25,2022-06-10 15:37:51
4903,1378,113,0,2021-03-31 17:45:25,2022-06-10 15:37:51
4904,1378,114,0,2021-03-31 17:45:25,2022-06-10 15:37:51
4905,1378,115,0,2021-03-31 17:45:25,2022-06-10 15:37:51
4906,1378,117,0,2021-03-31 17:45:25,2022-06-10 15:37:51
4907,1379,103,0,2021-03-31 17:45:25,2022-06-10 15:37:51
4908,1379,107,0,2021-03-31 17:45:25,2022-06-10 15:37:51
4909,1380,15,0,2021-03-31 17:45:25,2022-06-10 15:37:51
4910,1380,16,0,2021-03-31 17:45:25,2022-06-10 15:37:51
4911,1380,19,0,2021-03-31 17:45:25,2022-06-10 15:37:51
4912,1380,20,0,2021-03-31 17:45:25,2022-06-10 15:37:51
4913,1380,21,0,2021-03-31 17:45:25,2022-06-10 15:37:51
4914,1380,24,0,2021-03-31 17:45:25,2022-06-10 15:37:51
4915,1380,74,0,2021-03-31 17:45:25,2022-06-10 15:37:51
4916,1380,76,0,2021-03-31 17:45:25,2022-06-10 15:37:51
4917,1380,77,0,2021-03-31 17:45:25,2022-06-10 15:37:51
4918,1380,78,0,2021-03-31 17:45:25,2022-06-10 15:37:51
4919,1380,83,0,2021-03-31 17:45:25,2022-06-10 15:37:51
4920,1380,93,0,2021-03-31 17:45:25,2022-06-10 15:37:51
4921,1380,94,0,2021-03-31 17:45:25,2022-06-10 15:37:51
4922,1380,95,0,2021-03-31 17:45:25,2022-06-10 15:37:51
4923,1380,100,0,2021-03-31 17:45:25,2022-06-10 15:37:51
4924,1381,32,0,2021-03-31 17:45:25,2022-06-10 15:37:51
4925,1381,35,0,2021-03-31 17:45:25,2022-06-10 15:37:51
4926,1381,37,0,2021-03-31 17:45:25,2022-06-10 15:37:51
4927,1381,38,0,2021-03-31 17:45:25,2022-06-10 15:37:51
4928,1382,74,0,2021-03-31 17:45:25,2021-06-22 10:52:50
4929,1383,85,0,2021-03-31 17:45:25,2022-06-10 15:37:51
4930,1383,86,0,2021-03-31 17:45:25,2022-06-10 15:37:51
4931,1383,93,0,2021-03-31 17:45:25,2022-06-10 15:37:51
4932,1383,97,0,2021-03-31 17:45:25,2022-06-10 15:37:51
4933,1383,111,0,2021-03-31 17:45:25,2022-06-10 15:37:51
4934,1383,113,0,2021-03-31 17:45:25,2022-06-10 15:37:51
4935,1383,114,0,2021-03-31 17:45:25,2022-06-10 15:37:51
4936,1383,117,0,2021-03-31 17:45:25,2022-06-10 15:37:51
4937,1384,15,0,2021-03-31 17:45:25,2022-06-10 15:37:51
4938,1384,18,0,2021-03-31 17:45:25,2022-06-10 15:37:51
4939,1384,19,0,2021-03-31 17:45:25,2022-06-10 15:37:51
4940,1384,20,0,2021-03-31 17:45:25,2022-06-10 15:37:51
4941,1384,24,0,2021-03-31 17:45:25,2022-06-10 15:37:51
4942,1384,32,0,2021-03-31 17:45:25,2022-06-10 15:37:51
4943,1384,35,0,2021-03-31 17:45:25,2022-06-10 15:37:51
4944,1384,38,0,2021-03-31 17:45:25,2022-06-10 15:37:51
4945,1385,4,0,2021-03-31 17:45:25,2021-06-22 10:52:50
4946,1385,9,0,2021-03-31 17:45:25,2021-06-22 10:52:50
4947,1386,4,0,2021-03-31 17:45:25,2021-06-22 10:52:50
4948,1386,9,0,2021-03-31 17:45:25,2021-06-22 10:52:50
4949,1387,4,0,2021-03-31 17:45:25,2021-06-22 10:52:50
4950,1387,8,0,2021-03-31 17:45:25,2021-06-22 10:52:50
4951,1388,4,0,2021-03-31 17:45:25,2021-06-22 10:52:50
4952,1388,6,0,2021-03-31 17:45:25,2021-06-22 10:52:50
4953,1388,11,0,2021-03-31 17:45:25,2021-06-22 10:52:50
4954,1388,40,0,2021-03-31 17:45:25,2021-06-22 10:52:50
4955,1389,4,0,2021-03-31 17:45:25,2022-06-10 15:37:51
4956,1389,5,0,2021-03-31 17:45:25,2022-06-10 15:37:51
4957,1389,6,0,2021-03-31 17:45:25,2022-06-10 15:37:51
4958,1389,9,0,2021-03-31 17:45:25,2022-06-10 15:37:51
4959,1389,11,0,2021-03-31 17:45:25,2022-06-10 15:37:51
4960,1390,49,0,2021-03-31 17:45:25,2022-06-10 15:37:51
4961,1390,54,0,2021-03-31 17:45:25,2022-06-10 15:37:51
4962,1390,57,0,2021-03-31 17:45:25,2022-06-10 15:37:51
4963,1391,74,0,2021-03-31 17:45:25,2021-06-22 10:52:50
4964,1391,113,0,2021-03-31 17:45:25,2021-06-22 10:52:50
4965,1391,114,0,2021-03-31 17:45:25,2021-06-22 10:52:50
4966,1391,116,0,2021-03-31 17:45:25,2021-06-22 10:52:50
4967,1392,93,0,2021-03-31 17:45:25,2022-06-10 15:37:51
4968,1392,100,0,2021-03-31 17:45:25,2022-06-10 15:37:51
4969,1393,,0,2021-03-31 17:45:25,2021-06-22 10:52:50
4970,1394,40,0,2021-03-31 17:45:25,2021-06-22 10:52:50
4971,1394,46,0,2021-03-31 17:45:25,2021-06-22 10:52:50
4972,1395,49,0,2021-03-31 17:45:25,2021-06-22 10:52:50
4973,1395,54,0,2021-03-31 17:45:25,2021-06-22 10:52:50
4974,1395,74,0,2021-03-31 17:45:25,2021-06-22 10:52:50
4975,1395,84,0,2021-03-31 17:45:25,2021-06-22 10:52:50
4976,1395,85,0,2021-03-31 17:45:25,2021-06-22 10:52:50
4977,1395,89,0,2021-03-31 17:45:25,2021-06-22 10:52:50
4978,1395,90,0,2021-03-31 17:45:25,2021-06-22 10:52:50
4979,1396,111,0,2021-03-31 17:45:25,2022-06-10 15:37:51
4980,1396,113,0,2021-03-31 17:45:25,2022-06-10 15:37:51
4981,1397,74,0,2021-03-31 17:45:25,2022-06-10 15:37:51
4982,1397,111,0,2021-03-31 17:45:25,2022-06-10 15:37:51
4983,1397,116,0,2021-03-31 17:45:25,2022-06-10 15:37:51
4984,1398,111,0,2021-03-31 17:45:25,2022-06-10 15:37:51
4985,1399,49,0,2021-03-31 17:45:25,2022-06-10 15:37:51
4986,1399,54,0,2021-03-31 17:45:25,2022-06-10 15:37:51
4987,1399,55,0,2021-03-31 17:45:25,2022-06-10 15:37:51
4988,1399,56,0,2021-03-31 17:45:25,2022-06-10 15:37:51
4989,1399,57,0,2021-03-31 17:45:25,2022-06-10 15:37:51
4990,1399,58,0,2021-03-31 17:45:25,2022-06-10 15:37:51
4991,1399,111,0,2021-03-31 17:45:25,2022-06-10 15:37:51
4992,1399,112,0,2021-03-31 17:45:25,2022-06-10 15:37:51
4993,1399,114,0,2021-03-31 17:45:25,2022-06-10 15:37:51
4994,1400,111,0,2021-03-31 17:45:25,2022-06-10 15:37:51
4995,1400,112,0,2021-03-31 17:45:25,2022-06-10 15:37:51
4996,1401,85,0,2021-03-31 17:45:25,2022-06-10 15:37:51
4997,1401,88,0,2021-03-31 17:45:25,2022-06-10 15:37:51
4998,1402,103,0,2021-03-31 17:45:25,2021-06-15 11:02:29
4999,1402,107,0,2021-03-31 17:45:25,2021-06-15 11:02:29
5000,1402,110,0,2021-03-31 17:45:25,2021-06-15 11:02:29
5001,1403,49,0,2021-03-31 17:45:25,2022-06-10 15:37:51
5002,1403,50,0,2021-03-31 17:45:25,2022-06-10 15:37:51
5003,1404,85,0,2021-03-31 17:45:25,2021-06-22 10:52:50
5004,1404,86,0,2021-03-31 17:45:25,2021-06-22 10:52:50
5005,1404,112,0,2021-03-31 17:45:25,2021-06-22 10:52:50
5006,1404,113,0,2021-03-31 17:45:25,2021-06-22 10:52:50
5007,1404,117,0,2021-03-31 17:45:25,2021-06-22 10:52:50
5008,1404,120,0,2021-03-31 17:45:25,2021-06-22 10:52:50
5009,1405,74,0,2021-03-31 17:45:25,2022-06-10 15:37:51
5010,1406,,0,2021-03-31 17:45:25,2021-04-09 06:41:15
5011,1407,111,0,2021-03-31 17:45:25,2021-04-12 12:36:23
5012,1407,117,0,2021-03-31 17:45:25,2021-04-12 12:36:23
5013,1408,49,0,2021-03-31 17:45:25,2022-06-10 15:37:51
5014,1408,50,0,2021-03-31 17:45:25,2022-06-10 15:37:51
5015,1409,49,0,2021-03-31 17:45:25,2022-06-10 15:37:51
5016,1409,50,0,2021-03-31 17:45:25,2022-06-10 15:37:51
5017,1409,51,0,2021-03-31 17:45:25,2022-06-10 15:37:51
5018,1410,74,0,2021-03-31 17:45:25,2022-06-10 15:37:51
5019,1411,111,0,2021-03-31 17:45:25,2022-06-10 15:37:51
5020,1411,112,0,2021-03-31 17:45:25,2022-06-10 15:37:51
5021,1411,113,0,2021-03-31 17:45:25,2022-06-10 15:37:51
5022,1411,117,0,2021-03-31 17:45:25,2022-06-10 15:37:51
5023,1412,49,0,2021-03-31 17:45:25,2022-06-10 15:37:51
5024,1412,50,0,2021-03-31 17:45:25,2022-06-10 15:37:51
5025,1412,52,0,2021-03-31 17:45:25,2022-06-10 15:37:51
5026,1413,2,0,2021-03-31 17:45:25,2022-06-10 15:37:51
5027,1413,49,0,2021-03-31 17:45:25,2022-06-10 15:37:51
5028,1413,50,0,2021-03-31 17:45:25,2022-06-10 15:37:51
5029,1413,54,0,2021-03-31 17:45:25,2022-06-10 15:37:51
5030,1414,74,0,2021-03-31 17:45:25,2022-06-10 15:37:51
5031,1414,80,0,2021-03-31 17:45:25,2022-06-10 15:37:51
5032,1415,4,0,2021-03-31 17:45:25,2022-06-10 15:37:51
5033,1415,14,0,2021-03-31 17:45:25,2022-06-10 15:37:51
5034,1416,59,0,2021-03-31 17:45:25,2022-06-10 15:37:51
5035,1416,61,0,2021-03-31 17:45:25,2022-06-10 15:37:51
5036,1416,62,0,2021-03-31 17:45:25,2022-06-10 15:37:51
5037,1416,85,0,2021-03-31 17:45:25,2022-06-10 15:37:51
5038,1416,87,0,2021-03-31 17:45:25,2022-06-10 15:37:51
5039,1416,93,0,2021-03-31 17:45:25,2022-06-10 15:37:51
5040,1416,101,0,2021-03-31 17:45:25,2022-06-10 15:37:51
5041,1417,85,0,2021-03-31 17:45:25,2022-06-10 15:37:51
5042,1417,88,0,2021-03-31 17:45:25,2022-06-10 15:37:51
5043,1418,4,0,2021-03-31 17:45:25,2022-06-10 15:37:51
5044,1418,5,0,2021-03-31 17:45:25,2022-06-10 15:37:51
5045,1419,,0,2021-03-31 17:45:25,2021-06-22 10:52:50
5046,1420,49,0,2021-03-31 17:45:25,2022-06-10 15:37:51
5047,1420,50,0,2021-03-31 17:45:25,2022-06-10 15:37:51
5048,1421,59,0,2021-03-31 17:45:25,2022-06-10 15:37:51
5049,1421,62,0,2021-03-31 17:45:25,2022-06-10 15:37:51
5050,1422,49,0,2021-03-31 17:45:25,2022-06-10 15:37:51
5051,1422,57,0,2021-03-31 17:45:25,2022-06-10 15:37:51
5052,1422,103,0,2021-03-31 17:45:25,2022-06-10 15:37:51
5053,1422,107,0,2021-03-31 17:45:25,2022-06-10 15:37:51
5054,1422,140,0,2021-03-31 17:45:25,2022-06-10 15:37:51
5055,1423,4,0,2021-03-31 17:45:25,2022-06-10 15:37:51
5056,1423,5,0,2021-03-31 17:45:25,2022-06-10 15:37:51
5057,1423,6,0,2021-03-31 17:45:25,2022-06-10 15:37:51
5058,1423,93,0,2021-03-31 17:45:25,2022-06-10 15:37:51
5059,1423,100,0,2021-03-31 17:45:25,2022-06-10 15:37:51
5060,1424,4,0,2021-03-31 17:45:25,2021-06-22 10:52:50
5061,1424,6,0,2021-03-31 17:45:25,2021-06-22 10:52:50
5062,1425,111,0,2021-03-31 17:45:25,2022-06-10 15:37:51
5063,1425,112,0,2021-03-31 17:45:25,2022-06-10 15:37:51
5064,1425,113,0,2021-03-31 17:45:25,2022-06-10 15:37:51
5065,1425,114,0,2021-03-31 17:45:25,2022-06-10 15:37:51
5066,1425,117,0,2021-03-31 17:45:25,2022-06-10 15:37:51
5067,1425,118,0,2021-03-31 17:45:25,2022-06-10 15:37:51
5068,1425,119,0,2021-03-31 17:45:25,2022-06-10 15:37:51
5069,1425,120,0,2021-03-31 17:45:25,2022-06-10 15:37:51
5070,1426,103,0,2021-03-31 17:45:25,2022-06-10 15:37:51
5071,1426,107,0,2021-03-31 17:45:25,2022-06-10 15:37:51
5072,1427,49,0,2021-03-31 17:45:25,2022-06-10 15:37:51
5073,1427,50,0,2021-03-31 17:45:25,2022-06-10 15:37:51
5074,1427,54,0,2021-03-31 17:45:25,2022-06-10 15:37:51
5075,1427,58,0,2021-03-31 17:45:25,2022-06-10 15:37:51
5076,1428,,0,2021-03-31 17:45:25,2021-06-22 10:52:50
5077,1429,113,0,2021-03-31 17:45:25,2022-06-10 15:37:51
5078,1429,114,0,2021-03-31 17:45:25,2022-06-10 15:37:51
5079,1430,93,0,2021-03-31 17:45:25,2022-06-10 15:37:51
5080,1430,94,0,2021-03-31 17:45:25,2022-06-10 15:37:51
5081,1431,93,0,2021-03-31 17:45:25,2022-06-10 15:37:51
5082,1431,94,0,2021-03-31 17:45:25,2022-06-10 15:37:51
5083,1432,111,0,2021-03-31 17:45:25,2022-06-10 15:37:51
5084,1432,117,0,2021-03-31 17:45:25,2022-06-10 15:37:51
5085,1433,93,0,2021-03-31 17:45:25,2022-06-10 15:37:51
5086,1434,111,0,2021-03-31 17:45:25,2022-06-10 15:37:51
5087,1434,114,0,2021-03-31 17:45:25,2022-06-10 15:37:51
5088,1434,115,0,2021-03-31 17:45:25,2022-06-10 15:37:51
5089,1434,117,0,2021-03-31 17:45:25,2022-06-10 15:37:51
5090,1434,121,0,2021-03-31 17:45:25,2022-06-10 15:37:51
5091,1435,49,0,2021-03-31 17:45:25,2022-06-10 15:37:51
5092,1435,51,0,2021-03-31 17:45:25,2022-06-10 15:37:51
5093,1435,85,0,2021-03-31 17:45:25,2022-06-10 15:37:51
5094,1435,88,0,2021-03-31 17:45:25,2022-06-10 15:37:51
5095,1436,111,0,2021-03-31 17:45:25,2022-06-10 15:37:51
5096,1436,113,0,2021-03-31 17:45:25,2022-06-10 15:37:51
5097,1437,,0,2021-03-31 17:45:25,2021-06-22 10:52:50
5098,1438,59,0,2021-03-31 17:45:25,2022-06-10 15:37:51
5099,1438,103,0,2021-03-31 17:45:25,2022-06-10 15:37:51
5100,1438,108,0,2021-03-31 17:45:25,2022-06-10 15:37:51
5101,1438,110,0,2021-03-31 17:45:25,2022-06-10 15:37:51
5102,1439,2,0,2021-03-31 17:45:25,2022-06-10 15:37:51
5103,1440,,0,2021-03-31 17:45:25,2021-06-22 10:52:50
5104,1441,85,0,2021-03-31 17:45:25,2022-06-10 15:37:51
5105,1441,103,0,2021-03-31 17:45:25,2022-06-10 15:37:51
5106,1441,106,0,2021-03-31 17:45:25,2022-06-10 15:37:51
5107,1441,108,0,2021-03-31 17:45:25,2022-06-10 15:37:51
5108,1441,109,0,2021-03-31 17:45:25,2022-06-10 15:37:51
5109,1442,15,0,2021-03-31 17:45:25,2022-06-10 15:37:51
5110,1442,16,0,2021-03-31 17:45:25,2022-06-10 15:37:51
5111,1442,17,0,2021-03-31 17:45:25,2022-06-10 15:37:51
5112,1442,18,0,2021-03-31 17:45:25,2022-06-10 15:37:51
5113,1442,19,0,2021-03-31 17:45:25,2022-06-10 15:37:51
5114,1442,21,0,2021-03-31 17:45:25,2022-06-10 15:37:51
5115,1442,122,0,2021-03-31 17:45:25,2022-06-10 15:37:51
5116,1443,40,0,2021-03-31 17:45:25,2022-06-10 15:37:51
5117,1443,41,0,2021-03-31 17:45:25,2022-06-10 15:37:51
5118,1443,43,0,2021-03-31 17:45:25,2022-06-10 15:37:51
5119,1443,46,0,2021-03-31 17:45:25,2022-06-10 15:37:51
5120,1444,103,0,2021-03-31 17:45:25,2022-06-10 15:37:51
5121,1444,104,0,2021-03-31 17:45:25,2022-06-10 15:37:51
5122,1444,105,0,2021-03-31 17:45:25,2022-06-10 15:37:51
5123,1444,108,0,2021-03-31 17:45:25,2022-06-10 15:37:51
5124,1445,,0,2021-03-31 17:45:25,2021-06-22 10:52:50
5125,1446,74,0,2021-03-31 17:45:25,2022-06-10 15:37:51
5126,1446,103,0,2021-03-31 17:45:25,2022-06-10 15:37:51
5127,1446,106,0,2021-03-31 17:45:25,2022-06-10 15:37:51
5128,1446,111,0,2021-03-31 17:45:25,2022-06-10 15:37:51
5129,1446,118,0,2021-03-31 17:45:25,2022-06-10 15:37:51
5130,1446,132,0,2021-03-31 17:45:25,2022-06-10 15:37:51
5131,1447,,0,2021-03-31 17:45:25,2021-06-22 10:52:50
5132,1448,49,0,2021-03-31 17:45:25,2022-06-10 15:37:51
5133,1448,125,0,2021-03-31 17:45:25,2022-06-10 15:37:51
5134,1449,2,0,2021-03-31 17:45:25,2022-06-10 15:37:51
5135,1450,74,0,2021-03-31 17:45:25,2022-06-10 15:37:51
5136,1450,111,0,2021-03-31 17:45:25,2022-06-10 15:37:51
5137,1450,116,0,2021-03-31 17:45:25,2022-06-10 15:37:51
5138,1450,129,0,2021-03-31 17:45:25,2022-06-10 15:37:51
5139,1451,74,0,2021-03-31 17:45:25,2022-06-10 15:37:51
5140,1451,76,0,2021-03-31 17:45:25,2022-06-10 15:37:51
5141,1452,32,0,2021-03-31 17:45:25,2022-06-10 15:37:51
5142,1452,33,0,2021-03-31 17:45:25,2022-06-10 15:37:51
5143,1452,34,0,2021-03-31 17:45:25,2022-06-10 15:37:51
5144,1453,59,0,2021-03-31 17:45:25,2022-06-10 15:37:51
5145,1453,128,0,2021-03-31 17:45:25,2022-06-10 15:37:51
5146,1454,40,0,2021-03-31 17:45:25,2022-06-10 15:37:51
5147,1454,48,0,2021-03-31 17:45:25,2022-06-10 15:37:51
5148,1455,93,0,2021-03-31 17:45:25,2022-06-10 15:37:51
5149,1455,98,0,2021-03-31 17:45:25,2022-06-10 15:37:51
5150,1455,103,0,2021-03-31 17:45:25,2022-06-10 15:37:51
5151,1455,107,0,2021-03-31 17:45:25,2022-06-10 15:37:51
5152,1456,,0,2021-03-31 17:45:25,2021-06-22 10:52:50
5153,1457,111,0,2021-03-31 17:45:25,2022-06-10 15:37:51
5154,1457,113,0,2021-03-31 17:45:25,2022-06-10 15:37:51
5155,1458,103,0,2021-03-31 17:45:25,2021-06-22 10:52:50
5156,1458,104,0,2021-03-31 17:45:25,2021-06-22 10:52:50
5157,1459,2,0,2021-03-31 17:45:25,2021-06-22 10:52:50
5158,1459,49,0,2021-03-31 17:45:25,2021-06-22 10:52:50
5159,1459,54,0,2021-03-31 17:45:25,2021-06-22 10:52:50
5160,1459,57,0,2021-03-31 17:45:25,2021-06-22 10:52:50
5161,1459,58,0,2021-03-31 17:45:25,2021-06-22 10:52:50
5162,1460,59,0,2021-03-31 17:45:25,2022-06-10 15:37:51
5163,1460,62,0,2021-03-31 17:45:25,2022-06-10 15:37:51
5164,1461,111,0,2021-03-31 17:45:25,2022-06-10 15:37:51
5165,1461,112,0,2021-03-31 17:45:25,2022-06-10 15:37:51
5166,1461,117,0,2021-03-31 17:45:25,2022-06-10 15:37:51
5167,1462,4,0,2021-03-31 17:45:25,2022-06-10 15:37:51
5168,1462,11,0,2021-03-31 17:45:25,2022-06-10 15:37:51
5169,1463,4,0,2021-03-31 17:45:25,2021-06-22 10:52:50
5170,1463,11,0,2021-03-31 17:45:25,2021-06-22 10:52:50
5171,1464,103,0,2021-03-31 17:45:25,2021-06-22 10:52:50
5172,1464,140,0,2021-03-31 17:45:25,2021-06-22 10:52:50
5173,1465,2,0,2021-03-31 17:45:25,2022-06-10 15:37:51
5174,1466,49,0,2021-03-31 17:45:25,2022-06-10 15:37:51
5175,1466,54,0,2021-03-31 17:45:25,2022-06-10 15:37:51
5176,1466,85,0,2021-03-31 17:45:25,2022-06-10 15:37:51
5177,1466,142,0,2021-03-31 17:45:25,2022-06-10 15:37:51
5178,1467,40,0,2021-03-31 17:45:25,2022-06-10 15:37:51
5179,1467,41,0,2021-03-31 17:45:25,2022-06-10 15:37:51
5180,1467,47,0,2021-03-31 17:45:25,2022-06-10 15:37:51
5181,1468,59,0,2021-03-31 17:45:25,2021-06-22 10:52:50
5182,1468,101,0,2021-03-31 17:45:25,2021-06-22 10:52:50
5183,1469,40,0,2021-03-31 17:45:25,2022-06-10 15:37:51
5184,1469,47,0,2021-03-31 17:45:25,2022-06-10 15:37:51
5185,1470,103,0,2021-03-31 17:45:25,2022-06-10 15:37:51
5186,1470,139,0,2021-03-31 17:45:25,2022-06-10 15:37:51
5187,1471,85,0,2021-03-31 17:45:26,2022-06-10 15:37:51
5188,1471,89,0,2021-03-31 17:45:26,2022-06-10 15:37:51
5189,1471,135,0,2021-03-31 17:45:26,2022-06-10 15:37:51
5190,1471,142,0,2021-03-31 17:45:26,2022-06-10 15:37:51
5191,1472,85,0,2021-03-31 17:45:26,2021-06-22 10:52:50
5192,1472,86,0,2021-03-31 17:45:26,2021-06-22 10:52:50
5193,1472,113,0,2021-03-31 17:45:26,2021-06-22 10:52:50
5194,1472,114,0,2021-03-31 17:45:26,2021-06-22 10:52:50
5195,1472,117,0,2021-03-31 17:45:26,2021-06-22 10:52:50
5196,1473,111,0,2021-03-31 17:45:26,2022-06-10 15:37:51
5197,1473,112,0,2021-03-31 17:45:26,2022-06-10 15:37:51
5198,1473,113,0,2021-03-31 17:45:26,2022-06-10 15:37:51
5199,1473,117,0,2021-03-31 17:45:26,2022-06-10 15:37:51
5200,1474,49,0,2021-03-31 17:45:26,2022-06-10 15:37:51
5201,1474,53,0,2021-03-31 17:45:26,2022-06-10 15:37:51
5202,1474,54,0,2021-03-31 17:45:26,2022-06-10 15:37:51
5203,1474,57,0,2021-03-31 17:45:26,2022-06-10 15:37:51
5204,1474,58,0,2021-03-31 17:45:26,2022-06-10 15:37:51
5205,1475,103,0,2021-03-31 17:45:26,2021-06-22 10:52:50
5206,1475,104,0,2021-03-31 17:45:26,2021-06-22 10:52:50
5207,1475,105,0,2021-03-31 17:45:26,2021-06-22 10:52:50
5208,1475,106,0,2021-03-31 17:45:26,2021-06-22 10:52:50
5209,1475,107,0,2021-03-31 17:45:26,2021-06-22 10:52:50
5210,1475,108,0,2021-03-31 17:45:26,2021-06-22 10:52:50
5211,1475,109,0,2021-03-31 17:45:26,2021-06-22 10:52:50
5212,1475,140,0,2021-03-31 17:45:26,2021-06-22 10:52:50
5213,1475,141,0,2021-03-31 17:45:26,2021-06-22 10:52:50
5214,1476,111,0,2021-03-31 17:45:26,2022-06-10 15:37:51
5215,1476,112,0,2021-03-31 17:45:26,2022-06-10 15:37:51
5216,1476,113,0,2021-03-31 17:45:26,2022-06-10 15:37:51
5217,1476,114,0,2021-03-31 17:45:26,2022-06-10 15:37:51
5218,1476,117,0,2021-03-31 17:45:26,2022-06-10 15:37:51
5219,1477,111,0,2021-03-31 17:45:26,2022-06-10 15:37:51
5220,1477,117,0,2021-03-31 17:45:26,2022-06-10 15:37:51
5221,1477,118,0,2021-03-31 17:45:26,2022-06-10 15:37:51
5222,1478,111,0,2021-03-31 17:45:26,2022-06-10 15:37:51
5223,1478,112,0,2021-03-31 17:45:26,2022-06-10 15:37:51
5224,1478,113,0,2021-03-31 17:45:26,2022-06-10 15:37:51
5225,1478,114,0,2021-03-31 17:45:26,2022-06-10 15:37:51
5226,1479,59,0,2021-03-31 17:45:26,2021-06-22 10:52:50
5227,1479,62,0,2021-03-31 17:45:26,2021-06-22 10:52:50
5228,1479,85,0,2021-03-31 17:45:26,2021-06-22 10:52:50
5229,1479,134,0,2021-03-31 17:45:26,2021-06-22 10:52:50
5230,1480,111,0,2021-03-31 17:45:26,2022-06-10 15:37:51
5231,1480,112,0,2021-03-31 17:45:26,2022-06-10 15:37:51
5232,1480,113,0,2021-03-31 17:45:26,2022-06-10 15:37:51
5233,1480,114,0,2021-03-31 17:45:26,2022-06-10 15:37:51
5234,1480,117,0,2021-03-31 17:45:26,2022-06-10 15:37:51
5235,1480,118,0,2021-03-31 17:45:26,2022-06-10 15:37:51
5236,1481,93,0,2021-03-31 17:45:26,2022-06-10 15:37:51
5237,1481,97,0,2021-03-31 17:45:26,2022-06-10 15:37:51
5238,1481,112,0,2021-03-31 17:45:26,2022-06-10 15:37:51
5239,1481,113,0,2021-03-31 17:45:26,2022-06-10 15:37:51
5240,1481,114,0,2021-03-31 17:45:26,2022-06-10 15:37:51
5241,1481,115,0,2021-03-31 17:45:26,2022-06-10 15:37:51
5242,1482,93,0,2021-03-31 17:45:26,2021-06-22 10:52:50
5243,1482,94,0,2021-03-31 17:45:26,2021-06-22 10:52:50
5244,1483,40,0,2021-03-31 17:45:26,2022-06-10 15:37:51
5245,1483,46,0,2021-03-31 17:45:26,2022-06-10 15:37:51
5246,1484,40,0,2021-03-31 17:45:26,2022-06-10 15:37:51
5247,1484,48,0,2021-03-31 17:45:26,2022-06-10 15:37:51
5248,1485,40,0,2021-03-31 17:45:26,2022-06-10 15:37:51
5249,1485,48,0,2021-03-31 17:45:26,2022-06-10 15:37:51
5250,1486,15,0,2021-03-31 17:45:26,2022-06-10 15:37:51
5251,1486,24,0,2021-03-31 17:45:26,2022-06-10 15:37:51
5252,1486,111,0,2021-03-31 17:45:26,2022-06-10 15:37:51
5253,1486,117,0,2021-03-31 17:45:26,2022-06-10 15:37:51
5254,1486,118,0,2021-03-31 17:45:26,2022-06-10 15:37:51
5255,1486,136,0,2021-03-31 17:45:26,2022-06-10 15:37:51
5256,1486,142,0,2021-03-31 17:45:26,2022-06-10 15:37:51
5257,1487,74,0,2021-03-31 17:45:26,2022-06-10 15:37:51
5258,1487,81,0,2021-03-31 17:45:26,2022-06-10 15:37:51
5259,1487,111,0,2021-03-31 17:45:26,2022-06-10 15:37:51
5260,1487,116,0,2021-03-31 17:45:26,2022-06-10 15:37:51
5261,1488,93,0,2021-03-31 17:45:26,2022-06-10 15:37:51
5262,1488,94,0,2021-03-31 17:45:26,2022-06-10 15:37:51
5263,1489,59,0,2021-03-31 17:45:26,2022-06-10 15:37:51
5264,1489,62,0,2021-03-31 17:45:26,2022-06-10 15:37:51
5265,1489,85,0,2021-03-31 17:45:26,2022-06-10 15:37:51
5266,1489,86,0,2021-03-31 17:45:26,2022-06-10 15:37:51
5267,1490,74,0,2021-03-31 17:45:26,2022-06-10 15:37:51
5268,1490,82,0,2021-03-31 17:45:26,2022-06-10 15:37:51
5269,1490,131,0,2021-03-31 17:45:26,2022-06-10 15:37:51
5270,1491,74,0,2021-03-31 17:45:26,2022-06-10 15:37:51
5271,1491,82,0,2021-03-31 17:45:26,2022-06-10 15:37:51
5272,1491,131,0,2021-03-31 17:45:26,2022-06-10 15:37:51
5273,1492,49,0,2021-03-31 17:45:26,2022-06-10 15:37:51
5274,1492,54,0,2021-03-31 17:45:26,2022-06-10 15:37:51
5275,1492,55,0,2021-03-31 17:45:26,2022-06-10 15:37:51
5276,1492,58,0,2021-03-31 17:45:26,2022-06-10 15:37:51
5277,1492,111,0,2021-03-31 17:45:26,2022-06-10 15:37:51
5278,1492,118,0,2021-03-31 17:45:26,2022-06-10 15:37:51
5279,1493,85,0,2021-03-31 17:45:26,2022-06-10 15:37:51
5280,1493,93,0,2021-03-31 17:45:26,2022-06-10 15:37:51
5281,1493,97,0,2021-03-31 17:45:26,2022-06-10 15:37:51
5282,1493,111,0,2021-03-31 17:45:26,2022-06-10 15:37:51
5283,1493,118,0,2021-03-31 17:45:26,2022-06-10 15:37:51
5284,1494,74,0,2021-03-31 17:45:26,2022-06-10 15:37:51
5285,1494,111,0,2021-03-31 17:45:26,2022-06-10 15:37:51
5286,1494,112,0,2021-03-31 17:45:26,2022-06-10 15:37:51
5287,1494,116,0,2021-03-31 17:45:26,2022-06-10 15:37:51
5288,1495,93,0,2021-03-31 17:45:26,2022-06-10 15:37:51
5289,1495,95,0,2021-03-31 17:45:26,2022-06-10 15:37:51
5290,1496,74,0,2021-03-31 17:45:26,2022-06-10 15:37:51
5291,1496,79,0,2021-03-31 17:45:26,2022-06-10 15:37:51
5292,1497,15,0,2021-03-31 17:45:26,2021-06-17 10:37:13
5293,1497,19,0,2021-03-31 17:45:26,2021-06-17 10:37:13
5294,1497,20,0,2021-03-31 17:45:26,2021-06-17 10:37:13
5295,1497,24,0,2021-03-31 17:45:26,2021-06-17 10:37:13
5296,1497,35,0,2021-03-31 17:45:26,2021-06-17 10:37:13
5297,1498,85,0,2021-03-31 17:45:26,2022-06-10 15:37:51
5298,1498,103,0,2021-03-31 17:45:26,2022-06-10 15:37:51
5299,1498,104,0,2021-03-31 17:45:26,2022-06-10 15:37:51
5300,1498,105,0,2021-03-31 17:45:26,2022-06-10 15:37:51
5301,1498,106,0,2021-03-31 17:45:26,2022-06-10 15:37:51
5302,1498,108,0,2021-03-31 17:45:26,2022-06-10 15:37:51
5303,1498,109,0,2021-03-31 17:45:26,2022-06-10 15:37:51
5304,1498,111,0,2021-03-31 17:45:26,2022-06-10 15:37:51
5305,1498,118,0,2021-03-31 17:45:26,2022-06-10 15:37:51
5306,1498,136,0,2021-03-31 17:45:26,2022-06-10 15:37:51
5307,1498,139,0,2021-03-31 17:45:26,2022-06-10 15:37:51
5308,1499,111,0,2021-03-31 17:45:26,2021-06-22 10:52:50
5309,1499,112,0,2021-03-31 17:45:26,2021-06-22 10:52:50
5310,1500,111,0,2021-03-31 17:45:26,2022-06-10 15:37:51
5311,1500,119,0,2021-03-31 17:45:26,2022-06-10 15:37:51
5312,1500,121,0,2021-03-31 17:45:26,2022-06-10 15:37:51
5313,1501,59,0,2021-03-31 17:45:26,2022-06-10 15:37:51
5314,1501,128,0,2021-03-31 17:45:26,2022-06-10 15:37:51
5315,1502,74,0,2021-03-31 17:45:26,2022-06-10 15:37:51
5316,1502,81,0,2021-03-31 17:45:26,2022-06-10 15:37:51
5317,1502,111,0,2021-03-31 17:45:26,2022-06-10 15:37:51
5318,1502,116,0,2021-03-31 17:45:26,2022-06-10 15:37:51
5319,1502,129,0,2021-03-31 17:45:26,2022-06-10 15:37:51
5320,1503,40,0,2021-03-31 17:45:26,2022-06-10 15:37:51
5321,1503,41,0,2021-03-31 17:45:26,2022-06-10 15:37:51
5322,1504,85,0,2021-03-31 17:45:26,2022-06-10 15:37:51
5323,1504,142,0,2021-03-31 17:45:26,2022-06-10 15:37:51
5324,1505,15,0,2021-03-31 17:45:26,2022-06-10 15:37:51
5325,1505,21,0,2021-03-31 17:45:26,2022-06-10 15:37:51
5326,1505,74,0,2021-03-31 17:45:26,2022-06-10 15:37:51
5327,1505,131,0,2021-03-31 17:45:26,2022-06-10 15:37:51
5328,1506,103,0,2021-03-31 17:45:26,2022-06-10 15:37:51
5329,1506,108,0,2021-03-31 17:45:26,2022-06-10 15:37:51
5330,1507,49,0,2021-03-31 17:45:26,2022-06-10 15:37:51
5331,1507,54,0,2021-03-31 17:45:26,2022-06-10 15:37:51
5332,1507,55,0,2021-03-31 17:45:26,2022-06-10 15:37:51
5333,1507,57,0,2021-03-31 17:45:26,2022-06-10 15:37:51
5334,1507,58,0,2021-03-31 17:45:26,2022-06-10 15:37:51
5335,1508,85,0,2021-03-31 17:45:26,2022-06-10 15:37:51
5336,1508,89,0,2021-03-31 17:45:26,2022-06-10 15:37:51
5337,1508,93,0,2021-03-31 17:45:26,2022-06-10 15:37:51
5338,1508,95,0,2021-03-31 17:45:26,2022-06-10 15:37:51
5339,1508,97,0,2021-03-31 17:45:26,2022-06-10 15:37:51
5340,1508,111,0,2021-03-31 17:45:26,2022-06-10 15:37:51
5341,1508,112,0,2021-03-31 17:45:26,2022-06-10 15:37:51
5342,1508,115,0,2021-03-31 17:45:26,2022-06-10 15:37:51
5343,1509,,0,2021-03-31 17:45:26,2021-06-22 10:52:50
5344,1510,49,0,2021-03-31 17:45:26,2021-06-22 10:52:50
5345,1510,53,0,2021-03-31 17:45:26,2021-06-22 10:52:50
5346,1511,67,0,2021-03-31 17:45:26,2022-06-10 15:37:51
5347,1511,69,0,2021-03-31 17:45:26,2022-06-10 15:37:51
5348,1512,67,0,2021-03-31 17:45:26,2022-06-10 15:37:51
5349,1512,71,0,2021-03-31 17:45:26,2022-06-10 15:37:51
5350,1513,40,0,2021-03-31 17:45:26,2022-06-10 15:37:51
5351,1514,103,0,2021-03-31 17:45:26,2022-06-10 15:37:51
5352,1514,108,0,2021-03-31 17:45:26,2022-06-10 15:37:51
5353,1515,93,0,2021-03-31 17:45:26,2022-06-10 15:37:51
5354,1515,101,0,2021-03-31 17:45:26,2022-06-10 15:37:51
5355,1516,49,0,2021-03-31 17:45:26,2022-06-10 15:37:51
5356,1516,51,0,2021-03-31 17:45:26,2022-06-10 15:37:51
5357,1516,52,0,2021-03-31 17:45:26,2022-06-10 15:37:51
5358,1516,54,0,2021-03-31 17:45:26,2022-06-10 15:37:51
5359,1516,74,0,2021-03-31 17:45:26,2022-06-10 15:37:51
5360,1516,76,0,2021-03-31 17:45:26,2022-06-10 15:37:51
5361,1516,84,0,2021-03-31 17:45:26,2022-06-10 15:37:51
5362,1517,15,0,2021-03-31 17:45:26,2021-06-22 10:52:50
5363,1517,16,0,2021-03-31 17:45:26,2021-06-22 10:52:50
5364,1517,19,0,2021-03-31 17:45:26,2021-06-22 10:52:50
5365,1517,22,0,2021-03-31 17:45:26,2021-06-22 10:52:50
5366,1517,23,0,2021-03-31 17:45:26,2021-06-22 10:52:50
5367,1517,32,0,2021-03-31 17:45:26,2021-06-22 10:52:50
5368,1517,35,0,2021-03-31 17:45:26,2021-06-22 10:52:50
5369,1517,38,0,2021-03-31 17:45:26,2021-06-22 10:52:50
5370,1517,74,0,2021-03-31 17:45:26,2021-06-22 10:52:50
5371,1517,111,0,2021-03-31 17:45:26,2021-06-22 10:52:50
5372,1517,112,0,2021-03-31 17:45:26,2021-06-22 10:52:50
5373,1517,113,0,2021-03-31 17:45:26,2021-06-22 10:52:50
5374,1517,114,0,2021-03-31 17:45:26,2021-06-22 10:52:50
5375,1517,117,0,2021-03-31 17:45:26,2021-06-22 10:52:50
5376,1517,118,0,2021-03-31 17:45:26,2021-06-22 10:52:50
5377,1518,15,0,2021-03-31 17:45:26,2021-05-31 11:39:00
5378,1518,18,0,2021-03-31 17:45:26,2021-05-31 11:39:00
5379,1518,49,0,2021-03-31 17:45:26,2021-05-31 11:39:00
5380,1518,51,0,2021-03-31 17:45:26,2021-05-31 11:39:00
5381,1518,74,0,2021-03-31 17:45:26,2021-05-31 11:39:00
5382,1518,76,0,2021-03-31 17:45:26,2021-05-31 11:39:00
5383,1518,77,0,2021-03-31 17:45:26,2021-05-31 11:39:00
5384,1518,78,0,2021-03-31 17:45:26,2021-05-31 11:39:00
5385,1518,83,0,2021-03-31 17:45:26,2021-05-31 11:39:00
5386,1518,85,0,2021-03-31 17:45:26,2021-05-31 11:39:00
5387,1518,89,0,2021-03-31 17:45:26,2021-05-31 11:39:00
5388,1518,93,0,2021-03-31 17:45:26,2021-05-31 11:39:00
5389,1518,95,0,2021-03-31 17:45:26,2021-05-31 11:39:00
5390,1519,49,0,2021-03-31 17:45:26,2022-06-10 15:37:51
5391,1519,50,0,2021-03-31 17:45:26,2022-06-10 15:37:51
5392,1520,103,0,2021-03-31 17:45:26,2022-06-10 15:37:51
5393,1520,108,0,2021-03-31 17:45:26,2022-06-10 15:37:51
5394,1520,109,0,2021-03-31 17:45:26,2022-06-10 15:37:51
5395,1521,,0,2021-03-31 17:45:26,2021-06-22 10:52:50
5396,1522,15,0,2021-03-31 17:45:26,2022-06-10 15:37:51
5397,1522,18,0,2021-03-31 17:45:26,2022-06-10 15:37:51
5398,1522,122,0,2021-03-31 17:45:26,2022-06-10 15:37:51
5399,1523,67,0,2021-03-31 17:45:26,2022-06-10 15:37:51
5400,1523,69,0,2021-03-31 17:45:26,2022-06-10 15:37:51
5401,1524,103,0,2021-03-31 17:45:26,2022-06-10 15:37:51
5402,1524,141,0,2021-03-31 17:45:26,2022-06-10 15:37:51
5403,1525,111,0,2021-03-31 17:45:26,2022-06-10 15:37:51
5404,1525,115,0,2021-03-31 17:45:26,2022-06-10 15:37:51
5405,1526,85,0,2021-03-31 17:45:26,2022-06-10 15:37:51
5406,1526,86,0,2021-03-31 17:45:26,2022-06-10 15:37:51
5407,1526,111,0,2021-03-31 17:45:26,2022-06-10 15:37:51
5408,1526,118,0,2021-03-31 17:45:26,2022-06-10 15:37:51
5409,1527,40,0,2021-03-31 17:45:26,2022-06-10 15:37:51
5410,1527,41,0,2021-03-31 17:45:26,2022-06-10 15:37:51
5411,1527,47,0,2021-03-31 17:45:26,2022-06-10 15:37:51
5412,1527,74,0,2021-03-31 17:45:26,2022-06-10 15:37:51
5413,1527,75,0,2021-03-31 17:45:26,2022-06-10 15:37:51
5414,1527,82,0,2021-03-31 17:45:26,2022-06-10 15:37:51
5415,1528,,0,2021-03-31 17:45:26,2021-06-22 10:52:50
5416,1529,59,0,2021-03-31 17:45:26,2022-06-10 15:37:51
5417,1529,62,0,2021-03-31 17:45:26,2022-06-10 15:37:51
5418,1530,49,0,2021-03-31 17:45:26,2022-06-10 15:37:51
5419,1530,50,0,2021-03-31 17:45:26,2022-06-10 15:37:51
5420,1530,51,0,2021-03-31 17:45:26,2022-06-10 15:37:51
5421,1530,53,0,2021-03-31 17:45:26,2022-06-10 15:37:51
5422,1530,54,0,2021-03-31 17:45:26,2022-06-10 15:37:51
5423,1530,57,0,2021-03-31 17:45:26,2022-06-10 15:37:51
5424,1530,58,0,2021-03-31 17:45:26,2022-06-10 15:37:51
5425,1531,93,0,2021-03-31 17:45:26,2022-06-10 15:37:51
5426,1531,99,0,2021-03-31 17:45:26,2022-06-10 15:37:51
5427,1532,111,0,2021-03-31 17:45:26,2021-06-22 10:52:50
5428,1532,112,0,2021-03-31 17:45:26,2021-06-22 10:52:50
5429,1532,115,0,2021-03-31 17:45:26,2021-06-22 10:52:50
5430,1532,117,0,2021-03-31 17:45:26,2021-06-22 10:52:50
5431,1533,49,0,2021-03-31 17:45:26,2022-06-10 15:37:51
5432,1533,53,0,2021-03-31 17:45:26,2022-06-10 15:37:51
5433,1533,57,0,2021-03-31 17:45:26,2022-06-10 15:37:51
5434,1534,111,0,2021-03-31 17:45:26,2022-06-10 15:37:51
5435,1534,113,0,2021-03-31 17:45:26,2022-06-10 15:37:51
5436,1534,116,0,2021-03-31 17:45:26,2022-06-10 15:37:51
5437,1534,120,0,2021-03-31 17:45:26,2022-06-10 15:37:51
5438,1534,121,0,2021-03-31 17:45:26,2022-06-10 15:37:51
5439,1535,85,0,2021-03-31 17:45:26,2022-06-10 15:37:51
5440,1535,111,0,2021-03-31 17:45:26,2022-06-10 15:37:51
5441,1535,118,0,2021-03-31 17:45:26,2022-06-10 15:37:51
5442,1535,135,0,2021-03-31 17:45:26,2022-06-10 15:37:51
5443,1536,93,0,2021-03-31 17:45:26,2021-06-22 10:52:50
5444,1536,100,0,2021-03-31 17:45:26,2021-06-22 10:52:50
5445,1537,49,0,2021-03-31 17:45:26,2022-06-10 15:37:51
5446,1538,15,0,2021-03-31 17:45:26,2022-06-10 15:37:51
5447,1538,16,0,2021-03-31 17:45:26,2022-06-10 15:37:51
5448,1538,49,0,2021-03-31 17:45:26,2022-06-10 15:37:51
5449,1538,50,0,2021-03-31 17:45:26,2022-06-10 15:37:51
5450,1539,93,0,2021-03-31 17:45:26,2022-06-10 15:37:51
5451,1539,95,0,2021-03-31 17:45:26,2022-06-10 15:37:51
5452,1539,111,0,2021-03-31 17:45:26,2022-06-10 15:37:51
5453,1539,115,0,2021-03-31 17:45:26,2022-06-10 15:37:51
5454,1540,25,0,2021-03-31 17:45:26,2022-06-10 15:37:51
5455,1540,29,0,2021-03-31 17:45:26,2022-06-10 15:37:51
5456,1540,32,0,2021-03-31 17:45:26,2022-06-10 15:37:51
5457,1540,36,0,2021-03-31 17:45:26,2022-06-10 15:37:51
5458,1541,85,0,2021-03-31 17:45:26,2022-06-10 15:37:51
5459,1541,86,0,2021-03-31 17:45:26,2022-06-10 15:37:51
5460,1541,90,0,2021-03-31 17:45:26,2022-06-10 15:37:51
5461,1542,49,0,2021-03-31 17:45:26,2022-06-10 15:37:51
5462,1542,54,0,2021-03-31 17:45:26,2022-06-10 15:37:51
5463,1542,85,0,2021-03-31 17:45:26,2022-06-10 15:37:51
5464,1542,86,0,2021-03-31 17:45:26,2022-06-10 15:37:51
5465,1542,90,0,2021-03-31 17:45:26,2022-06-10 15:37:51
5466,1542,111,0,2021-03-31 17:45:26,2022-06-10 15:37:51
5467,1542,117,0,2021-03-31 17:45:26,2022-06-10 15:37:51
5468,1542,118,0,2021-03-31 17:45:26,2022-06-10 15:37:51
5469,1543,93,0,2021-03-31 17:45:26,2022-06-10 15:37:51
5470,1543,100,0,2021-03-31 17:45:26,2022-06-10 15:37:51
5471,1544,40,0,2021-03-31 17:45:26,2022-06-10 15:37:51
5472,1545,93,0,2021-03-31 17:45:26,2022-06-10 15:37:51
5473,1546,85,0,2021-03-31 17:45:26,2022-06-10 15:37:51
5474,1546,103,0,2021-03-31 17:45:26,2022-06-10 15:37:51
5475,1546,108,0,2021-03-31 17:45:26,2022-06-10 15:37:51
5476,1546,109,0,2021-03-31 17:45:26,2022-06-10 15:37:51
5477,1547,4,0,2021-03-31 17:45:26,2022-06-10 15:37:51
5478,1547,9,0,2021-03-31 17:45:26,2022-06-10 15:37:51
5479,1547,10,0,2021-03-31 17:45:26,2022-06-10 15:37:51
5480,1547,11,0,2021-03-31 17:45:26,2022-06-10 15:37:51
5481,1548,48,0,2021-03-31 17:45:26,2022-06-10 15:37:51
5482,1549,74,0,2021-03-31 17:45:26,2022-06-10 15:37:51
5483,1549,80,0,2021-03-31 17:45:26,2022-06-10 15:37:51
5484,1550,1,0,2021-03-31 17:45:26,2022-06-10 15:37:51
5485,1550,2,0,2021-03-31 17:45:26,2022-06-10 15:37:51
5486,1551,111,0,2021-03-31 17:45:26,2022-06-10 15:37:51
5487,1551,112,0,2021-03-31 17:45:26,2022-06-10 15:37:51
5488,1551,117,0,2021-03-31 17:45:26,2022-06-10 15:37:51
5489,1552,112,0,2021-03-31 17:45:26,2022-06-10 15:37:51
5490,1552,113,0,2021-03-31 17:45:26,2022-06-10 15:37:51
5491,1552,114,0,2021-03-31 17:45:26,2022-06-10 15:37:51
5492,1552,117,0,2021-03-31 17:45:26,2022-06-10 15:37:51
5493,1552,121,0,2021-03-31 17:45:26,2022-06-10 15:37:51
5494,1553,,0,2021-03-31 17:45:26,2021-06-22 10:52:50
5495,1554,40,0,2021-03-31 17:45:26,2022-06-10 15:37:51
5496,1554,46,0,2021-03-31 17:45:26,2022-06-10 15:37:51
5497,1555,,0,2021-03-31 17:45:26,2021-05-26 13:20:38
5498,1556,111,0,2021-03-31 17:45:26,2022-06-10 15:37:51
5499,1556,115,0,2021-03-31 17:45:26,2022-06-10 15:37:51
5500,1556,116,0,2021-03-31 17:45:26,2022-06-10 15:37:51
5501,1557,93,0,2021-03-31 17:45:26,2021-06-22 10:52:50
5502,1557,99,0,2021-03-31 17:45:26,2021-06-22 10:52:50
5503,1558,85,0,2021-03-31 17:45:26,2022-06-10 15:37:51
5504,1558,103,0,2021-03-31 17:45:26,2022-06-10 15:37:51
5505,1558,104,0,2021-03-31 17:45:26,2022-06-10 15:37:51
5506,1558,105,0,2021-03-31 17:45:26,2022-06-10 15:37:51
5507,1558,135,0,2021-03-31 17:45:26,2022-06-10 15:37:51
5508,1559,,0,2021-03-31 17:45:26,2021-06-22 10:52:50
5509,1560,111,0,2021-03-31 17:45:26,2022-06-10 15:37:51
5510,1560,118,0,2021-03-31 17:45:26,2022-06-10 15:37:51
5511,1561,93,0,2021-03-31 17:45:26,2022-06-10 15:37:51
5512,1561,100,0,2021-03-31 17:45:26,2022-06-10 15:37:51
5513,1562,93,0,2021-03-31 17:45:26,2022-06-10 15:37:51
5514,1562,100,0,2021-03-31 17:45:26,2022-06-10 15:37:51
5515,1563,93,0,2021-03-31 17:45:26,2022-06-10 15:37:51
5516,1563,100,0,2021-03-31 17:45:26,2022-06-10 15:37:51
5517,1564,15,0,2021-03-31 17:45:26,2022-06-10 15:37:51
5518,1564,18,0,2021-03-31 17:45:26,2022-06-10 15:37:51
5519,1564,20,0,2021-03-31 17:45:26,2022-06-10 15:37:51
5520,1564,24,0,2021-03-31 17:45:26,2022-06-10 15:37:51
5521,1564,32,0,2021-03-31 17:45:26,2022-06-10 15:37:51
5522,1564,35,0,2021-03-31 17:45:26,2022-06-10 15:37:51
5523,1564,38,0,2021-03-31 17:45:26,2022-06-10 15:37:51
5524,1565,111,0,2021-03-31 17:45:26,2022-06-10 15:37:51
5525,1565,112,0,2021-03-31 17:45:26,2022-06-10 15:37:51
5526,1565,113,0,2021-03-31 17:45:26,2022-06-10 15:37:51
5527,1565,114,0,2021-03-31 17:45:26,2022-06-10 15:37:51
5528,1565,117,0,2021-03-31 17:45:26,2022-06-10 15:37:51
5529,1565,120,0,2021-03-31 17:45:26,2022-06-10 15:37:51
5530,1566,111,0,2021-03-31 17:45:26,2022-06-10 15:37:51
5531,1566,112,0,2021-03-31 17:45:26,2022-06-10 15:37:51
5532,1566,113,0,2021-03-31 17:45:26,2022-06-10 15:37:51
5533,1566,114,0,2021-03-31 17:45:26,2022-06-10 15:37:51
5534,1566,117,0,2021-03-31 17:45:26,2022-06-10 15:37:51
5535,1566,120,0,2021-03-31 17:45:26,2022-06-10 15:37:51
5536,1567,2,0,2021-03-31 17:45:26,2022-06-10 15:37:51
5537,1568,93,0,2021-03-31 17:45:26,2022-06-10 15:37:51
5538,1568,97,0,2021-03-31 17:45:26,2022-06-10 15:37:51
5539,1568,111,0,2021-03-31 17:45:26,2022-06-10 15:37:51
5540,1568,113,0,2021-03-31 17:45:26,2022-06-10 15:37:51
5541,1569,2,0,2021-03-31 17:45:26,2022-06-10 15:37:51
5542,1570,,0,2021-03-31 17:45:26,2021-06-22 10:52:50
5543,1571,85,0,2021-03-31 17:45:26,2022-06-10 15:37:51
5544,1571,103,0,2021-03-31 17:45:26,2022-06-10 15:37:51
5545,1571,106,0,2021-03-31 17:45:26,2022-06-10 15:37:51
5546,1571,107,0,2021-03-31 17:45:26,2022-06-10 15:37:51
5547,1571,109,0,2021-03-31 17:45:26,2022-06-10 15:37:51
5548,1572,49,0,2021-03-31 17:45:26,2022-06-10 15:37:51
5549,1572,54,0,2021-03-31 17:45:26,2022-06-10 15:37:51
5550,1572,85,0,2021-03-31 17:45:26,2022-06-10 15:37:51
5551,1572,90,0,2021-03-31 17:45:26,2022-06-10 15:37:51
5552,1572,103,0,2021-03-31 17:45:26,2022-06-10 15:37:51
5553,1572,111,0,2021-03-31 17:45:26,2022-06-10 15:37:51
5554,1572,112,0,2021-03-31 17:45:26,2022-06-10 15:37:51
5555,1572,113,0,2021-03-31 17:45:26,2022-06-10 15:37:51
5556,1572,114,0,2021-03-31 17:45:26,2022-06-10 15:37:51
5557,1572,115,0,2021-03-31 17:45:26,2022-06-10 15:37:51
5558,1572,117,0,2021-03-31 17:45:26,2022-06-10 15:37:51
5559,1573,15,0,2021-03-31 17:45:26,2022-06-10 15:37:51
5560,1573,16,0,2021-03-31 17:45:26,2022-06-10 15:37:51
5561,1573,17,0,2021-03-31 17:45:26,2022-06-10 15:37:51
5562,1573,18,0,2021-03-31 17:45:26,2022-06-10 15:37:51
5563,1573,19,0,2021-03-31 17:45:26,2022-06-10 15:37:51
5564,1573,20,0,2021-03-31 17:45:26,2022-06-10 15:37:51
5565,1573,21,0,2021-03-31 17:45:26,2022-06-10 15:37:51
5566,1573,23,0,2021-03-31 17:45:26,2022-06-10 15:37:51
5567,1573,67,0,2021-03-31 17:45:26,2022-06-10 15:37:51
5568,1573,71,0,2021-03-31 17:45:26,2022-06-10 15:37:51
5569,1573,85,0,2021-03-31 17:45:26,2022-06-10 15:37:51
5570,1573,90,0,2021-03-31 17:45:26,2022-06-10 15:37:51
5571,1574,49,0,2021-03-31 17:45:26,2022-06-10 15:37:51
5572,1574,54,0,2021-03-31 17:45:26,2022-06-10 15:37:51
5573,1574,111,0,2021-03-31 17:45:26,2022-06-10 15:37:51
5574,1574,112,0,2021-03-31 17:45:26,2022-06-10 15:37:51
5575,1574,117,0,2021-03-31 17:45:26,2022-06-10 15:37:51
5576,1574,118,0,2021-03-31 17:45:26,2022-06-10 15:37:51
5577,1575,2,0,2021-03-31 17:45:26,2021-06-22 10:52:50
5578,1575,49,0,2021-03-31 17:45:26,2021-06-22 10:52:50
5579,1575,53,0,2021-03-31 17:45:26,2021-06-22 10:52:50
5580,1575,54,0,2021-03-31 17:45:26,2021-06-22 10:52:50
5581,1575,57,0,2021-03-31 17:45:26,2021-06-22 10:52:50
5582,1575,58,0,2021-03-31 17:45:26,2021-06-22 10:52:50
5583,1575,67,0,2021-03-31 17:45:26,2021-06-22 10:52:50
5584,1575,71,0,2021-03-31 17:45:26,2021-06-22 10:52:50
5585,1576,74,0,2021-03-31 17:45:26,2022-06-10 15:37:51
5586,1576,76,0,2021-03-31 17:45:26,2022-06-10 15:37:51
5587,1576,85,0,2021-03-31 17:45:26,2022-06-10 15:37:51
5588,1576,89,0,2021-03-31 17:45:26,2022-06-10 15:37:51
5589,1576,111,0,2021-03-31 17:45:26,2022-06-10 15:37:51
5590,1576,115,0,2021-03-31 17:45:26,2022-06-10 15:37:51
5591,1577,,0,2021-03-31 17:45:26,2021-06-22 10:52:50
5592,1578,112,0,2021-03-31 17:45:26,2021-06-22 10:52:50
5593,1578,117,0,2021-03-31 17:45:26,2021-06-22 10:52:50
5594,1579,85,0,2021-03-31 17:45:26,2022-06-10 15:37:51
5595,1579,86,0,2021-03-31 17:45:26,2022-06-10 15:37:51
5596,1579,93,0,2021-03-31 17:45:26,2022-06-10 15:37:51
5597,1579,97,0,2021-03-31 17:45:26,2022-06-10 15:37:51
5598,1579,111,0,2021-03-31 17:45:26,2022-06-10 15:37:51
5599,1579,118,0,2021-03-31 17:45:26,2022-06-10 15:37:51
5600,1580,59,0,2021-03-31 17:45:26,2022-06-10 15:37:51
5601,1581,112,0,2021-03-31 17:45:26,2022-06-10 15:37:51
5602,1581,113,0,2021-03-31 17:45:26,2022-06-10 15:37:51
5603,1581,117,0,2021-03-31 17:45:26,2022-06-10 15:37:51
5604,1581,119,0,2021-03-31 17:45:26,2022-06-10 15:37:51
5605,1581,121,0,2021-03-31 17:45:26,2022-06-10 15:37:51
5606,1582,2,0,2021-03-31 17:45:26,2021-06-22 10:52:50
5607,1582,49,0,2021-03-31 17:45:26,2021-06-22 10:52:50
5608,1582,51,0,2021-03-31 17:45:26,2021-06-22 10:52:50
5609,1582,53,0,2021-03-31 17:45:26,2021-06-22 10:52:50
5610,1582,58,0,2021-03-31 17:45:26,2021-06-22 10:52:50
5611,1583,111,0,2021-03-31 17:45:26,2021-06-22 10:52:50
5612,1583,112,0,2021-03-31 17:45:26,2021-06-22 10:52:50
5613,1583,117,0,2021-03-31 17:45:26,2021-06-22 10:52:50
5614,1584,74,0,2021-03-31 17:45:26,2022-06-10 15:37:51
5615,1584,81,0,2021-03-31 17:45:26,2022-06-10 15:37:51
5616,1584,111,0,2021-03-31 17:45:26,2022-06-10 15:37:51
5617,1584,116,0,2021-03-31 17:45:26,2022-06-10 15:37:51
5618,1584,117,0,2021-03-31 17:45:26,2022-06-10 15:37:51
5619,1584,119,0,2021-03-31 17:45:26,2022-06-10 15:37:51
5620,1585,15,0,2021-03-31 17:45:26,2022-06-10 15:37:51
5621,1585,23,0,2021-03-31 17:45:26,2022-06-10 15:37:51
5622,1585,67,0,2021-03-31 17:45:26,2022-06-10 15:37:51
5623,1585,68,0,2021-03-31 17:45:26,2022-06-10 15:37:51
5624,1586,93,0,2021-03-31 17:45:26,2021-06-22 10:52:50
5625,1586,95,0,2021-03-31 17:45:26,2021-06-22 10:52:50
5626,1587,93,0,2021-03-31 17:45:26,2022-06-10 15:37:51
5627,1588,103,0,2021-03-31 17:45:26,2022-06-10 15:37:51
5628,1588,111,0,2021-03-31 17:45:26,2022-06-10 15:37:51
5629,1588,117,0,2021-03-31 17:45:26,2022-06-10 15:37:51
5630,1589,2,0,2021-03-31 17:45:26,2022-06-10 15:37:51
5631,1590,,0,2021-03-31 17:45:26,2021-06-22 10:52:50
5632,1591,74,0,2021-03-31 17:45:26,2022-06-10 15:37:51
5633,1591,80,0,2021-03-31 17:45:26,2022-06-10 15:37:51
5634,1592,2,0,2021-03-31 17:45:26,2021-06-01 10:11:22
5635,1593,40,0,2021-03-31 17:45:26,2022-06-10 15:37:51
5636,1593,41,0,2021-03-31 17:45:26,2022-06-10 15:37:51
5637,1594,93,0,2021-03-31 17:45:26,2022-06-10 15:37:51
5638,1594,100,0,2021-03-31 17:45:26,2022-06-10 15:37:51
5639,1595,40,0,2021-03-31 17:45:26,2022-06-10 15:37:51
5640,1595,41,0,2021-03-31 17:45:26,2022-06-10 15:37:51
5641,1596,25,0,2021-03-31 17:45:26,2022-06-10 15:37:51
5642,1596,29,0,2021-03-31 17:45:26,2022-06-10 15:37:51
5643,1597,40,0,2021-03-31 17:45:26,2022-06-10 15:37:51
5644,1597,41,0,2021-03-31 17:45:26,2022-06-10 15:37:51
5645,1597,74,0,2021-03-31 17:45:26,2022-06-10 15:37:51
5646,1597,82,0,2021-03-31 17:45:26,2022-06-10 15:37:51
5647,1598,74,0,2021-03-31 17:45:26,2022-06-10 15:37:51
5648,1598,75,0,2021-03-31 17:45:26,2022-06-10 15:37:51
5649,1599,23,0,2021-03-31 17:45:26,2022-06-10 15:37:51
5650,1599,67,0,2021-03-31 17:45:26,2022-06-10 15:37:51
5651,1599,68,0,2021-03-31 17:45:26,2022-06-10 15:37:51
5652,1599,71,0,2021-03-31 17:45:26,2022-06-10 15:37:51
5653,1599,72,0,2021-03-31 17:45:26,2022-06-10 15:37:51
5654,1599,73,0,2021-03-31 17:45:26,2022-06-10 15:37:51
5655,1600,32,0,2021-03-31 17:45:26,2022-06-10 15:37:51
5656,1600,34,0,2021-03-31 17:45:26,2022-06-10 15:37:51
5657,1601,67,0,2021-03-31 17:45:26,2022-06-10 15:37:51
5658,1602,59,0,2021-03-31 17:45:26,2022-06-10 15:37:51
5659,1602,62,0,2021-03-31 17:45:26,2022-06-10 15:37:51
5660,1603,59,0,2021-03-31 17:45:26,2022-06-10 15:37:51
5661,1603,60,0,2021-03-31 17:45:26,2022-06-10 15:37:51
5662,1603,127,0,2021-03-31 17:45:26,2022-06-10 15:37:51
5663,1604,40,0,2021-03-31 17:45:26,2022-06-10 15:37:51
5664,1604,41,0,2021-03-31 17:45:26,2022-06-10 15:37:51
5665,1604,42,0,2021-03-31 17:45:26,2022-06-10 15:37:51
5666,1604,43,0,2021-03-31 17:45:26,2022-06-10 15:37:51
5667,1604,47,0,2021-03-31 17:45:26,2022-06-10 15:37:51
5668,1605,111,0,2021-03-31 17:45:26,2022-06-10 15:37:51
5669,1605,113,0,2021-03-31 17:45:26,2022-06-10 15:37:51
5670,1606,85,0,2021-03-31 17:45:26,2022-06-10 15:37:51
5671,1606,142,0,2021-03-31 17:45:26,2022-06-10 15:37:51
5672,1607,15,0,2021-03-31 17:45:26,2022-06-10 15:37:51
5673,1607,17,0,2021-03-31 17:45:26,2022-06-10 15:37:51
5674,1607,18,0,2021-03-31 17:45:26,2022-06-10 15:37:51
5675,1607,19,0,2021-03-31 17:45:26,2022-06-10 15:37:51
5676,1608,49,0,2021-03-31 17:45:26,2022-06-10 15:37:51
5677,1608,50,0,2021-03-31 17:45:26,2022-06-10 15:37:51
5678,1608,54,0,2021-03-31 17:45:26,2022-06-10 15:37:51
5679,1609,49,0,2021-03-31 17:45:26,2022-06-10 15:37:51
5680,1609,50,0,2021-03-31 17:45:26,2022-06-10 15:37:51
5681,1609,51,0,2021-03-31 17:45:26,2022-06-10 15:37:51
5682,1609,54,0,2021-03-31 17:45:26,2022-06-10 15:37:51
5683,1610,68,0,2021-03-31 17:45:26,2022-06-10 15:37:51
5684,1610,85,0,2021-03-31 17:45:26,2022-06-10 15:37:51
5685,1610,137,0,2021-03-31 17:45:26,2022-06-10 15:37:51
5686,1611,111,0,2021-03-31 17:45:26,2022-06-10 15:37:51
5687,1611,112,0,2021-03-31 17:45:26,2022-06-10 15:37:51
5688,1611,113,0,2021-03-31 17:45:26,2022-06-10 15:37:51
5689,1611,114,0,2021-03-31 17:45:26,2022-06-10 15:37:51
5690,1611,117,0,2021-03-31 17:45:26,2022-06-10 15:37:51
5691,1611,118,0,2021-03-31 17:45:26,2022-06-10 15:37:51
5692,1611,119,0,2021-03-31 17:45:26,2022-06-10 15:37:51
5693,1611,120,0,2021-03-31 17:45:26,2022-06-10 15:37:51
5694,1612,40,0,2021-03-31 17:45:26,2022-06-10 15:37:51
5695,1612,41,0,2021-03-31 17:45:26,2022-06-10 15:37:51
5696,1613,74,0,2021-03-31 17:45:26,2021-06-22 10:52:50
5697,1613,76,0,2021-03-31 17:45:26,2021-06-22 10:52:50
5698,1613,77,0,2021-03-31 17:45:26,2021-06-22 10:52:50
5699,1613,78,0,2021-03-31 17:45:26,2021-06-22 10:52:50
5700,1613,83,0,2021-03-31 17:45:26,2021-06-22 10:52:50
5701,1614,103,0,2021-03-31 17:45:26,2022-06-10 15:37:51
5702,1614,105,0,2021-03-31 17:45:26,2022-06-10 15:37:51
5703,1614,106,0,2021-03-31 17:45:26,2022-06-10 15:37:51
5704,1614,108,0,2021-03-31 17:45:26,2022-06-10 15:37:51
5705,1614,109,0,2021-03-31 17:45:26,2022-06-10 15:37:51
5706,1614,111,0,2021-03-31 17:45:26,2022-06-10 15:37:51
5707,1614,117,0,2021-03-31 17:45:26,2022-06-10 15:37:51
5708,1615,15,0,2021-03-31 17:45:26,2022-06-10 15:37:51
5709,1616,112,0,2021-03-31 17:45:26,2022-06-10 15:37:51
5710,1616,114,0,2021-03-31 17:45:26,2022-06-10 15:37:51
5711,1616,117,0,2021-03-31 17:45:26,2022-06-10 15:37:51
5712,1617,74,0,2021-03-31 17:45:26,2021-06-22 10:52:50
5713,1618,93,0,2021-03-31 17:45:27,2022-06-10 15:37:51
5714,1618,97,0,2021-03-31 17:45:27,2022-06-10 15:37:51
5715,1618,111,0,2021-03-31 17:45:27,2022-06-10 15:37:51
5716,1618,117,0,2021-03-31 17:45:27,2022-06-10 15:37:51
5717,1618,118,0,2021-03-31 17:45:27,2022-06-10 15:37:51
5718,1619,,0,2021-03-31 17:45:27,2021-06-22 10:52:50
5719,1620,40,0,2021-03-31 17:45:27,2022-06-10 15:37:51
5720,1620,41,0,2021-03-31 17:45:27,2022-06-10 15:37:51
5721,1620,43,0,2021-03-31 17:45:27,2022-06-10 15:37:51
5722,1620,47,0,2021-03-31 17:45:27,2022-06-10 15:37:51
5723,1621,2,0,2021-03-31 17:45:27,2022-06-10 15:37:51
5724,1622,49,0,2021-03-31 17:45:27,2022-06-10 15:37:51
5725,1622,50,0,2021-03-31 17:45:27,2022-06-10 15:37:51
5726,1622,51,0,2021-03-31 17:45:27,2022-06-10 15:37:51
5727,1622,52,0,2021-03-31 17:45:27,2022-06-10 15:37:51
5728,1623,103,0,2021-03-31 17:45:27,2022-06-10 15:37:51
5729,1623,109,0,2021-03-31 17:45:27,2022-06-10 15:37:51
5730,1624,15,0,2021-03-31 17:45:27,2022-06-10 15:37:51
5731,1624,16,0,2021-03-31 17:45:27,2022-06-10 15:37:51
5732,1624,17,0,2021-03-31 17:45:27,2022-06-10 15:37:51
5733,1624,18,0,2021-03-31 17:45:27,2022-06-10 15:37:51
5734,1624,19,0,2021-03-31 17:45:27,2022-06-10 15:37:51
5735,1624,21,0,2021-03-31 17:45:27,2022-06-10 15:37:51
5736,1624,24,0,2021-03-31 17:45:27,2022-06-10 15:37:51
5737,1624,32,0,2021-03-31 17:45:27,2022-06-10 15:37:51
5738,1624,35,0,2021-03-31 17:45:27,2022-06-10 15:37:51
5739,1624,85,0,2021-03-31 17:45:27,2022-06-10 15:37:51
5740,1624,103,0,2021-03-31 17:45:27,2022-06-10 15:37:51
5741,1624,108,0,2021-03-31 17:45:27,2022-06-10 15:37:51
5742,1624,135,0,2021-03-31 17:45:27,2022-06-10 15:37:51
5743,1625,15,0,2021-03-31 17:45:27,2022-06-10 15:37:51
5744,1625,49,0,2021-03-31 17:45:27,2022-06-10 15:37:51
5745,1625,50,0,2021-03-31 17:45:27,2022-06-10 15:37:51
5746,1625,126,0,2021-03-31 17:45:27,2022-06-10 15:37:51
5747,1626,93,0,2021-03-31 17:45:27,2022-06-10 15:37:51
5748,1626,98,0,2021-03-31 17:45:27,2022-06-10 15:37:51
5749,1626,103,0,2021-03-31 17:45:27,2022-06-10 15:37:51
5750,1626,107,0,2021-03-31 17:45:27,2022-06-10 15:37:51
5751,1627,40,0,2021-03-31 17:45:27,2022-06-10 15:37:51
5752,1627,46,0,2021-03-31 17:45:27,2022-06-10 15:37:51
5753,1628,40,0,2021-03-31 17:45:27,2022-06-10 15:37:51
5754,1628,46,0,2021-03-31 17:45:27,2022-06-10 15:37:51
5755,1629,112,0,2021-03-31 17:45:27,2022-06-10 15:37:51
5756,1629,114,0,2021-03-31 17:45:27,2022-06-10 15:37:51
5757,1629,119,0,2021-03-31 17:45:27,2022-06-10 15:37:51
5758,1630,49,0,2021-03-31 17:45:27,2022-06-10 15:37:51
5759,1630,50,0,2021-03-31 17:45:27,2022-06-10 15:37:51
5760,1630,51,0,2021-03-31 17:45:27,2022-06-10 15:37:51
5761,1630,67,0,2021-03-31 17:45:27,2022-06-10 15:37:51
5762,1630,71,0,2021-03-31 17:45:27,2022-06-10 15:37:51
5763,1631,74,0,2021-03-31 17:45:27,2022-06-10 15:37:51
5764,1632,40,0,2021-03-31 17:45:27,2022-06-10 15:37:51
5765,1632,41,0,2021-03-31 17:45:27,2022-06-10 15:37:51
5766,1632,74,0,2021-03-31 17:45:27,2022-06-10 15:37:51
5767,1632,82,0,2021-03-31 17:45:27,2022-06-10 15:37:51
5768,1633,93,0,2021-03-31 17:45:27,2022-06-10 15:37:51
5769,1633,103,0,2021-03-31 17:45:27,2022-06-10 15:37:51
5770,1633,138,0,2021-03-31 17:45:27,2022-06-10 15:37:51
5771,1633,140,0,2021-03-31 17:45:27,2022-06-10 15:37:51
5772,1633,141,0,2021-03-31 17:45:27,2022-06-10 15:37:51
5773,1634,49,0,2021-03-31 17:45:27,2022-06-10 15:37:51
5774,1634,50,0,2021-03-31 17:45:27,2022-06-10 15:37:51
5775,1634,51,0,2021-03-31 17:45:27,2022-06-10 15:37:51
5776,1634,93,0,2021-03-31 17:45:27,2022-06-10 15:37:51
5777,1634,94,0,2021-03-31 17:45:27,2022-06-10 15:37:51
5778,1635,93,0,2021-03-31 17:45:27,2022-06-10 15:37:51
5779,1635,99,0,2021-03-31 17:45:27,2022-06-10 15:37:51
5780,1636,2,0,2021-03-31 17:45:27,2021-06-22 10:52:50
5781,1637,2,0,2021-03-31 17:45:27,2021-05-26 13:20:38
5782,1637,49,0,2021-03-31 17:45:27,2021-05-26 13:20:38
5783,1637,50,0,2021-03-31 17:45:27,2021-05-26 13:20:38
5784,1637,54,0,2021-03-31 17:45:27,2021-05-26 13:20:38
5785,1637,55,0,2021-03-31 17:45:27,2021-05-26 13:20:38
5786,1637,56,0,2021-03-31 17:45:27,2021-05-26 13:20:38
5787,1637,57,0,2021-03-31 17:45:27,2021-05-26 13:20:38
5788,1637,58,0,2021-03-31 17:45:27,2021-05-26 13:20:38
5789,1638,,0,2021-03-31 17:45:27,2021-06-22 10:52:50
5790,1639,85,0,2021-03-31 17:45:27,2022-06-10 15:37:51
5791,1639,103,0,2021-03-31 17:45:27,2022-06-10 15:37:51
5792,1639,105,0,2021-03-31 17:45:27,2022-06-10 15:37:51
5793,1639,106,0,2021-03-31 17:45:27,2022-06-10 15:37:51
5794,1639,108,0,2021-03-31 17:45:27,2022-06-10 15:37:51
5795,1639,137,0,2021-03-31 17:45:27,2022-06-10 15:37:51
5796,1640,40,0,2021-03-31 17:45:27,2022-06-10 15:37:51
5797,1640,41,0,2021-03-31 17:45:27,2022-06-10 15:37:51
5798,1640,42,0,2021-03-31 17:45:27,2022-06-10 15:37:51
5799,1641,67,0,2021-03-31 17:45:27,2021-06-22 10:52:50
5800,1641,71,0,2021-03-31 17:45:27,2021-06-22 10:52:50
5801,1641,72,0,2021-03-31 17:45:27,2021-06-22 10:52:50
5802,1642,103,0,2021-03-31 17:45:27,2022-06-10 15:37:51
5803,1642,105,0,2021-03-31 17:45:27,2022-06-10 15:37:51
5804,1643,111,0,2021-03-31 17:45:27,2022-06-10 15:37:51
5805,1643,112,0,2021-03-31 17:45:27,2022-06-10 15:37:51
5806,1643,113,0,2021-03-31 17:45:27,2022-06-10 15:37:51
5807,1643,117,0,2021-03-31 17:45:27,2022-06-10 15:37:51
5808,1643,119,0,2021-03-31 17:45:27,2022-06-10 15:37:51
5809,1643,120,0,2021-03-31 17:45:27,2022-06-10 15:37:51
5810,1643,121,0,2021-03-31 17:45:27,2022-06-10 15:37:51
5811,1644,111,0,2021-03-31 17:45:27,2022-06-10 15:37:51
5812,1644,117,0,2021-03-31 17:45:27,2022-06-10 15:37:51
5813,1645,103,0,2021-03-31 17:45:27,2022-06-10 15:37:51
5814,1645,139,0,2021-03-31 17:45:27,2022-06-10 15:37:51
5815,1646,15,0,2021-03-31 17:45:27,2022-06-10 15:37:51
5816,1646,23,0,2021-03-31 17:45:27,2022-06-10 15:37:51
5817,1646,67,0,2021-03-31 17:45:27,2022-06-10 15:37:51
5818,1646,68,0,2021-03-31 17:45:27,2022-06-10 15:37:51
5819,1647,111,0,2021-03-31 17:45:27,2022-06-10 15:37:51
5820,1647,112,0,2021-03-31 17:45:27,2022-06-10 15:37:51
5821,1648,,0,2021-03-31 17:45:27,2021-04-02 17:05:20
5822,1649,93,0,2021-03-31 17:45:27,2022-06-10 15:37:51
5823,1649,94,0,2021-03-31 17:45:27,2022-06-10 15:37:51
5824,1649,95,0,2021-03-31 17:45:27,2022-06-10 15:37:51
5825,1649,111,0,2021-03-31 17:45:27,2022-06-10 15:37:51
5826,1649,115,0,2021-03-31 17:45:27,2022-06-10 15:37:51
5827,1649,117,0,2021-03-31 17:45:27,2022-06-10 15:37:51
5828,1650,93,0,2021-03-31 17:45:27,2022-06-10 15:37:51
5829,1651,93,0,2021-03-31 17:45:27,2021-06-09 09:22:10
5830,1651,99,0,2021-03-31 17:45:27,2021-06-09 09:22:10
5831,1652,49,0,2021-03-31 17:45:27,2022-06-10 15:37:51
5832,1652,50,0,2021-03-31 17:45:27,2022-06-10 15:37:51
5833,1653,40,0,2021-03-31 17:45:27,2022-06-10 15:37:51
5834,1653,46,0,2021-03-31 17:45:27,2022-06-10 15:37:51
5835,1654,4,0,2021-03-31 17:45:27,2022-06-10 15:37:51
5836,1655,,0,2021-03-31 17:45:27,2021-06-22 10:52:50
5837,1656,40,0,2021-03-31 17:45:27,2022-06-10 15:37:51
5838,1656,41,0,2021-03-31 17:45:27,2022-06-10 15:37:51
5839,1656,43,0,2021-03-31 17:45:27,2022-06-10 15:37:51
5840,1656,46,0,2021-03-31 17:45:27,2022-06-10 15:37:51
5841,1657,40,0,2021-03-31 17:45:27,2022-06-10 15:37:51
5842,1657,41,0,2021-03-31 17:45:27,2022-06-10 15:37:51
5843,1658,103,0,2021-03-31 17:45:27,2022-06-10 15:37:51
5844,1658,104,0,2021-03-31 17:45:27,2022-06-10 15:37:51
5845,1658,105,0,2021-03-31 17:45:27,2022-06-10 15:37:51
5846,1658,108,0,2021-03-31 17:45:27,2022-06-10 15:37:51
5847,1658,109,0,2021-03-31 17:45:27,2022-06-10 15:37:51
5848,1658,141,0,2021-03-31 17:45:27,2022-06-10 15:37:51
5849,1659,74,0,2021-03-31 17:45:27,2022-06-10 15:37:51
5850,1660,74,0,2021-03-31 17:45:27,2022-06-10 15:37:51
5851,1661,111,0,2021-03-31 17:45:27,2022-06-10 15:37:51
5852,1661,113,0,2021-03-31 17:45:27,2022-06-10 15:37:51
5853,1661,114,0,2021-03-31 17:45:27,2022-06-10 15:37:51
5854,1661,115,0,2021-03-31 17:45:27,2022-06-10 15:37:51
5855,1661,117,0,2021-03-31 17:45:27,2022-06-10 15:37:51
5856,1662,,0,2021-03-31 17:45:27,2021-06-22 10:52:50
5857,1663,111,0,2021-03-31 17:45:27,2022-06-10 15:37:51
5858,1663,114,0,2021-03-31 17:45:27,2022-06-10 15:37:51
5859,1664,113,0,2021-03-31 17:45:27,2022-06-10 15:37:51
5860,1664,114,0,2021-03-31 17:45:27,2022-06-10 15:37:51
5861,1664,117,0,2021-03-31 17:45:27,2022-06-10 15:37:51
5862,1665,,0,2021-03-31 17:45:27,2021-03-31 16:59:59
5863,1666,59,0,2021-03-31 17:45:27,2022-06-10 15:37:51
5864,1666,61,0,2021-03-31 17:45:27,2022-06-10 15:37:51
5865,1666,62,0,2021-03-31 17:45:27,2022-06-10 15:37:51
5866,1667,103,0,2021-03-31 17:45:27,2022-06-10 15:37:51
5867,1667,110,0,2021-03-31 17:45:27,2022-06-10 15:37:51
5868,1668,111,0,2021-03-31 17:45:27,2022-06-10 15:37:51
5869,1668,113,0,2021-03-31 17:45:27,2022-06-10 15:37:51
5870,1668,114,0,2021-03-31 17:45:27,2022-06-10 15:37:51
5871,1668,115,0,2021-03-31 17:45:27,2022-06-10 15:37:51
5872,1668,117,0,2021-03-31 17:45:27,2022-06-10 15:37:51
5873,1669,40,0,2021-03-31 17:45:27,2022-06-10 15:37:51
5874,1669,48,0,2021-03-31 17:45:27,2022-06-10 15:37:51
5875,1670,40,0,2021-03-31 17:45:27,2022-06-10 15:37:51
5876,1670,41,0,2021-03-31 17:45:27,2022-06-10 15:37:51
5877,1670,74,0,2021-03-31 17:45:27,2022-06-10 15:37:51
5878,1670,82,0,2021-03-31 17:45:27,2022-06-10 15:37:51
5879,1670,93,0,2021-03-31 17:45:27,2022-06-10 15:37:51
5880,1670,97,0,2021-03-31 17:45:27,2022-06-10 15:37:51
5881,1670,102,0,2021-03-31 17:45:27,2022-06-10 15:37:51
5882,1671,59,0,2021-03-31 17:45:27,2022-06-10 15:37:51
5883,1671,60,0,2021-03-31 17:45:27,2022-06-10 15:37:51
5884,1671,103,0,2021-03-31 17:45:27,2022-06-10 15:37:51
5885,1671,104,0,2021-03-31 17:45:27,2022-06-10 15:37:51
5886,1671,105,0,2021-03-31 17:45:27,2022-06-10 15:37:51
5887,1671,106,0,2021-03-31 17:45:27,2022-06-10 15:37:51
5888,1671,107,0,2021-03-31 17:45:27,2022-06-10 15:37:51
5889,1671,108,0,2021-03-31 17:45:27,2022-06-10 15:37:51
5890,1671,109,0,2021-03-31 17:45:27,2022-06-10 15:37:51
5891,1671,111,0,2021-03-31 17:45:27,2022-06-10 15:37:51
5892,1671,117,0,2021-03-31 17:45:27,2022-06-10 15:37:51
5893,1671,118,0,2021-03-31 17:45:27,2022-06-10 15:37:51
5894,1671,139,0,2021-03-31 17:45:27,2022-06-10 15:37:51
5895,1671,140,0,2021-03-31 17:45:27,2022-06-10 15:37:51
5896,1671,141,0,2021-03-31 17:45:27,2022-06-10 15:37:51
5897,1672,1,0,2021-03-31 17:45:27,2021-06-22 10:52:50
5898,1672,67,0,2021-03-31 17:45:27,2021-06-22 10:52:50
5899,1672,71,0,2021-03-31 17:45:27,2021-06-22 10:52:50
5900,1673,111,0,2021-03-31 17:45:27,2021-05-26 13:20:38
5901,1673,112,0,2021-03-31 17:45:27,2021-05-26 13:20:38
5902,1673,114,0,2021-03-31 17:45:27,2021-05-26 13:20:38
5903,1673,117,0,2021-03-31 17:45:27,2021-05-26 13:20:38
5904,1674,103,0,2021-03-31 17:45:27,2022-06-10 15:37:51
5905,1674,107,0,2021-03-31 17:45:27,2022-06-10 15:37:51
5906,1674,108,0,2021-03-31 17:45:27,2022-06-10 15:37:51
5907,1675,74,0,2021-03-31 17:45:27,2022-06-10 15:37:51
5908,1676,15,0,2021-03-31 17:45:27,2022-06-10 15:37:51
5909,1676,21,0,2021-03-31 17:45:27,2022-06-10 15:37:51
5910,1676,74,0,2021-03-31 17:45:27,2022-06-10 15:37:51
5911,1677,,0,2021-03-31 17:45:27,2021-05-26 13:20:38
5912,1678,40,0,2021-03-31 17:45:27,2022-06-10 15:37:51
5913,1678,41,0,2021-03-31 17:45:27,2022-06-10 15:37:51
5914,1678,85,0,2021-03-31 17:45:27,2022-06-10 15:37:51
5915,1678,86,0,2021-03-31 17:45:27,2022-06-10 15:37:51
5916,1679,74,0,2021-03-31 17:45:27,2022-06-10 15:37:51
5917,1679,75,0,2021-03-31 17:45:27,2022-06-10 15:37:51
5918,1680,49,0,2021-03-31 17:45:27,2022-06-10 15:37:51
5919,1680,54,0,2021-03-31 17:45:27,2022-06-10 15:37:51
5920,1680,55,0,2021-03-31 17:45:27,2022-06-10 15:37:51
5921,1680,56,0,2021-03-31 17:45:27,2022-06-10 15:37:51
5922,1680,57,0,2021-03-31 17:45:27,2022-06-10 15:37:51
5923,1680,58,0,2021-03-31 17:45:27,2022-06-10 15:37:51
5924,1681,59,0,2021-03-31 17:45:27,2022-06-10 15:37:51
5925,1681,61,0,2021-03-31 17:45:27,2022-06-10 15:37:51
5926,1681,62,0,2021-03-31 17:45:27,2022-06-10 15:37:51
5927,1681,85,0,2021-03-31 17:45:27,2022-06-10 15:37:51
5928,1681,86,0,2021-03-31 17:45:27,2022-06-10 15:37:51
5929,1682,111,0,2021-03-31 17:45:27,2022-06-10 15:37:51
5930,1682,112,0,2021-03-31 17:45:27,2022-06-10 15:37:51
5931,1682,113,0,2021-03-31 17:45:27,2022-06-10 15:37:51
5932,1682,114,0,2021-03-31 17:45:27,2022-06-10 15:37:51
5933,1682,117,0,2021-03-31 17:45:27,2022-06-10 15:37:51
5934,1683,103,0,2021-03-31 17:45:27,2022-06-10 15:37:51
5935,1683,105,0,2021-03-31 17:45:27,2022-06-10 15:37:51
5936,1683,106,0,2021-03-31 17:45:27,2022-06-10 15:37:51
5937,1683,109,0,2021-03-31 17:45:27,2022-06-10 15:37:51
5938,1684,,0,2021-03-31 17:45:27,2021-06-22 10:52:50
5939,1685,93,0,2021-03-31 17:45:27,2022-06-10 15:37:51
5940,1685,100,0,2021-03-31 17:45:27,2022-06-10 15:37:51
5941,1686,111,0,2021-03-31 17:45:27,2022-06-10 15:37:51
5942,1686,112,0,2021-03-31 17:45:27,2022-06-10 15:37:51
5943,1686,114,0,2021-03-31 17:45:27,2022-06-10 15:37:51
5944,1686,116,0,2021-03-31 17:45:27,2022-06-10 15:37:51
5945,1686,117,0,2021-03-31 17:45:27,2022-06-10 15:37:51
5946,1686,119,0,2021-03-31 17:45:27,2022-06-10 15:37:51
5947,1686,121,0,2021-03-31 17:45:27,2022-06-10 15:37:51
5948,1687,111,0,2021-03-31 17:45:27,2022-06-10 15:37:51
5949,1687,112,0,2021-03-31 17:45:27,2022-06-10 15:37:51
5950,1687,113,0,2021-03-31 17:45:27,2022-06-10 15:37:51
5951,1687,114,0,2021-03-31 17:45:27,2022-06-10 15:37:51
5952,1687,115,0,2021-03-31 17:45:27,2022-06-10 15:37:51
5953,1687,116,0,2021-03-31 17:45:27,2022-06-10 15:37:51
5954,1687,117,0,2021-03-31 17:45:27,2022-06-10 15:37:51
5955,1687,118,0,2021-03-31 17:45:27,2022-06-10 15:37:51
5956,1687,119,0,2021-03-31 17:45:27,2022-06-10 15:37:51
5957,1687,120,0,2021-03-31 17:45:27,2022-06-10 15:37:51
5958,1687,121,0,2021-03-31 17:45:27,2022-06-10 15:37:51
5959,1688,32,0,2021-03-31 17:45:27,2022-06-10 15:37:51
5960,1688,39,0,2021-03-31 17:45:27,2022-06-10 15:37:51
5961,1689,85,0,2021-03-31 17:45:27,2022-06-10 15:37:51
5962,1689,86,0,2021-03-31 17:45:27,2022-06-10 15:37:51
5963,1689,111,0,2021-03-31 17:45:27,2022-06-10 15:37:51
5964,1689,117,0,2021-03-31 17:45:27,2022-06-10 15:37:51
5965,1690,49,0,2021-03-31 17:45:27,2021-05-26 13:20:38
5966,1690,50,0,2021-03-31 17:45:27,2021-05-26 13:20:38
5967,1690,51,0,2021-03-31 17:45:27,2021-05-26 13:20:38
5968,1690,67,0,2021-03-31 17:45:27,2021-05-26 13:20:38
5969,1690,71,0,2021-03-31 17:45:27,2021-05-26 13:20:38
5970,1691,74,0,2021-03-31 17:45:27,2022-06-10 15:37:51
5971,1691,75,0,2021-03-31 17:45:27,2022-06-10 15:37:51
5972,1691,82,0,2021-03-31 17:45:27,2022-06-10 15:37:51
5973,1692,59,0,2021-03-31 17:45:27,2022-06-10 15:37:51
5974,1692,62,0,2021-03-31 17:45:27,2022-06-10 15:37:51
5975,1692,85,0,2021-03-31 17:45:27,2022-06-10 15:37:51
5976,1693,103,0,2021-03-31 17:45:27,2022-06-10 15:37:51
5977,1693,104,0,2021-03-31 17:45:27,2022-06-10 15:37:51
5978,1693,105,0,2021-03-31 17:45:27,2022-06-10 15:37:51
5979,1693,108,0,2021-03-31 17:45:27,2022-06-10 15:37:51
5980,1693,109,0,2021-03-31 17:45:27,2022-06-10 15:37:51
5981,1693,110,0,2021-03-31 17:45:27,2022-06-10 15:37:51
5982,1694,2,0,2021-03-31 17:45:27,2022-06-10 15:37:51
5983,1695,49,0,2021-03-31 17:45:27,2022-06-10 15:37:51
5984,1695,51,0,2021-03-31 17:45:27,2022-06-10 15:37:51
5985,1696,49,0,2021-03-31 17:45:27,2022-06-10 15:37:51
5986,1696,50,0,2021-03-31 17:45:27,2022-06-10 15:37:51
5987,1696,54,0,2021-03-31 17:45:27,2022-06-10 15:37:51
5988,1696,56,0,2021-03-31 17:45:27,2022-06-10 15:37:51
5989,1697,111,0,2021-03-31 17:45:27,2022-06-10 15:37:51
5990,1697,112,0,2021-03-31 17:45:27,2022-06-10 15:37:51
5991,1697,113,0,2021-03-31 17:45:27,2022-06-10 15:37:51
5992,1697,116,0,2021-03-31 17:45:27,2022-06-10 15:37:51
5993,1697,117,0,2021-03-31 17:45:27,2022-06-10 15:37:51
5994,1698,,0,2021-03-31 17:45:27,2021-06-22 10:52:50
5995,1699,,0,2021-03-31 17:45:27,2022-06-10 15:37:51
5996,1700,1,0,2021-03-31 17:45:27,2022-06-10 15:37:51
5997,1700,2,0,2021-03-31 17:45:27,2022-06-10 15:37:51
5998,1701,4,0,2021-03-31 17:45:27,2022-06-10 15:37:51
5999,1701,5,0,2021-03-31 17:45:27,2022-06-10 15:37:51
6000,1701,6,0,2021-03-31 17:45:27,2022-06-10 15:37:51
6001,1702,103,0,2021-03-31 17:45:27,2022-06-10 15:37:51
6002,1702,105,0,2021-03-31 17:45:27,2022-06-10 15:37:51
6003,1702,110,0,2021-03-31 17:45:27,2022-06-10 15:37:51
6004,1703,103,0,2021-03-31 17:45:27,2022-06-10 15:37:51
6005,1704,59,0,2021-03-31 17:45:27,2022-06-10 15:37:51
6006,1704,60,0,2021-03-31 17:45:27,2022-06-10 15:37:51
6007,1704,61,0,2021-03-31 17:45:27,2022-06-10 15:37:51
6008,1705,93,0,2021-03-31 17:45:27,2021-06-22 10:52:50
6009,1705,94,0,2021-03-31 17:45:27,2021-06-22 10:52:50
6010,1705,101,0,2021-03-31 17:45:27,2021-06-22 10:52:50
6011,1706,93,0,2021-03-31 17:45:27,2022-06-10 15:37:51
6012,1706,100,0,2021-03-31 17:45:27,2022-06-10 15:37:51
6013,1707,111,0,2021-03-31 17:45:27,2022-06-10 15:37:51
6014,1707,116,0,2021-03-31 17:45:27,2022-06-10 15:37:51
6015,1708,,0,2021-03-31 17:45:27,2021-06-22 10:52:50
6016,1709,,0,2021-03-31 17:45:27,2021-06-22 10:52:50
6017,1710,15,0,2021-03-31 17:45:27,2022-06-10 15:37:51
6018,1711,15,0,2021-03-31 17:45:27,2022-06-10 15:37:51
6019,1712,15,0,2021-03-31 17:45:27,2022-06-10 15:37:51
6020,1712,74,0,2021-03-31 17:45:27,2022-06-10 15:37:51
6021,1713,111,0,2021-03-31 17:45:27,2022-06-10 15:37:51
6022,1713,116,0,2021-03-31 17:45:27,2022-06-10 15:37:51
6023,1714,59,0,2021-03-31 17:45:27,2022-06-10 15:37:51
6024,1714,128,0,2021-03-31 17:45:27,2022-06-10 15:37:51
6025,1715,93,0,2021-03-31 17:45:27,2022-06-10 15:37:51
6026,1715,97,0,2021-03-31 17:45:27,2022-06-10 15:37:51
6027,1715,111,0,2021-03-31 17:45:27,2022-06-10 15:37:51
6028,1715,118,0,2021-03-31 17:45:27,2022-06-10 15:37:51
6029,1716,67,0,2021-03-31 17:45:27,2022-06-10 15:37:51
6030,1716,71,0,2021-03-31 17:45:27,2022-06-10 15:37:51
6031,1716,73,0,2021-03-31 17:45:27,2022-06-10 15:37:51
6032,1717,103,0,2021-03-31 17:45:27,2022-06-10 15:37:51
6033,1717,104,0,2021-03-31 17:45:27,2022-06-10 15:37:51
6034,1717,107,0,2021-03-31 17:45:27,2022-06-10 15:37:51
6035,1717,108,0,2021-03-31 17:45:27,2022-06-10 15:37:51
6036,1717,109,0,2021-03-31 17:45:27,2022-06-10 15:37:51
6037,1718,111,0,2021-03-31 17:45:27,2021-06-22 10:52:50
6038,1718,113,0,2021-03-31 17:45:27,2021-06-22 10:52:50
6039,1718,117,0,2021-03-31 17:45:27,2021-06-22 10:52:50
6040,1718,121,0,2021-03-31 17:45:27,2021-06-22 10:52:50
6041,1719,40,0,2021-03-31 17:45:27,2022-06-10 15:37:51
6042,1719,41,0,2021-03-31 17:45:27,2022-06-10 15:37:51
6043,1719,43,0,2021-03-31 17:45:27,2022-06-10 15:37:51
6044,1719,46,0,2021-03-31 17:45:27,2022-06-10 15:37:51
6045,1719,48,0,2021-03-31 17:45:27,2022-06-10 15:37:51
6046,1720,15,0,2021-03-31 17:45:27,2021-06-22 10:52:50
6047,1720,17,0,2021-03-31 17:45:27,2021-06-22 10:52:50
6048,1720,19,0,2021-03-31 17:45:27,2021-06-22 10:52:50
6049,1720,21,0,2021-03-31 17:45:27,2021-06-22 10:52:50
6050,1720,23,0,2021-03-31 17:45:27,2021-06-22 10:52:50
6051,1721,40,0,2021-03-31 17:45:27,2022-06-10 15:37:51
6052,1721,48,0,2021-03-31 17:45:27,2022-06-10 15:37:51
6053,1722,74,0,2021-03-31 17:45:27,2022-06-10 15:37:51
6054,1722,76,0,2021-03-31 17:45:27,2022-06-10 15:37:51
6055,1722,93,0,2021-03-31 17:45:27,2022-06-10 15:37:51
6056,1722,99,0,2021-03-31 17:45:27,2022-06-10 15:37:51
6057,1723,74,0,2021-03-31 17:45:27,2022-06-10 15:37:51
6058,1723,83,0,2021-03-31 17:45:27,2022-06-10 15:37:51
6059,1723,93,0,2021-03-31 17:45:27,2022-06-10 15:37:51
6060,1723,99,0,2021-03-31 17:45:27,2022-06-10 15:37:51
6061,1724,103,0,2021-03-31 17:45:27,2022-06-10 15:37:51
6062,1724,107,0,2021-03-31 17:45:27,2022-06-10 15:37:51
6063,1725,67,0,2021-03-31 17:45:27,2022-06-10 15:37:51
6064,1725,69,0,2021-03-31 17:45:27,2022-06-10 15:37:51
6065,1726,74,0,2021-03-31 17:45:27,2022-06-10 15:37:51
6066,1726,79,0,2021-03-31 17:45:27,2022-06-10 15:37:51
6067,1727,93,0,2021-03-31 17:45:27,2022-06-10 15:37:51
6068,1727,99,0,2021-03-31 17:45:27,2022-06-10 15:37:51
6069,1728,93,0,2021-03-31 17:45:27,2022-06-10 15:37:51
6070,1728,100,0,2021-03-31 17:45:27,2022-06-10 15:37:51
6071,1729,74,0,2021-03-31 17:45:27,2022-06-10 15:37:51
6072,1729,75,0,2021-03-31 17:45:27,2022-06-10 15:37:51
6073,1730,103,0,2021-03-31 17:45:27,2022-06-10 15:37:51
6074,1730,107,0,2021-03-31 17:45:27,2022-06-10 15:37:51
6075,1730,111,0,2021-03-31 17:45:27,2022-06-10 15:37:51
6076,1730,115,0,2021-03-31 17:45:27,2022-06-10 15:37:51
6077,1731,111,0,2021-03-31 17:45:27,2021-06-22 10:52:50
6078,1731,112,0,2021-03-31 17:45:27,2021-06-22 10:52:50
6079,1731,113,0,2021-03-31 17:45:27,2021-06-22 10:52:50
6080,1731,117,0,2021-03-31 17:45:27,2021-06-22 10:52:50
6081,1731,120,0,2021-03-31 17:45:27,2021-06-22 10:52:50
6082,1731,121,0,2021-03-31 17:45:27,2021-06-22 10:52:50
6083,1732,103,0,2021-03-31 17:45:27,2022-06-10 15:37:51
6084,1732,140,0,2021-03-31 17:45:27,2022-06-10 15:37:51
6085,1733,49,0,2021-03-31 17:45:27,2022-06-10 15:37:51
6086,1734,111,0,2021-03-31 17:45:27,2022-06-10 15:37:51
6087,1734,114,0,2021-03-31 17:45:27,2022-06-10 15:37:51
6088,1735,40,0,2021-03-31 17:45:27,2021-06-22 10:52:50
6089,1735,43,0,2021-03-31 17:45:27,2021-06-22 10:52:50
6090,1736,111,0,2021-03-31 17:45:27,2022-06-10 15:37:51
6091,1736,119,0,2021-03-31 17:45:27,2022-06-10 15:37:51
6092,1736,121,0,2021-03-31 17:45:27,2022-06-10 15:37:51
6093,1737,74,0,2021-03-31 17:45:27,2022-06-10 15:37:51
6094,1737,82,0,2021-03-31 17:45:27,2022-06-10 15:37:51
6095,1737,129,0,2021-03-31 17:45:27,2022-06-10 15:37:51
6096,1738,111,0,2021-03-31 17:45:27,2022-06-10 15:37:51
6097,1738,121,0,2021-03-31 17:45:27,2022-06-10 15:37:51
6098,1739,103,0,2021-03-31 17:45:27,2021-06-22 10:52:50
6099,1739,104,0,2021-03-31 17:45:27,2021-06-22 10:52:50
6100,1739,108,0,2021-03-31 17:45:27,2021-06-22 10:52:50
6101,1740,32,0,2021-03-31 17:45:27,2022-06-10 15:37:51
6102,1740,33,0,2021-03-31 17:45:27,2022-06-10 15:37:51
6103,1740,35,0,2021-03-31 17:45:27,2022-06-10 15:37:51
6104,1740,36,0,2021-03-31 17:45:27,2022-06-10 15:37:51
6105,1741,93,0,2021-03-31 17:45:27,2022-06-10 15:37:51
6106,1742,59,0,2021-03-31 17:45:27,2022-06-10 15:37:51
6107,1742,62,0,2021-03-31 17:45:27,2022-06-10 15:37:51
6108,1742,85,0,2021-03-31 17:45:27,2022-06-10 15:37:51
6109,1742,86,0,2021-03-31 17:45:27,2022-06-10 15:37:51
6110,1742,93,0,2021-03-31 17:45:27,2022-06-10 15:37:51
6111,1742,101,0,2021-03-31 17:45:27,2022-06-10 15:37:51
6112,1743,32,0,2021-03-31 17:45:27,2022-06-10 15:37:51
6113,1743,33,0,2021-03-31 17:45:27,2022-06-10 15:37:51
6114,1744,111,0,2021-03-31 17:45:27,2022-06-10 15:37:51
6115,1744,112,0,2021-03-31 17:45:27,2022-06-10 15:37:51
6116,1744,113,0,2021-03-31 17:45:27,2022-06-10 15:37:51
6117,1744,117,0,2021-03-31 17:45:27,2022-06-10 15:37:51
6118,1745,85,0,2021-03-31 17:45:27,2022-06-10 15:37:51
6119,1745,111,0,2021-03-31 17:45:27,2022-06-10 15:37:51
6120,1745,118,0,2021-03-31 17:45:27,2022-06-10 15:37:51
6121,1745,142,0,2021-03-31 17:45:27,2022-06-10 15:37:51
6122,1746,74,0,2021-03-31 17:45:27,2022-06-10 15:37:51
6123,1746,81,0,2021-03-31 17:45:27,2022-06-10 15:37:51
6124,1746,103,0,2021-03-31 17:45:27,2022-06-10 15:37:51
6125,1746,141,0,2021-03-31 17:45:27,2022-06-10 15:37:51
6126,1747,49,0,2021-03-31 17:45:27,2022-06-10 15:37:51
6127,1747,51,0,2021-03-31 17:45:27,2022-06-10 15:37:51
6128,1748,25,0,2021-03-31 17:45:27,2021-06-22 10:52:50
6129,1748,30,0,2021-03-31 17:45:27,2021-06-22 10:52:50
6130,1749,1,0,2021-03-31 17:45:27,2022-06-10 15:37:51
6131,1749,2,0,2021-03-31 17:45:27,2022-06-10 15:37:51
6132,1749,49,0,2021-03-31 17:45:27,2022-06-10 15:37:51
6133,1749,51,0,2021-03-31 17:45:27,2022-06-10 15:37:51
6134,1749,53,0,2021-03-31 17:45:27,2022-06-10 15:37:51
6135,1749,55,0,2021-03-31 17:45:27,2022-06-10 15:37:51
6136,1749,57,0,2021-03-31 17:45:27,2022-06-10 15:37:51
6137,1749,58,0,2021-03-31 17:45:27,2022-06-10 15:37:51
6138,1750,111,0,2021-03-31 17:45:27,2022-06-10 15:37:51
6139,1750,113,0,2021-03-31 17:45:27,2022-06-10 15:37:51
6140,1750,117,0,2021-03-31 17:45:27,2022-06-10 15:37:51
6141,1750,118,0,2021-03-31 17:45:27,2022-06-10 15:37:51
6142,1750,121,0,2021-03-31 17:45:27,2022-06-10 15:37:51
6143,1751,103,0,2021-03-31 17:45:27,2022-06-10 15:37:51
6144,1751,109,0,2021-03-31 17:45:27,2022-06-10 15:37:51
6145,1751,110,0,2021-03-31 17:45:27,2022-06-10 15:37:51
6146,1752,74,0,2021-03-31 17:45:27,2021-06-22 10:52:50
6147,1752,83,0,2021-03-31 17:45:27,2021-06-22 10:52:50
6148,1753,49,0,2021-03-31 17:45:27,2022-06-10 15:37:51
6149,1753,50,0,2021-03-31 17:45:27,2022-06-10 15:37:51
6150,1753,54,0,2021-03-31 17:45:27,2022-06-10 15:37:51
6151,1753,55,0,2021-03-31 17:45:27,2022-06-10 15:37:51
6152,1753,85,0,2021-03-31 17:45:27,2022-06-10 15:37:51
6153,1753,112,0,2021-03-31 17:45:27,2022-06-10 15:37:51
6154,1753,113,0,2021-03-31 17:45:27,2022-06-10 15:37:51
6155,1753,114,0,2021-03-31 17:45:27,2022-06-10 15:37:51
6156,1753,115,0,2021-03-31 17:45:27,2022-06-10 15:37:51
6157,1753,117,0,2021-03-31 17:45:27,2022-06-10 15:37:51
6158,1753,118,0,2021-03-31 17:45:27,2022-06-10 15:37:51
6159,1753,119,0,2021-03-31 17:45:27,2022-06-10 15:37:51
6160,1753,121,0,2021-03-31 17:45:27,2022-06-10 15:37:51
6161,1753,135,0,2021-03-31 17:45:27,2022-06-10 15:37:51
6162,1754,111,0,2021-03-31 17:45:27,2022-06-10 15:37:51
6163,1754,113,0,2021-03-31 17:45:27,2022-06-10 15:37:51
6164,1755,49,0,2021-03-31 17:45:27,2022-06-10 15:37:51
6165,1755,51,0,2021-03-31 17:45:27,2022-06-10 15:37:51
6166,1756,15,0,2021-03-31 17:45:27,2022-06-10 15:37:51
6167,1756,16,0,2021-03-31 17:45:27,2022-06-10 15:37:51
6168,1757,40,0,2021-03-31 17:45:27,2022-06-10 15:37:51
6169,1757,48,0,2021-03-31 17:45:27,2022-06-10 15:37:51
6170,1758,40,0,2021-03-31 17:45:27,2022-06-10 15:37:51
6171,1758,41,0,2021-03-31 17:45:27,2022-06-10 15:37:51
6172,1758,74,0,2021-03-31 17:45:27,2022-06-10 15:37:51
6173,1758,93,0,2021-03-31 17:45:27,2022-06-10 15:37:51
6174,1758,102,0,2021-03-31 17:45:27,2022-06-10 15:37:51
6175,1759,40,0,2021-03-31 17:45:27,2022-06-10 15:37:51
6176,1759,41,0,2021-03-31 17:45:27,2022-06-10 15:37:51
6177,1759,43,0,2021-03-31 17:45:27,2022-06-10 15:37:51
6178,1759,74,0,2021-03-31 17:45:27,2022-06-10 15:37:51
6179,1759,82,0,2021-03-31 17:45:27,2022-06-10 15:37:51
6180,1760,40,0,2021-03-31 17:45:27,2022-06-10 15:37:51
6181,1760,41,0,2021-03-31 17:45:27,2022-06-10 15:37:51
6182,1761,94,0,2021-03-31 17:45:27,2021-06-22 10:52:50
6183,1762,,0,2021-03-31 17:45:27,2022-06-10 15:37:51
6184,1763,74,0,2021-03-31 17:45:27,2022-06-10 15:37:51
6185,1763,129,0,2021-03-31 17:45:27,2022-06-10 15:37:51
6186,1764,40,0,2021-03-31 17:45:27,2021-06-22 10:52:50
6187,1764,41,0,2021-03-31 17:45:27,2021-06-22 10:52:50
6188,1765,93,0,2021-03-31 17:45:27,2022-06-10 15:37:51
6189,1765,94,0,2021-03-31 17:45:27,2022-06-10 15:37:51
6190,1766,4,0,2021-03-31 17:45:27,2021-05-26 13:20:38
6191,1766,5,0,2021-03-31 17:45:27,2021-05-26 13:20:38
6192,1766,8,0,2021-03-31 17:45:27,2021-05-26 13:20:38
6193,1766,9,0,2021-03-31 17:45:27,2021-05-26 13:20:38
6194,1766,10,0,2021-03-31 17:45:27,2021-05-26 13:20:38
6195,1766,11,0,2021-03-31 17:45:27,2021-05-26 13:20:38
6196,1766,40,0,2021-03-31 17:45:27,2021-05-26 13:20:38
6197,1767,74,0,2021-03-31 17:45:27,2022-06-10 15:37:51
6198,1767,81,0,2021-03-31 17:45:27,2022-06-10 15:37:51
6199,1768,103,0,2021-03-31 17:45:27,2022-06-10 15:37:51
6200,1768,141,0,2021-03-31 17:45:27,2022-06-10 15:37:51
6201,1769,85,0,2021-03-31 17:45:27,2022-06-10 15:37:51
6202,1770,50,0,2021-03-31 17:45:27,2022-06-10 15:37:51
6203,1771,85,0,2021-03-31 17:45:27,2022-06-10 15:37:51
6204,1771,86,0,2021-03-31 17:45:27,2022-06-10 15:37:51
6205,1771,88,0,2021-03-31 17:45:27,2022-06-10 15:37:51
6206,1771,134,0,2021-03-31 17:45:27,2022-06-10 15:37:51
6207,1771,135,0,2021-03-31 17:45:27,2022-06-10 15:37:51
6208,1771,137,0,2021-03-31 17:45:27,2022-06-10 15:37:51
6209,1772,93,0,2021-03-31 17:45:27,2022-06-10 15:37:51
6210,1772,94,0,2021-03-31 17:45:27,2022-06-10 15:37:51
6211,1773,,0,2021-03-31 17:45:27,2021-06-22 10:52:50
6212,1774,32,0,2021-03-31 17:45:27,2022-06-10 15:37:51
6213,1774,36,0,2021-03-31 17:45:27,2022-06-10 15:37:51
6214,1774,74,0,2021-03-31 17:45:27,2022-06-10 15:37:51
6215,1774,77,0,2021-03-31 17:45:27,2022-06-10 15:37:51
6216,1775,40,0,2021-03-31 17:45:28,2022-06-10 15:37:51
6217,1775,41,0,2021-03-31 17:45:28,2022-06-10 15:37:51
6218,1775,42,0,2021-03-31 17:45:28,2022-06-10 15:37:51
6219,1775,47,0,2021-03-31 17:45:28,2022-06-10 15:37:51
6220,1775,74,0,2021-03-31 17:45:28,2022-06-10 15:37:51
6221,1775,82,0,2021-03-31 17:45:28,2022-06-10 15:37:51
6222,1776,40,0,2021-03-31 17:45:28,2022-06-10 15:37:51
6223,1776,41,0,2021-03-31 17:45:28,2022-06-10 15:37:51
6224,1776,74,0,2021-03-31 17:45:28,2022-06-10 15:37:51
6225,1776,82,0,2021-03-31 17:45:28,2022-06-10 15:37:51
6226,1777,,0,2021-03-31 17:45:28,2021-05-25 10:00:33
6227,1778,49,0,2021-03-31 17:45:28,2021-06-07 15:38:20
6228,1778,55,0,2021-03-31 17:45:28,2021-06-07 15:38:20
6229,1778,59,0,2021-03-31 17:45:28,2021-06-07 15:38:20
6230,1778,60,0,2021-03-31 17:45:28,2021-06-07 15:38:20
6231,1778,93,0,2021-03-31 17:45:28,2021-06-07 15:38:20
6232,1778,101,0,2021-03-31 17:45:28,2021-06-07 15:38:20
6233,1779,1,0,2021-03-31 17:45:28,2022-06-10 15:37:51
6234,1779,2,0,2021-03-31 17:45:28,2022-06-10 15:37:51
6235,1780,111,0,2021-03-31 17:45:28,2021-06-22 10:52:50
6236,1780,112,0,2021-03-31 17:45:28,2021-06-22 10:52:50
6237,1780,117,0,2021-03-31 17:45:28,2021-06-22 10:52:50
6238,1781,111,0,2021-03-31 17:45:28,2022-06-10 15:37:51
6239,1781,112,0,2021-03-31 17:45:28,2022-06-10 15:37:51
6240,1781,113,0,2021-03-31 17:45:28,2022-06-10 15:37:51
6241,1781,114,0,2021-03-31 17:45:28,2022-06-10 15:37:51
6242,1781,115,0,2021-03-31 17:45:28,2022-06-10 15:37:51
6243,1781,116,0,2021-03-31 17:45:28,2022-06-10 15:37:51
6244,1782,85,0,2021-03-31 17:45:28,2022-06-10 15:37:51
6245,1782,111,0,2021-03-31 17:45:28,2022-06-10 15:37:51
6246,1782,112,0,2021-03-31 17:45:28,2022-06-10 15:37:51
6247,1782,113,0,2021-03-31 17:45:28,2022-06-10 15:37:51
6248,1782,114,0,2021-03-31 17:45:28,2022-06-10 15:37:51
6249,1782,117,0,2021-03-31 17:45:28,2022-06-10 15:37:51
6250,1782,118,0,2021-03-31 17:45:28,2022-06-10 15:37:51
6251,1782,135,0,2021-03-31 17:45:28,2022-06-10 15:37:51
6252,1783,103,0,2021-03-31 17:45:28,2022-06-10 15:37:51
6253,1783,140,0,2021-03-31 17:45:28,2022-06-10 15:37:51
6254,1784,85,0,2021-03-31 17:45:28,2022-06-10 15:37:51
6255,1785,74,0,2021-03-31 17:45:28,2022-06-10 15:37:51
6256,1785,111,0,2021-03-31 17:45:28,2022-06-10 15:37:51
6257,1785,112,0,2021-03-31 17:45:28,2022-06-10 15:37:51
6258,1785,116,0,2021-03-31 17:45:28,2022-06-10 15:37:51
6259,1785,117,0,2021-03-31 17:45:28,2022-06-10 15:37:51
6260,1785,129,0,2021-03-31 17:45:28,2022-06-10 15:37:51
6261,1786,103,0,2021-03-31 17:45:28,2022-06-10 15:37:51
6262,1786,104,0,2021-03-31 17:45:28,2022-06-10 15:37:51
6263,1786,110,0,2021-03-31 17:45:28,2022-06-10 15:37:51
6264,1787,74,0,2021-03-31 17:45:28,2022-06-10 15:37:51
6265,1787,82,0,2021-03-31 17:45:28,2022-06-10 15:37:51
6266,1788,40,0,2021-03-31 17:45:28,2022-06-10 15:37:51
6267,1788,41,0,2021-03-31 17:45:28,2022-06-10 15:37:51
6268,1789,32,0,2021-03-31 17:45:28,2022-06-10 15:37:51
6269,1789,35,0,2021-03-31 17:45:28,2022-06-10 15:37:51
6270,1790,,0,2021-03-31 17:45:28,2021-06-22 10:52:50
6271,1791,74,0,2021-03-31 17:45:28,2022-06-10 15:37:51
6272,1791,79,0,2021-03-31 17:45:28,2022-06-10 15:37:51
6273,1792,40,0,2021-03-31 17:45:28,2022-06-10 15:37:51
6274,1792,41,0,2021-03-31 17:45:28,2022-06-10 15:37:51
6275,1792,74,0,2021-03-31 17:45:28,2022-06-10 15:37:51
6276,1792,82,0,2021-03-31 17:45:28,2022-06-10 15:37:51
6277,1793,40,0,2021-03-31 17:45:28,2022-06-10 15:37:51
6278,1793,41,0,2021-03-31 17:45:28,2022-06-10 15:37:51
6279,1793,47,0,2021-03-31 17:45:28,2022-06-10 15:37:51
6280,1793,74,0,2021-03-31 17:45:28,2022-06-10 15:37:51
6281,1793,75,0,2021-03-31 17:45:28,2022-06-10 15:37:51
6282,1794,4,0,2021-03-31 17:45:28,2022-06-10 15:37:51
6283,1794,5,0,2021-03-31 17:45:28,2022-06-10 15:37:51
6284,1794,6,0,2021-03-31 17:45:28,2022-06-10 15:37:51
6285,1794,9,0,2021-03-31 17:45:28,2022-06-10 15:37:51
6286,1794,11,0,2021-03-31 17:45:28,2022-06-10 15:37:51
6287,1794,13,0,2021-03-31 17:45:28,2022-06-10 15:37:51
6288,1795,111,0,2021-03-31 17:45:28,2022-06-10 15:37:51
6289,1795,113,0,2021-03-31 17:45:28,2022-06-10 15:37:51
6290,1795,114,0,2021-03-31 17:45:28,2022-06-10 15:37:51
6291,1795,117,0,2021-03-31 17:45:28,2022-06-10 15:37:51
6292,1795,119,0,2021-03-31 17:45:28,2022-06-10 15:37:51
6293,1796,111,0,2021-03-31 17:45:28,2022-06-10 15:37:51
6294,1796,112,0,2021-03-31 17:45:28,2022-06-10 15:37:51
6295,1796,113,0,2021-03-31 17:45:28,2022-06-10 15:37:51
6296,1796,114,0,2021-03-31 17:45:28,2022-06-10 15:37:51
6297,1796,117,0,2021-03-31 17:45:28,2022-06-10 15:37:51
6298,1796,119,0,2021-03-31 17:45:28,2022-06-10 15:37:51
6299,1796,121,0,2021-03-31 17:45:28,2022-06-10 15:37:51
6300,1797,40,0,2021-03-31 17:45:28,2022-06-10 15:37:51
6301,1797,46,0,2021-03-31 17:45:28,2022-06-10 15:37:51
6302,1798,49,0,2021-03-31 17:45:28,2022-06-10 15:37:51
6303,1798,54,0,2021-03-31 17:45:28,2022-06-10 15:37:51
6304,1798,111,0,2021-03-31 17:45:28,2022-06-10 15:37:51
6305,1798,112,0,2021-03-31 17:45:28,2022-06-10 15:37:51
6306,1798,113,0,2021-03-31 17:45:28,2022-06-10 15:37:51
6307,1798,117,0,2021-03-31 17:45:28,2022-06-10 15:37:51
6308,1798,118,0,2021-03-31 17:45:28,2022-06-10 15:37:51
6309,1799,32,0,2021-03-31 17:45:28,2022-06-10 15:37:51
6310,1799,36,0,2021-03-31 17:45:28,2022-06-10 15:37:51
6311,1800,49,0,2021-03-31 17:45:28,2022-06-10 15:37:51
6312,1800,54,0,2021-03-31 17:45:28,2022-06-10 15:37:51
6313,1800,103,0,2021-03-31 17:45:28,2022-06-10 15:37:51
6314,1800,106,0,2021-03-31 17:45:28,2022-06-10 15:37:51
6315,1800,107,0,2021-03-31 17:45:28,2022-06-10 15:37:51
6316,1801,111,0,2021-03-31 17:45:28,2022-06-10 15:37:51
6317,1801,112,0,2021-03-31 17:45:28,2022-06-10 15:37:51
6318,1801,113,0,2021-03-31 17:45:28,2022-06-10 15:37:51
6319,1801,114,0,2021-03-31 17:45:28,2022-06-10 15:37:51
6320,1801,117,0,2021-03-31 17:45:28,2022-06-10 15:37:51
6321,1801,118,0,2021-03-31 17:45:28,2022-06-10 15:37:51
6322,1801,121,0,2021-03-31 17:45:28,2022-06-10 15:37:51
6323,1802,40,0,2021-03-31 17:45:28,2022-06-10 15:37:51
6324,1802,48,0,2021-03-31 17:45:28,2022-06-10 15:37:51
6325,1803,85,0,2021-03-31 17:45:28,2022-06-10 15:37:51
6326,1803,86,0,2021-03-31 17:45:28,2022-06-10 15:37:51
6327,1803,93,0,2021-03-31 17:45:28,2022-06-10 15:37:51
6328,1803,97,0,2021-03-31 17:45:28,2022-06-10 15:37:51
6329,1803,112,0,2021-03-31 17:45:28,2022-06-10 15:37:51
6330,1803,113,0,2021-03-31 17:45:28,2022-06-10 15:37:51
6331,1803,114,0,2021-03-31 17:45:28,2022-06-10 15:37:51
6332,1803,117,0,2021-03-31 17:45:28,2022-06-10 15:37:51
6333,1803,121,0,2021-03-31 17:45:28,2022-06-10 15:37:51
6334,1804,35,0,2021-03-31 17:45:28,2022-06-10 15:37:51
6335,1805,15,0,2021-03-31 17:45:28,2022-06-10 15:37:51
6336,1805,18,0,2021-03-31 17:45:28,2022-06-10 15:37:51
6337,1805,19,0,2021-03-31 17:45:28,2022-06-10 15:37:51
6338,1805,21,0,2021-03-31 17:45:28,2022-06-10 15:37:51
6339,1805,22,0,2021-03-31 17:45:28,2022-06-10 15:37:51
6340,1805,49,0,2021-03-31 17:45:28,2022-06-10 15:37:51
6341,1805,50,0,2021-03-31 17:45:28,2022-06-10 15:37:51
6342,1806,15,0,2021-03-31 17:45:28,2022-06-10 15:37:51
6343,1806,17,0,2021-03-31 17:45:28,2022-06-10 15:37:51
6344,1806,18,0,2021-03-31 17:45:28,2022-06-10 15:37:51
6345,1806,19,0,2021-03-31 17:45:28,2022-06-10 15:37:51
6346,1807,49,0,2021-03-31 17:45:28,2022-06-10 15:37:51
6347,1807,53,0,2021-03-31 17:45:28,2022-06-10 15:37:51
6348,1807,54,0,2021-03-31 17:45:28,2022-06-10 15:37:51
6349,1807,55,0,2021-03-31 17:45:28,2022-06-10 15:37:51
6350,1807,56,0,2021-03-31 17:45:28,2022-06-10 15:37:51
6351,1807,57,0,2021-03-31 17:45:28,2022-06-10 15:37:51
6352,1807,58,0,2021-03-31 17:45:28,2022-06-10 15:37:51
6353,1808,74,0,2021-03-31 17:45:28,2022-06-10 15:37:51
6354,1808,129,0,2021-03-31 17:45:28,2022-06-10 15:37:51
6355,1809,59,0,2021-03-31 17:45:28,2022-06-10 15:37:51
6356,1810,111,0,2021-03-31 17:45:28,2022-06-10 15:37:51
6357,1810,112,0,2021-03-31 17:45:28,2022-06-10 15:37:51
6358,1810,113,0,2021-03-31 17:45:28,2022-06-10 15:37:51
6359,1810,114,0,2021-03-31 17:45:28,2022-06-10 15:37:51
6360,1810,115,0,2021-03-31 17:45:28,2022-06-10 15:37:51
6361,1810,117,0,2021-03-31 17:45:28,2022-06-10 15:37:51
6362,1810,118,0,2021-03-31 17:45:28,2022-06-10 15:37:51
6363,1811,85,0,2021-03-31 17:45:28,2022-06-10 15:37:51
6364,1811,111,0,2021-03-31 17:45:28,2022-06-10 15:37:51
6365,1811,118,0,2021-03-31 17:45:28,2022-06-10 15:37:51
6366,1811,136,0,2021-03-31 17:45:28,2022-06-10 15:37:51
6367,1812,32,0,2021-03-31 17:45:28,2022-06-10 15:37:51
6368,1812,33,0,2021-03-31 17:45:28,2022-06-10 15:37:51
6369,1812,35,0,2021-03-31 17:45:28,2022-06-10 15:37:51
6370,1812,36,0,2021-03-31 17:45:28,2022-06-10 15:37:51
6371,1813,74,0,2021-03-31 17:45:28,2022-06-10 15:37:51
6372,1813,111,0,2021-03-31 17:45:28,2022-06-10 15:37:51
6373,1813,129,0,2021-03-31 17:45:28,2022-06-10 15:37:51
6374,1814,74,0,2021-03-31 17:45:28,2022-06-10 15:37:51
6375,1815,15,0,2021-03-31 17:45:28,2022-06-10 15:37:51
6376,1815,122,0,2021-03-31 17:45:28,2022-06-10 15:37:51
6377,1816,49,0,2021-03-31 17:45:28,2022-06-10 15:37:51
6378,1816,50,0,2021-03-31 17:45:28,2022-06-10 15:37:51
6379,1816,52,0,2021-03-31 17:45:28,2022-06-10 15:37:51
6380,1817,2,0,2021-03-31 17:45:28,2022-06-10 15:37:51
6381,1818,111,0,2021-03-31 17:45:28,2022-06-10 15:37:51
6382,1818,112,0,2021-03-31 17:45:28,2022-06-10 15:37:51
6383,1818,114,0,2021-03-31 17:45:28,2022-06-10 15:37:51
6384,1819,74,0,2021-03-31 17:45:28,2022-06-10 15:37:51
6385,1820,111,0,2021-03-31 17:45:28,2022-06-10 15:37:51
6386,1820,112,0,2021-03-31 17:45:28,2022-06-10 15:37:51
6387,1821,111,0,2021-03-31 17:45:28,2022-06-10 15:37:51
6388,1821,112,0,2021-03-31 17:45:28,2022-06-10 15:37:51
6389,1821,114,0,2021-03-31 17:45:28,2022-06-10 15:37:51
6390,1821,117,0,2021-03-31 17:45:28,2022-06-10 15:37:51
6391,1821,118,0,2021-03-31 17:45:28,2022-06-10 15:37:51
6392,1821,119,0,2021-03-31 17:45:28,2022-06-10 15:37:51
6393,1821,121,0,2021-03-31 17:45:28,2022-06-10 15:37:51
6394,1822,40,0,2021-03-31 17:45:28,2022-06-10 15:37:51
6395,1822,44,0,2021-03-31 17:45:28,2022-06-10 15:37:51
6396,1823,74,0,2021-03-31 17:45:28,2021-06-22 10:52:50
6397,1823,79,0,2021-03-31 17:45:28,2021-06-22 10:52:50
6398,1824,103,0,2021-03-31 17:45:28,2022-06-10 15:37:51
6399,1824,105,0,2021-03-31 17:45:28,2022-06-10 15:37:51
6400,1824,108,0,2021-03-31 17:45:28,2022-06-10 15:37:51
6401,1825,93,0,2021-03-31 17:45:28,2022-06-10 15:37:51
6402,1826,103,0,2021-03-31 17:45:28,2022-06-10 15:37:51
6403,1827,15,0,2021-03-31 17:45:28,2022-06-10 15:37:51
6404,1827,21,0,2021-03-31 17:45:28,2022-06-10 15:37:51
6405,1828,103,0,2021-03-31 17:45:28,2021-05-26 13:20:38
6406,1829,40,0,2021-03-31 17:45:28,2022-06-10 15:37:51
6407,1829,41,0,2021-03-31 17:45:28,2022-06-10 15:37:51
6408,1829,74,0,2021-03-31 17:45:28,2022-06-10 15:37:51
6409,1829,82,0,2021-03-31 17:45:28,2022-06-10 15:37:51
6410,1830,85,0,2021-03-31 17:45:28,2022-06-10 15:37:51
6411,1830,89,0,2021-03-31 17:45:28,2022-06-10 15:37:51
6412,1830,93,0,2021-03-31 17:45:28,2022-06-10 15:37:51
6413,1830,95,0,2021-03-31 17:45:28,2022-06-10 15:37:51
6414,1831,85,0,2021-03-31 17:45:28,2022-06-10 15:37:51
6415,1831,111,0,2021-03-31 17:45:28,2022-06-10 15:37:51
6416,1831,112,0,2021-03-31 17:45:28,2022-06-10 15:37:51
6417,1831,113,0,2021-03-31 17:45:28,2022-06-10 15:37:51
6418,1831,114,0,2021-03-31 17:45:28,2022-06-10 15:37:51
6419,1831,115,0,2021-03-31 17:45:28,2022-06-10 15:37:51
6420,1831,116,0,2021-03-31 17:45:28,2022-06-10 15:37:51
6421,1831,117,0,2021-03-31 17:45:28,2022-06-10 15:37:51
6422,1831,118,0,2021-03-31 17:45:28,2022-06-10 15:37:51
6423,1831,142,0,2021-03-31 17:45:28,2022-06-10 15:37:51
6424,1832,111,0,2021-03-31 17:45:28,2022-06-10 15:37:51
6425,1832,113,0,2021-03-31 17:45:28,2022-06-10 15:37:51
6426,1832,114,0,2021-03-31 17:45:28,2022-06-10 15:37:51
6427,1833,,0,2021-03-31 17:45:28,2021-06-22 10:52:50
6428,1834,103,0,2021-03-31 17:45:28,2022-06-10 15:37:51
6429,1834,106,0,2021-03-31 17:45:28,2022-06-10 15:37:51
6430,1834,107,0,2021-03-31 17:45:28,2022-06-10 15:37:51
6431,1834,140,0,2021-03-31 17:45:28,2022-06-10 15:37:51
6432,1835,59,0,2021-03-31 17:45:28,2022-06-10 15:37:51
6433,1835,103,0,2021-03-31 17:45:28,2022-06-10 15:37:51
6434,1835,127,0,2021-03-31 17:45:28,2022-06-10 15:37:51
6435,1835,128,0,2021-03-31 17:45:28,2022-06-10 15:37:51
6436,1835,141,0,2021-03-31 17:45:28,2022-06-10 15:37:51
6437,1836,59,0,2021-03-31 17:45:28,2022-06-10 15:37:51
6438,1836,62,0,2021-03-31 17:45:28,2022-06-10 15:37:51
6439,1837,74,0,2021-03-31 17:45:28,2022-06-10 15:37:51
6440,1837,81,0,2021-03-31 17:45:28,2022-06-10 15:37:51
6441,1837,103,0,2021-03-31 17:45:28,2022-06-10 15:37:51
6442,1837,107,0,2021-03-31 17:45:28,2022-06-10 15:37:51
6443,1837,111,0,2021-03-31 17:45:28,2022-06-10 15:37:51
6444,1837,112,0,2021-03-31 17:45:28,2022-06-10 15:37:51
6445,1837,113,0,2021-03-31 17:45:28,2022-06-10 15:37:51
6446,1837,114,0,2021-03-31 17:45:28,2022-06-10 15:37:51
6447,1837,116,0,2021-03-31 17:45:28,2022-06-10 15:37:51
6448,1838,4,0,2021-03-31 17:45:28,2022-06-10 15:37:51
6449,1838,5,0,2021-03-31 17:45:28,2022-06-10 15:37:51
6450,1839,32,0,2021-03-31 17:45:28,2022-06-10 15:37:51
6451,1839,33,0,2021-03-31 17:45:28,2022-06-10 15:37:51
6452,1839,34,0,2021-03-31 17:45:28,2022-06-10 15:37:51
6453,1840,103,0,2021-03-31 17:45:28,2022-06-10 15:37:51
6454,1840,107,0,2021-03-31 17:45:28,2022-06-10 15:37:51
6455,1840,108,0,2021-03-31 17:45:28,2022-06-10 15:37:51
6456,1840,109,0,2021-03-31 17:45:28,2022-06-10 15:37:51
6457,1841,32,0,2021-03-31 17:45:28,2022-06-10 15:37:51
6458,1841,36,0,2021-03-31 17:45:28,2022-06-10 15:37:51
6459,1842,49,0,2021-03-31 17:45:28,2022-06-10 15:37:51
6460,1842,50,0,2021-03-31 17:45:28,2022-06-10 15:37:51
6461,1843,32,0,2021-03-31 17:45:28,2022-06-10 15:37:51
6462,1843,36,0,2021-03-31 17:45:28,2022-06-10 15:37:51
6463,1844,49,0,2021-03-31 17:45:28,2022-06-10 15:37:51
6464,1844,50,0,2021-03-31 17:45:28,2022-06-10 15:37:51
6465,1845,49,0,2021-03-31 17:45:28,2022-06-10 15:37:51
6466,1845,50,0,2021-03-31 17:45:28,2022-06-10 15:37:51
6467,1845,51,0,2021-03-31 17:45:28,2022-06-10 15:37:51
6468,1845,52,0,2021-03-31 17:45:28,2022-06-10 15:37:51
6469,1845,53,0,2021-03-31 17:45:28,2022-06-10 15:37:51
6470,1845,54,0,2021-03-31 17:45:28,2022-06-10 15:37:51
6471,1845,55,0,2021-03-31 17:45:28,2022-06-10 15:37:51
6472,1845,56,0,2021-03-31 17:45:28,2022-06-10 15:37:51
6473,1845,57,0,2021-03-31 17:45:28,2022-06-10 15:37:51
6474,1845,74,0,2021-03-31 17:45:28,2022-06-10 15:37:51
6475,1845,84,0,2021-03-31 17:45:28,2022-06-10 15:37:51
6476,1845,126,0,2021-03-31 17:45:28,2022-06-10 15:37:51
6477,1846,49,0,2021-03-31 17:45:28,2022-06-10 15:37:51
6478,1846,50,0,2021-03-31 17:45:28,2022-06-10 15:37:51
6479,1846,54,0,2021-03-31 17:45:28,2022-06-10 15:37:51
6480,1846,56,0,2021-03-31 17:45:28,2022-06-10 15:37:51
6481,1847,111,0,2021-03-31 17:45:28,2022-06-10 15:37:51
6482,1847,113,0,2021-03-31 17:45:28,2022-06-10 15:37:51
6483,1847,120,0,2021-03-31 17:45:28,2022-06-10 15:37:51
6484,1848,1,0,2021-03-31 17:45:28,2022-06-10 15:37:51
6485,1849,40,0,2021-03-31 17:45:28,2022-06-10 15:37:51
6486,1849,48,0,2021-03-31 17:45:28,2022-06-10 15:37:51
6487,1850,40,0,2021-03-31 17:45:28,2022-06-10 15:37:51
6488,1850,48,0,2021-03-31 17:45:28,2022-06-10 15:37:51
6489,1851,40,0,2021-03-31 17:45:28,2022-06-10 15:37:51
6490,1851,48,0,2021-03-31 17:45:28,2022-06-10 15:37:51
6491,1852,40,0,2021-03-31 17:45:28,2022-06-10 15:37:51
6492,1852,48,0,2021-03-31 17:45:28,2022-06-10 15:37:51
6493,1853,40,0,2021-03-31 17:45:28,2022-06-10 15:37:51
6494,1853,48,0,2021-03-31 17:45:28,2022-06-10 15:37:51
6495,1854,40,0,2021-03-31 17:45:28,2022-06-10 15:37:51
6496,1854,48,0,2021-03-31 17:45:28,2022-06-10 15:37:51
6497,1855,40,0,2021-03-31 17:45:28,2021-06-22 10:52:50
6498,1855,47,0,2021-03-31 17:45:28,2021-06-22 10:52:50
6499,1856,40,0,2021-03-31 17:45:28,2022-06-10 15:37:51
6500,1856,48,0,2021-03-31 17:45:28,2022-06-10 15:37:51
6501,1857,74,0,2021-03-31 17:45:28,2022-06-10 15:37:51
6502,1857,111,0,2021-03-31 17:45:28,2022-06-10 15:37:51
6503,1857,118,0,2021-03-31 17:45:28,2022-06-10 15:37:51
6504,1858,67,0,2021-03-31 17:45:28,2021-06-22 10:52:50
6505,1858,70,0,2021-03-31 17:45:28,2021-06-22 10:52:50
6506,1858,71,0,2021-03-31 17:45:28,2021-06-22 10:52:50
6507,1858,93,0,2021-03-31 17:45:28,2021-06-22 10:52:50
6508,1858,99,0,2021-03-31 17:45:28,2021-06-22 10:52:50
6509,1859,93,0,2021-03-31 17:45:28,2021-05-26 13:20:38
6510,1859,95,0,2021-03-31 17:45:28,2021-05-26 13:20:38
6511,1860,93,0,2021-03-31 17:45:28,2022-06-10 15:37:51
6512,1860,94,0,2021-03-31 17:45:28,2022-06-10 15:37:51
6513,1861,111,0,2021-03-31 17:45:28,2022-06-10 15:37:51
6514,1861,113,0,2021-03-31 17:45:28,2022-06-10 15:37:51
6515,1861,119,0,2021-03-31 17:45:28,2022-06-10 15:37:51
6516,1861,121,0,2021-03-31 17:45:28,2022-06-10 15:37:51
6517,1862,,0,2021-03-31 17:45:28,2021-06-22 10:52:50
6518,1863,,0,2021-03-31 17:45:28,2022-06-10 15:37:51
6519,1864,85,0,2021-03-31 17:45:28,2022-06-10 15:37:51
6520,1864,86,0,2021-03-31 17:45:28,2022-06-10 15:37:51
6521,1864,135,0,2021-03-31 17:45:28,2022-06-10 15:37:51
6522,1864,136,0,2021-03-31 17:45:28,2022-06-10 15:37:51
6523,1864,137,0,2021-03-31 17:45:28,2022-06-10 15:37:51
6524,1864,142,0,2021-03-31 17:45:28,2022-06-10 15:37:51
6525,1865,74,0,2021-03-31 17:45:28,2022-06-10 15:37:51
6526,1865,79,0,2021-03-31 17:45:28,2022-06-10 15:37:51
6527,1866,93,0,2021-03-31 17:45:28,2022-06-10 15:37:51
6528,1867,49,0,2021-03-31 17:45:28,2022-06-10 15:37:51
6529,1867,50,0,2021-03-31 17:45:28,2022-06-10 15:37:51
6530,1868,40,0,2021-03-31 17:45:28,2022-06-10 15:37:51
6531,1868,41,0,2021-03-31 17:45:28,2022-06-10 15:37:51
6532,1869,74,0,2021-03-31 17:45:28,2022-06-10 15:37:51
6533,1869,79,0,2021-03-31 17:45:28,2022-06-10 15:37:51
6534,1870,74,0,2021-03-31 17:45:28,2022-06-10 15:37:51
6535,1870,82,0,2021-03-31 17:45:28,2022-06-10 15:37:51
6536,1871,74,0,2021-03-31 17:45:28,2022-06-10 15:37:51
6537,1872,85,0,2021-03-31 17:45:28,2022-06-10 15:37:51
6538,1872,89,0,2021-03-31 17:45:28,2022-06-10 15:37:51
6539,1872,111,0,2021-03-31 17:45:28,2022-06-10 15:37:51
6540,1872,113,0,2021-03-31 17:45:28,2022-06-10 15:37:51
6541,1872,114,0,2021-03-31 17:45:28,2022-06-10 15:37:51
6542,1872,117,0,2021-03-31 17:45:28,2022-06-10 15:37:51
6543,1873,111,0,2021-03-31 17:45:28,2022-06-10 15:37:51
6544,1873,113,0,2021-03-31 17:45:28,2022-06-10 15:37:51
6545,1873,120,0,2021-03-31 17:45:28,2022-06-10 15:37:51
6546,1874,85,0,2021-03-31 17:45:28,2022-06-10 15:37:51
6547,1874,86,0,2021-03-31 17:45:28,2022-06-10 15:37:51
6548,1874,111,0,2021-03-31 17:45:28,2022-06-10 15:37:51
6549,1874,112,0,2021-03-31 17:45:28,2022-06-10 15:37:51
6550,1874,113,0,2021-03-31 17:45:28,2022-06-10 15:37:51
6551,1874,114,0,2021-03-31 17:45:28,2022-06-10 15:37:51
6552,1874,117,0,2021-03-31 17:45:28,2022-06-10 15:37:51
6553,1875,93,0,2021-03-31 17:45:28,2022-06-10 15:37:51
6554,1876,15,0,2021-03-31 17:45:28,2022-06-10 15:37:51
6555,1876,16,0,2021-03-31 17:45:28,2022-06-10 15:37:51
6556,1876,22,0,2021-03-31 17:45:28,2022-06-10 15:37:51
6557,1877,59,0,2021-03-31 17:45:28,2022-06-10 15:37:51
6558,1877,61,0,2021-03-31 17:45:28,2022-06-10 15:37:51
6559,1877,62,0,2021-03-31 17:45:28,2022-06-10 15:37:51
6560,1877,93,0,2021-03-31 17:45:28,2022-06-10 15:37:51
6561,1877,101,0,2021-03-31 17:45:28,2022-06-10 15:37:51
6562,1878,74,0,2021-03-31 17:45:28,2022-06-10 15:37:51
6563,1878,82,0,2021-03-31 17:45:28,2022-06-10 15:37:51
6564,1879,85,0,2021-03-31 17:45:28,2022-06-10 15:37:51
6565,1879,87,0,2021-03-31 17:45:28,2022-06-10 15:37:51
6566,1879,93,0,2021-03-31 17:45:28,2022-06-10 15:37:51
6567,1879,95,0,2021-03-31 17:45:28,2022-06-10 15:37:51
6568,1880,74,0,2021-03-31 17:45:28,2022-06-10 15:37:51
6569,1880,82,0,2021-03-31 17:45:28,2022-06-10 15:37:51
6570,1881,74,0,2021-03-31 17:45:28,2022-06-10 15:37:51
6571,1881,82,0,2021-03-31 17:45:28,2022-06-10 15:37:51
6572,1882,74,0,2021-03-31 17:45:28,2022-06-10 15:37:51
6573,1882,82,0,2021-03-31 17:45:28,2022-06-10 15:37:51
6574,1883,74,0,2021-03-31 17:45:28,2022-06-10 15:37:51
6575,1883,82,0,2021-03-31 17:45:28,2022-06-10 15:37:51
6576,1884,74,0,2021-03-31 17:45:28,2022-06-10 15:37:51
6577,1884,82,0,2021-03-31 17:45:28,2022-06-10 15:37:51
6578,1885,74,0,2021-03-31 17:45:28,2022-06-10 15:37:51
6579,1885,82,0,2021-03-31 17:45:28,2022-06-10 15:37:51
6580,1886,40,0,2021-03-31 17:45:28,2022-06-10 15:37:51
6581,1886,48,0,2021-03-31 17:45:28,2022-06-10 15:37:51
6582,1887,111,0,2021-03-31 17:45:28,2022-06-10 15:37:51
6583,1887,112,0,2021-03-31 17:45:28,2022-06-10 15:37:51
6584,1887,117,0,2021-03-31 17:45:28,2022-06-10 15:37:51
6585,1888,40,0,2021-03-31 17:45:28,2022-06-10 15:37:51
6586,1888,44,0,2021-03-31 17:45:28,2022-06-10 15:37:51
6587,1889,1,0,2021-03-31 17:45:28,2022-06-10 15:37:51
6588,1889,2,0,2021-03-31 17:45:28,2022-06-10 15:37:51
6589,1889,49,0,2021-03-31 17:45:28,2022-06-10 15:37:51
6590,1889,51,0,2021-03-31 17:45:28,2022-06-10 15:37:51
6591,1889,54,0,2021-03-31 17:45:28,2022-06-10 15:37:51
6592,1889,55,0,2021-03-31 17:45:28,2022-06-10 15:37:51
6593,1889,56,0,2021-03-31 17:45:28,2022-06-10 15:37:51
6594,1889,57,0,2021-03-31 17:45:28,2022-06-10 15:37:51
6595,1889,58,0,2021-03-31 17:45:28,2022-06-10 15:37:51
6596,1889,111,0,2021-03-31 17:45:28,2022-06-10 15:37:51
6597,1889,117,0,2021-03-31 17:45:28,2022-06-10 15:37:51
6598,1890,40,0,2021-03-31 17:45:28,2022-06-10 15:37:51
6599,1890,46,0,2021-03-31 17:45:28,2022-06-10 15:37:51
6600,1890,48,0,2021-03-31 17:45:28,2022-06-10 15:37:51
6601,1891,49,0,2021-03-31 17:45:28,2022-06-10 15:37:51
6602,1891,54,0,2021-03-31 17:45:28,2022-06-10 15:37:51
6603,1892,111,0,2021-03-31 17:45:28,2022-06-10 15:37:51
6604,1892,112,0,2021-03-31 17:45:28,2022-06-10 15:37:51
6605,1893,85,0,2021-03-31 17:45:28,2022-06-10 15:37:51
6606,1893,111,0,2021-03-31 17:45:28,2022-06-10 15:37:51
6607,1893,118,0,2021-03-31 17:45:28,2022-06-10 15:37:51
6608,1894,15,0,2021-03-31 17:45:28,2022-06-10 15:37:51
6609,1895,111,0,2021-03-31 17:45:28,2022-06-10 15:37:51
6610,1895,115,0,2021-03-31 17:45:28,2022-06-10 15:37:51
6611,1896,49,0,2021-03-31 17:45:28,2022-06-10 15:37:51
6612,1896,67,0,2021-03-31 17:45:28,2022-06-10 15:37:51
6613,1896,126,0,2021-03-31 17:45:28,2022-06-10 15:37:51
6614,1897,40,0,2021-03-31 17:45:28,2022-06-10 15:37:51
6615,1897,41,0,2021-03-31 17:45:28,2022-06-10 15:37:51
6616,1897,47,0,2021-03-31 17:45:28,2022-06-10 15:37:51
6617,1898,15,0,2021-03-31 17:45:28,2022-06-10 15:37:51
6618,1898,17,0,2021-03-31 17:45:28,2022-06-10 15:37:51
6619,1898,18,0,2021-03-31 17:45:28,2022-06-10 15:37:51
6620,1898,19,0,2021-03-31 17:45:28,2022-06-10 15:37:51
6621,1898,20,0,2021-03-31 17:45:28,2022-06-10 15:37:51
6622,1898,21,0,2021-03-31 17:45:28,2022-06-10 15:37:51
6623,1899,59,0,2021-03-31 17:45:28,2022-06-10 15:37:51
6624,1899,60,0,2021-03-31 17:45:28,2022-06-10 15:37:51
6625,1899,61,0,2021-03-31 17:45:28,2022-06-10 15:37:51
6626,1899,103,0,2021-03-31 17:45:28,2022-06-10 15:37:51
6627,1899,141,0,2021-03-31 17:45:28,2022-06-10 15:37:51
6628,1900,74,0,2021-03-31 17:45:28,2022-06-10 15:37:51
6629,1900,77,0,2021-03-31 17:45:28,2022-06-10 15:37:51
6630,1901,111,0,2021-03-31 17:45:28,2022-06-10 15:37:51
6631,1901,113,0,2021-03-31 17:45:28,2022-06-10 15:37:51
6632,1901,114,0,2021-03-31 17:45:28,2022-06-10 15:37:51
6633,1901,115,0,2021-03-31 17:45:28,2022-06-10 15:37:51
6634,1901,117,0,2021-03-31 17:45:28,2022-06-10 15:37:51
6635,1901,119,0,2021-03-31 17:45:28,2022-06-10 15:37:51
6636,1902,32,0,2021-03-31 17:45:28,2022-06-10 15:37:51
6637,1902,35,0,2021-03-31 17:45:28,2022-06-10 15:37:51
6638,1903,93,0,2021-03-31 17:45:28,2022-06-10 15:37:51
6639,1904,1,0,2021-03-31 17:45:28,2022-06-10 15:37:51
6640,1904,2,0,2021-03-31 17:45:28,2022-06-10 15:37:51
6641,1904,49,0,2021-03-31 17:45:28,2022-06-10 15:37:51
6642,1904,51,0,2021-03-31 17:45:28,2022-06-10 15:37:51
6643,1904,53,0,2021-03-31 17:45:28,2022-06-10 15:37:51
6644,1904,54,0,2021-03-31 17:45:28,2022-06-10 15:37:51
6645,1904,55,0,2021-03-31 17:45:28,2022-06-10 15:37:51
6646,1904,56,0,2021-03-31 17:45:28,2022-06-10 15:37:51
6647,1904,57,0,2021-03-31 17:45:28,2022-06-10 15:37:51
6648,1904,58,0,2021-03-31 17:45:28,2022-06-10 15:37:51
6649,1905,93,0,2021-03-31 17:45:28,2022-06-10 15:37:51
6650,1905,100,0,2021-03-31 17:45:28,2022-06-10 15:37:51
6651,1906,93,0,2021-03-31 17:45:28,2022-06-10 15:37:51
6652,1906,101,0,2021-03-31 17:45:28,2022-06-10 15:37:51
6653,1907,111,0,2021-03-31 17:45:28,2022-06-10 15:37:51
6654,1907,117,0,2021-03-31 17:45:28,2022-06-10 15:37:51
6655,1908,1,0,2021-03-31 17:45:28,2021-06-22 10:52:50
6656,1908,2,0,2021-03-31 17:45:28,2021-06-22 10:52:50
6657,1909,111,0,2021-03-31 17:45:28,2022-06-10 15:37:51
6658,1909,117,0,2021-03-31 17:45:28,2022-06-10 15:37:51
6659,1910,25,0,2021-03-31 17:45:28,2021-06-22 10:52:50
6660,1910,31,0,2021-03-31 17:45:28,2021-06-22 10:52:50
6661,1911,40,0,2021-03-31 17:45:28,2022-06-10 15:37:51
6662,1911,41,0,2021-03-31 17:45:28,2022-06-10 15:37:51
6663,1911,43,0,2021-03-31 17:45:28,2022-06-10 15:37:51
6664,1911,46,0,2021-03-31 17:45:28,2022-06-10 15:37:51
6665,1912,85,0,2021-03-31 17:45:28,2022-06-10 15:37:51
6666,1912,88,0,2021-03-31 17:45:28,2022-06-10 15:37:51
6667,1913,15,0,2021-03-31 17:45:28,2022-06-10 15:37:51
6668,1913,74,0,2021-03-31 17:45:28,2022-06-10 15:37:51
6669,1913,76,0,2021-03-31 17:45:28,2022-06-10 15:37:51
6670,1914,93,0,2021-03-31 17:45:28,2022-06-10 15:37:51
6671,1914,97,0,2021-03-31 17:45:28,2022-06-10 15:37:51
6672,1914,111,0,2021-03-31 17:45:28,2022-06-10 15:37:51
6673,1914,112,0,2021-03-31 17:45:28,2022-06-10 15:37:51
6674,1914,113,0,2021-03-31 17:45:28,2022-06-10 15:37:51
6675,1914,114,0,2021-03-31 17:45:28,2022-06-10 15:37:51
6676,1914,117,0,2021-03-31 17:45:28,2022-06-10 15:37:51
6677,1915,103,0,2021-03-31 17:45:28,2021-06-22 10:52:50
6678,1915,104,0,2021-03-31 17:45:28,2021-06-22 10:52:50
6679,1915,105,0,2021-03-31 17:45:28,2021-06-22 10:52:50
6680,1915,106,0,2021-03-31 17:45:28,2021-06-22 10:52:50
6681,1915,108,0,2021-03-31 17:45:28,2021-06-22 10:52:50
6682,1915,109,0,2021-03-31 17:45:28,2021-06-22 10:52:50
6683,1916,15,0,2021-03-31 17:45:28,2022-06-10 15:37:51
6684,1916,17,0,2021-03-31 17:45:28,2022-06-10 15:37:51
6685,1916,18,0,2021-03-31 17:45:28,2022-06-10 15:37:51
6686,1916,19,0,2021-03-31 17:45:28,2022-06-10 15:37:51
6687,1916,20,0,2021-03-31 17:45:28,2022-06-10 15:37:51
6688,1916,67,0,2021-03-31 17:45:28,2022-06-10 15:37:51
6689,1916,71,0,2021-03-31 17:45:28,2022-06-10 15:37:51
6690,1917,,0,2021-03-31 17:45:28,2021-06-22 10:52:50
6691,1918,93,0,2021-03-31 17:45:28,2022-06-10 15:37:51
6692,1918,97,0,2021-03-31 17:45:28,2022-06-10 15:37:51
6693,1918,111,0,2021-03-31 17:45:28,2022-06-10 15:37:51
6694,1918,112,0,2021-03-31 17:45:28,2022-06-10 15:37:51
6695,1918,114,0,2021-03-31 17:45:28,2022-06-10 15:37:51
6696,1918,117,0,2021-03-31 17:45:28,2022-06-10 15:37:51
6697,1918,120,0,2021-03-31 17:45:28,2022-06-10 15:37:51
6698,1919,74,0,2021-03-31 17:45:28,2021-06-22 10:52:50
6699,1919,79,0,2021-03-31 17:45:28,2021-06-22 10:52:50
6700,1920,49,0,2021-03-31 17:45:29,2022-06-10 15:37:51
6701,1920,50,0,2021-03-31 17:45:29,2022-06-10 15:37:51
6702,1920,103,0,2021-03-31 17:45:29,2022-06-10 15:37:51
6703,1920,110,0,2021-03-31 17:45:29,2022-06-10 15:37:51
6704,1921,93,0,2021-03-31 17:45:29,2022-06-10 15:37:51
6705,1921,95,0,2021-03-31 17:45:29,2022-06-10 15:37:51
6706,1921,103,0,2021-03-31 17:45:29,2022-06-10 15:37:51
6707,1921,107,0,2021-03-31 17:45:29,2022-06-10 15:37:51
6708,1921,108,0,2021-03-31 17:45:29,2022-06-10 15:37:51
6709,1921,109,0,2021-03-31 17:45:29,2022-06-10 15:37:51
6710,1921,111,0,2021-03-31 17:45:29,2022-06-10 15:37:51
6711,1921,112,0,2021-03-31 17:45:29,2022-06-10 15:37:51
6712,1921,113,0,2021-03-31 17:45:29,2022-06-10 15:37:51
6713,1921,117,0,2021-03-31 17:45:29,2022-06-10 15:37:51
6714,1922,103,0,2021-03-31 17:45:29,2021-06-22 10:52:50
6715,1922,108,0,2021-03-31 17:45:29,2021-06-22 10:52:50
6716,1923,85,0,2021-03-31 17:45:29,2022-06-10 15:37:51
6717,1923,103,0,2021-03-31 17:45:29,2022-06-10 15:37:51
6718,1923,104,0,2021-03-31 17:45:29,2022-06-10 15:37:51
6719,1923,105,0,2021-03-31 17:45:29,2022-06-10 15:37:51
6720,1923,106,0,2021-03-31 17:45:29,2022-06-10 15:37:51
6721,1923,107,0,2021-03-31 17:45:29,2022-06-10 15:37:51
6722,1923,108,0,2021-03-31 17:45:29,2022-06-10 15:37:51
6723,1923,109,0,2021-03-31 17:45:29,2022-06-10 15:37:51
6724,1923,110,0,2021-03-31 17:45:29,2022-06-10 15:37:51
6725,1924,93,0,2021-03-31 17:45:29,2021-06-22 10:52:50
6726,1924,97,0,2021-03-31 17:45:29,2021-06-22 10:52:50
6727,1924,103,0,2021-03-31 17:45:29,2021-06-22 10:52:50
6728,1924,104,0,2021-03-31 17:45:29,2021-06-22 10:52:50
6729,1924,105,0,2021-03-31 17:45:29,2021-06-22 10:52:50
6730,1924,106,0,2021-03-31 17:45:29,2021-06-22 10:52:50
6731,1924,108,0,2021-03-31 17:45:29,2021-06-22 10:52:50
6732,1924,109,0,2021-03-31 17:45:29,2021-06-22 10:52:50
6733,1924,111,0,2021-03-31 17:45:29,2021-06-22 10:52:50
6734,1924,112,0,2021-03-31 17:45:29,2021-06-22 10:52:50
6735,1924,113,0,2021-03-31 17:45:29,2021-06-22 10:52:50
6736,1924,117,0,2021-03-31 17:45:29,2021-06-22 10:52:50
6737,1924,118,0,2021-03-31 17:45:29,2021-06-22 10:52:50
6738,1925,111,0,2021-03-31 17:45:29,2022-06-10 15:37:51
6739,1925,112,0,2021-03-31 17:45:29,2022-06-10 15:37:51
6740,1925,113,0,2021-03-31 17:45:29,2022-06-10 15:37:51
6741,1925,114,0,2021-03-31 17:45:29,2022-06-10 15:37:51
6742,1925,117,0,2021-03-31 17:45:29,2022-06-10 15:37:51
6743,1926,93,0,2021-03-31 17:45:29,2022-06-10 15:37:51
6744,1926,95,0,2021-03-31 17:45:29,2022-06-10 15:37:51
6745,1927,111,0,2021-03-31 17:45:29,2021-06-22 10:52:50
6746,1927,118,0,2021-03-31 17:45:29,2021-06-22 10:52:50
6747,1928,32,0,2021-03-31 17:45:29,2022-06-10 15:37:51
6748,1928,38,0,2021-03-31 17:45:29,2022-06-10 15:37:51
6749,1928,85,0,2021-03-31 17:45:29,2022-06-10 15:37:51
6750,1928,90,0,2021-03-31 17:45:29,2022-06-10 15:37:51
6751,1929,93,0,2021-03-31 17:45:29,2021-06-22 10:52:50
6752,1930,111,0,2021-03-31 17:45:29,2022-06-10 15:37:51
6753,1930,112,0,2021-03-31 17:45:29,2022-06-10 15:37:51
6754,1930,117,0,2021-03-31 17:45:29,2022-06-10 15:37:51
6755,1931,111,0,2021-03-31 17:45:29,2022-06-10 15:37:51
6756,1931,112,0,2021-03-31 17:45:29,2022-06-10 15:37:51
6757,1931,113,0,2021-03-31 17:45:29,2022-06-10 15:37:51
6758,1931,117,0,2021-03-31 17:45:29,2022-06-10 15:37:51
6759,1932,85,0,2021-03-31 17:45:29,2022-06-10 15:37:51
6760,1932,93,0,2021-03-31 17:45:29,2022-06-10 15:37:51
6761,1932,97,0,2021-03-31 17:45:29,2022-06-10 15:37:51
6762,1932,111,0,2021-03-31 17:45:29,2022-06-10 15:37:51
6763,1932,113,0,2021-03-31 17:45:29,2022-06-10 15:37:51
6764,1932,117,0,2021-03-31 17:45:29,2022-06-10 15:37:51
6765,1933,49,0,2021-03-31 17:45:29,2022-06-10 15:37:51
6766,1933,51,0,2021-03-31 17:45:29,2022-06-10 15:37:51
6767,1933,85,0,2021-03-31 17:45:29,2022-06-10 15:37:51
6768,1933,88,0,2021-03-31 17:45:29,2022-06-10 15:37:51
6769,1934,40,0,2021-03-31 17:45:29,2022-06-10 15:37:51
6770,1934,48,0,2021-03-31 17:45:29,2022-06-10 15:37:51
6771,1935,111,0,2021-03-31 17:45:29,2022-06-10 15:37:51
6772,1935,112,0,2021-03-31 17:45:29,2022-06-10 15:37:51
6773,1936,85,0,2021-03-31 17:45:29,2022-06-10 15:37:51
6774,1936,91,0,2021-03-31 17:45:29,2022-06-10 15:37:51
6775,1937,85,0,2021-03-31 17:45:29,2022-06-10 15:37:51
6776,1937,86,0,2021-03-31 17:45:29,2022-06-10 15:37:51
6777,1938,4,0,2021-03-31 17:45:29,2022-06-10 15:37:51
6778,1938,13,0,2021-03-31 17:45:29,2022-06-10 15:37:51
6779,1939,15,0,2021-03-31 17:45:29,2022-06-10 15:37:51
6780,1939,21,0,2021-03-31 17:45:29,2022-06-10 15:37:51
6781,1939,49,0,2021-03-31 17:45:29,2022-06-10 15:37:51
6782,1939,50,0,2021-03-31 17:45:29,2022-06-10 15:37:51
6783,1940,40,0,2021-03-31 17:45:29,2022-06-10 15:37:51
6784,1940,41,0,2021-03-31 17:45:29,2022-06-10 15:37:51
6785,1940,43,0,2021-03-31 17:45:29,2022-06-10 15:37:51
6786,1940,46,0,2021-03-31 17:45:29,2022-06-10 15:37:51
6787,1941,40,0,2021-03-31 17:45:29,2022-06-10 15:37:51
6788,1941,41,0,2021-03-31 17:45:29,2022-06-10 15:37:51
6789,1941,74,0,2021-03-31 17:45:29,2022-06-10 15:37:51
6790,1941,82,0,2021-03-31 17:45:29,2022-06-10 15:37:51
6791,1942,15,0,2021-03-31 17:45:29,2022-06-10 15:37:51
6792,1942,23,0,2021-03-31 17:45:29,2022-06-10 15:37:51
6793,1943,111,0,2021-03-31 17:45:29,2022-06-10 15:37:51
6794,1943,112,0,2021-03-31 17:45:29,2022-06-10 15:37:51
6795,1944,59,0,2021-03-31 17:45:29,2022-06-10 15:37:51
6796,1944,61,0,2021-03-31 17:45:29,2022-06-10 15:37:51
6797,1945,49,0,2021-03-31 17:45:29,2021-06-22 10:52:50
6798,1945,50,0,2021-03-31 17:45:29,2021-06-22 10:52:50
6799,1945,52,0,2021-03-31 17:45:29,2021-06-22 10:52:50
6800,1946,40,0,2021-03-31 17:45:29,2022-06-10 15:37:51
6801,1946,43,0,2021-03-31 17:45:29,2022-06-10 15:37:51
6802,1947,85,0,2021-03-31 17:45:29,2021-06-22 10:52:50
6803,1947,89,0,2021-03-31 17:45:29,2021-06-22 10:52:50
6804,1948,2,0,2021-03-31 17:45:29,2022-06-10 15:37:51
6805,1948,49,0,2021-03-31 17:45:29,2022-06-10 15:37:51
6806,1948,51,0,2021-03-31 17:45:29,2022-06-10 15:37:51
6807,1949,85,0,2021-03-31 17:45:29,2021-06-22 10:52:50
6808,1949,89,0,2021-03-31 17:45:29,2021-06-22 10:52:50
6809,1950,74,0,2021-03-31 17:45:29,2022-06-10 15:37:51
6810,1951,85,0,2021-03-31 17:45:29,2021-06-22 10:52:50
6811,1951,89,0,2021-03-31 17:45:29,2021-06-22 10:52:50
6812,1952,40,0,2021-03-31 17:45:29,2022-06-10 15:37:51
6813,1952,43,0,2021-03-31 17:45:29,2022-06-10 15:37:51
6814,1952,93,0,2021-03-31 17:45:29,2022-06-10 15:37:51
6815,1952,97,0,2021-03-31 17:45:29,2022-06-10 15:37:51
6816,1952,111,0,2021-03-31 17:45:29,2022-06-10 15:37:51
6817,1952,113,0,2021-03-31 17:45:29,2022-06-10 15:37:51
6818,1952,114,0,2021-03-31 17:45:29,2022-06-10 15:37:51
6819,1953,85,0,2021-03-31 17:45:29,2021-06-22 10:52:50
6820,1953,89,0,2021-03-31 17:45:29,2021-06-22 10:52:50
6821,1954,4,0,2021-03-31 17:45:29,2022-06-10 15:37:51
6822,1954,6,0,2021-03-31 17:45:29,2022-06-10 15:37:51
6823,1955,49,0,2021-03-31 17:45:29,2021-06-22 10:52:50
6824,1955,50,0,2021-03-31 17:45:29,2021-06-22 10:52:50
6825,1955,54,0,2021-03-31 17:45:29,2021-06-22 10:52:50
6826,1956,15,0,2021-03-31 17:45:29,2022-06-10 15:37:51
6827,1956,21,0,2021-03-31 17:45:29,2022-06-10 15:37:51
6828,1956,49,0,2021-03-31 17:45:29,2022-06-10 15:37:51
6829,1956,50,0,2021-03-31 17:45:29,2022-06-10 15:37:51
6830,1957,40,0,2021-03-31 17:45:29,2022-06-10 15:37:51
6831,1957,41,0,2021-03-31 17:45:29,2022-06-10 15:37:51
6832,1957,74,0,2021-03-31 17:45:29,2022-06-10 15:37:51
6833,1957,82,0,2021-03-31 17:45:29,2022-06-10 15:37:51
6834,1958,49,0,2021-03-31 17:45:29,2022-06-10 15:37:51
6835,1958,50,0,2021-03-31 17:45:29,2022-06-10 15:37:51
6836,1958,54,0,2021-03-31 17:45:29,2022-06-10 15:37:51
6837,1959,85,0,2021-03-31 17:45:29,2022-06-10 15:37:51
6838,1959,103,0,2021-03-31 17:45:29,2022-06-10 15:37:51
6839,1959,107,0,2021-03-31 17:45:29,2022-06-10 15:37:51
6840,1959,108,0,2021-03-31 17:45:29,2022-06-10 15:37:51
6841,1959,109,0,2021-03-31 17:45:29,2022-06-10 15:37:51
6842,1959,110,0,2021-03-31 17:45:29,2022-06-10 15:37:51
6843,1960,49,0,2021-03-31 17:45:29,2022-06-10 15:37:51
6844,1960,54,0,2021-03-31 17:45:29,2022-06-10 15:37:51
6845,1961,49,0,2021-03-31 17:45:29,2022-06-10 15:37:51
6846,1961,51,0,2021-03-31 17:45:29,2022-06-10 15:37:51
6847,1962,74,0,2021-03-31 17:45:29,2022-06-10 15:37:51
6848,1962,111,0,2021-03-31 17:45:29,2022-06-10 15:37:51
6849,1962,113,0,2021-03-31 17:45:29,2022-06-10 15:37:51
6850,1962,114,0,2021-03-31 17:45:29,2022-06-10 15:37:51
6851,1962,121,0,2021-03-31 17:45:29,2022-06-10 15:37:51
6852,1963,40,0,2021-03-31 17:45:29,2021-06-22 10:52:50
6853,1963,41,0,2021-03-31 17:45:29,2021-06-22 10:52:50
6854,1963,43,0,2021-03-31 17:45:29,2021-06-22 10:52:50
6855,1963,46,0,2021-03-31 17:45:29,2021-06-22 10:52:50
6856,1964,49,0,2021-03-31 17:45:29,2022-06-10 15:37:51
6857,1964,51,0,2021-03-31 17:45:29,2022-06-10 15:37:51
6858,1964,74,0,2021-03-31 17:45:29,2022-06-10 15:37:51
6859,1964,81,0,2021-03-31 17:45:29,2022-06-10 15:37:51
6860,1965,49,0,2021-03-31 17:45:29,2021-06-22 10:52:50
6861,1965,51,0,2021-03-31 17:45:29,2021-06-22 10:52:50
6862,1966,15,0,2021-03-31 17:45:29,2021-06-22 10:52:50
6863,1966,21,0,2021-03-31 17:45:29,2021-06-22 10:52:50
6864,1967,49,0,2021-03-31 17:45:29,2022-06-10 15:37:51
6865,1967,50,0,2021-03-31 17:45:29,2022-06-10 15:37:51
6866,1967,51,0,2021-03-31 17:45:29,2022-06-10 15:37:51
6867,1967,52,0,2021-03-31 17:45:29,2022-06-10 15:37:51
6868,1968,111,0,2021-03-31 17:45:29,2022-06-10 15:37:51
6869,1968,119,0,2021-03-31 17:45:29,2022-06-10 15:37:51
6870,1969,40,0,2021-03-31 17:45:29,2022-06-10 15:37:51
6871,1969,41,0,2021-03-31 17:45:29,2022-06-10 15:37:51
6872,1970,49,0,2021-03-31 17:45:29,2022-06-10 15:37:51
6873,1970,51,0,2021-03-31 17:45:29,2022-06-10 15:37:51
6874,1971,,0,2021-03-31 17:45:29,2021-06-22 10:52:50
6875,1972,15,0,2021-03-31 17:45:29,2022-06-10 15:37:51
6876,1972,17,0,2021-03-31 17:45:29,2022-06-10 15:37:51
6877,1972,18,0,2021-03-31 17:45:29,2022-06-10 15:37:51
6878,1972,21,0,2021-03-31 17:45:29,2022-06-10 15:37:51
6879,1972,22,0,2021-03-31 17:45:29,2022-06-10 15:37:51
6880,1972,49,0,2021-03-31 17:45:29,2022-06-10 15:37:51
6881,1972,51,0,2021-03-31 17:45:29,2022-06-10 15:37:51
6882,1972,54,0,2021-03-31 17:45:29,2022-06-10 15:37:51
6883,1972,74,0,2021-03-31 17:45:29,2022-06-10 15:37:51
6884,1972,78,0,2021-03-31 17:45:29,2022-06-10 15:37:51
6885,1973,4,0,2021-03-31 17:45:29,2022-06-10 15:37:51
6886,1973,11,0,2021-03-31 17:45:29,2022-06-10 15:37:51
6887,1973,40,0,2021-03-31 17:45:29,2022-06-10 15:37:51
6888,1974,74,0,2021-03-31 17:45:29,2021-06-22 10:52:50
6889,1974,79,0,2021-03-31 17:45:29,2021-06-22 10:52:50
6890,1975,85,0,2021-03-31 17:45:29,2022-06-10 15:37:51
6891,1975,91,0,2021-03-31 17:45:29,2022-06-10 15:37:51
6892,1976,49,0,2021-03-31 17:45:29,2022-06-10 15:37:51
6893,1976,51,0,2021-03-31 17:45:29,2022-06-10 15:37:51
6894,1977,103,0,2021-03-31 17:45:29,2022-06-10 15:37:51
6895,1977,104,0,2021-03-31 17:45:29,2022-06-10 15:37:51
6896,1978,4,0,2021-03-31 17:45:29,2022-06-10 15:37:51
6897,1978,11,0,2021-03-31 17:45:29,2022-06-10 15:37:51
6898,1978,40,0,2021-03-31 17:45:29,2022-06-10 15:37:51
6899,1978,44,0,2021-03-31 17:45:29,2022-06-10 15:37:51
6900,1979,4,0,2021-03-31 17:45:29,2022-06-10 15:37:51
6901,1979,11,0,2021-03-31 17:45:29,2022-06-10 15:37:51
6902,1979,40,0,2021-03-31 17:45:29,2022-06-10 15:37:51
6903,1980,4,0,2021-03-31 17:45:29,2022-06-10 15:37:51
6904,1980,12,0,2021-03-31 17:45:29,2022-06-10 15:37:51
6905,1981,4,0,2021-03-31 17:45:29,2022-06-10 15:37:51
6906,1981,6,0,2021-03-31 17:45:29,2022-06-10 15:37:51
6907,1982,49,0,2021-03-31 17:45:29,2022-06-10 15:37:51
6908,1982,50,0,2021-03-31 17:45:29,2022-06-10 15:37:51
6909,1983,,0,2021-03-31 17:45:29,2021-06-22 10:52:50
6910,1984,49,0,2021-03-31 17:45:29,2022-06-10 15:37:51
6911,1984,58,0,2021-03-31 17:45:29,2022-06-10 15:37:51
6912,1985,111,0,2021-03-31 17:45:29,2022-06-10 15:37:51
6913,1985,112,0,2021-03-31 17:45:29,2022-06-10 15:37:51
6914,1986,15,0,2021-03-31 17:45:29,2022-06-10 15:37:51
6915,1986,17,0,2021-03-31 17:45:29,2022-06-10 15:37:51
6916,1986,18,0,2021-03-31 17:45:29,2022-06-10 15:37:51
6917,1986,19,0,2021-03-31 17:45:29,2022-06-10 15:37:51
6918,1987,4,0,2021-03-31 17:45:29,2021-06-22 10:52:50
6919,1987,12,0,2021-03-31 17:45:29,2021-06-22 10:52:50
6920,1988,49,0,2021-03-31 17:45:29,2021-06-22 10:52:50
6921,1988,54,0,2021-03-31 17:45:29,2021-06-22 10:52:50
6922,1988,56,0,2021-03-31 17:45:29,2021-06-22 10:52:50
6923,1988,57,0,2021-03-31 17:45:29,2021-06-22 10:52:50
6924,1988,85,0,2021-03-31 17:45:29,2021-06-22 10:52:50
6925,1988,89,0,2021-03-31 17:45:29,2021-06-22 10:52:50
6926,1988,111,0,2021-03-31 17:45:29,2021-06-22 10:52:50
6927,1988,113,0,2021-03-31 17:45:29,2021-06-22 10:52:50
6928,1988,114,0,2021-03-31 17:45:29,2021-06-22 10:52:50
6929,1988,115,0,2021-03-31 17:45:29,2021-06-22 10:52:50
6930,1989,15,0,2021-03-31 17:45:29,2022-06-10 15:37:51
6931,1989,23,0,2021-03-31 17:45:29,2022-06-10 15:37:51
6932,1990,74,0,2021-03-31 17:45:29,2021-06-22 10:52:50
6933,1991,4,0,2021-03-31 17:45:29,2022-06-10 15:37:51
6934,1991,11,0,2021-03-31 17:45:29,2022-06-10 15:37:51
6935,1992,103,0,2021-03-31 17:45:29,2022-06-10 15:37:51
6936,1993,4,0,2021-03-31 17:45:29,2022-06-10 15:37:51
6937,1993,11,0,2021-03-31 17:45:29,2022-06-10 15:37:51
6938,1994,49,0,2021-03-31 17:45:29,2022-06-10 15:37:51
6939,1994,54,0,2021-03-31 17:45:29,2022-06-10 15:37:51
6940,1994,55,0,2021-03-31 17:45:29,2022-06-10 15:37:51
6941,1994,58,0,2021-03-31 17:45:29,2022-06-10 15:37:51
6942,1994,111,0,2021-03-31 17:45:29,2022-06-10 15:37:51
6943,1994,118,0,2021-03-31 17:45:29,2022-06-10 15:37:51
6944,1995,4,0,2021-03-31 17:45:29,2022-06-10 15:37:51
6945,1995,11,0,2021-03-31 17:45:29,2022-06-10 15:37:51
6946,1996,15,0,2021-03-31 17:45:29,2021-06-22 10:52:50
6947,1996,21,0,2021-03-31 17:45:29,2021-06-22 10:52:50
6948,1996,93,0,2021-03-31 17:45:29,2021-06-22 10:52:50
6949,1996,100,0,2021-03-31 17:45:29,2021-06-22 10:52:50
6950,1997,40,0,2021-03-31 17:45:29,2022-06-10 15:37:51
6951,1997,48,0,2021-03-31 17:45:29,2022-06-10 15:37:51
6952,1998,4,0,2021-03-31 17:45:29,2022-06-10 15:37:51
6953,1998,11,0,2021-03-31 17:45:29,2022-06-10 15:37:51
6954,1998,40,0,2021-03-31 17:45:29,2022-06-10 15:37:51
6955,1999,103,0,2021-03-31 17:45:29,2021-06-22 10:52:50
6956,1999,104,0,2021-03-31 17:45:29,2021-06-22 10:52:50
6957,2000,93,0,2021-03-31 17:45:29,2022-06-10 15:37:51
6958,2000,97,0,2021-03-31 17:45:29,2022-06-10 15:37:51
6959,2000,103,0,2021-03-31 17:45:29,2022-06-10 15:37:51
6960,2000,106,0,2021-03-31 17:45:29,2022-06-10 15:37:51
6961,2000,111,0,2021-03-31 17:45:29,2022-06-10 15:37:51
6962,2000,112,0,2021-03-31 17:45:29,2022-06-10 15:37:51
6963,2000,113,0,2021-03-31 17:45:29,2022-06-10 15:37:51
6964,2000,114,0,2021-03-31 17:45:29,2022-06-10 15:37:51
6965,2000,115,0,2021-03-31 17:45:29,2022-06-10 15:37:51
6966,2001,49,0,2021-03-31 17:45:29,2022-06-10 15:37:51
6967,2001,53,0,2021-03-31 17:45:29,2022-06-10 15:37:51
6968,2001,55,0,2021-03-31 17:45:29,2022-06-10 15:37:51
6969,2001,56,0,2021-03-31 17:45:29,2022-06-10 15:37:51
6970,2001,57,0,2021-03-31 17:45:29,2022-06-10 15:37:51
6971,2002,40,0,2021-03-31 17:45:29,2022-06-10 15:37:51
6972,2003,15,0,2021-03-31 17:45:29,2022-06-10 15:37:51
6973,2003,16,0,2021-03-31 17:45:29,2022-06-10 15:37:51
6974,2003,19,0,2021-03-31 17:45:29,2022-06-10 15:37:51
6975,2003,21,0,2021-03-31 17:45:29,2022-06-10 15:37:51
6976,2003,22,0,2021-03-31 17:45:29,2022-06-10 15:37:51
6977,2003,24,0,2021-03-31 17:45:29,2022-06-10 15:37:51
6978,2003,32,0,2021-03-31 17:45:29,2022-06-10 15:37:51
6979,2003,35,0,2021-03-31 17:45:29,2022-06-10 15:37:51
6980,2003,38,0,2021-03-31 17:45:29,2022-06-10 15:37:51
6981,2003,49,0,2021-03-31 17:45:29,2022-06-10 15:37:51
6982,2003,51,0,2021-03-31 17:45:29,2022-06-10 15:37:51
6983,2003,54,0,2021-03-31 17:45:29,2022-06-10 15:37:51
6984,2003,55,0,2021-03-31 17:45:29,2022-06-10 15:37:51
6985,2003,56,0,2021-03-31 17:45:29,2022-06-10 15:37:51
6986,2003,74,0,2021-03-31 17:45:29,2022-06-10 15:37:51
6987,2004,85,0,2021-03-31 17:45:29,2022-06-10 15:37:51
6988,2004,89,0,2021-03-31 17:45:29,2022-06-10 15:37:51
6989,2005,67,0,2021-03-31 17:45:29,2022-06-10 15:37:51
6990,2005,71,0,2021-03-31 17:45:29,2022-06-10 15:37:51
6991,2006,67,0,2021-03-31 17:45:29,2022-06-10 15:37:51
6992,2006,71,0,2021-03-31 17:45:29,2022-06-10 15:37:51
6993,2006,73,0,2021-03-31 17:45:29,2022-06-10 15:37:51
6994,2007,74,0,2021-03-31 17:45:29,2022-06-10 15:37:51
6995,2008,103,0,2021-03-31 17:45:29,2022-06-10 15:37:51
6996,2008,104,0,2021-03-31 17:45:29,2022-06-10 15:37:51
6997,2009,,0,2021-03-31 17:45:29,2021-06-22 10:52:50
6998,2010,15,0,2021-03-31 17:45:29,2022-06-10 15:37:51
6999,2010,85,0,2021-03-31 17:45:29,2022-06-10 15:37:51
7000,2010,86,0,2021-03-31 17:45:29,2022-06-10 15:37:51
7001,2011,111,0,2021-03-31 17:45:29,2022-06-10 15:37:51
7002,2011,112,0,2021-03-31 17:45:29,2022-06-10 15:37:51
7003,2011,117,0,2021-03-31 17:45:29,2022-06-10 15:37:51
7004,2012,40,0,2021-03-31 17:45:29,2021-06-22 10:52:50
7005,2012,48,0,2021-03-31 17:45:29,2021-06-22 10:52:50
7006,2013,85,0,2021-03-31 17:45:29,2022-06-10 15:37:51
7007,2013,137,0,2021-03-31 17:45:29,2022-06-10 15:37:51
7008,2013,142,0,2021-03-31 17:45:29,2022-06-10 15:37:51
7009,2014,67,0,2021-03-31 17:45:29,2022-06-10 15:37:51
7010,2014,71,0,2021-03-31 17:45:29,2022-06-10 15:37:51
7011,2014,73,0,2021-03-31 17:45:29,2022-06-10 15:37:51
7012,2015,49,0,2021-03-31 17:45:29,2021-06-22 10:52:50
7013,2015,51,0,2021-03-31 17:45:29,2021-06-22 10:52:50
7014,2015,85,0,2021-03-31 17:45:29,2021-06-22 10:52:50
7015,2015,88,0,2021-03-31 17:45:29,2021-06-22 10:52:50
7016,2016,74,0,2021-03-31 17:45:29,2021-06-22 10:52:50
7017,2016,111,0,2021-03-31 17:45:29,2021-06-22 10:52:50
7018,2016,115,0,2021-03-31 17:45:29,2021-06-22 10:52:50
7019,2016,116,0,2021-03-31 17:45:29,2021-06-22 10:52:50
7020,2017,111,0,2021-03-31 17:45:29,2021-06-22 10:52:50
7021,2017,112,0,2021-03-31 17:45:29,2021-06-22 10:52:50
7022,2017,113,0,2021-03-31 17:45:29,2021-06-22 10:52:50
7023,2017,114,0,2021-03-31 17:45:29,2021-06-22 10:52:50
7024,2017,115,0,2021-03-31 17:45:29,2021-06-22 10:52:50
7025,2017,117,0,2021-03-31 17:45:29,2021-06-22 10:52:50
7026,2018,40,0,2021-03-31 17:45:29,2022-06-10 15:37:51
7027,2018,41,0,2021-03-31 17:45:29,2022-06-10 15:37:51
7028,2019,93,0,2021-03-31 17:45:29,2022-06-10 15:37:51
7029,2020,25,0,2021-03-31 17:45:29,2022-06-10 15:37:51
7030,2020,124,0,2021-03-31 17:45:29,2022-06-10 15:37:51
7031,2021,49,0,2021-03-31 17:45:29,2022-06-10 15:37:51
7032,2021,54,0,2021-03-31 17:45:29,2022-06-10 15:37:51
7033,2022,49,0,2021-03-31 17:45:29,2022-06-10 15:37:51
7034,2022,50,0,2021-03-31 17:45:29,2022-06-10 15:37:51
7035,2022,51,0,2021-03-31 17:45:29,2022-06-10 15:37:51
7036,2022,55,0,2021-03-31 17:45:29,2022-06-10 15:37:51
7037,2022,58,0,2021-03-31 17:45:29,2022-06-10 15:37:51
7038,2022,93,0,2021-03-31 17:45:29,2022-06-10 15:37:51
7039,2022,94,0,2021-03-31 17:45:29,2022-06-10 15:37:51
7040,2022,100,0,2021-03-31 17:45:29,2022-06-10 15:37:51
7041,2023,49,0,2021-03-31 17:45:29,2021-06-22 10:52:50
7042,2023,51,0,2021-03-31 17:45:29,2021-06-22 10:52:50
7043,2023,85,0,2021-03-31 17:45:29,2021-06-22 10:52:50
7044,2023,88,0,2021-03-31 17:45:29,2021-06-22 10:52:50
7045,2024,49,0,2021-03-31 17:45:29,2022-06-10 15:37:51
7046,2024,50,0,2021-03-31 17:45:29,2022-06-10 15:37:51
7047,2025,,0,2021-03-31 17:45:29,2021-04-09 16:08:38
7048,2026,59,0,2021-03-31 17:45:29,2022-06-10 15:37:51
7049,2026,62,0,2021-03-31 17:45:29,2022-06-10 15:37:51
7050,2027,111,0,2021-03-31 17:45:29,2022-06-10 15:37:51
7051,2027,112,0,2021-03-31 17:45:29,2022-06-10 15:37:51
7052,2027,113,0,2021-03-31 17:45:29,2022-06-10 15:37:51
7053,2027,114,0,2021-03-31 17:45:29,2022-06-10 15:37:51
7054,2027,115,0,2021-03-31 17:45:29,2022-06-10 15:37:51
7055,2028,1,0,2021-03-31 17:45:29,2022-06-10 15:37:51
7056,2029,,0,2021-03-31 17:45:29,2021-04-09 15:44:12
7057,2030,40,0,2021-03-31 17:45:29,2022-06-10 15:37:51
7058,2030,41,0,2021-03-31 17:45:29,2022-06-10 15:37:51
7059,2030,49,0,2021-03-31 17:45:29,2022-06-10 15:37:51
7060,2030,54,0,2021-03-31 17:45:29,2022-06-10 15:37:51
7061,2030,85,0,2021-03-31 17:45:29,2022-06-10 15:37:51
7062,2030,91,0,2021-03-31 17:45:29,2022-06-10 15:37:51
7063,2031,49,0,2021-03-31 17:45:29,2022-06-10 15:37:51
7064,2031,54,0,2021-03-31 17:45:29,2022-06-10 15:37:51
7065,2032,74,0,2021-03-31 17:45:29,2022-06-10 15:37:51
7066,2032,84,0,2021-03-31 17:45:29,2022-06-10 15:37:51
7067,2033,,0,2021-03-31 17:45:29,2021-06-22 10:52:50
7068,2034,32,0,2021-03-31 17:45:29,2022-06-10 15:37:51
7069,2034,36,0,2021-03-31 17:45:29,2022-06-10 15:37:51
7070,2035,111,0,2021-03-31 17:45:29,2022-06-10 15:37:51
7071,2035,112,0,2021-03-31 17:45:29,2022-06-10 15:37:51
7072,2035,113,0,2021-03-31 17:45:29,2022-06-10 15:37:51
7073,2035,117,0,2021-03-31 17:45:29,2022-06-10 15:37:51
7074,2035,119,0,2021-03-31 17:45:29,2022-06-10 15:37:51
7075,2035,120,0,2021-03-31 17:45:29,2022-06-10 15:37:51
7076,2035,121,0,2021-03-31 17:45:29,2022-06-10 15:37:51
7077,2036,49,0,2021-03-31 17:45:29,2022-06-10 15:37:51
7078,2036,50,0,2021-03-31 17:45:29,2022-06-10 15:37:51
7079,2036,53,0,2021-03-31 17:45:29,2022-06-10 15:37:51
7080,2037,111,0,2021-03-31 17:45:29,2022-06-10 15:37:51
7081,2037,118,0,2021-03-31 17:45:29,2022-06-10 15:37:51
7082,2038,111,0,2021-03-31 17:45:29,2022-06-10 15:37:51
7083,2038,114,0,2021-03-31 17:45:29,2022-06-10 15:37:51
7084,2038,115,0,2021-03-31 17:45:29,2022-06-10 15:37:51
7085,2039,,0,2021-03-31 17:45:29,2021-06-22 10:52:50
7086,2040,111,0,2021-03-31 17:45:29,2022-06-10 15:37:51
7087,2040,112,0,2021-03-31 17:45:29,2022-06-10 15:37:51
7088,2040,113,0,2021-03-31 17:45:29,2022-06-10 15:37:51
7089,2040,116,0,2021-03-31 17:45:29,2022-06-10 15:37:51
7090,2040,119,0,2021-03-31 17:45:29,2022-06-10 15:37:51
7091,2040,120,0,2021-03-31 17:45:29,2022-06-10 15:37:51
7092,2040,121,0,2021-03-31 17:45:29,2022-06-10 15:37:51
7093,2041,49,0,2021-03-31 17:45:29,2022-06-10 15:37:51
7094,2041,50,0,2021-03-31 17:45:29,2022-06-10 15:37:51
7095,2041,57,0,2021-03-31 17:45:29,2022-06-10 15:37:51
7096,2042,2,0,2021-03-31 17:45:29,2022-06-10 15:37:51
7097,2043,93,0,2021-03-31 17:45:29,2022-06-10 15:37:51
7098,2043,100,0,2021-03-31 17:45:29,2022-06-10 15:37:51
7099,2043,111,0,2021-03-31 17:45:29,2022-06-10 15:37:51
7100,2043,116,0,2021-03-31 17:45:29,2022-06-10 15:37:51
7101,2044,15,0,2021-03-31 17:45:29,2022-06-10 15:37:51
7102,2044,19,0,2021-03-31 17:45:29,2022-06-10 15:37:51
7103,2044,21,0,2021-03-31 17:45:29,2022-06-10 15:37:51
7104,2044,32,0,2021-03-31 17:45:29,2022-06-10 15:37:51
7105,2044,35,0,2021-03-31 17:45:29,2022-06-10 15:37:51
7106,2044,38,0,2021-03-31 17:45:29,2022-06-10 15:37:51
7107,2044,49,0,2021-03-31 17:45:29,2022-06-10 15:37:51
7108,2044,50,0,2021-03-31 17:45:29,2022-06-10 15:37:51
7109,2044,74,0,2021-03-31 17:45:29,2022-06-10 15:37:51
7110,2044,84,0,2021-03-31 17:45:29,2022-06-10 15:37:51
7111,2045,111,0,2021-03-31 17:45:29,2022-06-10 15:37:51
7112,2045,112,0,2021-03-31 17:45:29,2022-06-10 15:37:51
7113,2045,113,0,2021-03-31 17:45:29,2022-06-10 15:37:51
7114,2045,114,0,2021-03-31 17:45:29,2022-06-10 15:37:51
7115,2045,116,0,2021-03-31 17:45:29,2022-06-10 15:37:51
7116,2045,117,0,2021-03-31 17:45:29,2022-06-10 15:37:51
7117,2045,118,0,2021-03-31 17:45:29,2022-06-10 15:37:51
7118,2045,119,0,2021-03-31 17:45:29,2022-06-10 15:37:51
7119,2045,121,0,2021-03-31 17:45:29,2022-06-10 15:37:51
7120,2046,49,0,2021-03-31 17:45:29,2021-06-22 10:52:50
7121,2046,54,0,2021-03-31 17:45:29,2021-06-22 10:52:50
7122,2046,67,0,2021-03-31 17:45:29,2021-06-22 10:52:50
7123,2046,71,0,2021-03-31 17:45:29,2021-06-22 10:52:50
7124,2046,85,0,2021-03-31 17:45:29,2021-06-22 10:52:50
7125,2046,86,0,2021-03-31 17:45:29,2021-06-22 10:52:50
7126,2046,93,0,2021-03-31 17:45:29,2021-06-22 10:52:50
7127,2046,95,0,2021-03-31 17:45:29,2021-06-22 10:52:50
7128,2046,102,0,2021-03-31 17:45:29,2021-06-22 10:52:50
7129,2047,49,0,2021-03-31 17:45:29,2021-06-22 10:52:50
7130,2048,93,0,2021-03-31 17:45:29,2022-06-10 15:37:51
7131,2048,94,0,2021-03-31 17:45:29,2022-06-10 15:37:51
7132,2049,,0,2021-03-31 17:45:29,2021-03-31 16:59:59
7133,2050,,0,2021-03-31 17:45:29,2021-06-22 10:52:50
7134,2051,111,0,2021-03-31 17:45:29,2022-06-10 15:37:51
7135,2051,112,0,2021-03-31 17:45:29,2022-06-10 15:37:51
7136,2051,113,0,2021-03-31 17:45:29,2022-06-10 15:37:51
7137,2051,117,0,2021-03-31 17:45:29,2022-06-10 15:37:51
7138,2052,59,0,2021-03-31 17:45:29,2022-06-10 15:37:51
7139,2052,62,0,2021-03-31 17:45:29,2022-06-10 15:37:51
7140,2053,49,0,2021-03-31 17:45:30,2022-06-10 15:37:51
7141,2053,53,0,2021-03-31 17:45:30,2022-06-10 15:37:51
7142,2053,58,0,2021-03-31 17:45:30,2022-06-10 15:37:51
7143,2053,59,0,2021-03-31 17:45:30,2022-06-10 15:37:51
7144,2053,60,0,2021-03-31 17:45:30,2022-06-10 15:37:51
7145,2053,62,0,2021-03-31 17:45:30,2022-06-10 15:37:51
7146,2053,85,0,2021-03-31 17:45:30,2022-06-10 15:37:51
7147,2053,103,0,2021-03-31 17:45:30,2022-06-10 15:37:51
7148,2053,106,0,2021-03-31 17:45:30,2022-06-10 15:37:51
7149,2053,108,0,2021-03-31 17:45:30,2022-06-10 15:37:51
7150,2053,109,0,2021-03-31 17:45:30,2022-06-10 15:37:51
7151,2053,111,0,2021-03-31 17:45:30,2022-06-10 15:37:51
7152,2053,112,0,2021-03-31 17:45:30,2022-06-10 15:37:51
7153,2053,113,0,2021-03-31 17:45:30,2022-06-10 15:37:51
7154,2053,114,0,2021-03-31 17:45:30,2022-06-10 15:37:51
7155,2053,115,0,2021-03-31 17:45:30,2022-06-10 15:37:51
7156,2053,117,0,2021-03-31 17:45:30,2022-06-10 15:37:51
7157,2053,121,0,2021-03-31 17:45:30,2022-06-10 15:37:51
7158,2053,135,0,2021-03-31 17:45:30,2022-06-10 15:37:51
7159,2053,136,0,2021-03-31 17:45:30,2022-06-10 15:37:51
7160,2053,139,0,2021-03-31 17:45:30,2022-06-10 15:37:51
7161,2054,111,0,2021-03-31 17:45:30,2022-06-10 15:37:51
7162,2054,113,0,2021-03-31 17:45:30,2022-06-10 15:37:51
7163,2055,85,0,2021-03-31 17:45:30,2022-06-10 15:37:51
7164,2055,89,0,2021-03-31 17:45:30,2022-06-10 15:37:51
7165,2056,103,0,2021-03-31 17:45:30,2022-06-10 15:37:51
7166,2056,111,0,2021-03-31 17:45:30,2022-06-10 15:37:51
7167,2056,112,0,2021-03-31 17:45:30,2022-06-10 15:37:51
7168,2056,113,0,2021-03-31 17:45:30,2022-06-10 15:37:51
7169,2056,117,0,2021-03-31 17:45:30,2022-06-10 15:37:51
7170,2056,118,0,2021-03-31 17:45:30,2022-06-10 15:37:51
7171,2056,119,0,2021-03-31 17:45:30,2022-06-10 15:37:51
7172,2056,120,0,2021-03-31 17:45:30,2022-06-10 15:37:51
7173,2056,121,0,2021-03-31 17:45:30,2022-06-10 15:37:51
7174,2057,40,0,2021-03-31 17:45:30,2022-06-10 15:37:51
7175,2057,41,0,2021-03-31 17:45:30,2022-06-10 15:37:51
7176,2057,43,0,2021-03-31 17:45:30,2022-06-10 15:37:51
7177,2057,46,0,2021-03-31 17:45:30,2022-06-10 15:37:51
7178,2057,47,0,2021-03-31 17:45:30,2022-06-10 15:37:51
7179,2058,93,0,2021-03-31 17:45:30,2022-06-10 15:37:51
7180,2058,138,0,2021-03-31 17:45:30,2022-06-10 15:37:51
7181,2059,2,0,2021-03-31 17:45:30,2022-06-10 15:37:51
7182,2060,59,0,2021-03-31 17:45:30,2022-06-10 15:37:51
7183,2060,60,0,2021-03-31 17:45:30,2022-06-10 15:37:51
7184,2060,61,0,2021-03-31 17:45:30,2022-06-10 15:37:51
7185,2060,103,0,2021-03-31 17:45:30,2022-06-10 15:37:51
7186,2060,104,0,2021-03-31 17:45:30,2022-06-10 15:37:51
7187,2060,108,0,2021-03-31 17:45:30,2022-06-10 15:37:51
7188,2060,109,0,2021-03-31 17:45:30,2022-06-10 15:37:51
7189,2060,110,0,2021-03-31 17:45:30,2022-06-10 15:37:51
7190,2060,128,0,2021-03-31 17:45:30,2022-06-10 15:37:51
7191,2060,140,0,2021-03-31 17:45:30,2022-06-10 15:37:51
7192,2060,141,0,2021-03-31 17:45:30,2022-06-10 15:37:51
7193,2061,4,0,2021-03-31 17:45:30,2022-06-10 15:37:51
7194,2061,11,0,2021-03-31 17:45:30,2022-06-10 15:37:51
7195,2062,111,0,2021-03-31 17:45:30,2022-06-10 15:37:51
7196,2062,114,0,2021-03-31 17:45:30,2022-06-10 15:37:51
7197,2062,115,0,2021-03-31 17:45:30,2022-06-10 15:37:51
7198,2062,116,0,2021-03-31 17:45:30,2022-06-10 15:37:51
7199,2062,117,0,2021-03-31 17:45:30,2022-06-10 15:37:51
7200,2063,93,0,2021-03-31 17:45:30,2022-06-10 15:37:51
7201,2063,94,0,2021-03-31 17:45:30,2022-06-10 15:37:51
7202,2064,49,0,2021-03-31 17:45:30,2022-06-10 15:37:51
7203,2064,55,0,2021-03-31 17:45:30,2022-06-10 15:37:51
7204,2065,49,0,2021-03-31 17:45:30,2022-06-10 15:37:51
7205,2065,50,0,2021-03-31 17:45:30,2022-06-10 15:37:51
7206,2065,51,0,2021-03-31 17:45:30,2022-06-10 15:37:51
7207,2066,15,0,2021-03-31 17:45:30,2022-06-10 15:37:51
7208,2066,16,0,2021-03-31 17:45:30,2022-06-10 15:37:51
7209,2066,19,0,2021-03-31 17:45:30,2022-06-10 15:37:51
7210,2066,22,0,2021-03-31 17:45:30,2022-06-10 15:37:51
7211,2066,23,0,2021-03-31 17:45:30,2022-06-10 15:37:51
7212,2066,32,0,2021-03-31 17:45:30,2022-06-10 15:37:51
7213,2066,35,0,2021-03-31 17:45:30,2022-06-10 15:37:51
7214,2066,38,0,2021-03-31 17:45:30,2022-06-10 15:37:51
7215,2066,74,0,2021-03-31 17:45:30,2022-06-10 15:37:51
7216,2066,111,0,2021-03-31 17:45:30,2022-06-10 15:37:51
7217,2066,112,0,2021-03-31 17:45:30,2022-06-10 15:37:51
7218,2066,113,0,2021-03-31 17:45:30,2022-06-10 15:37:51
7219,2066,114,0,2021-03-31 17:45:30,2022-06-10 15:37:51
7220,2066,117,0,2021-03-31 17:45:30,2022-06-10 15:37:51
7221,2066,118,0,2021-03-31 17:45:30,2022-06-10 15:37:51
7222,2067,74,0,2021-03-31 17:45:30,2022-06-10 15:37:51
7223,2068,93,0,2021-03-31 17:45:30,2022-06-10 15:37:51
7224,2068,97,0,2021-03-31 17:45:30,2022-06-10 15:37:51
7225,2068,111,0,2021-03-31 17:45:30,2022-06-10 15:37:51
7226,2068,112,0,2021-03-31 17:45:30,2022-06-10 15:37:51
7227,2068,113,0,2021-03-31 17:45:30,2022-06-10 15:37:51
7228,2068,117,0,2021-03-31 17:45:30,2022-06-10 15:37:51
7229,2068,118,0,2021-03-31 17:45:30,2022-06-10 15:37:51
7230,2069,93,0,2021-03-31 17:45:30,2021-06-22 10:52:50
7231,2069,95,0,2021-03-31 17:45:30,2021-06-22 10:52:50
7232,2070,93,0,2021-03-31 17:45:30,2022-06-10 15:37:51
7233,2070,95,0,2021-03-31 17:45:30,2022-06-10 15:37:51
7234,2071,40,0,2021-03-31 17:45:30,2022-06-10 15:37:51
7235,2071,46,0,2021-03-31 17:45:30,2022-06-10 15:37:51
7236,2072,,0,2021-03-31 17:45:30,2021-06-22 10:52:50
7237,2073,2,0,2021-03-31 17:45:30,2022-06-10 15:37:51
7238,2074,74,0,2021-03-31 17:45:30,2022-06-10 15:37:51
7239,2074,82,0,2021-03-31 17:45:30,2022-06-10 15:37:51
7240,2075,40,0,2021-03-31 17:45:30,2022-06-10 15:37:51
7241,2075,41,0,2021-03-31 17:45:30,2022-06-10 15:37:51
7242,2075,74,0,2021-03-31 17:45:30,2022-06-10 15:37:51
7243,2075,82,0,2021-03-31 17:45:30,2022-06-10 15:37:51
7244,2076,25,0,2021-03-31 17:45:30,2022-06-10 15:37:51
7245,2076,26,0,2021-03-31 17:45:30,2022-06-10 15:37:51
7246,2076,30,0,2021-03-31 17:45:30,2022-06-10 15:37:51
7247,2076,124,0,2021-03-31 17:45:30,2022-06-10 15:37:51
7248,2077,2,0,2021-03-31 17:45:30,2022-06-10 15:37:51
7249,2078,40,0,2021-03-31 17:45:30,2022-06-10 15:37:51
7250,2078,41,0,2021-03-31 17:45:30,2022-06-10 15:37:51
7251,2078,59,0,2021-03-31 17:45:30,2022-06-10 15:37:51
7252,2078,103,0,2021-03-31 17:45:30,2022-06-10 15:37:51
7253,2078,107,0,2021-03-31 17:45:30,2022-06-10 15:37:51
7254,2079,,0,2021-03-31 17:45:30,2021-06-22 10:52:50
7255,2080,111,0,2021-03-31 17:45:30,2022-06-10 15:37:51
7256,2080,112,0,2021-03-31 17:45:30,2022-06-10 15:37:51
7257,2080,113,0,2021-03-31 17:45:30,2022-06-10 15:37:51
7258,2080,114,0,2021-03-31 17:45:30,2022-06-10 15:37:51
7259,2080,115,0,2021-03-31 17:45:30,2022-06-10 15:37:51
7260,2080,116,0,2021-03-31 17:45:30,2022-06-10 15:37:51
7261,2080,117,0,2021-03-31 17:45:30,2022-06-10 15:37:51
7262,2081,49,0,2021-03-31 17:45:30,2022-06-10 15:37:51
7263,2081,50,0,2021-03-31 17:45:30,2022-06-10 15:37:51
7264,2082,15,0,2021-03-31 17:45:30,2022-06-10 15:37:51
7265,2082,17,0,2021-03-31 17:45:30,2022-06-10 15:37:51
7266,2082,19,0,2021-03-31 17:45:30,2022-06-10 15:37:51
7267,2082,20,0,2021-03-31 17:45:30,2022-06-10 15:37:51
7268,2082,21,0,2021-03-31 17:45:30,2022-06-10 15:37:51
7269,2082,49,0,2021-03-31 17:45:30,2022-06-10 15:37:51
7270,2082,50,0,2021-03-31 17:45:30,2022-06-10 15:37:51
7271,2082,51,0,2021-03-31 17:45:30,2022-06-10 15:37:51
7272,2082,74,0,2021-03-31 17:45:30,2022-06-10 15:37:51
7273,2082,103,0,2021-03-31 17:45:30,2022-06-10 15:37:51
7274,2082,111,0,2021-03-31 17:45:30,2022-06-10 15:37:51
7275,2082,112,0,2021-03-31 17:45:30,2022-06-10 15:37:51
7276,2082,113,0,2021-03-31 17:45:30,2022-06-10 15:37:51
7277,2082,114,0,2021-03-31 17:45:30,2022-06-10 15:37:51
7278,2082,115,0,2021-03-31 17:45:30,2022-06-10 15:37:51
7279,2082,117,0,2021-03-31 17:45:30,2022-06-10 15:37:51
7280,2082,118,0,2021-03-31 17:45:30,2022-06-10 15:37:51
7281,2083,49,0,2021-03-31 17:45:30,2022-06-10 15:37:51
7282,2083,54,0,2021-03-31 17:45:30,2022-06-10 15:37:51
7283,2084,103,0,2021-03-31 17:45:30,2022-06-10 15:37:51
7284,2084,108,0,2021-03-31 17:45:30,2022-06-10 15:37:51
7285,2084,109,0,2021-03-31 17:45:30,2022-06-10 15:37:51
7286,2085,,0,2021-03-31 17:45:30,2021-06-22 10:52:50
7287,2086,85,0,2021-03-31 17:45:30,2022-06-10 15:37:51
7288,2086,111,0,2021-03-31 17:45:30,2022-06-10 15:37:51
7289,2086,113,0,2021-03-31 17:45:30,2022-06-10 15:37:51
7290,2086,119,0,2021-03-31 17:45:30,2022-06-10 15:37:51
7291,2086,135,0,2021-03-31 17:45:30,2022-06-10 15:37:51
7292,2087,15,0,2021-03-31 17:45:30,2022-06-10 15:37:51
7293,2087,16,0,2021-03-31 17:45:30,2022-06-10 15:37:51
7294,2087,17,0,2021-03-31 17:45:30,2022-06-10 15:37:51
7295,2087,19,0,2021-03-31 17:45:30,2022-06-10 15:37:51
7296,2087,20,0,2021-03-31 17:45:30,2022-06-10 15:37:51
7297,2087,22,0,2021-03-31 17:45:30,2022-06-10 15:37:51
7298,2087,23,0,2021-03-31 17:45:30,2022-06-10 15:37:51
7299,2087,49,0,2021-03-31 17:45:30,2022-06-10 15:37:51
7300,2087,50,0,2021-03-31 17:45:30,2022-06-10 15:37:51
7301,2087,51,0,2021-03-31 17:45:30,2022-06-10 15:37:51
7302,2087,54,0,2021-03-31 17:45:30,2022-06-10 15:37:51
7303,2087,93,0,2021-03-31 17:45:30,2022-06-10 15:37:51
7304,2087,94,0,2021-03-31 17:45:30,2022-06-10 15:37:51
7305,2087,100,0,2021-03-31 17:45:30,2022-06-10 15:37:51
7306,2087,103,0,2021-03-31 17:45:30,2022-06-10 15:37:51
7307,2087,104,0,2021-03-31 17:45:30,2022-06-10 15:37:51
7308,2087,107,0,2021-03-31 17:45:30,2022-06-10 15:37:51
7309,2087,109,0,2021-03-31 17:45:30,2022-06-10 15:37:51
7310,2087,110,0,2021-03-31 17:45:30,2022-06-10 15:37:51
7311,2087,111,0,2021-03-31 17:45:30,2022-06-10 15:37:51
7312,2087,112,0,2021-03-31 17:45:30,2022-06-10 15:37:51
7313,2087,113,0,2021-03-31 17:45:30,2022-06-10 15:37:51
7314,2087,114,0,2021-03-31 17:45:30,2022-06-10 15:37:51
7315,2087,115,0,2021-03-31 17:45:30,2022-06-10 15:37:51
7316,2087,117,0,2021-03-31 17:45:30,2022-06-10 15:37:51
7317,2087,139,0,2021-03-31 17:45:30,2022-06-10 15:37:51
7318,2087,141,0,2021-03-31 17:45:30,2022-06-10 15:37:51
7319,2088,103,0,2021-03-31 17:45:30,2021-06-22 10:52:50
7320,2089,111,0,2021-03-31 17:45:30,2021-06-01 10:11:22
7321,2089,113,0,2021-03-31 17:45:30,2021-06-01 10:11:22
7322,2089,114,0,2021-03-31 17:45:30,2021-06-01 10:11:22
7323,2089,115,0,2021-03-31 17:45:30,2021-06-01 10:11:22
7324,2090,111,0,2021-03-31 17:45:30,2022-06-10 15:37:51
7325,2090,117,0,2021-03-31 17:45:30,2022-06-10 15:37:51
7326,2091,,0,2021-03-31 17:45:30,2021-06-22 10:52:50
7327,2092,67,0,2021-03-31 17:45:30,2022-06-10 15:37:51
7328,2092,71,0,2021-03-31 17:45:30,2022-06-10 15:37:51
7329,2093,111,0,2021-03-31 17:45:30,2021-06-22 10:52:50
7330,2093,112,0,2021-03-31 17:45:30,2021-06-22 10:52:50
7331,2093,114,0,2021-03-31 17:45:30,2021-06-22 10:52:50
7332,2093,117,0,2021-03-31 17:45:30,2021-06-22 10:52:50
7333,2094,49,0,2021-03-31 17:45:30,2022-06-10 15:37:51
7334,2094,56,0,2021-03-31 17:45:30,2022-06-10 15:37:51
7335,2094,57,0,2021-03-31 17:45:30,2022-06-10 15:37:51
7336,2095,,0,2021-03-31 17:45:30,2021-06-22 10:52:50
7337,2096,74,0,2021-03-31 17:45:30,2022-06-10 15:37:51
7338,2096,81,0,2021-03-31 17:45:30,2022-06-10 15:37:51
7339,2096,111,0,2021-03-31 17:45:30,2022-06-10 15:37:51
7340,2096,113,0,2021-03-31 17:45:30,2022-06-10 15:37:51
7341,2096,114,0,2021-03-31 17:45:30,2022-06-10 15:37:51
7342,2096,115,0,2021-03-31 17:45:30,2022-06-10 15:37:51
7343,2096,116,0,2021-03-31 17:45:30,2022-06-10 15:37:51
7344,2096,117,0,2021-03-31 17:45:30,2022-06-10 15:37:51
7345,2097,93,0,2021-03-31 17:45:30,2022-06-10 15:37:51
7346,2097,100,0,2021-03-31 17:45:30,2022-06-10 15:37:51
7347,2098,25,0,2021-03-31 17:45:30,2022-06-10 15:37:51
7348,2098,30,0,2021-03-31 17:45:30,2022-06-10 15:37:51
7349,2099,74,0,2021-03-31 17:45:30,2022-06-10 15:37:51
7350,2099,93,0,2021-03-31 17:45:30,2022-06-10 15:37:51
7351,2099,100,0,2021-03-31 17:45:30,2022-06-10 15:37:51
7352,2099,111,0,2021-03-31 17:45:30,2022-06-10 15:37:51
7353,2099,116,0,2021-03-31 17:45:30,2022-06-10 15:37:51
7354,2099,129,0,2021-03-31 17:45:30,2022-06-10 15:37:51
7355,2100,103,0,2021-03-31 17:45:30,2022-06-10 15:37:51
7356,2101,103,0,2021-03-31 17:45:30,2022-06-10 15:37:51
7357,2101,107,0,2021-03-31 17:45:30,2022-06-10 15:37:51
7358,2102,111,0,2021-03-31 17:45:30,2021-06-22 10:52:50
7359,2102,112,0,2021-03-31 17:45:30,2021-06-22 10:52:50
7360,2102,117,0,2021-03-31 17:45:30,2021-06-22 10:52:50
7361,2103,111,0,2021-03-31 17:45:30,2022-06-10 15:37:51
7362,2103,118,0,2021-03-31 17:45:30,2022-06-10 15:37:51
7363,2104,49,0,2021-03-31 17:45:30,2022-06-10 15:37:51
7364,2104,50,0,2021-03-31 17:45:30,2022-06-10 15:37:51
7365,2105,49,0,2021-03-31 17:45:30,2022-06-10 15:37:51
7366,2105,54,0,2021-03-31 17:45:30,2022-06-10 15:37:51
7367,2105,67,0,2021-03-31 17:45:30,2022-06-10 15:37:51
7368,2105,71,0,2021-03-31 17:45:30,2022-06-10 15:37:51
7369,2106,111,0,2021-03-31 17:45:30,2022-06-10 15:37:51
7370,2106,112,0,2021-03-31 17:45:30,2022-06-10 15:37:51
7371,2106,114,0,2021-03-31 17:45:30,2022-06-10 15:37:51
7372,2106,116,0,2021-03-31 17:45:30,2022-06-10 15:37:51
7373,2106,117,0,2021-03-31 17:45:30,2022-06-10 15:37:51
7374,2106,119,0,2021-03-31 17:45:30,2022-06-10 15:37:51
7375,2106,121,0,2021-03-31 17:45:30,2022-06-10 15:37:51
7376,2107,111,0,2021-03-31 17:45:30,2022-06-10 15:37:51
7377,2107,114,0,2021-03-31 17:45:30,2022-06-10 15:37:51
7378,2107,120,0,2021-03-31 17:45:30,2022-06-10 15:37:51
7379,2108,49,0,2021-03-31 17:45:30,2022-06-10 15:37:51
7380,2108,50,0,2021-03-31 17:45:30,2022-06-10 15:37:51
7381,2108,54,0,2021-03-31 17:45:30,2022-06-10 15:37:51
7382,2108,67,0,2021-03-31 17:45:30,2022-06-10 15:37:51
7383,2108,71,0,2021-03-31 17:45:30,2022-06-10 15:37:51
7384,2109,85,0,2021-03-31 17:45:30,2022-06-10 15:37:51
7385,2109,86,0,2021-03-31 17:45:30,2022-06-10 15:37:51
7386,2109,90,0,2021-03-31 17:45:30,2022-06-10 15:37:51
7387,2109,103,0,2021-03-31 17:45:30,2022-06-10 15:37:51
7388,2109,104,0,2021-03-31 17:45:30,2022-06-10 15:37:51
7389,2109,110,0,2021-03-31 17:45:30,2022-06-10 15:37:51
7390,2110,3,0,2021-03-31 17:45:30,2022-06-10 15:37:51
7391,2111,32,0,2021-03-31 17:45:30,2022-06-10 15:37:51
7392,2111,35,0,2021-03-31 17:45:30,2022-06-10 15:37:51
7393,2112,85,0,2021-03-31 17:45:30,2022-06-10 15:37:51
7394,2112,111,0,2021-03-31 17:45:30,2022-06-10 15:37:51
7395,2112,117,0,2021-03-31 17:45:30,2022-06-10 15:37:51
7396,2112,120,0,2021-03-31 17:45:30,2022-06-10 15:37:51
7397,2113,40,0,2021-03-31 17:45:30,2022-06-10 15:37:51
7398,2113,41,0,2021-03-31 17:45:30,2022-06-10 15:37:51
7399,2113,93,0,2021-03-31 17:45:30,2022-06-10 15:37:51
7400,2113,102,0,2021-03-31 17:45:30,2022-06-10 15:37:51
7401,2114,93,0,2021-03-31 17:45:30,2022-06-10 15:37:51
7402,2114,97,0,2021-03-31 17:45:30,2022-06-10 15:37:51
7403,2114,111,0,2021-03-31 17:45:30,2022-06-10 15:37:51
7404,2114,113,0,2021-03-31 17:45:30,2022-06-10 15:37:51
7405,2114,114,0,2021-03-31 17:45:30,2022-06-10 15:37:51
7406,2114,119,0,2021-03-31 17:45:30,2022-06-10 15:37:51
7407,2114,121,0,2021-03-31 17:45:30,2022-06-10 15:37:51
7408,2115,4,0,2021-03-31 17:45:30,2022-06-10 15:37:51
7409,2115,6,0,2021-03-31 17:45:30,2022-06-10 15:37:51
7410,2116,67,0,2021-03-31 17:45:30,2022-06-10 15:37:51
7411,2116,68,0,2021-03-31 17:45:30,2022-06-10 15:37:51
7412,2116,74,0,2021-03-31 17:45:30,2022-06-10 15:37:51
7413,2116,76,0,2021-03-31 17:45:30,2022-06-10 15:37:51
7414,2116,84,0,2021-03-31 17:45:30,2022-06-10 15:37:51
7415,2116,85,0,2021-03-31 17:45:30,2022-06-10 15:37:51
7416,2116,89,0,2021-03-31 17:45:30,2022-06-10 15:37:51
7417,2117,25,0,2021-03-31 17:45:30,2022-06-10 15:37:51
7418,2117,40,0,2021-03-31 17:45:30,2022-06-10 15:37:51
7419,2117,41,0,2021-03-31 17:45:30,2022-06-10 15:37:51
7420,2117,123,0,2021-03-31 17:45:30,2022-06-10 15:37:51
7421,2118,49,0,2021-03-31 17:45:30,2022-06-10 15:37:51
7422,2118,50,0,2021-03-31 17:45:30,2022-06-10 15:37:51
7423,2118,67,0,2021-03-31 17:45:30,2022-06-10 15:37:51
7424,2118,71,0,2021-03-31 17:45:30,2022-06-10 15:37:51
7425,2119,,0,2021-03-31 17:45:30,2021-04-07 09:35:18
7426,2120,,0,2021-03-31 17:45:30,2021-06-22 10:52:50
7427,2121,74,0,2021-03-31 17:45:30,2021-05-26 13:20:38
7428,2121,81,0,2021-03-31 17:45:30,2021-05-26 13:20:38
7429,2121,103,0,2021-03-31 17:45:30,2021-05-26 13:20:38
7430,2121,129,0,2021-03-31 17:45:30,2021-05-26 13:20:38
7431,2121,141,0,2021-03-31 17:45:30,2021-05-26 13:20:38
7432,2122,2,0,2021-03-31 17:45:30,2022-06-10 15:37:51
7433,2123,74,0,2021-03-31 17:45:30,2021-06-22 10:52:50
7434,2123,111,0,2021-03-31 17:45:30,2021-06-22 10:52:50
7435,2123,113,0,2021-03-31 17:45:30,2021-06-22 10:52:50
7436,2123,114,0,2021-03-31 17:45:30,2021-06-22 10:52:50
7437,2123,115,0,2021-03-31 17:45:30,2021-06-22 10:52:50
7438,2123,117,0,2021-03-31 17:45:30,2021-06-22 10:52:50
7439,2123,132,0,2021-03-31 17:45:30,2021-06-22 10:52:50
7440,2124,49,0,2021-03-31 17:45:30,2022-06-10 15:37:51
7441,2124,50,0,2021-03-31 17:45:30,2022-06-10 15:37:51
7442,2124,85,0,2021-03-31 17:45:30,2022-06-10 15:37:51
7443,2124,90,0,2021-03-31 17:45:30,2022-06-10 15:37:51
7444,2124,125,0,2021-03-31 17:45:30,2022-06-10 15:37:51
7445,2125,85,0,2021-03-31 17:45:30,2022-06-10 15:37:51
7446,2125,86,0,2021-03-31 17:45:30,2022-06-10 15:37:51
7447,2126,25,0,2021-03-31 17:45:30,2022-06-10 15:37:51
7448,2126,32,0,2021-03-31 17:45:30,2022-06-10 15:37:51
7449,2126,36,0,2021-03-31 17:45:30,2022-06-10 15:37:51
7450,2126,124,0,2021-03-31 17:45:30,2022-06-10 15:37:51
7451,2127,93,0,2021-03-31 17:45:30,2022-06-10 15:37:51
7452,2127,95,0,2021-03-31 17:45:30,2022-06-10 15:37:51
7453,2127,111,0,2021-03-31 17:45:30,2022-06-10 15:37:51
7454,2127,115,0,2021-03-31 17:45:30,2022-06-10 15:37:51
7455,2128,93,0,2021-03-31 17:45:30,2022-06-10 15:37:51
7456,2128,94,0,2021-03-31 17:45:30,2022-06-10 15:37:51
7457,2129,40,0,2021-03-31 17:45:30,2022-06-10 15:37:51
7458,2129,41,0,2021-03-31 17:45:30,2022-06-10 15:37:51
7459,2130,59,0,2021-03-31 17:45:30,2022-06-10 15:37:51
7460,2130,74,0,2021-03-31 17:45:30,2022-06-10 15:37:51
7461,2130,81,0,2021-03-31 17:45:30,2022-06-10 15:37:51
7462,2130,103,0,2021-03-31 17:45:30,2022-06-10 15:37:51
7463,2130,141,0,2021-03-31 17:45:30,2022-06-10 15:37:51
7464,2131,103,0,2021-03-31 17:45:30,2022-06-10 15:37:51
7465,2131,141,0,2021-03-31 17:45:30,2022-06-10 15:37:51
7466,2132,3,0,2021-03-31 17:45:30,2022-06-10 13:11:17
7467,2133,85,0,2021-03-31 17:45:30,2021-06-22 10:52:50
7468,2133,93,0,2021-03-31 17:45:30,2021-06-22 10:52:50
7469,2133,102,0,2021-03-31 17:45:30,2021-06-22 10:52:50
7470,2134,3,0,2021-03-31 17:45:30,2022-06-10 13:11:17
7471,2135,74,0,2021-03-31 17:45:30,2022-06-10 15:37:51
7472,2135,81,0,2021-03-31 17:45:30,2022-06-10 15:37:51
7473,2136,40,0,2021-03-31 17:45:30,2021-06-22 10:52:50
7474,2136,41,0,2021-03-31 17:45:30,2021-06-22 10:52:50
7475,2136,74,0,2021-03-31 17:45:30,2021-06-22 10:52:50
7476,2136,82,0,2021-03-31 17:45:30,2021-06-22 10:52:50
7477,2137,74,0,2021-03-31 17:45:30,2022-06-10 15:37:51
7478,2137,76,0,2021-03-31 17:45:30,2022-06-10 15:37:51
7479,2137,84,0,2021-03-31 17:45:30,2022-06-10 15:37:51
7480,2137,85,0,2021-03-31 17:45:30,2022-06-10 15:37:51
7481,2137,89,0,2021-03-31 17:45:30,2022-06-10 15:37:51
7482,2137,93,0,2021-03-31 17:45:30,2022-06-10 15:37:51
7483,2137,95,0,2021-03-31 17:45:30,2022-06-10 15:37:51
7484,2137,111,0,2021-03-31 17:45:30,2022-06-10 15:37:51
7485,2137,115,0,2021-03-31 17:45:30,2022-06-10 15:37:51
7486,2138,93,0,2021-03-31 17:45:30,2021-06-22 10:52:50
7487,2138,95,0,2021-03-31 17:45:30,2021-06-22 10:52:50
7488,2138,111,0,2021-03-31 17:45:30,2021-06-22 10:52:50
7489,2138,115,0,2021-03-31 17:45:30,2021-06-22 10:52:50
7490,2139,25,0,2021-03-31 17:45:30,2022-06-10 15:37:51
7491,2139,29,0,2021-03-31 17:45:30,2022-06-10 15:37:51
7492,2140,2,0,2021-03-31 17:45:30,2022-06-10 15:37:51
7493,2141,67,0,2021-03-31 17:45:30,2022-06-10 15:37:51
7494,2141,69,0,2021-03-31 17:45:30,2022-06-10 15:37:51
7495,2142,49,0,2021-03-31 17:45:30,2022-06-10 15:37:51
7496,2142,53,0,2021-03-31 17:45:30,2022-06-10 15:37:51
7497,2142,54,0,2021-03-31 17:45:30,2022-06-10 15:37:51
7498,2142,57,0,2021-03-31 17:45:30,2022-06-10 15:37:51
7499,2143,3,0,2021-03-31 17:45:30,2022-06-10 15:37:51
7500,2144,103,0,2021-03-31 17:45:30,2022-06-10 15:37:51
7501,2144,104,0,2021-03-31 17:45:30,2022-06-10 15:37:51
7502,2144,105,0,2021-03-31 17:45:30,2022-06-10 15:37:51
7503,2144,106,0,2021-03-31 17:45:30,2022-06-10 15:37:51
7504,2144,108,0,2021-03-31 17:45:30,2022-06-10 15:37:51
7505,2144,109,0,2021-03-31 17:45:30,2022-06-10 15:37:51
7506,2144,110,0,2021-03-31 17:45:30,2022-06-10 15:37:51
7507,2144,139,0,2021-03-31 17:45:30,2022-06-10 15:37:51
7508,2145,15,0,2021-03-31 17:45:30,2021-06-22 10:52:50
7509,2145,24,0,2021-03-31 17:45:30,2021-06-22 10:52:50
7510,2145,93,0,2021-03-31 17:45:30,2021-06-22 10:52:50
7511,2145,94,0,2021-03-31 17:45:30,2021-06-22 10:52:50
7512,2146,49,0,2021-03-31 17:45:30,2021-06-22 10:52:50
7513,2146,51,0,2021-03-31 17:45:30,2021-06-22 10:52:50
7514,2146,85,0,2021-03-31 17:45:30,2021-06-22 10:52:50
7515,2146,88,0,2021-03-31 17:45:30,2021-06-22 10:52:50
7516,2147,93,0,2021-03-31 17:45:30,2022-06-10 15:37:51
7517,2147,97,0,2021-03-31 17:45:30,2022-06-10 15:37:51
7518,2147,111,0,2021-03-31 17:45:30,2022-06-10 15:37:51
7519,2147,112,0,2021-03-31 17:45:30,2022-06-10 15:37:51
7520,2147,113,0,2021-03-31 17:45:30,2022-06-10 15:37:51
7521,2147,114,0,2021-03-31 17:45:30,2022-06-10 15:37:51
7522,2147,115,0,2021-03-31 17:45:30,2022-06-10 15:37:51
7523,2147,117,0,2021-03-31 17:45:30,2022-06-10 15:37:51
7524,2148,32,0,2021-03-31 17:45:30,2022-06-10 15:37:51
7525,2148,34,0,2021-03-31 17:45:30,2022-06-10 15:37:51
7526,2149,59,0,2021-03-31 17:45:30,2022-06-10 15:37:51
7527,2149,63,0,2021-03-31 17:45:30,2022-06-10 15:37:51
7528,2149,74,0,2021-03-31 17:45:30,2022-06-10 15:37:51
7529,2149,76,0,2021-03-31 17:45:30,2022-06-10 15:37:51
7530,2149,85,0,2021-03-31 17:45:30,2022-06-10 15:37:51
7531,2149,127,0,2021-03-31 17:45:30,2022-06-10 15:37:51
7532,2149,135,0,2021-03-31 17:45:30,2022-06-10 15:37:51
7533,2150,111,0,2021-03-31 17:45:30,2022-06-10 15:37:51
7534,2150,112,0,2021-03-31 17:45:30,2022-06-10 15:37:51
7535,2150,113,0,2021-03-31 17:45:30,2022-06-10 15:37:51
7536,2150,114,0,2021-03-31 17:45:30,2022-06-10 15:37:51
7537,2150,115,0,2021-03-31 17:45:30,2022-06-10 15:37:51
7538,2150,116,0,2021-03-31 17:45:30,2022-06-10 15:37:51
7539,2151,93,0,2021-03-31 17:45:30,2022-06-10 15:37:51
7540,2151,97,0,2021-03-31 17:45:30,2022-06-10 15:37:51
7541,2151,111,0,2021-03-31 17:45:30,2022-06-10 15:37:51
7542,2151,118,0,2021-03-31 17:45:30,2022-06-10 15:37:51
7543,2152,40,0,2021-03-31 17:45:30,2022-06-10 15:37:51
7544,2152,41,0,2021-03-31 17:45:30,2022-06-10 15:37:51
7545,2153,2,0,2021-03-31 17:45:30,2022-06-10 15:37:51
7546,2153,49,0,2021-03-31 17:45:30,2022-06-10 15:37:51
7547,2153,54,0,2021-03-31 17:45:30,2022-06-10 15:37:51
7548,2153,111,0,2021-03-31 17:45:30,2022-06-10 15:37:51
7549,2153,113,0,2021-03-31 17:45:30,2022-06-10 15:37:51
7550,2153,114,0,2021-03-31 17:45:30,2022-06-10 15:37:51
7551,2154,111,0,2021-03-31 17:45:30,2022-06-10 15:37:51
7552,2154,117,0,2021-03-31 17:45:30,2022-06-10 15:37:51
7553,2154,118,0,2021-03-31 17:45:30,2022-06-10 15:37:51
7554,2155,4,0,2021-03-31 17:45:30,2021-06-22 10:52:50
7555,2155,6,0,2021-03-31 17:45:30,2021-06-22 10:52:50
7556,2156,49,0,2021-03-31 17:45:30,2022-06-10 15:37:51
7557,2156,54,0,2021-03-31 17:45:30,2022-06-10 15:37:51
7558,2156,74,0,2021-03-31 17:45:30,2022-06-10 15:37:51
7559,2156,76,0,2021-03-31 17:45:30,2022-06-10 15:37:51
7560,2156,85,0,2021-03-31 17:45:30,2022-06-10 15:37:51
7561,2156,91,0,2021-03-31 17:45:30,2022-06-10 15:37:51
7562,2157,74,0,2021-03-31 17:45:31,2022-06-10 15:37:51
7563,2157,111,0,2021-03-31 17:45:31,2022-06-10 15:37:51
7564,2157,116,0,2021-03-31 17:45:31,2022-06-10 15:37:51
7565,2158,103,0,2021-03-31 17:45:31,2021-06-22 10:52:50
7566,2158,107,0,2021-03-31 17:45:31,2021-06-22 10:52:50
7567,2159,67,0,2021-03-31 17:45:31,2022-06-10 15:37:51
7568,2159,68,0,2021-03-31 17:45:31,2022-06-10 15:37:51
7569,2159,93,0,2021-03-31 17:45:31,2022-06-10 15:37:51
7570,2160,,0,2021-03-31 17:45:31,2021-06-22 10:52:50
7571,2161,,0,2021-03-31 17:45:31,2021-06-22 10:52:50
7572,2162,32,0,2021-03-31 17:45:31,2022-06-10 15:37:51
7573,2162,33,0,2021-03-31 17:45:31,2022-06-10 15:37:51
7574,2162,34,0,2021-03-31 17:45:31,2022-06-10 15:37:51
7575,2163,111,0,2021-03-31 17:45:31,2022-06-10 15:37:51
7576,2163,113,0,2021-03-31 17:45:31,2022-06-10 15:37:51
7577,2164,67,0,2021-03-31 17:45:31,2022-06-10 15:37:51
7578,2164,68,0,2021-03-31 17:45:31,2022-06-10 15:37:51
7579,2164,71,0,2021-03-31 17:45:31,2022-06-10 15:37:51
7580,2165,112,0,2021-03-31 17:45:31,2021-06-22 10:52:50
7581,2165,114,0,2021-03-31 17:45:31,2021-06-22 10:52:50
7582,2165,117,0,2021-03-31 17:45:31,2021-06-22 10:52:50
7583,2166,49,0,2021-03-31 17:45:31,2022-06-10 15:37:51
7584,2166,54,0,2021-03-31 17:45:31,2022-06-10 15:37:51
7585,2166,74,0,2021-03-31 17:45:31,2022-06-10 15:37:51
7586,2166,76,0,2021-03-31 17:45:31,2022-06-10 15:37:51
7587,2166,85,0,2021-03-31 17:45:31,2022-06-10 15:37:51
7588,2167,85,0,2021-03-31 17:45:31,2022-06-10 15:37:51
7589,2167,86,0,2021-03-31 17:45:31,2022-06-10 15:37:51
7590,2167,111,0,2021-03-31 17:45:31,2022-06-10 15:37:51
7591,2167,112,0,2021-03-31 17:45:31,2022-06-10 15:37:51
7592,2167,113,0,2021-03-31 17:45:31,2022-06-10 15:37:51
7593,2167,114,0,2021-03-31 17:45:31,2022-06-10 15:37:51
7594,2167,115,0,2021-03-31 17:45:31,2022-06-10 15:37:51
7595,2167,116,0,2021-03-31 17:45:31,2022-06-10 15:37:51
7596,2167,117,0,2021-03-31 17:45:31,2022-06-10 15:37:51
7597,2168,85,0,2021-03-31 17:45:31,2022-06-10 15:37:51
7598,2168,111,0,2021-03-31 17:45:31,2022-06-10 15:37:51
7599,2168,113,0,2021-03-31 17:45:31,2022-06-10 15:37:51
7600,2168,114,0,2021-03-31 17:45:31,2022-06-10 15:37:51
7601,2169,85,0,2021-03-31 17:45:31,2022-06-10 15:37:51
7602,2169,103,0,2021-03-31 17:45:31,2022-06-10 15:37:51
7603,2169,106,0,2021-03-31 17:45:31,2022-06-10 15:37:51
7604,2169,111,0,2021-03-31 17:45:31,2022-06-10 15:37:51
7605,2169,112,0,2021-03-31 17:45:31,2022-06-10 15:37:51
7606,2169,113,0,2021-03-31 17:45:31,2022-06-10 15:37:51
7607,2169,114,0,2021-03-31 17:45:31,2022-06-10 15:37:51
7608,2169,119,0,2021-03-31 17:45:31,2022-06-10 15:37:51
7609,2169,120,0,2021-03-31 17:45:31,2022-06-10 15:37:51
7610,2169,135,0,2021-03-31 17:45:31,2022-06-10 15:37:51
7611,2170,49,0,2021-03-31 17:45:31,2022-06-10 15:37:51
7612,2170,51,0,2021-03-31 17:45:31,2022-06-10 15:37:51
7613,2170,52,0,2021-03-31 17:45:31,2022-06-10 15:37:51
7614,2170,54,0,2021-03-31 17:45:31,2022-06-10 15:37:51
7615,2170,55,0,2021-03-31 17:45:31,2022-06-10 15:37:51
7616,2170,67,0,2021-03-31 17:45:31,2022-06-10 15:37:51
7617,2170,68,0,2021-03-31 17:45:31,2022-06-10 15:37:51
7618,2170,103,0,2021-03-31 17:45:31,2022-06-10 15:37:51
7619,2170,105,0,2021-03-31 17:45:31,2022-06-10 15:37:51
7620,2170,108,0,2021-03-31 17:45:31,2022-06-10 15:37:51
7621,2170,126,0,2021-03-31 17:45:31,2022-06-10 15:37:51
7622,2171,32,0,2021-03-31 17:45:31,2022-06-10 15:37:51
7623,2171,33,0,2021-03-31 17:45:31,2022-06-10 15:37:51
7624,2171,35,0,2021-03-31 17:45:31,2022-06-10 15:37:51
7625,2171,38,0,2021-03-31 17:45:31,2022-06-10 15:37:51
7626,2172,85,0,2021-03-31 17:45:31,2022-06-10 15:37:51
7627,2172,86,0,2021-03-31 17:45:31,2022-06-10 15:37:51
7628,2172,89,0,2021-03-31 17:45:31,2022-06-10 15:37:51
7629,2172,90,0,2021-03-31 17:45:31,2022-06-10 15:37:51
7630,2172,91,0,2021-03-31 17:45:31,2022-06-10 15:37:51
7631,2172,134,0,2021-03-31 17:45:31,2022-06-10 15:37:51
7632,2172,135,0,2021-03-31 17:45:31,2022-06-10 15:37:51
7633,2172,136,0,2021-03-31 17:45:31,2022-06-10 15:37:51
7634,2172,137,0,2021-03-31 17:45:31,2022-06-10 15:37:51
7635,2172,142,0,2021-03-31 17:45:31,2022-06-10 15:37:51
7636,2173,93,0,2021-03-31 17:45:31,2022-06-10 15:37:51
7637,2173,100,0,2021-03-31 17:45:31,2022-06-10 15:37:51
7638,2173,111,0,2021-03-31 17:45:31,2022-06-10 15:37:51
7639,2173,116,0,2021-03-31 17:45:31,2022-06-10 15:37:51
7640,2174,111,0,2021-03-31 17:45:31,2022-06-10 15:37:51
7641,2174,112,0,2021-03-31 17:45:31,2022-06-10 15:37:51
7642,2174,113,0,2021-03-31 17:45:31,2022-06-10 15:37:51
7643,2174,114,0,2021-03-31 17:45:31,2022-06-10 15:37:51
7644,2174,117,0,2021-03-31 17:45:31,2022-06-10 15:37:51
7645,2175,111,0,2021-03-31 17:45:31,2022-06-10 15:37:51
7646,2175,118,0,2021-03-31 17:45:31,2022-06-10 15:37:51
7647,2176,4,0,2021-03-31 17:45:31,2022-06-10 15:37:51
7648,2176,11,0,2021-03-31 17:45:31,2022-06-10 15:37:51
7649,2177,74,0,2021-03-31 17:45:31,2022-06-10 15:37:51
7650,2177,82,0,2021-03-31 17:45:31,2022-06-10 15:37:51
7651,2177,111,0,2021-03-31 17:45:31,2022-06-10 15:37:51
7652,2177,113,0,2021-03-31 17:45:31,2022-06-10 15:37:51
7653,2177,114,0,2021-03-31 17:45:31,2022-06-10 15:37:51
7654,2177,117,0,2021-03-31 17:45:31,2022-06-10 15:37:51
7655,2178,74,0,2021-03-31 17:45:31,2022-06-10 15:37:51
7656,2178,111,0,2021-03-31 17:45:31,2022-06-10 15:37:51
7657,2178,113,0,2021-03-31 17:45:31,2022-06-10 15:37:51
7658,2178,114,0,2021-03-31 17:45:31,2022-06-10 15:37:51
7659,2178,115,0,2021-03-31 17:45:31,2022-06-10 15:37:51
7660,2178,116,0,2021-03-31 17:45:31,2022-06-10 15:37:51
7661,2179,74,0,2021-03-31 17:45:31,2022-06-10 15:37:51
7662,2179,111,0,2021-03-31 17:45:31,2022-06-10 15:37:51
7663,2179,116,0,2021-03-31 17:45:31,2022-06-10 15:37:51
7664,2180,49,0,2021-03-31 17:45:31,2022-06-10 15:37:51
7665,2180,54,0,2021-03-31 17:45:31,2022-06-10 15:37:51
7666,2180,58,0,2021-03-31 17:45:31,2022-06-10 15:37:51
7667,2180,93,0,2021-03-31 17:45:31,2022-06-10 15:37:51
7668,2180,97,0,2021-03-31 17:45:31,2022-06-10 15:37:51
7669,2180,113,0,2021-03-31 17:45:31,2022-06-10 15:37:51
7670,2180,119,0,2021-03-31 17:45:31,2022-06-10 15:37:51
7671,2181,93,0,2021-03-31 17:45:31,2022-06-10 15:37:51
7672,2181,99,0,2021-03-31 17:45:31,2022-06-10 15:37:51
7673,2182,25,0,2021-03-31 17:45:31,2022-06-10 15:37:51
7674,2182,124,0,2021-03-31 17:45:31,2022-06-10 15:37:51
7675,2183,49,0,2021-03-31 17:45:31,2022-06-10 15:37:51
7676,2183,54,0,2021-03-31 17:45:31,2022-06-10 15:37:51
7677,2183,85,0,2021-03-31 17:45:31,2022-06-10 15:37:51
7678,2183,91,0,2021-03-31 17:45:31,2022-06-10 15:37:51
7679,2184,74,0,2021-03-31 17:45:31,2022-06-10 15:37:51
7680,2184,82,0,2021-03-31 17:45:31,2022-06-10 15:37:51
7681,2184,85,0,2021-03-31 17:45:31,2022-06-10 15:37:51
7682,2184,133,0,2021-03-31 17:45:31,2022-06-10 15:37:51
7683,2184,135,0,2021-03-31 17:45:31,2022-06-10 15:37:51
7684,2185,85,0,2021-03-31 17:45:31,2022-06-10 15:37:51
7685,2185,103,0,2021-03-31 17:45:31,2022-06-10 15:37:51
7686,2185,104,0,2021-03-31 17:45:31,2022-06-10 15:37:51
7687,2185,105,0,2021-03-31 17:45:31,2022-06-10 15:37:51
7688,2185,106,0,2021-03-31 17:45:31,2022-06-10 15:37:51
7689,2185,108,0,2021-03-31 17:45:31,2022-06-10 15:37:51
7690,2185,109,0,2021-03-31 17:45:31,2022-06-10 15:37:51
7691,2185,110,0,2021-03-31 17:45:31,2022-06-10 15:37:51
7692,2185,135,0,2021-03-31 17:45:31,2022-06-10 15:37:51
7693,2186,15,0,2021-03-31 17:45:31,2022-06-10 15:37:51
7694,2186,17,0,2021-03-31 17:45:31,2022-06-10 15:37:51
7695,2186,19,0,2021-03-31 17:45:31,2022-06-10 15:37:51
7696,2186,20,0,2021-03-31 17:45:31,2022-06-10 15:37:51
7697,2186,24,0,2021-03-31 17:45:31,2022-06-10 15:37:51
7698,2186,32,0,2021-03-31 17:45:31,2022-06-10 15:37:51
7699,2186,35,0,2021-03-31 17:45:31,2022-06-10 15:37:51
7700,2187,2,0,2021-03-31 17:45:31,2022-06-10 15:37:51
7701,2188,74,0,2021-03-31 17:45:31,2022-06-10 15:37:51
7702,2188,76,0,2021-03-31 17:45:31,2022-06-10 15:37:51
7703,2189,32,0,2021-03-31 17:45:31,2022-06-10 15:37:51
7704,2189,35,0,2021-03-31 17:45:31,2022-06-10 15:37:51
7705,2190,54,0,2021-03-31 17:45:31,2022-06-10 15:37:51
7706,2190,58,0,2021-03-31 17:45:31,2022-06-10 15:37:51
7707,2190,93,0,2021-03-31 17:45:31,2022-06-10 15:37:51
7708,2190,97,0,2021-03-31 17:45:31,2022-06-10 15:37:51
7709,2190,111,0,2021-03-31 17:45:31,2022-06-10 15:37:51
7710,2191,111,0,2021-03-31 17:45:31,2022-06-10 15:37:51
7711,2191,112,0,2021-03-31 17:45:31,2022-06-10 15:37:51
7712,2191,113,0,2021-03-31 17:45:31,2022-06-10 15:37:51
7713,2191,114,0,2021-03-31 17:45:31,2022-06-10 15:37:51
7714,2191,117,0,2021-03-31 17:45:31,2022-06-10 15:37:51
7715,2192,103,0,2021-03-31 17:45:31,2022-06-10 15:37:51
7716,2192,105,0,2021-03-31 17:45:31,2022-06-10 15:37:51
7717,2193,111,0,2021-03-31 17:45:31,2021-06-22 10:52:50
7718,2194,40,0,2021-03-31 17:45:31,2022-06-10 15:37:51
7719,2194,41,0,2021-03-31 17:45:31,2022-06-10 15:37:51
7720,2194,47,0,2021-03-31 17:45:31,2022-06-10 15:37:51
7721,2195,103,0,2021-03-31 17:45:31,2022-06-10 15:37:51
7722,2195,104,0,2021-03-31 17:45:31,2022-06-10 15:37:51
7723,2195,107,0,2021-03-31 17:45:31,2022-06-10 15:37:51
7724,2195,108,0,2021-03-31 17:45:31,2022-06-10 15:37:51
7725,2195,109,0,2021-03-31 17:45:31,2022-06-10 15:37:51
7726,2196,111,0,2021-03-31 17:45:31,2022-06-10 15:37:51
7727,2196,112,0,2021-03-31 17:45:31,2022-06-10 15:37:51
7728,2196,114,0,2021-03-31 17:45:31,2022-06-10 15:37:51
7729,2196,117,0,2021-03-31 17:45:31,2022-06-10 15:37:51
7730,2196,118,0,2021-03-31 17:45:31,2022-06-10 15:37:51
7731,2197,40,0,2021-03-31 17:45:31,2022-06-10 15:37:51
7732,2197,44,0,2021-03-31 17:45:31,2022-06-10 15:37:51
7733,2198,,0,2021-03-31 17:45:31,2021-06-22 10:52:50
7734,2199,103,0,2021-03-31 17:45:31,2022-06-10 15:37:51
7735,2199,108,0,2021-03-31 17:45:31,2022-06-10 15:37:51
7736,2200,111,0,2021-03-31 17:45:31,2021-06-22 10:52:50
7737,2200,112,0,2021-03-31 17:45:31,2021-06-22 10:52:50
7738,2200,113,0,2021-03-31 17:45:31,2021-06-22 10:52:50
7739,2200,114,0,2021-03-31 17:45:31,2021-06-22 10:52:50
7740,2200,116,0,2021-03-31 17:45:31,2021-06-22 10:52:50
7741,2200,121,0,2021-03-31 17:45:31,2021-06-22 10:52:50
7742,2201,111,0,2021-03-31 17:45:31,2022-06-10 15:37:51
7743,2201,112,0,2021-03-31 17:45:31,2022-06-10 15:37:51
7744,2202,4,0,2021-03-31 17:45:31,2022-06-10 15:37:51
7745,2202,5,0,2021-03-31 17:45:31,2022-06-10 15:37:51
7746,2203,93,0,2021-03-31 17:45:31,2022-06-10 15:37:51
7747,2203,97,0,2021-03-31 17:45:31,2022-06-10 15:37:51
7748,2203,111,0,2021-03-31 17:45:31,2022-06-10 15:37:51
7749,2203,112,0,2021-03-31 17:45:31,2022-06-10 15:37:51
7750,2203,113,0,2021-03-31 17:45:31,2022-06-10 15:37:51
7751,2203,114,0,2021-03-31 17:45:31,2022-06-10 15:37:51
7752,2203,117,0,2021-03-31 17:45:31,2022-06-10 15:37:51
7753,2203,118,0,2021-03-31 17:45:31,2022-06-10 15:37:51
7754,2204,32,0,2021-03-31 17:45:31,2022-06-10 15:37:51
7755,2204,36,0,2021-03-31 17:45:31,2022-06-10 15:37:51
7756,2205,111,0,2021-03-31 17:45:31,2022-06-10 15:37:51
7757,2205,112,0,2021-03-31 17:45:31,2022-06-10 15:37:51
7758,2205,113,0,2021-03-31 17:45:31,2022-06-10 15:37:51
7759,2205,117,0,2021-03-31 17:45:31,2022-06-10 15:37:51
7760,2206,40,0,2021-03-31 17:45:31,2022-06-10 15:37:51
7761,2206,42,0,2021-03-31 17:45:31,2022-06-10 15:37:51
7762,2206,47,0,2021-03-31 17:45:31,2022-06-10 15:37:51
7763,2207,111,0,2021-03-31 17:45:31,2022-06-10 15:37:51
7764,2207,112,0,2021-03-31 17:45:31,2022-06-10 15:37:51
7765,2207,114,0,2021-03-31 17:45:31,2022-06-10 15:37:51
7766,2207,117,0,2021-03-31 17:45:31,2022-06-10 15:37:51
7767,2208,67,0,2021-03-31 17:45:31,2022-06-10 15:37:51
7768,2208,71,0,2021-03-31 17:45:31,2022-06-10 15:37:51
7769,2208,74,0,2021-03-31 17:45:31,2022-06-10 15:37:51
7770,2208,131,0,2021-03-31 17:45:31,2022-06-10 15:37:51
7771,2209,40,0,2021-03-31 17:45:31,2022-06-10 15:37:51
7772,2209,41,0,2021-03-31 17:45:31,2022-06-10 15:37:51
7773,2209,42,0,2021-03-31 17:45:31,2022-06-10 15:37:51
7774,2209,47,0,2021-03-31 17:45:31,2022-06-10 15:37:51
7775,2210,25,0,2021-03-31 17:45:31,2022-06-10 15:37:51
7776,2210,31,0,2021-03-31 17:45:31,2022-06-10 15:37:51
7777,2210,124,0,2021-03-31 17:45:31,2022-06-10 15:37:51
7778,2211,74,0,2021-03-31 17:45:31,2022-06-10 15:37:51
7779,2211,81,0,2021-03-31 17:45:31,2022-06-10 15:37:51
7780,2211,129,0,2021-03-31 17:45:31,2022-06-10 15:37:51
7781,2212,3,0,2021-03-31 17:45:31,2022-06-10 15:37:51
7782,2212,40,0,2021-03-31 17:45:31,2022-06-10 15:37:51
7783,2212,41,0,2021-03-31 17:45:31,2022-06-10 15:37:51
7784,2212,85,0,2021-03-31 17:45:31,2022-06-10 15:37:51
7785,2213,103,0,2021-03-31 17:45:31,2022-06-10 15:37:51
7786,2213,104,0,2021-03-31 17:45:31,2022-06-10 15:37:51
7787,2213,105,0,2021-03-31 17:45:31,2022-06-10 15:37:51
7788,2213,107,0,2021-03-31 17:45:31,2022-06-10 15:37:51
7789,2213,108,0,2021-03-31 17:45:31,2022-06-10 15:37:51
7790,2213,109,0,2021-03-31 17:45:31,2022-06-10 15:37:51
7791,2213,110,0,2021-03-31 17:45:31,2022-06-10 15:37:51
7792,2213,139,0,2021-03-31 17:45:31,2022-06-10 15:37:51
7793,2213,140,0,2021-03-31 17:45:31,2022-06-10 15:37:51
7794,2213,141,0,2021-03-31 17:45:31,2022-06-10 15:37:51
7795,2214,32,0,2021-03-31 17:45:31,2022-06-10 15:37:51
7796,2214,34,0,2021-03-31 17:45:31,2022-06-10 15:37:51
7797,2214,35,0,2021-03-31 17:45:31,2022-06-10 15:37:51
7798,2215,40,0,2021-03-31 17:45:31,2022-06-10 15:37:51
7799,2215,44,0,2021-03-31 17:45:31,2022-06-10 15:37:51
7800,2216,103,0,2021-03-31 17:45:31,2022-06-10 15:37:51
7801,2216,140,0,2021-03-31 17:45:31,2022-06-10 15:37:51
7802,2217,74,0,2021-03-31 17:45:31,2022-06-10 15:37:51
7803,2217,111,0,2021-03-31 17:45:31,2022-06-10 15:37:51
7804,2217,112,0,2021-03-31 17:45:31,2022-06-10 15:37:51
7805,2217,113,0,2021-03-31 17:45:31,2022-06-10 15:37:51
7806,2217,114,0,2021-03-31 17:45:31,2022-06-10 15:37:51
7807,2218,2,0,2021-03-31 17:45:31,2022-06-10 15:37:51
7808,2218,49,0,2021-03-31 17:45:31,2022-06-10 15:37:51
7809,2218,50,0,2021-03-31 17:45:31,2022-06-10 15:37:51
7810,2218,52,0,2021-03-31 17:45:31,2022-06-10 15:37:51
7811,2219,4,0,2021-03-31 17:45:31,2022-06-10 15:37:51
7812,2219,11,0,2021-03-31 17:45:31,2022-06-10 15:37:51
7813,2219,40,0,2021-03-31 17:45:31,2022-06-10 15:37:51
7814,2219,48,0,2021-03-31 17:45:31,2022-06-10 15:37:51
7815,2220,111,0,2021-03-31 17:45:31,2022-06-10 15:37:51
7816,2220,112,0,2021-03-31 17:45:31,2022-06-10 15:37:51
7817,2220,113,0,2021-03-31 17:45:31,2022-06-10 15:37:51
7818,2220,116,0,2021-03-31 17:45:31,2022-06-10 15:37:51
7819,2220,117,0,2021-03-31 17:45:31,2022-06-10 15:37:51
7820,2220,118,0,2021-03-31 17:45:31,2022-06-10 15:37:51
7821,2220,119,0,2021-03-31 17:45:31,2022-06-10 15:37:51
7822,2220,121,0,2021-03-31 17:45:31,2022-06-10 15:37:51
7823,2221,25,0,2021-03-31 17:45:31,2022-06-10 15:37:51
7824,2221,40,0,2021-03-31 17:45:31,2022-06-10 15:37:51
7825,2221,46,0,2021-03-31 17:45:31,2022-06-10 15:37:51
7826,2221,123,0,2021-03-31 17:45:31,2022-06-10 15:37:51
7827,2222,49,0,2021-03-31 17:45:31,2022-06-10 15:37:51
7828,2222,54,0,2021-03-31 17:45:31,2022-06-10 15:37:51
7829,2222,85,0,2021-03-31 17:45:31,2022-06-10 15:37:51
7830,2222,86,0,2021-03-31 17:45:31,2022-06-10 15:37:51
7831,2222,91,0,2021-03-31 17:45:31,2022-06-10 15:37:51
7832,2222,142,0,2021-03-31 17:45:31,2022-06-10 15:37:51
7833,2223,40,0,2021-03-31 17:45:31,2022-06-10 15:37:51
7834,2223,41,0,2021-03-31 17:45:31,2022-06-10 15:37:51
7835,2224,,0,2021-03-31 17:45:31,2021-04-09 15:05:43
7836,2225,49,0,2021-03-31 17:45:31,2022-06-10 15:37:51
7837,2225,54,0,2021-03-31 17:45:31,2022-06-10 15:37:51
7838,2225,56,0,2021-03-31 17:45:31,2022-06-10 15:37:51
7839,2225,57,0,2021-03-31 17:45:31,2022-06-10 15:37:51
7840,2226,59,0,2021-03-31 17:45:31,2022-06-10 15:37:51
7841,2226,61,0,2021-03-31 17:45:31,2022-06-10 15:37:51
7842,2226,93,0,2021-03-31 17:45:31,2022-06-10 15:37:51
7843,2226,101,0,2021-03-31 17:45:31,2022-06-10 15:37:51
7844,2226,127,0,2021-03-31 17:45:31,2022-06-10 15:37:51
7845,2226,128,0,2021-03-31 17:45:31,2022-06-10 15:37:51
7846,2227,93,0,2021-03-31 17:45:31,2022-06-10 15:37:51
7847,2227,101,0,2021-03-31 17:45:31,2022-06-10 15:37:51
7848,2227,103,0,2021-03-31 17:45:31,2022-06-10 15:37:51
7849,2227,104,0,2021-03-31 17:45:31,2022-06-10 15:37:51
7850,2227,105,0,2021-03-31 17:45:31,2022-06-10 15:37:51
7851,2227,106,0,2021-03-31 17:45:31,2022-06-10 15:37:51
7852,2227,108,0,2021-03-31 17:45:31,2022-06-10 15:37:51
7853,2227,109,0,2021-03-31 17:45:31,2022-06-10 15:37:51
7854,2228,4,0,2021-03-31 17:45:31,2022-06-10 15:37:51
7855,2228,7,0,2021-03-31 17:45:31,2022-06-10 15:37:51
7856,2229,111,0,2021-03-31 17:45:31,2022-06-10 15:37:51
7857,2229,112,0,2021-03-31 17:45:31,2022-06-10 15:37:51
7858,2230,4,0,2021-03-31 17:45:31,2021-06-22 10:52:50
7859,2230,11,0,2021-03-31 17:45:31,2021-06-22 10:52:50
7860,2231,15,0,2021-03-31 17:45:31,2022-06-10 15:37:51
7861,2231,23,0,2021-03-31 17:45:31,2022-06-10 15:37:51
7862,2232,103,0,2021-03-31 17:45:31,2022-06-10 15:37:51
7863,2232,104,0,2021-03-31 17:45:31,2022-06-10 15:37:51
7864,2232,105,0,2021-03-31 17:45:31,2022-06-10 15:37:51
7865,2232,110,0,2021-03-31 17:45:31,2022-06-10 15:37:51
7866,2233,40,0,2021-03-31 17:45:31,2022-06-10 15:37:51
7867,2233,41,0,2021-03-31 17:45:31,2022-06-10 15:37:51
7868,2233,42,0,2021-03-31 17:45:31,2022-06-10 15:37:51
7869,2234,49,0,2021-03-31 17:45:31,2022-06-10 15:37:51
7870,2234,51,0,2021-03-31 17:45:31,2022-06-10 15:37:51
7871,2234,52,0,2021-03-31 17:45:31,2022-06-10 15:37:51
7872,2234,125,0,2021-03-31 17:45:31,2022-06-10 15:37:51
7873,2235,111,0,2021-03-31 17:45:31,2022-06-10 15:37:51
7874,2235,112,0,2021-03-31 17:45:31,2022-06-10 15:37:51
7875,2235,115,0,2021-03-31 17:45:31,2022-06-10 15:37:51
7876,2235,117,0,2021-03-31 17:45:31,2022-06-10 15:37:51
7877,2236,111,0,2021-03-31 17:45:31,2022-06-10 15:37:51
7878,2236,112,0,2021-03-31 17:45:31,2022-06-10 15:37:51
7879,2237,74,0,2021-03-31 17:45:31,2021-06-22 10:52:50
7880,2237,111,0,2021-03-31 17:45:31,2021-06-22 10:52:50
7881,2237,112,0,2021-03-31 17:45:31,2021-06-22 10:52:50
7882,2237,113,0,2021-03-31 17:45:31,2021-06-22 10:52:50
7883,2237,116,0,2021-03-31 17:45:31,2021-06-22 10:52:50
7884,2237,117,0,2021-03-31 17:45:31,2021-06-22 10:52:50
7885,2237,121,0,2021-03-31 17:45:31,2021-06-22 10:52:50
7886,2238,111,0,2021-03-31 17:45:31,2022-06-10 15:37:51
7887,2238,113,0,2021-03-31 17:45:31,2022-06-10 15:37:51
7888,2238,114,0,2021-03-31 17:45:31,2022-06-10 15:37:51
7889,2238,117,0,2021-03-31 17:45:31,2022-06-10 15:37:51
7890,2238,120,0,2021-03-31 17:45:31,2022-06-10 15:37:51
7891,2239,49,0,2021-03-31 17:45:31,2022-06-10 15:37:51
7892,2239,54,0,2021-03-31 17:45:31,2022-06-10 15:37:51
7893,2239,85,0,2021-03-31 17:45:31,2022-06-10 15:37:51
7894,2239,86,0,2021-03-31 17:45:31,2022-06-10 15:37:51
7895,2239,93,0,2021-03-31 17:45:31,2022-06-10 15:37:51
7896,2239,102,0,2021-03-31 17:45:31,2022-06-10 15:37:51
7897,2239,142,0,2021-03-31 17:45:31,2022-06-10 15:37:51
7898,2240,74,0,2021-03-31 17:45:31,2022-06-10 15:37:51
7899,2240,111,0,2021-03-31 17:45:31,2022-06-10 15:37:51
7900,2240,116,0,2021-03-31 17:45:31,2022-06-10 15:37:51
7901,2240,129,0,2021-03-31 17:45:31,2022-06-10 15:37:51
7902,2240,131,0,2021-03-31 17:45:31,2022-06-10 15:37:51
7903,2241,49,0,2021-03-31 17:45:31,2022-06-10 15:37:51
7904,2241,51,0,2021-03-31 17:45:31,2022-06-10 15:37:51
7905,2241,85,0,2021-03-31 17:45:31,2022-06-10 15:37:51
7906,2241,88,0,2021-03-31 17:45:31,2022-06-10 15:37:51
7907,2242,1,0,2021-03-31 17:45:31,2022-06-10 15:37:51
7908,2242,2,0,2021-03-31 17:45:31,2022-06-10 15:37:51
7909,2242,49,0,2021-03-31 17:45:31,2022-06-10 15:37:51
7910,2242,51,0,2021-03-31 17:45:31,2022-06-10 15:37:51
7911,2242,53,0,2021-03-31 17:45:31,2022-06-10 15:37:51
7912,2242,54,0,2021-03-31 17:45:31,2022-06-10 15:37:51
7913,2242,55,0,2021-03-31 17:45:31,2022-06-10 15:37:51
7914,2242,56,0,2021-03-31 17:45:31,2022-06-10 15:37:51
7915,2242,57,0,2021-03-31 17:45:31,2022-06-10 15:37:51
7916,2242,58,0,2021-03-31 17:45:31,2022-06-10 15:37:51
7917,2243,103,0,2021-03-31 17:45:31,2022-06-10 15:37:51
7918,2243,111,0,2021-03-31 17:45:31,2022-06-10 15:37:51
7919,2243,117,0,2021-03-31 17:45:31,2022-06-10 15:37:51
7920,2243,140,0,2021-03-31 17:45:31,2022-06-10 15:37:51
7921,2244,32,0,2021-03-31 17:45:31,2022-06-10 15:37:51
7922,2244,35,0,2021-03-31 17:45:31,2022-06-10 15:37:51
7923,2245,,0,2021-03-31 17:45:31,2021-05-17 08:23:40
7924,2246,85,0,2021-03-31 17:45:31,2022-06-10 15:37:51
7925,2246,103,0,2021-03-31 17:45:31,2022-06-10 15:37:51
7926,2246,104,0,2021-03-31 17:45:31,2022-06-10 15:37:51
7927,2246,105,0,2021-03-31 17:45:31,2022-06-10 15:37:51
7928,2246,106,0,2021-03-31 17:45:31,2022-06-10 15:37:51
7929,2246,107,0,2021-03-31 17:45:31,2022-06-10 15:37:51
7930,2246,108,0,2021-03-31 17:45:31,2022-06-10 15:37:51
7931,2246,109,0,2021-03-31 17:45:31,2022-06-10 15:37:51
7932,2246,110,0,2021-03-31 17:45:31,2022-06-10 15:37:51
7933,2246,135,0,2021-03-31 17:45:31,2022-06-10 15:37:51
7934,2246,139,0,2021-03-31 17:45:31,2022-06-10 15:37:51
7935,2246,141,0,2021-03-31 17:45:31,2022-06-10 15:37:51
7936,2247,74,0,2021-03-31 17:45:31,2022-06-10 15:37:51
7937,2247,76,0,2021-03-31 17:45:31,2022-06-10 15:37:51
7938,2247,77,0,2021-03-31 17:45:31,2022-06-10 15:37:51
7939,2247,78,0,2021-03-31 17:45:31,2022-06-10 15:37:51
7940,2247,93,0,2021-03-31 17:45:31,2022-06-10 15:37:51
7941,2247,95,0,2021-03-31 17:45:31,2022-06-10 15:37:51
7942,2248,4,0,2021-03-31 17:45:31,2022-06-10 15:37:51
7943,2248,5,0,2021-03-31 17:45:31,2022-06-10 15:37:51
7944,2248,11,0,2021-03-31 17:45:31,2022-06-10 15:37:51
7945,2248,25,0,2021-03-31 17:45:31,2022-06-10 15:37:51
7946,2248,123,0,2021-03-31 17:45:31,2022-06-10 15:37:51
7947,2249,59,0,2021-03-31 17:45:31,2022-06-10 15:37:51
7948,2249,61,0,2021-03-31 17:45:31,2022-06-10 15:37:51
7949,2249,93,0,2021-03-31 17:45:31,2022-06-10 15:37:51
7950,2249,101,0,2021-03-31 17:45:31,2022-06-10 15:37:51
7951,2249,127,0,2021-03-31 17:45:31,2022-06-10 15:37:51
7952,2249,128,0,2021-03-31 17:45:31,2022-06-10 15:37:51
7953,2250,59,0,2021-03-31 17:45:31,2022-06-10 15:37:51
7954,2250,63,0,2021-03-31 17:45:31,2022-06-10 15:37:51
7955,2250,127,0,2021-03-31 17:45:31,2022-06-10 15:37:51
7956,2251,74,0,2021-03-31 17:45:31,2021-05-07 11:10:35
7957,2251,82,0,2021-03-31 17:45:31,2021-05-07 11:10:35
7958,2251,111,0,2021-03-31 17:45:31,2021-05-07 11:10:35
7959,2251,116,0,2021-03-31 17:45:31,2021-05-07 11:10:35
7960,2252,111,0,2021-03-31 17:45:31,2022-06-10 15:37:51
7961,2252,112,0,2021-03-31 17:45:31,2022-06-10 15:37:51
7962,2253,49,0,2021-03-31 17:45:31,2021-06-22 10:52:50
7963,2253,51,0,2021-03-31 17:45:31,2021-06-22 10:52:50
7964,2253,85,0,2021-03-31 17:45:31,2021-06-22 10:52:50
7965,2253,88,0,2021-03-31 17:45:31,2021-06-22 10:52:50
7966,2254,111,0,2021-03-31 17:45:31,2022-06-10 15:37:51
7967,2254,112,0,2021-03-31 17:45:31,2022-06-10 15:37:51
7968,2254,113,0,2021-03-31 17:45:31,2022-06-10 15:37:51
7969,2254,114,0,2021-03-31 17:45:31,2022-06-10 15:37:51
7970,2254,117,0,2021-03-31 17:45:31,2022-06-10 15:37:51
7971,2255,93,0,2021-03-31 17:45:31,2022-06-10 15:37:51
7972,2255,101,0,2021-03-31 17:45:31,2022-06-10 15:37:51
7973,2255,103,0,2021-03-31 17:45:31,2022-06-10 15:37:51
7974,2255,141,0,2021-03-31 17:45:31,2022-06-10 15:37:51
7975,2256,103,0,2021-03-31 17:45:31,2022-06-10 15:37:51
7976,2256,105,0,2021-03-31 17:45:31,2022-06-10 15:37:51
7977,2256,108,0,2021-03-31 17:45:31,2022-06-10 15:37:51
7978,2257,74,0,2021-03-31 17:45:31,2022-06-10 15:37:51
7979,2257,76,0,2021-03-31 17:45:31,2022-06-10 15:37:51
7980,2257,130,0,2021-03-31 17:45:31,2022-06-10 15:37:51
7981,2258,85,0,2021-03-31 17:45:31,2022-06-10 15:37:51
7982,2258,103,0,2021-03-31 17:45:31,2022-06-10 15:37:51
7983,2258,104,0,2021-03-31 17:45:31,2022-06-10 15:37:51
7984,2258,105,0,2021-03-31 17:45:31,2022-06-10 15:37:51
7985,2258,108,0,2021-03-31 17:45:31,2022-06-10 15:37:51
7986,2258,109,0,2021-03-31 17:45:31,2022-06-10 15:37:51
7987,2258,110,0,2021-03-31 17:45:31,2022-06-10 15:37:51
7988,2258,135,0,2021-03-31 17:45:31,2022-06-10 15:37:51
7989,2259,74,0,2021-03-31 17:45:31,2022-06-10 15:37:51
7990,2259,111,0,2021-03-31 17:45:31,2022-06-10 15:37:51
7991,2259,116,0,2021-03-31 17:45:31,2022-06-10 15:37:51
7992,2260,59,0,2021-03-31 17:45:31,2022-06-10 15:37:51
7993,2260,60,0,2021-03-31 17:45:31,2022-06-10 15:37:51
7994,2260,127,0,2021-03-31 17:45:31,2022-06-10 15:37:51
7995,2260,128,0,2021-03-31 17:45:31,2022-06-10 15:37:51
7996,2261,74,0,2021-03-31 17:45:31,2021-06-22 10:52:50
7997,2261,111,0,2021-03-31 17:45:31,2021-06-22 10:52:50
7998,2261,121,0,2021-03-31 17:45:31,2021-06-22 10:52:50
7999,2262,93,0,2021-03-31 17:45:31,2022-06-10 15:37:51
8000,2262,101,0,2021-03-31 17:45:31,2022-06-10 15:37:51
8001,2262,103,0,2021-03-31 17:45:31,2022-06-10 15:37:51
8002,2262,141,0,2021-03-31 17:45:31,2022-06-10 15:37:51
8003,2263,49,0,2021-03-31 17:45:31,2022-06-10 15:37:51
8004,2263,53,0,2021-03-31 17:45:31,2022-06-10 15:37:51
8005,2263,57,0,2021-03-31 17:45:31,2022-06-10 15:37:51
8006,2263,93,0,2021-03-31 17:45:31,2022-06-10 15:37:51
8007,2263,97,0,2021-03-31 17:45:31,2022-06-10 15:37:51
8008,2264,103,0,2021-03-31 17:45:31,2022-06-10 15:37:51
8009,2264,108,0,2021-03-31 17:45:31,2022-06-10 15:37:51
8010,2264,109,0,2021-03-31 17:45:31,2022-06-10 15:37:51
8011,2265,111,0,2021-03-31 17:45:31,2022-06-10 15:37:51
8012,2265,112,0,2021-03-31 17:45:31,2022-06-10 15:37:51
8013,2265,114,0,2021-03-31 17:45:31,2022-06-10 15:37:51
8014,2265,117,0,2021-03-31 17:45:31,2022-06-10 15:37:51
8015,2266,40,0,2021-03-31 17:45:31,2021-06-22 10:52:50
8016,2266,43,0,2021-03-31 17:45:31,2021-06-22 10:52:50
8017,2267,111,0,2021-03-31 17:45:31,2022-06-10 15:37:51
8018,2267,116,0,2021-03-31 17:45:31,2022-06-10 15:37:51
8019,2268,4,0,2021-03-31 17:45:31,2022-06-10 15:37:51
8020,2268,7,0,2021-03-31 17:45:31,2022-06-10 15:37:51
8021,2269,111,0,2021-03-31 17:45:32,2022-06-10 15:37:51
8022,2269,121,0,2021-03-31 17:45:32,2022-06-10 15:37:51
8023,2270,111,0,2021-03-31 17:45:32,2021-06-22 10:52:50
8024,2270,112,0,2021-03-31 17:45:32,2021-06-22 10:52:50
8025,2270,114,0,2021-03-31 17:45:32,2021-06-22 10:52:50
8026,2270,117,0,2021-03-31 17:45:32,2021-06-22 10:52:50
8027,2271,49,0,2021-03-31 17:45:32,2022-06-10 15:37:51
8028,2271,54,0,2021-03-31 17:45:32,2022-06-10 15:37:51
8029,2271,57,0,2021-03-31 17:45:32,2022-06-10 15:37:51
8030,2271,85,0,2021-03-31 17:45:32,2022-06-10 15:37:51
8031,2271,89,0,2021-03-31 17:45:32,2022-06-10 15:37:51
8032,2272,103,0,2021-03-31 17:45:32,2022-06-10 15:37:51
8033,2272,104,0,2021-03-31 17:45:32,2022-06-10 15:37:51
8034,2272,105,0,2021-03-31 17:45:32,2022-06-10 15:37:51
8035,2272,106,0,2021-03-31 17:45:32,2022-06-10 15:37:51
8036,2272,109,0,2021-03-31 17:45:32,2022-06-10 15:37:51
8037,2272,139,0,2021-03-31 17:45:32,2022-06-10 15:37:51
8038,2273,49,0,2021-03-31 17:45:32,2022-06-10 15:37:51
8039,2273,51,0,2021-03-31 17:45:32,2022-06-10 15:37:51
8040,2273,54,0,2021-03-31 17:45:32,2022-06-10 15:37:51
8041,2273,55,0,2021-03-31 17:45:32,2022-06-10 15:37:51
8042,2273,56,0,2021-03-31 17:45:32,2022-06-10 15:37:51
8043,2273,57,0,2021-03-31 17:45:32,2022-06-10 15:37:51
8044,2273,58,0,2021-03-31 17:45:32,2022-06-10 15:37:51
8045,2274,15,0,2021-03-31 17:45:32,2022-06-10 15:37:51
8046,2274,21,0,2021-03-31 17:45:32,2022-06-10 15:37:51
8047,2274,49,0,2021-03-31 17:45:32,2022-06-10 15:37:51
8048,2274,50,0,2021-03-31 17:45:32,2022-06-10 15:37:51
8049,2275,111,0,2021-03-31 17:45:32,2022-06-10 15:37:51
8050,2275,113,0,2021-03-31 17:45:32,2022-06-10 15:37:51
8051,2275,114,0,2021-03-31 17:45:32,2022-06-10 15:37:51
8052,2275,115,0,2021-03-31 17:45:32,2022-06-10 15:37:51
8053,2276,2,0,2021-03-31 17:45:32,2022-06-10 15:37:51
8054,2277,111,0,2021-03-31 17:45:32,2022-06-10 15:37:51
8055,2277,112,0,2021-03-31 17:45:32,2022-06-10 15:37:51
8056,2278,59,0,2021-03-31 17:45:32,2022-06-10 15:37:51
8057,2278,85,0,2021-03-31 17:45:32,2022-06-10 15:37:51
8058,2278,93,0,2021-03-31 17:45:32,2022-06-10 15:37:51
8059,2278,101,0,2021-03-31 17:45:32,2022-06-10 15:37:51
8060,2278,128,0,2021-03-31 17:45:32,2022-06-10 15:37:51
8061,2279,40,0,2021-03-31 17:45:32,2022-06-10 15:37:51
8062,2279,41,0,2021-03-31 17:45:32,2022-06-10 15:37:51
8063,2280,40,0,2021-03-31 17:45:32,2022-06-10 15:37:51
8064,2280,41,0,2021-03-31 17:45:32,2022-06-10 15:37:51
8065,2281,40,0,2021-03-31 17:45:32,2022-06-10 15:37:51
8066,2281,41,0,2021-03-31 17:45:32,2022-06-10 15:37:51
8067,2281,42,0,2021-03-31 17:45:32,2022-06-10 15:37:51
8068,2281,47,0,2021-03-31 17:45:32,2022-06-10 15:37:51
8069,2282,49,0,2021-03-31 17:45:32,2022-06-10 15:37:51
8070,2282,51,0,2021-03-31 17:45:32,2022-06-10 15:37:51
8071,2283,32,0,2021-03-31 17:45:32,2022-06-10 15:37:51
8072,2283,36,0,2021-03-31 17:45:32,2022-06-10 15:37:51
8073,2283,40,0,2021-03-31 17:45:32,2022-06-10 15:37:51
8074,2283,47,0,2021-03-31 17:45:32,2022-06-10 15:37:51
8075,2283,74,0,2021-03-31 17:45:32,2022-06-10 15:37:51
8076,2283,75,0,2021-03-31 17:45:32,2022-06-10 15:37:51
8077,2283,82,0,2021-03-31 17:45:32,2022-06-10 15:37:51
8078,2283,93,0,2021-03-31 17:45:32,2022-06-10 15:37:51
8079,2283,95,0,2021-03-31 17:45:32,2022-06-10 15:37:51
8080,2284,40,0,2021-03-31 17:45:32,2021-06-22 10:52:50
8081,2284,41,0,2021-03-31 17:45:32,2021-06-22 10:52:50
8082,2285,15,0,2021-03-31 17:45:32,2022-06-10 15:37:51
8083,2285,16,0,2021-03-31 17:45:32,2022-06-10 15:37:51
8084,2285,17,0,2021-03-31 17:45:32,2022-06-10 15:37:51
8085,2285,85,0,2021-03-31 17:45:32,2022-06-10 15:37:51
8086,2285,137,0,2021-03-31 17:45:32,2022-06-10 15:37:51
8087,2286,93,0,2021-03-31 17:45:32,2022-06-10 15:37:51
8088,2286,95,0,2021-03-31 17:45:32,2022-06-10 15:37:51
8089,2287,49,0,2021-03-31 17:45:32,2022-06-10 15:37:51
8090,2287,53,0,2021-03-31 17:45:32,2022-06-10 15:37:51
8091,2287,54,0,2021-03-31 17:45:32,2022-06-10 15:37:51
8092,2287,57,0,2021-03-31 17:45:32,2022-06-10 15:37:51
8093,2288,103,0,2021-03-31 17:45:32,2022-06-10 15:37:51
8094,2288,108,0,2021-03-31 17:45:32,2022-06-10 15:37:51
8095,2289,32,0,2021-03-31 17:45:32,2022-06-10 15:37:51
8096,2289,34,0,2021-03-31 17:45:32,2022-06-10 15:37:51
8097,2290,74,0,2021-03-31 17:45:32,2022-06-10 15:37:51
8098,2290,84,0,2021-03-31 17:45:32,2022-06-10 15:37:51
8099,2290,85,0,2021-03-31 17:45:32,2022-06-10 15:37:51
8100,2290,89,0,2021-03-31 17:45:32,2022-06-10 15:37:51
8101,2290,93,0,2021-03-31 17:45:32,2022-06-10 15:37:51
8102,2290,101,0,2021-03-31 17:45:32,2022-06-10 15:37:51
8103,2291,74,0,2021-03-31 17:45:32,2022-06-10 15:37:51
8104,2291,76,0,2021-03-31 17:45:32,2022-06-10 15:37:51
8105,2291,93,0,2021-03-31 17:45:32,2022-06-10 15:37:51
8106,2291,101,0,2021-03-31 17:45:32,2022-06-10 15:37:51
8107,2292,67,0,2021-03-31 17:45:32,2022-06-10 15:37:51
8108,2292,68,0,2021-03-31 17:45:32,2022-06-10 15:37:51
8109,2292,71,0,2021-03-31 17:45:32,2022-06-10 15:37:51
8110,2292,72,0,2021-03-31 17:45:32,2022-06-10 15:37:51
8111,2292,73,0,2021-03-31 17:45:32,2022-06-10 15:37:51
8112,2293,25,0,2021-03-31 17:45:32,2022-06-10 15:37:51
8113,2293,93,0,2021-03-31 17:45:32,2022-06-10 15:37:51
8114,2293,94,0,2021-03-31 17:45:32,2022-06-10 15:37:51
8115,2293,124,0,2021-03-31 17:45:32,2022-06-10 15:37:51
8116,2294,59,0,2021-03-31 17:45:32,2021-06-22 10:52:50
8117,2294,93,0,2021-03-31 17:45:32,2021-06-22 10:52:50
8118,2294,101,0,2021-03-31 17:45:32,2021-06-22 10:52:50
8119,2294,127,0,2021-03-31 17:45:32,2021-06-22 10:52:50
8120,2294,128,0,2021-03-31 17:45:32,2021-06-22 10:52:50
8121,2295,111,0,2021-03-31 17:45:32,2022-06-10 15:37:51
8122,2295,113,0,2021-03-31 17:45:32,2022-06-10 15:37:51
8123,2296,40,0,2021-03-31 17:45:32,2021-06-22 10:52:50
8124,2296,41,0,2021-03-31 17:45:32,2021-06-22 10:52:50
8125,2296,47,0,2021-03-31 17:45:32,2021-06-22 10:52:50
8126,2296,74,0,2021-03-31 17:45:32,2021-06-22 10:52:50
8127,2296,82,0,2021-03-31 17:45:32,2021-06-22 10:52:50
8128,2297,93,0,2021-03-31 17:45:32,2022-06-10 15:37:51
8129,2297,95,0,2021-03-31 17:45:32,2022-06-10 15:37:51
8130,2297,111,0,2021-03-31 17:45:32,2022-06-10 15:37:51
8131,2297,115,0,2021-03-31 17:45:32,2022-06-10 15:37:51
8132,2298,40,0,2021-03-31 17:45:32,2022-06-10 15:37:51
8133,2298,48,0,2021-03-31 17:45:32,2022-06-10 15:37:51
8134,2299,32,0,2021-03-31 17:45:32,2022-06-10 15:37:51
8135,2299,33,0,2021-03-31 17:45:32,2022-06-10 15:37:51
8136,2299,34,0,2021-03-31 17:45:32,2022-06-10 15:37:51
8137,2299,37,0,2021-03-31 17:45:32,2022-06-10 15:37:51
8138,2299,67,0,2021-03-31 17:45:32,2022-06-10 15:37:51
8139,2299,71,0,2021-03-31 17:45:32,2022-06-10 15:37:51
8140,2300,74,0,2021-03-31 17:45:32,2022-06-10 15:37:51
8141,2300,81,0,2021-03-31 17:45:32,2022-06-10 15:37:51
8142,2300,111,0,2021-03-31 17:45:32,2022-06-10 15:37:51
8143,2300,113,0,2021-03-31 17:45:32,2022-06-10 15:37:51
8144,2300,114,0,2021-03-31 17:45:32,2022-06-10 15:37:51
8145,2300,115,0,2021-03-31 17:45:32,2022-06-10 15:37:51
8146,2300,116,0,2021-03-31 17:45:32,2022-06-10 15:37:51
8147,2300,129,0,2021-03-31 17:45:32,2022-06-10 15:37:51
8148,2301,49,0,2021-03-31 17:45:32,2022-06-10 15:37:51
8149,2301,126,0,2021-03-31 17:45:32,2022-06-10 15:37:51
8150,2302,49,0,2021-03-31 17:45:32,2022-06-10 15:37:51
8151,2302,54,0,2021-03-31 17:45:32,2022-06-10 15:37:51
8152,2302,55,0,2021-03-31 17:45:32,2022-06-10 15:37:51
8153,2302,85,0,2021-03-31 17:45:32,2022-06-10 15:37:51
8154,2302,135,0,2021-03-31 17:45:32,2022-06-10 15:37:51
8155,2303,32,0,2021-03-31 17:45:32,2022-06-10 15:37:51
8156,2303,35,0,2021-03-31 17:45:32,2022-06-10 15:37:51
8157,2303,36,0,2021-03-31 17:45:32,2022-06-10 15:37:51
8158,2304,49,0,2021-03-31 17:45:32,2022-06-10 15:37:51
8159,2304,54,0,2021-03-31 17:45:32,2022-06-10 15:37:51
8160,2304,56,0,2021-03-31 17:45:32,2022-06-10 15:37:51
8161,2304,57,0,2021-03-31 17:45:32,2022-06-10 15:37:51
8162,2305,67,0,2021-03-31 17:45:32,2022-06-10 15:37:51
8163,2305,68,0,2021-03-31 17:45:32,2022-06-10 15:37:51
8164,2305,74,0,2021-03-31 17:45:32,2022-06-10 15:37:51
8165,2305,76,0,2021-03-31 17:45:32,2022-06-10 15:37:51
8166,2305,131,0,2021-03-31 17:45:32,2022-06-10 15:37:51
8167,2306,25,0,2021-03-31 17:45:32,2022-06-10 15:37:51
8168,2306,93,0,2021-03-31 17:45:32,2022-06-10 15:37:51
8169,2306,99,0,2021-03-31 17:45:32,2022-06-10 15:37:51
8170,2306,124,0,2021-03-31 17:45:32,2022-06-10 15:37:51
8171,2307,67,0,2021-03-31 17:45:32,2022-06-10 15:37:51
8172,2307,71,0,2021-03-31 17:45:32,2022-06-10 15:37:51
8173,2307,74,0,2021-03-31 17:45:32,2022-06-10 15:37:51
8174,2307,131,0,2021-03-31 17:45:32,2022-06-10 15:37:51
8175,2308,25,0,2021-03-31 17:45:32,2022-06-10 15:37:51
8176,2308,111,0,2021-03-31 17:45:32,2022-06-10 15:37:51
8177,2308,113,0,2021-03-31 17:45:32,2022-06-10 15:37:51
8178,2308,114,0,2021-03-31 17:45:32,2022-06-10 15:37:51
8179,2308,115,0,2021-03-31 17:45:32,2022-06-10 15:37:51
8180,2308,124,0,2021-03-31 17:45:32,2022-06-10 15:37:51
8181,2309,93,0,2021-03-31 17:45:32,2022-06-10 15:37:51
8182,2309,97,0,2021-03-31 17:45:32,2022-06-10 15:37:51
8183,2309,111,0,2021-03-31 17:45:32,2022-06-10 15:37:51
8184,2309,112,0,2021-03-31 17:45:32,2022-06-10 15:37:51
8185,2309,113,0,2021-03-31 17:45:32,2022-06-10 15:37:51
8186,2309,114,0,2021-03-31 17:45:32,2022-06-10 15:37:51
8187,2309,117,0,2021-03-31 17:45:32,2022-06-10 15:37:51
8188,2310,67,0,2021-03-31 17:45:32,2022-06-10 15:37:51
8189,2310,68,0,2021-03-31 17:45:32,2022-06-10 15:37:51
8190,2310,74,0,2021-03-31 17:45:32,2022-06-10 15:37:51
8191,2310,76,0,2021-03-31 17:45:32,2022-06-10 15:37:51
8192,2310,84,0,2021-03-31 17:45:32,2022-06-10 15:37:51
8193,2310,85,0,2021-03-31 17:45:32,2022-06-10 15:37:51
8194,2311,49,0,2021-03-31 17:45:32,2022-06-10 15:37:51
8195,2311,50,0,2021-03-31 17:45:32,2022-06-10 15:37:51
8196,2311,53,0,2021-03-31 17:45:32,2022-06-10 15:37:51
8197,2312,74,0,2021-03-31 17:45:32,2022-06-10 15:37:51
8198,2312,129,0,2021-03-31 17:45:32,2022-06-10 15:37:51
8199,2313,40,0,2021-03-31 17:45:32,2022-06-10 15:37:51
8200,2313,41,0,2021-03-31 17:45:32,2022-06-10 15:37:51
8201,2314,4,0,2021-03-31 17:45:32,2022-06-10 15:37:51
8202,2315,32,0,2021-03-31 17:45:32,2022-06-10 15:37:51
8203,2315,34,0,2021-03-31 17:45:32,2022-06-10 15:37:51
8204,2315,67,0,2021-03-31 17:45:32,2022-06-10 15:37:51
8205,2315,71,0,2021-03-31 17:45:32,2022-06-10 15:37:51
8206,2316,74,0,2021-03-31 17:45:32,2022-06-10 15:37:51
8207,2316,79,0,2021-03-31 17:45:32,2022-06-10 15:37:51
8208,2317,93,0,2021-03-31 17:45:32,2022-06-10 15:37:51
8209,2317,97,0,2021-03-31 17:45:32,2022-06-10 15:37:51
8210,2317,111,0,2021-03-31 17:45:32,2022-06-10 15:37:51
8211,2317,118,0,2021-03-31 17:45:32,2022-06-10 15:37:51
8212,2318,103,0,2021-03-31 17:45:32,2022-06-10 15:37:51
8213,2318,141,0,2021-03-31 17:45:32,2022-06-10 15:37:51
8214,2319,4,0,2021-03-31 17:45:32,2022-06-10 15:37:51
8215,2319,11,0,2021-03-31 17:45:32,2022-06-10 15:37:51
8216,2320,93,0,2021-03-31 17:45:32,2022-06-10 15:37:51
8217,2320,94,0,2021-03-31 17:45:32,2022-06-10 15:37:51
8218,2321,74,0,2021-03-31 17:45:32,2022-06-10 15:37:51
8219,2321,75,0,2021-03-31 17:45:32,2022-06-10 15:37:51
8220,2321,130,0,2021-03-31 17:45:32,2022-06-10 15:37:51
8221,2322,103,0,2021-03-31 17:45:32,2022-06-10 15:37:51
8222,2322,106,0,2021-03-31 17:45:32,2022-06-10 15:37:51
8223,2322,108,0,2021-03-31 17:45:32,2022-06-10 15:37:51
8224,2322,109,0,2021-03-31 17:45:32,2022-06-10 15:37:51
8225,2322,139,0,2021-03-31 17:45:32,2022-06-10 15:37:51
8226,2322,140,0,2021-03-31 17:45:32,2022-06-10 15:37:51
8227,2323,74,0,2021-03-31 17:45:32,2022-06-10 15:37:51
8228,2323,84,0,2021-03-31 17:45:32,2022-06-10 15:37:51
8229,2323,85,0,2021-03-31 17:45:32,2022-06-10 15:37:51
8230,2323,89,0,2021-03-31 17:45:32,2022-06-10 15:37:51
8231,2323,93,0,2021-03-31 17:45:32,2022-06-10 15:37:51
8232,2323,95,0,2021-03-31 17:45:32,2022-06-10 15:37:51
8233,2323,111,0,2021-03-31 17:45:32,2022-06-10 15:37:51
8234,2323,115,0,2021-03-31 17:45:32,2022-06-10 15:37:51
8235,2324,15,0,2021-03-31 17:45:32,2022-06-10 15:37:51
8236,2324,18,0,2021-03-31 17:45:32,2022-06-10 15:37:51
8237,2324,21,0,2021-03-31 17:45:32,2022-06-10 15:37:51
8238,2324,49,0,2021-03-31 17:45:32,2022-06-10 15:37:51
8239,2324,50,0,2021-03-31 17:45:32,2022-06-10 15:37:51
8240,2324,126,0,2021-03-31 17:45:32,2022-06-10 15:37:51
8241,2325,93,0,2021-03-31 17:45:32,2022-06-10 15:37:51
8242,2325,97,0,2021-03-31 17:45:32,2022-06-10 15:37:51
8243,2325,111,0,2021-03-31 17:45:32,2022-06-10 15:37:51
8244,2325,112,0,2021-03-31 17:45:32,2022-06-10 15:37:51
8245,2325,113,0,2021-03-31 17:45:32,2022-06-10 15:37:51
8246,2325,114,0,2021-03-31 17:45:32,2022-06-10 15:37:51
8247,2325,117,0,2021-03-31 17:45:32,2022-06-10 15:37:51
8248,2325,119,0,2021-03-31 17:45:32,2022-06-10 15:37:51
8249,2325,121,0,2021-03-31 17:45:32,2022-06-10 15:37:51
8250,2326,74,0,2021-03-31 17:45:32,2022-06-10 15:37:51
8251,2326,111,0,2021-03-31 17:45:32,2022-06-10 15:37:51
8252,2326,117,0,2021-03-31 17:45:32,2022-06-10 15:37:51
8253,2326,132,0,2021-03-31 17:45:32,2022-06-10 15:37:51
8254,2327,111,0,2021-03-31 17:45:32,2021-06-22 10:52:50
8255,2327,112,0,2021-03-31 17:45:32,2021-06-22 10:52:50
8256,2327,113,0,2021-03-31 17:45:32,2021-06-22 10:52:50
8257,2327,114,0,2021-03-31 17:45:32,2021-06-22 10:52:50
8258,2327,117,0,2021-03-31 17:45:32,2021-06-22 10:52:50
8259,2328,103,0,2021-03-31 17:45:32,2022-06-10 15:37:51
8260,2328,104,0,2021-03-31 17:45:32,2022-06-10 15:37:51
8261,2329,67,0,2021-03-31 17:45:32,2022-06-10 15:37:51
8262,2329,69,0,2021-03-31 17:45:32,2022-06-10 15:37:51
8263,2330,111,0,2021-03-31 17:45:32,2021-06-22 10:52:50
8264,2330,112,0,2021-03-31 17:45:32,2021-06-22 10:52:50
8265,2330,113,0,2021-03-31 17:45:32,2021-06-22 10:52:50
8266,2330,114,0,2021-03-31 17:45:32,2021-06-22 10:52:50
8267,2330,115,0,2021-03-31 17:45:32,2021-06-22 10:52:50
8268,2330,121,0,2021-03-31 17:45:32,2021-06-22 10:52:50
8269,2331,103,0,2021-03-31 17:45:32,2022-06-10 15:37:51
8270,2331,106,0,2021-03-31 17:45:32,2022-06-10 15:37:51
8271,2331,107,0,2021-03-31 17:45:32,2022-06-10 15:37:51
8272,2331,109,0,2021-03-31 17:45:32,2022-06-10 15:37:51
8273,2332,49,0,2021-03-31 17:45:32,2022-06-10 15:37:51
8274,2332,54,0,2021-03-31 17:45:32,2022-06-10 15:37:51
8275,2332,85,0,2021-03-31 17:45:32,2022-06-10 15:37:51
8276,2332,93,0,2021-03-31 17:45:32,2022-06-10 15:37:51
8277,2332,102,0,2021-03-31 17:45:32,2022-06-10 15:37:51
8278,2332,111,0,2021-03-31 17:45:32,2022-06-10 15:37:51
8279,2332,118,0,2021-03-31 17:45:32,2022-06-10 15:37:51
8280,2333,40,0,2021-03-31 17:45:32,2022-06-10 15:37:51
8281,2333,41,0,2021-03-31 17:45:32,2022-06-10 15:37:51
8282,2334,49,0,2021-03-31 17:45:32,2022-06-10 15:37:51
8283,2334,54,0,2021-03-31 17:45:32,2022-06-10 15:37:51
8284,2334,111,0,2021-03-31 17:45:32,2022-06-10 15:37:51
8285,2334,113,0,2021-03-31 17:45:32,2022-06-10 15:37:51
8286,2334,114,0,2021-03-31 17:45:32,2022-06-10 15:37:51
8287,2334,117,0,2021-03-31 17:45:32,2022-06-10 15:37:51
8288,2334,121,0,2021-03-31 17:45:32,2022-06-10 15:37:51
8289,2335,15,0,2021-03-31 17:45:32,2022-06-10 15:37:51
8290,2335,122,0,2021-03-31 17:45:32,2022-06-10 15:37:51
8291,2336,49,0,2021-03-31 17:45:32,2022-06-10 15:37:51
8292,2336,50,0,2021-03-31 17:45:32,2022-06-10 15:37:51
8293,2336,51,0,2021-03-31 17:45:32,2022-06-10 15:37:51
8294,2336,54,0,2021-03-31 17:45:32,2022-06-10 15:37:51
8295,2337,49,0,2021-03-31 17:45:32,2022-06-10 15:37:51
8296,2337,51,0,2021-03-31 17:45:32,2022-06-10 15:37:51
8297,2337,85,0,2021-03-31 17:45:32,2022-06-10 15:37:51
8298,2337,88,0,2021-03-31 17:45:32,2022-06-10 15:37:51
8299,2338,85,0,2021-03-31 17:45:32,2022-06-10 15:37:51
8300,2338,111,0,2021-03-31 17:45:32,2022-06-10 15:37:51
8301,2338,118,0,2021-03-31 17:45:32,2022-06-10 15:37:51
8302,2338,136,0,2021-03-31 17:45:32,2022-06-10 15:37:51
8303,2338,142,0,2021-03-31 17:45:32,2022-06-10 15:37:51
8304,2339,15,0,2021-03-31 17:45:32,2022-06-10 15:37:51
8305,2339,17,0,2021-03-31 17:45:32,2022-06-10 15:37:51
8306,2339,18,0,2021-03-31 17:45:32,2022-06-10 15:37:51
8307,2339,19,0,2021-03-31 17:45:32,2022-06-10 15:37:51
8308,2339,21,0,2021-03-31 17:45:32,2022-06-10 15:37:51
8309,2339,22,0,2021-03-31 17:45:32,2022-06-10 15:37:51
8310,2339,32,0,2021-03-31 17:45:32,2022-06-10 15:37:51
8311,2339,35,0,2021-03-31 17:45:32,2022-06-10 15:37:51
8312,2339,49,0,2021-03-31 17:45:32,2022-06-10 15:37:51
8313,2339,50,0,2021-03-31 17:45:32,2022-06-10 15:37:51
8314,2339,51,0,2021-03-31 17:45:32,2022-06-10 15:37:51
8315,2339,74,0,2021-03-31 17:45:32,2022-06-10 15:37:51
8316,2339,132,0,2021-03-31 17:45:32,2022-06-10 15:37:51
8317,2340,111,0,2021-03-31 17:45:32,2022-06-10 15:37:51
8318,2340,118,0,2021-03-31 17:45:32,2022-06-10 15:37:51
8319,2341,111,0,2021-03-31 17:45:32,2022-06-10 15:37:51
8320,2341,117,0,2021-03-31 17:45:32,2022-06-10 15:37:51
8321,2341,118,0,2021-03-31 17:45:32,2022-06-10 15:37:51
8322,2342,103,0,2021-03-31 17:45:32,2022-06-10 15:37:51
8323,2342,140,0,2021-03-31 17:45:32,2022-06-10 15:37:51
8324,2343,59,0,2021-03-31 17:45:32,2022-06-10 15:37:51
8325,2343,60,0,2021-03-31 17:45:32,2022-06-10 15:37:51
8326,2343,74,0,2021-03-31 17:45:32,2022-06-10 15:37:51
8327,2343,131,0,2021-03-31 17:45:32,2022-06-10 15:37:51
8328,2343,133,0,2021-03-31 17:45:32,2022-06-10 15:37:51
8329,2344,74,0,2021-03-31 17:45:32,2021-06-01 10:11:22
8330,2344,81,0,2021-03-31 17:45:32,2021-06-01 10:11:22
8331,2344,103,0,2021-03-31 17:45:32,2021-06-01 10:11:22
8332,2344,141,0,2021-03-31 17:45:32,2021-06-01 10:11:22
8333,2345,74,0,2021-03-31 17:45:32,2022-06-10 15:37:51
8334,2345,111,0,2021-03-31 17:45:32,2022-06-10 15:37:51
8335,2345,113,0,2021-03-31 17:45:32,2022-06-10 15:37:51
8336,2345,116,0,2021-03-31 17:45:32,2022-06-10 15:37:51
8337,2345,117,0,2021-03-31 17:45:32,2022-06-10 15:37:51
8338,2345,129,0,2021-03-31 17:45:32,2022-06-10 15:37:51
8339,2346,32,0,2021-03-31 17:45:32,2022-06-10 15:37:51
8340,2346,34,0,2021-03-31 17:45:32,2022-06-10 15:37:51
8341,2346,36,0,2021-03-31 17:45:32,2022-06-10 15:37:51
8342,2346,37,0,2021-03-31 17:45:32,2022-06-10 15:37:51
8343,2346,67,0,2021-03-31 17:45:32,2022-06-10 15:37:51
8344,2346,71,0,2021-03-31 17:45:32,2022-06-10 15:37:51
8345,2347,49,0,2021-03-31 17:45:32,2022-06-10 15:37:51
8346,2347,54,0,2021-03-31 17:45:32,2022-06-10 15:37:51
8347,2347,85,0,2021-03-31 17:45:32,2022-06-10 15:37:51
8348,2348,93,0,2021-03-31 17:45:32,2022-06-10 15:37:51
8349,2348,94,0,2021-03-31 17:45:32,2022-06-10 15:37:51
8350,2348,103,0,2021-03-31 17:45:32,2022-06-10 15:37:51
8351,2348,141,0,2021-03-31 17:45:32,2022-06-10 15:37:51
8352,2349,25,0,2021-03-31 17:45:32,2021-06-22 10:52:50
8353,2349,40,0,2021-03-31 17:45:32,2021-06-22 10:52:50
8354,2349,46,0,2021-03-31 17:45:32,2021-06-22 10:52:50
8355,2349,123,0,2021-03-31 17:45:32,2021-06-22 10:52:50
8356,2350,15,0,2021-03-31 17:45:32,2022-06-10 15:37:51
8357,2350,17,0,2021-03-31 17:45:32,2022-06-10 15:37:51
8358,2350,19,0,2021-03-31 17:45:32,2022-06-10 15:37:51
8359,2350,20,0,2021-03-31 17:45:32,2022-06-10 15:37:51
8360,2350,49,0,2021-03-31 17:45:32,2022-06-10 15:37:51
8361,2350,52,0,2021-03-31 17:45:32,2022-06-10 15:37:51
8362,2350,67,0,2021-03-31 17:45:32,2022-06-10 15:37:51
8363,2350,71,0,2021-03-31 17:45:32,2022-06-10 15:37:51
8364,2350,85,0,2021-03-31 17:45:32,2022-06-10 15:37:51
8365,2350,90,0,2021-03-31 17:45:32,2022-06-10 15:37:51
8366,2350,122,0,2021-03-31 17:45:32,2022-06-10 15:37:51
8367,2351,74,0,2021-03-31 17:45:32,2021-05-25 16:55:22
8368,2351,81,0,2021-03-31 17:45:32,2021-05-25 16:55:22
8369,2351,103,0,2021-03-31 17:45:32,2021-05-25 16:55:22
8370,2351,141,0,2021-03-31 17:45:32,2021-05-25 16:55:22
8371,2352,49,0,2021-03-31 17:45:32,2022-06-10 15:37:51
8372,2352,50,0,2021-03-31 17:45:32,2022-06-10 15:37:51
8373,2352,51,0,2021-03-31 17:45:32,2022-06-10 15:37:51
8374,2352,54,0,2021-03-31 17:45:32,2022-06-10 15:37:51
8375,2353,111,0,2021-03-31 17:45:32,2021-06-22 10:52:50
8376,2353,113,0,2021-03-31 17:45:32,2021-06-22 10:52:50
8377,2353,114,0,2021-03-31 17:45:32,2021-06-22 10:52:50
8378,2354,111,0,2021-03-31 17:45:32,2022-06-10 15:37:51
8379,2354,112,0,2021-03-31 17:45:32,2022-06-10 15:37:51
8380,2355,2,0,2021-03-31 17:45:32,2022-06-10 15:37:51
8381,2356,74,0,2021-03-31 17:45:32,2022-06-10 15:37:51
8382,2356,111,0,2021-03-31 17:45:32,2022-06-10 15:37:51
8383,2356,114,0,2021-03-31 17:45:32,2022-06-10 15:37:51
8384,2356,116,0,2021-03-31 17:45:32,2022-06-10 15:37:51
8385,2356,129,0,2021-03-31 17:45:32,2022-06-10 15:37:51
8386,2357,74,0,2021-03-31 17:45:32,2021-06-22 10:52:50
8387,2357,131,0,2021-03-31 17:45:32,2021-06-22 10:52:50
8388,2358,74,0,2021-03-31 17:45:32,2021-06-22 10:52:50
8389,2358,111,0,2021-03-31 17:45:32,2021-06-22 10:52:50
8390,2358,112,0,2021-03-31 17:45:32,2021-06-22 10:52:50
8391,2358,116,0,2021-03-31 17:45:32,2021-06-22 10:52:50
8392,2358,117,0,2021-03-31 17:45:32,2021-06-22 10:52:50
8393,2358,129,0,2021-03-31 17:45:32,2021-06-22 10:52:50
8394,2358,132,0,2021-03-31 17:45:32,2021-06-22 10:52:50
8395,2359,40,0,2021-03-31 17:45:32,2022-06-10 15:37:51
8396,2359,41,0,2021-03-31 17:45:32,2022-06-10 15:37:51
8397,2360,74,0,2021-03-31 17:45:32,2022-06-10 15:37:51
8398,2360,81,0,2021-03-31 17:45:32,2022-06-10 15:37:51
8399,2360,103,0,2021-03-31 17:45:32,2022-06-10 15:37:51
8400,2360,141,0,2021-03-31 17:45:32,2022-06-10 15:37:51
8401,2361,2,0,2021-03-31 17:45:32,2022-06-10 15:37:51
8402,2362,59,0,2021-03-31 17:45:32,2022-06-10 15:37:51
8403,2362,60,0,2021-03-31 17:45:32,2022-06-10 15:37:51
8404,2362,85,0,2021-03-31 17:45:32,2022-06-10 15:37:51
8405,2362,93,0,2021-03-31 17:45:32,2022-06-10 15:37:51
8406,2362,101,0,2021-03-31 17:45:32,2022-06-10 15:37:51
8407,2363,93,0,2021-03-31 17:45:32,2022-06-10 15:37:51
8408,2363,100,0,2021-03-31 17:45:32,2022-06-10 15:37:51
8409,2364,74,0,2021-03-31 17:45:32,2022-06-10 15:37:51
8410,2364,82,0,2021-03-31 17:45:32,2022-06-10 15:37:51
8411,2364,85,0,2021-03-31 17:45:32,2022-06-10 15:37:51
8412,2364,87,0,2021-03-31 17:45:32,2022-06-10 15:37:51
8413,2365,93,0,2021-03-31 17:45:32,2022-06-10 15:37:51
8414,2365,100,0,2021-03-31 17:45:32,2022-06-10 15:37:51
8415,2366,40,0,2021-03-31 17:45:32,2022-06-10 15:37:51
8416,2366,44,0,2021-03-31 17:45:32,2022-06-10 15:37:51
8417,2367,85,0,2021-03-31 17:45:32,2022-06-10 15:37:51
8418,2367,86,0,2021-03-31 17:45:32,2022-06-10 15:37:51
8419,2368,25,0,2021-03-31 17:45:32,2022-06-10 15:37:51
8420,2368,124,0,2021-03-31 17:45:32,2022-06-10 15:37:51
8421,2369,2,0,2021-03-31 17:45:32,2022-06-10 15:37:51
8422,2370,103,0,2021-03-31 17:45:32,2022-06-10 15:37:51
8423,2370,140,0,2021-03-31 17:45:32,2022-06-10 15:37:51
8424,2371,40,0,2021-03-31 17:45:32,2022-06-10 15:37:51
8425,2371,47,0,2021-03-31 17:45:32,2022-06-10 15:37:51
8426,2371,74,0,2021-03-31 17:45:32,2022-06-10 15:37:51
8427,2371,82,0,2021-03-31 17:45:32,2022-06-10 15:37:51
8428,2372,74,0,2021-03-31 17:45:32,2022-06-10 15:37:51
8429,2372,111,0,2021-03-31 17:45:32,2022-06-10 15:37:51
8430,2372,113,0,2021-03-31 17:45:32,2022-06-10 15:37:51
8431,2372,114,0,2021-03-31 17:45:32,2022-06-10 15:37:51
8432,2372,115,0,2021-03-31 17:45:32,2022-06-10 15:37:51
8433,2372,116,0,2021-03-31 17:45:32,2022-06-10 15:37:51
8434,2372,129,0,2021-03-31 17:45:32,2022-06-10 15:37:51
8435,2372,132,0,2021-03-31 17:45:32,2022-06-10 15:37:51
8436,2373,40,0,2021-03-31 17:45:32,2021-06-22 10:52:50
8437,2373,41,0,2021-03-31 17:45:32,2021-06-22 10:52:50
8438,2374,74,0,2021-03-31 17:45:32,2022-06-10 15:37:51
8439,2374,85,0,2021-03-31 17:45:32,2022-06-10 15:37:51
8440,2374,89,0,2021-03-31 17:45:32,2022-06-10 15:37:51
8441,2374,131,0,2021-03-31 17:45:32,2022-06-10 15:37:51
8442,2375,3,0,2021-03-31 17:45:32,2022-06-10 15:37:51
8443,2376,111,0,2021-03-31 17:45:32,2022-06-10 15:37:51
8444,2376,112,0,2021-03-31 17:45:32,2022-06-10 15:37:51
8445,2376,113,0,2021-03-31 17:45:32,2022-06-10 15:37:51
8446,2376,119,0,2021-03-31 17:45:32,2022-06-10 15:37:51
8447,2376,120,0,2021-03-31 17:45:32,2022-06-10 15:37:51
8448,2376,121,0,2021-03-31 17:45:32,2022-06-10 15:37:51
8449,2377,40,0,2021-03-31 17:45:32,2022-06-10 15:37:51
8450,2377,48,0,2021-03-31 17:45:32,2022-06-10 15:37:51
8451,2378,74,0,2021-03-31 17:45:32,2022-06-10 15:37:51
8452,2378,84,0,2021-03-31 17:45:32,2022-06-10 15:37:51
8453,2378,85,0,2021-03-31 17:45:32,2022-06-10 15:37:51
8454,2378,89,0,2021-03-31 17:45:32,2022-06-10 15:37:51
8455,2379,49,0,2021-03-31 17:45:32,2022-06-10 15:37:51
8456,2379,50,0,2021-03-31 17:45:32,2022-06-10 15:37:51
8457,2379,54,0,2021-03-31 17:45:32,2022-06-10 15:37:51
8458,2379,55,0,2021-03-31 17:45:32,2022-06-10 15:37:51
8459,2379,67,0,2021-03-31 17:45:32,2022-06-10 15:37:51
8460,2379,71,0,2021-03-31 17:45:32,2022-06-10 15:37:51
8461,2379,74,0,2021-03-31 17:45:32,2022-06-10 15:37:51
8462,2379,126,0,2021-03-31 17:45:32,2022-06-10 15:37:51
8463,2379,133,0,2021-03-31 17:45:32,2022-06-10 15:37:51
8464,2380,40,0,2021-03-31 17:45:32,2021-06-22 10:52:50
8465,2380,41,0,2021-03-31 17:45:32,2021-06-22 10:52:50
8466,2381,103,0,2021-03-31 17:45:32,2022-06-10 15:37:51
8467,2381,104,0,2021-03-31 17:45:32,2022-06-10 15:37:51
8468,2381,105,0,2021-03-31 17:45:32,2022-06-10 15:37:51
8469,2381,106,0,2021-03-31 17:45:32,2022-06-10 15:37:51
8470,2381,108,0,2021-03-31 17:45:32,2022-06-10 15:37:51
8471,2381,109,0,2021-03-31 17:45:32,2022-06-10 15:37:51
8472,2381,110,0,2021-03-31 17:45:32,2022-06-10 15:37:51
8473,2382,67,0,2021-03-31 17:45:32,2022-06-10 15:37:51
8474,2382,71,0,2021-03-31 17:45:32,2022-06-10 15:37:51
8475,2383,49,0,2021-03-31 17:45:33,2022-06-10 15:37:51
8476,2383,50,0,2021-03-31 17:45:33,2022-06-10 15:37:51
8477,2383,52,0,2021-03-31 17:45:33,2022-06-10 15:37:51
8478,2383,55,0,2021-03-31 17:45:33,2022-06-10 15:37:51
8479,2383,56,0,2021-03-31 17:45:33,2022-06-10 15:37:51
8480,2384,85,0,2021-03-31 17:45:33,2022-06-10 15:37:51
8481,2384,93,0,2021-03-31 17:45:33,2022-06-10 15:37:51
8482,2384,99,0,2021-03-31 17:45:33,2022-06-10 15:37:51
8483,2384,142,0,2021-03-31 17:45:33,2022-06-10 15:37:51
8484,2385,59,0,2021-03-31 17:45:33,2022-06-10 15:37:51
8485,2385,60,0,2021-03-31 17:45:33,2022-06-10 15:37:51
8486,2385,74,0,2021-03-31 17:45:33,2022-06-10 15:37:51
8487,2385,133,0,2021-03-31 17:45:33,2022-06-10 15:37:51
8488,2386,49,0,2021-03-31 17:45:33,2022-06-10 15:37:51
8489,2386,51,0,2021-03-31 17:45:33,2022-06-10 15:37:51
8490,2387,111,0,2021-03-31 17:45:33,2022-06-10 15:37:51
8491,2387,112,0,2021-03-31 17:45:33,2022-06-10 15:37:51
8492,2387,113,0,2021-03-31 17:45:33,2022-06-10 15:37:51
8493,2387,114,0,2021-03-31 17:45:33,2022-06-10 15:37:51
8494,2387,115,0,2021-03-31 17:45:33,2022-06-10 15:37:51
8495,2387,117,0,2021-03-31 17:45:33,2022-06-10 15:37:51
8496,2388,32,0,2021-03-31 17:45:33,2022-06-10 15:37:51
8497,2388,33,0,2021-03-31 17:45:33,2022-06-10 15:37:51
8498,2389,40,0,2021-03-31 17:45:33,2022-06-10 15:37:51
8499,2389,41,0,2021-03-31 17:45:33,2022-06-10 15:37:51
8500,2389,43,0,2021-03-31 17:45:33,2022-06-10 15:37:51
8501,2389,47,0,2021-03-31 17:45:33,2022-06-10 15:37:51
8502,2390,40,0,2021-03-31 17:45:33,2022-06-10 15:37:51
8503,2390,48,0,2021-03-31 17:45:33,2022-06-10 15:37:51
8504,2391,67,0,2021-03-31 17:45:33,2022-06-10 15:37:51
8505,2391,70,0,2021-03-31 17:45:33,2022-06-10 15:37:51
8506,2391,71,0,2021-03-31 17:45:33,2022-06-10 15:37:51
8507,2392,74,0,2021-03-31 17:45:33,2022-06-10 15:37:51
8508,2392,111,0,2021-03-31 17:45:33,2022-06-10 15:37:51
8509,2392,116,0,2021-03-31 17:45:33,2022-06-10 15:37:51
8510,2392,117,0,2021-03-31 17:45:33,2022-06-10 15:37:51
8511,2392,129,0,2021-03-31 17:45:33,2022-06-10 15:37:51
8512,2392,131,0,2021-03-31 17:45:33,2022-06-10 15:37:51
8513,2393,1,0,2021-03-31 17:45:33,2021-03-31 16:59:59
8514,2393,2,0,2021-03-31 17:45:33,2021-03-31 16:59:59
8515,2394,74,0,2021-03-31 17:45:33,2022-06-10 15:37:51
8516,2394,82,0,2021-03-31 17:45:33,2022-06-10 15:37:51
8517,2395,93,0,2021-03-31 17:45:33,2021-06-22 10:52:50
8518,2395,98,0,2021-03-31 17:45:33,2021-06-22 10:52:50
8519,2395,103,0,2021-03-31 17:45:33,2021-06-22 10:52:50
8520,2395,107,0,2021-03-31 17:45:33,2021-06-22 10:52:50
8521,2396,93,0,2021-03-31 17:45:33,2022-06-10 15:37:51
8522,2397,25,0,2021-03-31 17:45:33,2022-06-10 15:37:51
8523,2397,40,0,2021-03-31 17:45:33,2022-06-10 15:37:51
8524,2397,46,0,2021-03-31 17:45:33,2022-06-10 15:37:51
8525,2397,124,0,2021-03-31 17:45:33,2022-06-10 15:37:51
8526,2398,49,0,2021-03-31 17:45:33,2022-06-10 15:37:51
8527,2398,51,0,2021-03-31 17:45:33,2022-06-10 15:37:51
8528,2399,111,0,2021-03-31 17:45:33,2022-06-10 15:37:51
8529,2399,118,0,2021-03-31 17:45:33,2022-06-10 15:37:51
8530,2400,111,0,2021-03-31 17:45:33,2022-06-10 15:37:51
8531,2400,112,0,2021-03-31 17:45:33,2022-06-10 15:37:51
8532,2401,74,0,2021-03-31 17:45:33,2022-06-10 15:37:51
8533,2401,111,0,2021-03-31 17:45:33,2022-06-10 15:37:51
8534,2401,112,0,2021-03-31 17:45:33,2022-06-10 15:37:51
8535,2401,113,0,2021-03-31 17:45:33,2022-06-10 15:37:51
8536,2401,114,0,2021-03-31 17:45:33,2022-06-10 15:37:51
8537,2401,115,0,2021-03-31 17:45:33,2022-06-10 15:37:51
8538,2401,117,0,2021-03-31 17:45:33,2022-06-10 15:37:51
8539,2401,118,0,2021-03-31 17:45:33,2022-06-10 15:37:51
8540,2401,129,0,2021-03-31 17:45:33,2022-06-10 15:37:51
8541,2402,85,0,2021-03-31 17:45:33,2021-06-22 10:52:50
8542,2402,86,0,2021-03-31 17:45:33,2021-06-22 10:52:50
8543,2402,88,0,2021-03-31 17:45:33,2021-06-22 10:52:50
8544,2403,49,0,2021-03-31 17:45:33,2022-06-10 15:37:51
8545,2403,54,0,2021-03-31 17:45:33,2022-06-10 15:37:51
8546,2403,85,0,2021-03-31 17:45:33,2022-06-10 15:37:51
8547,2403,142,0,2021-03-31 17:45:33,2022-06-10 15:37:51
8548,2404,49,0,2021-03-31 17:45:33,2022-06-10 15:37:51
8549,2404,50,0,2021-03-31 17:45:33,2022-06-10 15:37:51
8550,2404,51,0,2021-03-31 17:45:33,2022-06-10 15:37:51
8551,2404,54,0,2021-03-31 17:45:33,2022-06-10 15:37:51
8552,2405,111,0,2021-03-31 17:45:33,2022-06-10 15:37:51
8553,2405,112,0,2021-03-31 17:45:33,2022-06-10 15:37:51
8554,2405,117,0,2021-03-31 17:45:33,2022-06-10 15:37:51
8555,2406,74,0,2021-03-31 17:45:33,2022-06-10 15:37:51
8556,2406,76,0,2021-03-31 17:45:33,2022-06-10 15:37:51
8557,2406,93,0,2021-03-31 17:45:33,2022-06-10 15:37:51
8558,2406,99,0,2021-03-31 17:45:33,2022-06-10 15:37:51
8559,2406,131,0,2021-03-31 17:45:33,2022-06-10 15:37:51
8560,2407,111,0,2021-03-31 17:45:33,2022-06-10 15:37:51
8561,2407,118,0,2021-03-31 17:45:33,2022-06-10 15:37:51
8562,2408,49,0,2021-03-31 17:45:33,2022-06-10 15:37:51
8563,2408,50,0,2021-03-31 17:45:33,2022-06-10 15:37:51
8564,2408,51,0,2021-03-31 17:45:33,2022-06-10 15:37:51
8565,2408,52,0,2021-03-31 17:45:33,2022-06-10 15:37:51
8566,2408,74,0,2021-03-31 17:45:33,2022-06-10 15:37:51
8567,2408,81,0,2021-03-31 17:45:33,2022-06-10 15:37:51
8568,2408,126,0,2021-03-31 17:45:33,2022-06-10 15:37:51
8569,2409,25,0,2021-03-31 17:45:33,2022-06-10 15:37:51
8570,2409,30,0,2021-03-31 17:45:33,2022-06-10 15:37:51
8571,2409,74,0,2021-03-31 17:45:33,2022-06-10 15:37:51
8572,2409,75,0,2021-03-31 17:45:33,2022-06-10 15:37:51
8573,2409,82,0,2021-03-31 17:45:33,2022-06-10 15:37:51
8574,2409,93,0,2021-03-31 17:45:33,2022-06-10 15:37:51
8575,2409,95,0,2021-03-31 17:45:33,2022-06-10 15:37:51
8576,2409,130,0,2021-03-31 17:45:33,2022-06-10 15:37:51
8577,2410,49,0,2021-03-31 17:45:33,2022-06-10 15:37:51
8578,2410,51,0,2021-03-31 17:45:33,2022-06-10 15:37:51
8579,2410,74,0,2021-03-31 17:45:33,2022-06-10 15:37:51
8580,2410,81,0,2021-03-31 17:45:33,2022-06-10 15:37:51
8581,2410,129,0,2021-03-31 17:45:33,2022-06-10 15:37:51
8582,2411,15,0,2021-03-31 17:45:33,2022-06-10 15:37:51
8583,2411,16,0,2021-03-31 17:45:33,2022-06-10 15:37:51
8584,2411,21,0,2021-03-31 17:45:33,2022-06-10 15:37:51
8585,2411,32,0,2021-03-31 17:45:33,2022-06-10 15:37:51
8586,2411,35,0,2021-03-31 17:45:33,2022-06-10 15:37:51
8587,2411,38,0,2021-03-31 17:45:33,2022-06-10 15:37:51
8588,2412,49,0,2021-03-31 17:45:33,2022-06-10 15:37:51
8589,2412,51,0,2021-03-31 17:45:33,2022-06-10 15:37:51
8590,2412,74,0,2021-03-31 17:45:33,2022-06-10 15:37:51
8591,2412,81,0,2021-03-31 17:45:33,2022-06-10 15:37:51
8592,2412,84,0,2021-03-31 17:45:33,2022-06-10 15:37:51
8593,2412,129,0,2021-03-31 17:45:33,2022-06-10 15:37:51
8594,2412,132,0,2021-03-31 17:45:33,2022-06-10 15:37:51
8595,2413,49,0,2021-03-31 17:45:33,2022-06-10 15:37:51
8596,2413,50,0,2021-03-31 17:45:33,2022-06-10 15:37:51
8597,2414,25,0,2021-03-31 17:45:33,2022-06-10 15:37:51
8598,2414,67,0,2021-03-31 17:45:33,2022-06-10 15:37:51
8599,2414,71,0,2021-03-31 17:45:33,2022-06-10 15:37:51
8600,2414,124,0,2021-03-31 17:45:33,2022-06-10 15:37:51
8601,2415,93,0,2021-03-31 17:45:33,2022-06-10 15:37:51
8602,2415,95,0,2021-03-31 17:45:33,2022-06-10 15:37:51
8603,2415,103,0,2021-03-31 17:45:33,2022-06-10 15:37:51
8604,2415,107,0,2021-03-31 17:45:33,2022-06-10 15:37:51
8605,2415,108,0,2021-03-31 17:45:33,2022-06-10 15:37:51
8606,2415,109,0,2021-03-31 17:45:33,2022-06-10 15:37:51
8607,2415,139,0,2021-03-31 17:45:33,2022-06-10 15:37:51
8608,2415,140,0,2021-03-31 17:45:33,2022-06-10 15:37:51
8609,2415,141,0,2021-03-31 17:45:33,2022-06-10 15:37:51
8610,2416,49,0,2021-03-31 17:45:33,2022-06-10 15:37:51
8611,2416,51,0,2021-03-31 17:45:33,2022-06-10 15:37:51
8612,2416,59,0,2021-03-31 17:45:33,2022-06-10 15:37:51
8613,2416,63,0,2021-03-31 17:45:33,2022-06-10 15:37:51
8614,2416,93,0,2021-03-31 17:45:33,2022-06-10 15:37:51
8615,2416,94,0,2021-03-31 17:45:33,2022-06-10 15:37:51
8616,2416,95,0,2021-03-31 17:45:33,2022-06-10 15:37:51
8617,2416,111,0,2021-03-31 17:45:33,2022-06-10 15:37:51
8618,2416,113,0,2021-03-31 17:45:33,2022-06-10 15:37:51
8619,2416,114,0,2021-03-31 17:45:33,2022-06-10 15:37:51
8620,2416,126,0,2021-03-31 17:45:33,2022-06-10 15:37:51
8621,2416,127,0,2021-03-31 17:45:33,2022-06-10 15:37:51
8622,2417,2,0,2021-03-31 17:45:33,2021-06-22 10:52:50
8623,2418,59,0,2021-03-31 17:45:33,2022-06-10 15:37:51
8624,2418,62,0,2021-03-31 17:45:33,2022-06-10 15:37:51
8625,2418,85,0,2021-03-31 17:45:33,2022-06-10 15:37:51
8626,2418,134,0,2021-03-31 17:45:33,2022-06-10 15:37:51
8627,2419,74,0,2021-03-31 17:45:33,2022-06-10 15:37:51
8628,2419,81,0,2021-03-31 17:45:33,2022-06-10 15:37:51
8629,2419,111,0,2021-03-31 17:45:33,2022-06-10 15:37:51
8630,2419,112,0,2021-03-31 17:45:33,2022-06-10 15:37:51
8631,2419,115,0,2021-03-31 17:45:33,2022-06-10 15:37:51
8632,2419,116,0,2021-03-31 17:45:33,2022-06-10 15:37:51
8633,2420,3,0,2021-03-31 17:45:33,2022-06-10 15:37:51
8634,2420,15,0,2021-03-31 17:45:33,2022-06-10 15:37:51
8635,2420,19,0,2021-03-31 17:45:33,2022-06-10 15:37:51
8636,2420,20,0,2021-03-31 17:45:33,2022-06-10 15:37:51
8637,2420,21,0,2021-03-31 17:45:33,2022-06-10 15:37:51
8638,2420,22,0,2021-03-31 17:45:33,2022-06-10 15:37:51
8639,2420,40,0,2021-03-31 17:45:33,2022-06-10 15:37:51
8640,2420,47,0,2021-03-31 17:45:33,2022-06-10 15:37:51
8641,2420,49,0,2021-03-31 17:45:33,2022-06-10 15:37:51
8642,2420,51,0,2021-03-31 17:45:33,2022-06-10 15:37:51
8643,2420,74,0,2021-03-31 17:45:33,2022-06-10 15:37:51
8644,2420,81,0,2021-03-31 17:45:33,2022-06-10 15:37:51
8645,2420,82,0,2021-03-31 17:45:33,2022-06-10 15:37:51
8646,2420,103,0,2021-03-31 17:45:33,2022-06-10 15:37:51
8647,2420,141,0,2021-03-31 17:45:33,2022-06-10 15:37:51
8648,2421,49,0,2021-03-31 17:45:33,2022-06-10 15:37:51
8649,2421,51,0,2021-03-31 17:45:33,2022-06-10 15:37:51
8650,2421,85,0,2021-03-31 17:45:33,2022-06-10 15:37:51
8651,2421,88,0,2021-03-31 17:45:33,2022-06-10 15:37:51
8652,2422,2,0,2021-03-31 17:45:33,2022-06-10 15:37:51
8653,2422,49,0,2021-03-31 17:45:33,2022-06-10 15:37:51
8654,2422,50,0,2021-03-31 17:45:33,2022-06-10 15:37:51
8655,2422,51,0,2021-03-31 17:45:33,2022-06-10 15:37:51
8656,2422,55,0,2021-03-31 17:45:33,2022-06-10 15:37:51
8657,2422,56,0,2021-03-31 17:45:33,2022-06-10 15:37:51
8658,2422,57,0,2021-03-31 17:45:33,2022-06-10 15:37:51
8659,2422,58,0,2021-03-31 17:45:33,2022-06-10 15:37:51
8660,2422,85,0,2021-03-31 17:45:33,2022-06-10 15:37:51
8661,2422,90,0,2021-03-31 17:45:33,2022-06-10 15:37:51
8662,2422,136,0,2021-03-31 17:45:33,2022-06-10 15:37:51
8663,2422,137,0,2021-03-31 17:45:33,2022-06-10 15:37:51
8664,2423,40,0,2021-03-31 17:45:33,2022-06-10 15:37:51
8665,2423,48,0,2021-03-31 17:45:33,2022-06-10 15:37:51
8666,2424,74,0,2021-03-31 17:45:33,2021-06-22 10:52:50
8667,2424,79,0,2021-03-31 17:45:33,2021-06-22 10:52:50
8668,2425,74,0,2021-03-31 17:45:33,2022-06-10 15:37:51
8669,2425,77,0,2021-03-31 17:45:33,2022-06-10 15:37:51
8670,2426,74,0,2021-03-31 17:45:33,2022-06-10 15:37:51
8671,2426,79,0,2021-03-31 17:45:33,2022-06-10 15:37:51
8672,2427,32,0,2021-03-31 17:45:33,2022-06-10 15:37:51
8673,2427,35,0,2021-03-31 17:45:33,2022-06-10 15:37:51
8674,2427,36,0,2021-03-31 17:45:33,2022-06-10 15:37:51
8675,2428,49,0,2021-03-31 17:45:33,2022-06-10 15:37:51
8676,2428,51,0,2021-03-31 17:45:33,2022-06-10 15:37:51
8677,2428,126,0,2021-03-31 17:45:33,2022-06-10 15:37:51
8678,2429,49,0,2021-03-31 17:45:33,2022-06-10 15:37:51
8679,2429,51,0,2021-03-31 17:45:33,2022-06-10 15:37:51
8680,2429,85,0,2021-03-31 17:45:33,2022-06-10 15:37:51
8681,2429,88,0,2021-03-31 17:45:33,2022-06-10 15:37:51
8682,2430,74,0,2021-03-31 17:45:33,2022-06-10 15:37:51
8683,2430,76,0,2021-03-31 17:45:33,2022-06-10 15:37:51
8684,2431,93,0,2021-03-31 17:45:33,2021-05-06 06:52:41
8685,2431,97,0,2021-03-31 17:45:33,2021-05-06 06:52:41
8686,2431,111,0,2021-03-31 17:45:33,2021-05-06 06:52:41
8687,2431,117,0,2021-03-31 17:45:33,2021-05-06 06:52:41
8688,2432,74,0,2021-03-31 17:45:33,2022-06-10 15:37:51
8689,2432,131,0,2021-03-31 17:45:33,2022-06-10 15:37:51
8690,2433,59,0,2021-03-31 17:45:33,2022-06-10 15:37:51
8691,2433,74,0,2021-03-31 17:45:33,2022-06-10 15:37:51
8692,2433,81,0,2021-03-31 17:45:33,2022-06-10 15:37:51
8693,2433,93,0,2021-03-31 17:45:33,2022-06-10 15:37:51
8694,2433,95,0,2021-03-31 17:45:33,2022-06-10 15:37:51
8695,2433,103,0,2021-03-31 17:45:33,2022-06-10 15:37:51
8696,2433,107,0,2021-03-31 17:45:33,2022-06-10 15:37:51
8697,2433,109,0,2021-03-31 17:45:33,2022-06-10 15:37:51
8698,2433,127,0,2021-03-31 17:45:33,2022-06-10 15:37:51
8699,2433,141,0,2021-03-31 17:45:33,2022-06-10 15:37:51
8700,2434,59,0,2021-03-31 17:45:33,2021-06-22 10:52:50
8701,2434,74,0,2021-03-31 17:45:33,2021-06-22 10:52:50
8702,2434,85,0,2021-03-31 17:45:33,2021-06-22 10:52:50
8703,2434,128,0,2021-03-31 17:45:33,2021-06-22 10:52:50
8704,2434,133,0,2021-03-31 17:45:33,2021-06-22 10:52:50
8705,2434,135,0,2021-03-31 17:45:33,2021-06-22 10:52:50
8706,2435,32,0,2021-03-31 17:45:33,2022-06-10 15:37:51
8707,2435,33,0,2021-03-31 17:45:33,2022-06-10 15:37:51
8708,2435,67,0,2021-03-31 17:45:33,2022-06-10 15:37:51
8709,2435,71,0,2021-03-31 17:45:33,2022-06-10 15:37:51
8710,2436,32,0,2021-03-31 17:45:33,2022-06-10 15:37:51
8711,2436,33,0,2021-03-31 17:45:33,2022-06-10 15:37:51
8712,2436,35,0,2021-03-31 17:45:33,2022-06-10 15:37:51
8713,2436,36,0,2021-03-31 17:45:33,2022-06-10 15:37:51
8714,2437,103,0,2021-03-31 17:45:33,2022-06-10 15:37:51
8715,2437,106,0,2021-03-31 17:45:33,2022-06-10 15:37:51
8716,2437,110,0,2021-03-31 17:45:33,2022-06-10 15:37:51
8717,2437,139,0,2021-03-31 17:45:33,2022-06-10 15:37:51
8718,2438,1,0,2021-03-31 17:45:33,2022-06-10 15:37:51
8719,2438,2,0,2021-03-31 17:45:33,2022-06-10 15:37:51
8720,2439,2,0,2021-03-31 17:45:33,2022-06-10 15:37:51
8721,2439,49,0,2021-03-31 17:45:33,2022-06-10 15:37:51
8722,2439,54,0,2021-03-31 17:45:33,2022-06-10 15:37:51
8723,2439,85,0,2021-03-31 17:45:33,2022-06-10 15:37:51
8724,2439,87,0,2021-03-31 17:45:33,2022-06-10 15:37:51
8725,2439,89,0,2021-03-31 17:45:33,2022-06-10 15:37:51
8726,2439,90,0,2021-03-31 17:45:33,2022-06-10 15:37:51
8727,2439,91,0,2021-03-31 17:45:33,2022-06-10 15:37:51
8728,2439,137,0,2021-03-31 17:45:33,2022-06-10 15:37:51
8729,2440,74,0,2021-03-31 17:45:33,2021-06-22 10:52:50
8730,2440,79,0,2021-03-31 17:45:33,2021-06-22 10:52:50
8731,2441,49,0,2021-03-31 17:45:33,2022-06-10 15:37:51
8732,2441,51,0,2021-03-31 17:45:33,2022-06-10 15:37:51
8733,2441,52,0,2021-03-31 17:45:33,2022-06-10 15:37:51
8734,2442,15,0,2021-03-31 17:45:33,2022-06-10 15:37:51
8735,2442,17,0,2021-03-31 17:45:33,2022-06-10 15:37:51
8736,2442,18,0,2021-03-31 17:45:33,2022-06-10 15:37:51
8737,2442,19,0,2021-03-31 17:45:33,2022-06-10 15:37:51
8738,2442,20,0,2021-03-31 17:45:33,2022-06-10 15:37:51
8739,2442,21,0,2021-03-31 17:45:33,2022-06-10 15:37:51
8740,2442,23,0,2021-03-31 17:45:33,2022-06-10 15:37:51
8741,2442,49,0,2021-03-31 17:45:33,2022-06-10 15:37:51
8742,2442,50,0,2021-03-31 17:45:33,2022-06-10 15:37:51
8743,2442,85,0,2021-03-31 17:45:33,2022-06-10 15:37:51
8744,2442,90,0,2021-03-31 17:45:33,2022-06-10 15:37:51
8745,2442,122,0,2021-03-31 17:45:33,2022-06-10 15:37:51
8746,2442,125,0,2021-03-31 17:45:33,2022-06-10 15:37:51
8747,2443,74,0,2021-03-31 17:45:33,2022-06-10 15:37:51
8748,2443,76,0,2021-03-31 17:45:33,2022-06-10 15:37:51
8749,2444,49,0,2021-03-31 17:45:33,2022-06-10 15:37:51
8750,2444,51,0,2021-03-31 17:45:33,2022-06-10 15:37:51
8751,2444,93,0,2021-03-31 17:45:33,2022-06-10 15:37:51
8752,2444,95,0,2021-03-31 17:45:33,2022-06-10 15:37:51
8753,2444,129,0,2021-03-31 17:45:33,2022-06-10 15:37:51
8754,2445,74,0,2021-03-31 17:45:33,2021-06-22 10:52:50
8755,2445,111,0,2021-03-31 17:45:33,2021-06-22 10:52:50
8756,2445,113,0,2021-03-31 17:45:33,2021-06-22 10:52:50
8757,2445,114,0,2021-03-31 17:45:33,2021-06-22 10:52:50
8758,2445,115,0,2021-03-31 17:45:33,2021-06-22 10:52:50
8759,2445,120,0,2021-03-31 17:45:33,2021-06-22 10:52:50
8760,2445,133,0,2021-03-31 17:45:33,2021-06-22 10:52:50
8761,2446,85,0,2021-03-31 17:45:33,2022-06-10 15:37:51
8762,2446,111,0,2021-03-31 17:45:33,2022-06-10 15:37:51
8763,2446,112,0,2021-03-31 17:45:33,2022-06-10 15:37:51
8764,2446,113,0,2021-03-31 17:45:33,2022-06-10 15:37:51
8765,2446,114,0,2021-03-31 17:45:33,2022-06-10 15:37:51
8766,2446,116,0,2021-03-31 17:45:33,2022-06-10 15:37:51
8767,2446,117,0,2021-03-31 17:45:33,2022-06-10 15:37:51
8768,2446,118,0,2021-03-31 17:45:33,2022-06-10 15:37:51
8769,2446,119,0,2021-03-31 17:45:33,2022-06-10 15:37:51
8770,2447,25,0,2021-03-31 17:45:33,2022-06-10 15:37:51
8771,2447,93,0,2021-03-31 17:45:33,2022-06-10 15:37:51
8772,2447,94,0,2021-03-31 17:45:33,2022-06-10 15:37:51
8773,2447,103,0,2021-03-31 17:45:33,2022-06-10 15:37:51
8774,2447,124,0,2021-03-31 17:45:33,2022-06-10 15:37:51
8775,2447,140,0,2021-03-31 17:45:33,2022-06-10 15:37:51
8776,2448,59,0,2021-03-31 17:45:33,2022-06-10 15:37:51
8777,2448,61,0,2021-03-31 17:45:33,2022-06-10 15:37:51
8778,2448,85,0,2021-03-31 17:45:33,2022-06-10 15:37:51
8779,2448,134,0,2021-03-31 17:45:33,2022-06-10 15:37:51
8780,2448,137,0,2021-03-31 17:45:33,2022-06-10 15:37:51
8781,2449,49,0,2021-03-31 17:45:33,2022-06-10 15:37:51
8782,2449,51,0,2021-03-31 17:45:33,2022-06-10 15:37:51
8783,2449,85,0,2021-03-31 17:45:33,2022-06-10 15:37:51
8784,2449,88,0,2021-03-31 17:45:33,2022-06-10 15:37:51
8785,2450,74,0,2021-03-31 17:45:33,2022-06-10 15:37:51
8786,2450,76,0,2021-03-31 17:45:33,2022-06-10 15:37:51
8787,2450,93,0,2021-03-31 17:45:33,2022-06-10 15:37:51
8788,2450,101,0,2021-03-31 17:45:33,2022-06-10 15:37:51
8789,2451,15,0,2021-03-31 17:45:33,2022-06-10 15:37:51
8790,2451,74,0,2021-03-31 17:45:33,2022-06-10 15:37:51
8791,2451,122,0,2021-03-31 17:45:33,2022-06-10 15:37:51
8792,2451,131,0,2021-03-31 17:45:33,2022-06-10 15:37:51
8793,2452,74,0,2021-03-31 17:45:33,2022-06-10 15:37:51
8794,2452,111,0,2021-03-31 17:45:33,2022-06-10 15:37:51
8795,2452,117,0,2021-03-31 17:45:33,2022-06-10 15:37:51
8796,2452,132,0,2021-03-31 17:45:33,2022-06-10 15:37:51
8797,2453,49,0,2021-03-31 17:45:33,2022-06-10 15:37:51
8798,2453,50,0,2021-03-31 17:45:33,2022-06-10 15:37:51
8799,2453,51,0,2021-03-31 17:45:33,2022-06-10 15:37:51
8800,2453,54,0,2021-03-31 17:45:33,2022-06-10 15:37:51
8801,2454,85,0,2021-03-31 17:45:33,2022-06-10 15:37:51
8802,2454,88,0,2021-03-31 17:45:33,2022-06-10 15:37:51
8803,2455,74,0,2021-03-31 17:45:33,2022-06-10 15:37:51
8804,2455,111,0,2021-03-31 17:45:33,2022-06-10 15:37:51
8805,2455,112,0,2021-03-31 17:45:33,2022-06-10 15:37:51
8806,2455,116,0,2021-03-31 17:45:33,2022-06-10 15:37:51
8807,2455,117,0,2021-03-31 17:45:33,2022-06-10 15:37:51
8808,2455,129,0,2021-03-31 17:45:33,2022-06-10 15:37:51
8809,2456,49,0,2021-03-31 17:45:33,2022-06-10 15:37:51
8810,2456,51,0,2021-03-31 17:45:33,2022-06-10 15:37:51
8811,2457,49,0,2021-03-31 17:45:33,2022-06-10 15:37:51
8812,2457,51,0,2021-03-31 17:45:33,2022-06-10 15:37:51
8813,2458,49,0,2021-03-31 17:45:33,2021-06-22 10:52:50
8814,2458,54,0,2021-03-31 17:45:33,2021-06-22 10:52:50
8815,2458,55,0,2021-03-31 17:45:33,2021-06-22 10:52:50
8816,2458,74,0,2021-03-31 17:45:33,2021-06-22 10:52:50
8817,2458,133,0,2021-03-31 17:45:33,2021-06-22 10:52:50
8818,2459,111,0,2021-03-31 17:45:33,2022-06-10 15:37:51
8819,2459,113,0,2021-03-31 17:45:33,2022-06-10 15:37:51
8820,2459,116,0,2021-03-31 17:45:33,2022-06-10 15:37:51
8821,2459,119,0,2021-03-31 17:45:33,2022-06-10 15:37:51
8822,2459,121,0,2021-03-31 17:45:33,2022-06-10 15:37:51
8823,2460,40,0,2021-03-31 17:45:33,2022-06-10 15:37:51
8824,2460,41,0,2021-03-31 17:45:33,2022-06-10 15:37:51
8825,2460,44,0,2021-03-31 17:45:33,2022-06-10 15:37:51
8826,2460,47,0,2021-03-31 17:45:33,2022-06-10 15:37:51
8827,2461,15,0,2021-03-31 17:45:33,2022-06-10 15:37:51
8828,2461,21,0,2021-03-31 17:45:33,2022-06-10 15:37:51
8829,2461,49,0,2021-03-31 17:45:33,2022-06-10 15:37:51
8830,2461,50,0,2021-03-31 17:45:33,2022-06-10 15:37:51
8831,2461,126,0,2021-03-31 17:45:33,2022-06-10 15:37:51
8832,2462,49,0,2021-03-31 17:45:33,2022-06-10 15:37:51
8833,2462,54,0,2021-03-31 17:45:33,2022-06-10 15:37:51
8834,2462,55,0,2021-03-31 17:45:33,2022-06-10 15:37:51
8835,2462,85,0,2021-03-31 17:45:33,2022-06-10 15:37:51
8836,2462,135,0,2021-03-31 17:45:33,2022-06-10 15:37:51
8837,2463,59,0,2021-03-31 17:45:33,2022-06-10 15:37:51
8838,2463,61,0,2021-03-31 17:45:33,2022-06-10 15:37:51
8839,2463,128,0,2021-03-31 17:45:33,2022-06-10 15:37:51
8840,2464,40,0,2021-03-31 17:45:33,2021-06-22 10:52:50
8841,2464,41,0,2021-03-31 17:45:33,2021-06-22 10:52:50
8842,2465,103,0,2021-03-31 17:45:33,2022-06-10 15:37:51
8843,2465,141,0,2021-03-31 17:45:33,2022-06-10 15:37:51
8844,2466,112,0,2021-03-31 17:45:33,2022-06-10 15:37:51
8845,2466,117,0,2021-03-31 17:45:33,2022-06-10 15:37:51
8846,2466,119,0,2021-03-31 17:45:33,2022-06-10 15:37:51
8847,2467,74,0,2021-03-31 17:45:33,2021-06-22 10:52:50
8848,2467,81,0,2021-03-31 17:45:33,2021-06-22 10:52:50
8849,2467,103,0,2021-03-31 17:45:33,2021-06-22 10:52:50
8850,2467,141,0,2021-03-31 17:45:33,2021-06-22 10:52:50
8851,2468,49,0,2021-03-31 17:45:33,2022-06-10 15:37:51
8852,2468,50,0,2021-03-31 17:45:33,2022-06-10 15:37:51
8853,2468,56,0,2021-03-31 17:45:33,2022-06-10 15:37:51
8854,2469,3,0,2021-03-31 17:45:33,2022-06-10 15:37:51
8855,2470,74,0,2021-03-31 17:45:33,2022-06-10 15:37:51
8856,2470,93,0,2021-03-31 17:45:33,2022-06-10 15:37:51
8857,2470,94,0,2021-03-31 17:45:33,2022-06-10 15:37:51
8858,2470,111,0,2021-03-31 17:45:33,2022-06-10 15:37:51
8859,2470,113,0,2021-03-31 17:45:33,2022-06-10 15:37:51
8860,2470,114,0,2021-03-31 17:45:33,2022-06-10 15:37:51
8861,2470,115,0,2021-03-31 17:45:33,2022-06-10 15:37:51
8862,2470,133,0,2021-03-31 17:45:33,2022-06-10 15:37:51
8863,2471,103,0,2021-03-31 17:45:33,2022-06-10 15:37:51
8864,2471,107,0,2021-03-31 17:45:33,2022-06-10 15:37:51
8865,2471,111,0,2021-03-31 17:45:33,2022-06-10 15:37:51
8866,2471,112,0,2021-03-31 17:45:33,2022-06-10 15:37:51
8867,2471,117,0,2021-03-31 17:45:33,2022-06-10 15:37:51
8868,2472,2,0,2021-03-31 17:45:33,2022-06-10 15:37:51
8869,2473,59,0,2021-03-31 17:45:33,2022-06-10 15:37:51
8870,2473,60,0,2021-03-31 17:45:33,2022-06-10 15:37:51
8871,2473,85,0,2021-03-31 17:45:33,2022-06-10 15:37:51
8872,2473,142,0,2021-03-31 17:45:33,2022-06-10 15:37:51
8873,2474,2,0,2021-03-31 17:45:33,2022-06-10 15:37:51
8874,2475,111,0,2021-03-31 17:45:33,2022-06-10 15:37:51
8875,2475,112,0,2021-03-31 17:45:33,2022-06-10 15:37:51
8876,2476,49,0,2021-03-31 17:45:33,2021-06-22 10:52:50
8877,2476,54,0,2021-03-31 17:45:33,2021-06-22 10:52:50
8878,2476,85,0,2021-03-31 17:45:33,2021-06-22 10:52:50
8879,2476,111,0,2021-03-31 17:45:33,2021-06-22 10:52:50
8880,2476,113,0,2021-03-31 17:45:33,2021-06-22 10:52:50
8881,2476,114,0,2021-03-31 17:45:33,2021-06-22 10:52:50
8882,2476,117,0,2021-03-31 17:45:33,2021-06-22 10:52:50
8883,2476,137,0,2021-03-31 17:45:33,2021-06-22 10:52:50
8884,2477,4,0,2021-03-31 17:45:33,2022-06-10 15:37:51
8885,2477,11,0,2021-03-31 17:45:33,2022-06-10 15:37:51
8886,2478,1,0,2021-03-31 17:45:33,2022-06-10 15:37:51
8887,2479,2,0,2021-03-31 17:45:33,2022-06-10 15:37:51
8888,2479,49,0,2021-03-31 17:45:33,2022-06-10 15:37:51
8889,2479,54,0,2021-03-31 17:45:33,2022-06-10 15:37:51
8890,2480,74,0,2021-03-31 17:45:33,2022-06-10 15:37:51
8891,2480,75,0,2021-03-31 17:45:33,2022-06-10 15:37:51
8892,2480,82,0,2021-03-31 17:45:33,2022-06-10 15:37:51
8893,2480,85,0,2021-03-31 17:45:33,2022-06-10 15:37:51
8894,2480,87,0,2021-03-31 17:45:33,2022-06-10 15:37:51
8895,2481,49,0,2021-03-31 17:45:33,2022-06-10 15:37:51
8896,2481,50,0,2021-03-31 17:45:33,2022-06-10 15:37:51
8897,2481,51,0,2021-03-31 17:45:33,2022-06-10 15:37:51
8898,2481,54,0,2021-03-31 17:45:33,2022-06-10 15:37:51
8899,2482,111,0,2021-03-31 17:45:33,2022-06-10 15:37:51
8900,2482,112,0,2021-03-31 17:45:33,2022-06-10 15:37:51
8901,2482,113,0,2021-03-31 17:45:33,2022-06-10 15:37:51
8902,2482,116,0,2021-03-31 17:45:33,2022-06-10 15:37:51
8903,2482,117,0,2021-03-31 17:45:33,2022-06-10 15:37:51
8904,2482,118,0,2021-03-31 17:45:33,2022-06-10 15:37:51
8905,2482,119,0,2021-03-31 17:45:33,2022-06-10 15:37:51
8906,2482,120,0,2021-03-31 17:45:33,2022-06-10 15:37:51
8907,2482,121,0,2021-03-31 17:45:33,2022-06-10 15:37:51
8908,2483,85,0,2021-03-31 17:45:34,2022-06-10 15:37:51
8909,2483,89,0,2021-03-31 17:45:34,2022-06-10 15:37:51
8910,2483,93,0,2021-03-31 17:45:34,2022-06-10 15:37:51
8911,2483,95,0,2021-03-31 17:45:34,2022-06-10 15:37:51
8912,2484,85,0,2021-03-31 17:45:34,2022-06-10 15:37:51
8913,2484,111,0,2021-03-31 17:45:34,2022-06-10 15:37:51
8914,2484,118,0,2021-03-31 17:45:34,2022-06-10 15:37:51
8915,2485,85,0,2021-03-31 17:45:34,2021-06-22 10:52:50
8916,2485,111,0,2021-03-31 17:45:34,2021-06-22 10:52:50
8917,2485,118,0,2021-03-31 17:45:34,2021-06-22 10:52:50
8918,2485,120,0,2021-03-31 17:45:34,2021-06-22 10:52:50
8919,2485,136,0,2021-03-31 17:45:34,2021-06-22 10:52:50
8920,2486,40,0,2021-03-31 17:45:34,2022-06-10 15:37:51
8921,2486,41,0,2021-03-31 17:45:34,2022-06-10 15:37:51
8922,2486,74,0,2021-03-31 17:45:34,2022-06-10 15:37:51
8923,2486,82,0,2021-03-31 17:45:34,2022-06-10 15:37:51
8924,2487,74,0,2021-03-31 17:45:34,2022-06-10 15:37:51
8925,2487,84,0,2021-03-31 17:45:34,2022-06-10 15:37:51
8926,2487,85,0,2021-03-31 17:45:34,2022-06-10 15:37:51
8927,2487,89,0,2021-03-31 17:45:34,2022-06-10 15:37:51
8928,2487,93,0,2021-03-31 17:45:34,2022-06-10 15:37:51
8929,2487,95,0,2021-03-31 17:45:34,2022-06-10 15:37:51
8930,2488,85,0,2021-03-31 17:45:34,2022-06-10 15:37:51
8931,2488,93,0,2021-03-31 17:45:34,2022-06-10 15:37:51
8932,2488,97,0,2021-03-31 17:45:34,2022-06-10 15:37:51
8933,2488,111,0,2021-03-31 17:45:34,2022-06-10 15:37:51
8934,2488,118,0,2021-03-31 17:45:34,2022-06-10 15:37:51
8935,2488,136,0,2021-03-31 17:45:34,2022-06-10 15:37:51
8936,2489,40,0,2021-03-31 17:45:34,2022-06-10 15:37:51
8937,2489,48,0,2021-03-31 17:45:34,2022-06-10 15:37:51
8938,2490,111,0,2021-03-31 17:45:34,2022-06-10 15:37:51
8939,2490,120,0,2021-03-31 17:45:34,2022-06-10 15:37:51
8940,2491,15,0,2021-03-31 17:45:34,2022-06-10 15:37:51
8941,2491,18,0,2021-03-31 17:45:34,2022-06-10 15:37:51
8942,2491,19,0,2021-03-31 17:45:34,2022-06-10 15:37:51
8943,2491,21,0,2021-03-31 17:45:34,2022-06-10 15:37:51
8944,2491,22,0,2021-03-31 17:45:34,2022-06-10 15:37:51
8945,2491,32,0,2021-03-31 17:45:34,2022-06-10 15:37:51
8946,2491,38,0,2021-03-31 17:45:34,2022-06-10 15:37:51
8947,2491,49,0,2021-03-31 17:45:34,2022-06-10 15:37:51
8948,2491,50,0,2021-03-31 17:45:34,2022-06-10 15:37:51
8949,2491,51,0,2021-03-31 17:45:34,2022-06-10 15:37:51
8950,2491,126,0,2021-03-31 17:45:34,2022-06-10 15:37:51
8951,2492,59,0,2021-03-31 17:45:34,2022-06-10 15:37:51
8952,2492,103,0,2021-03-31 17:45:34,2022-06-10 15:37:51
8953,2492,107,0,2021-03-31 17:45:34,2022-06-10 15:37:51
8954,2492,108,0,2021-03-31 17:45:34,2022-06-10 15:37:51
8955,2493,4,0,2021-03-31 17:45:34,2022-06-10 15:37:51
8956,2493,5,0,2021-03-31 17:45:34,2022-06-10 15:37:51
8957,2493,6,0,2021-03-31 17:45:34,2022-06-10 15:37:51
8958,2493,9,0,2021-03-31 17:45:34,2022-06-10 15:37:51
8959,2493,11,0,2021-03-31 17:45:34,2022-06-10 15:37:51
8960,2493,12,0,2021-03-31 17:45:34,2022-06-10 15:37:51
8961,2493,13,0,2021-03-31 17:45:34,2022-06-10 15:37:51
8962,2494,49,0,2021-03-31 17:45:34,2022-06-10 15:37:51
8963,2494,50,0,2021-03-31 17:45:34,2022-06-10 15:37:51
8964,2495,111,0,2021-03-31 17:45:34,2022-06-10 15:37:51
8965,2495,112,0,2021-03-31 17:45:34,2022-06-10 15:37:51
8966,2495,114,0,2021-03-31 17:45:34,2022-06-10 15:37:51
8967,2495,117,0,2021-03-31 17:45:34,2022-06-10 15:37:51
8968,2496,74,0,2021-03-31 17:45:34,2022-06-10 15:37:51
8969,2496,82,0,2021-03-31 17:45:34,2022-06-10 15:37:51
8970,2496,85,0,2021-03-31 17:45:34,2022-06-10 15:37:51
8971,2496,87,0,2021-03-31 17:45:34,2022-06-10 15:37:51
8972,2496,129,0,2021-03-31 17:45:34,2022-06-10 15:37:51
8973,2496,137,0,2021-03-31 17:45:34,2022-06-10 15:37:51
8974,2497,4,0,2021-03-31 17:45:34,2022-06-10 15:37:51
8975,2497,5,0,2021-03-31 17:45:34,2022-06-10 15:37:51
8976,2497,25,0,2021-03-31 17:45:34,2022-06-10 15:37:51
8977,2497,124,0,2021-03-31 17:45:34,2022-06-10 15:37:51
8978,2498,111,0,2021-03-31 17:45:34,2021-05-25 10:00:33
8979,2498,112,0,2021-03-31 17:45:34,2021-05-25 10:00:33
8980,2498,113,0,2021-03-31 17:45:34,2021-05-25 10:00:33
8981,2498,119,0,2021-03-31 17:45:34,2021-05-25 10:00:33
8982,2498,121,0,2021-03-31 17:45:34,2021-05-25 10:00:33
8983,2499,4,0,2021-03-31 17:45:34,2022-06-10 15:37:51
8984,2499,5,0,2021-03-31 17:45:34,2022-06-10 15:37:51
8985,2500,15,0,2021-03-31 17:45:34,2022-06-10 15:37:51
8986,2500,19,0,2021-03-31 17:45:34,2022-06-10 15:37:51
8987,2500,21,0,2021-03-31 17:45:34,2022-06-10 15:37:51
8988,2500,22,0,2021-03-31 17:45:34,2022-06-10 15:37:51
8989,2500,49,0,2021-03-31 17:45:34,2022-06-10 15:37:51
8990,2500,50,0,2021-03-31 17:45:34,2022-06-10 15:37:51
8991,2500,125,0,2021-03-31 17:45:34,2022-06-10 15:37:51
8992,2501,103,0,2021-03-31 17:45:34,2022-06-10 15:37:51
8993,2501,111,0,2021-03-31 17:45:34,2022-06-10 15:37:51
8994,2501,114,0,2021-03-31 17:45:34,2022-06-10 15:37:51
8995,2501,116,0,2021-03-31 17:45:34,2022-06-10 15:37:51
8996,2501,119,0,2021-03-31 17:45:34,2022-06-10 15:37:51
8997,2501,139,0,2021-03-31 17:45:34,2022-06-10 15:37:51
8998,2502,111,0,2021-03-31 17:45:34,2021-06-22 10:52:50
8999,2502,112,0,2021-03-31 17:45:34,2021-06-22 10:52:50
9000,2502,117,0,2021-03-31 17:45:34,2021-06-22 10:52:50
9001,2503,49,0,2021-03-31 17:45:34,2022-06-10 15:37:51
9002,2503,126,0,2021-03-31 17:45:34,2022-06-10 15:37:51
9003,2504,103,0,2021-03-31 17:45:34,2022-06-10 15:37:51
9004,2504,104,0,2021-03-31 17:45:34,2022-06-10 15:37:51
9005,2504,105,0,2021-03-31 17:45:34,2022-06-10 15:37:51
9006,2504,106,0,2021-03-31 17:45:34,2022-06-10 15:37:51
9007,2504,108,0,2021-03-31 17:45:34,2022-06-10 15:37:51
9008,2504,109,0,2021-03-31 17:45:34,2022-06-10 15:37:51
9009,2504,110,0,2021-03-31 17:45:34,2022-06-10 15:37:51
9010,2505,74,0,2021-03-31 17:45:34,2021-05-26 13:20:38
9011,2506,15,0,2021-03-31 17:45:34,2022-06-10 15:37:51
9012,2506,17,0,2021-03-31 17:45:34,2022-06-10 15:37:51
9013,2506,18,0,2021-03-31 17:45:34,2022-06-10 15:37:51
9014,2506,19,0,2021-03-31 17:45:34,2022-06-10 15:37:51
9015,2506,21,0,2021-03-31 17:45:34,2022-06-10 15:37:51
9016,2506,49,0,2021-03-31 17:45:34,2022-06-10 15:37:51
9017,2506,50,0,2021-03-31 17:45:34,2022-06-10 15:37:51
9018,2507,93,0,2021-03-31 17:45:34,2022-06-10 15:37:51
9019,2507,98,0,2021-03-31 17:45:34,2022-06-10 15:37:51
9020,2507,103,0,2021-03-31 17:45:34,2022-06-10 15:37:51
9021,2507,107,0,2021-03-31 17:45:34,2022-06-10 15:37:51
9022,2508,74,0,2021-03-31 17:45:34,2022-06-10 15:37:51
9023,2508,85,0,2021-03-31 17:45:34,2022-06-10 15:37:51
9024,2509,25,0,2021-03-31 17:45:34,2022-06-10 15:37:51
9025,2509,124,0,2021-03-31 17:45:34,2022-06-10 15:37:51
9026,2510,74,0,2021-03-31 17:45:34,2022-06-10 15:37:51
9027,2510,81,0,2021-03-31 17:45:34,2022-06-10 15:37:51
9028,2511,74,0,2021-03-31 17:45:34,2022-06-10 15:37:51
9029,2511,76,0,2021-03-31 17:45:34,2022-06-10 15:37:51
9030,2512,111,0,2021-03-31 17:45:34,2022-06-10 15:37:51
9031,2512,113,0,2021-03-31 17:45:34,2022-06-10 15:37:51
9032,2512,117,0,2021-03-31 17:45:34,2022-06-10 15:37:51
9033,2512,120,0,2021-03-31 17:45:34,2022-06-10 15:37:51
9034,2513,49,0,2021-03-31 17:45:34,2022-06-10 15:37:51
9035,2513,51,0,2021-03-31 17:45:34,2022-06-10 15:37:51
9036,2514,85,0,2021-03-31 17:45:34,2022-06-10 15:37:51
9037,2515,67,0,2021-03-31 17:45:34,2022-06-10 15:37:51
9038,2515,68,0,2021-03-31 17:45:34,2022-06-10 15:37:51
9039,2515,74,0,2021-03-31 17:45:34,2022-06-10 15:37:51
9040,2515,76,0,2021-03-31 17:45:34,2022-06-10 15:37:51
9041,2515,77,0,2021-03-31 17:45:34,2022-06-10 15:37:51
9042,2515,78,0,2021-03-31 17:45:34,2022-06-10 15:37:51
9043,2515,85,0,2021-03-31 17:45:34,2022-06-10 15:37:51
9044,2516,111,0,2021-03-31 17:45:34,2022-06-10 15:37:51
9045,2516,112,0,2021-03-31 17:45:34,2022-06-10 15:37:51
9046,2516,113,0,2021-03-31 17:45:34,2022-06-10 15:37:51
9047,2516,114,0,2021-03-31 17:45:34,2022-06-10 15:37:51
9048,2516,115,0,2021-03-31 17:45:34,2022-06-10 15:37:51
9049,2516,116,0,2021-03-31 17:45:34,2022-06-10 15:37:51
9050,2516,117,0,2021-03-31 17:45:34,2022-06-10 15:37:51
9051,2516,118,0,2021-03-31 17:45:34,2022-06-10 15:37:51
9052,2516,119,0,2021-03-31 17:45:34,2022-06-10 15:37:51
9053,2516,121,0,2021-03-31 17:45:34,2022-06-10 15:37:51
9054,2517,85,0,2021-03-31 17:45:34,2022-06-10 15:37:51
9055,2517,103,0,2021-03-31 17:45:34,2022-06-10 15:37:51
9056,2517,104,0,2021-03-31 17:45:34,2022-06-10 15:37:51
9057,2517,105,0,2021-03-31 17:45:34,2022-06-10 15:37:51
9058,2517,106,0,2021-03-31 17:45:34,2022-06-10 15:37:51
9059,2517,108,0,2021-03-31 17:45:34,2022-06-10 15:37:51
9060,2517,109,0,2021-03-31 17:45:34,2022-06-10 15:37:51
9061,2518,41,0,2021-03-31 17:45:34,2022-06-10 15:37:51
9062,2518,43,0,2021-03-31 17:45:34,2022-06-10 15:37:51
9063,2518,46,0,2021-03-31 17:45:34,2022-06-10 15:37:51
9064,2518,47,0,2021-03-31 17:45:34,2022-06-10 15:37:51
9065,2518,48,0,2021-03-31 17:45:34,2022-06-10 15:37:51
9066,2519,40,0,2021-03-31 17:45:34,2022-06-10 15:37:51
9067,2519,41,0,2021-03-31 17:45:34,2022-06-10 15:37:51
9068,2519,43,0,2021-03-31 17:45:34,2022-06-10 15:37:51
9069,2519,46,0,2021-03-31 17:45:34,2022-06-10 15:37:51
9070,2519,47,0,2021-03-31 17:45:34,2022-06-10 15:37:51
9071,2519,48,0,2021-03-31 17:45:34,2022-06-10 15:37:51
9072,2520,85,0,2021-03-31 17:45:34,2022-06-10 15:37:51
9073,2520,89,0,2021-03-31 17:45:34,2022-06-10 15:37:51
9074,2520,93,0,2021-03-31 17:45:34,2022-06-10 15:37:51
9075,2520,95,0,2021-03-31 17:45:34,2022-06-10 15:37:51
9076,2521,111,0,2021-03-31 17:45:34,2022-06-10 15:37:51
9077,2521,117,0,2021-03-31 17:45:34,2022-06-10 15:37:51
9078,2522,40,0,2021-03-31 17:45:34,2022-06-10 15:37:51
9079,2522,47,0,2021-03-31 17:45:34,2022-06-10 15:37:51
9080,2522,74,0,2021-03-31 17:45:34,2022-06-10 15:37:51
9081,2522,82,0,2021-03-31 17:45:34,2022-06-10 15:37:51
9082,2523,40,0,2021-03-31 17:45:34,2022-06-10 15:37:51
9083,2523,41,0,2021-03-31 17:45:34,2022-06-10 15:37:51
9084,2524,93,0,2021-03-31 17:45:34,2022-06-10 15:37:51
9085,2524,95,0,2021-03-31 17:45:34,2022-06-10 15:37:51
9086,2524,111,0,2021-03-31 17:45:34,2022-06-10 15:37:51
9087,2524,120,0,2021-03-31 17:45:34,2022-06-10 15:37:51
9088,2525,103,0,2021-03-31 17:45:34,2022-06-10 15:37:51
9089,2525,140,0,2021-03-31 17:45:34,2022-06-10 15:37:51
9090,2526,85,0,2021-03-31 17:45:34,2022-06-10 15:37:51
9091,2526,103,0,2021-03-31 17:45:34,2022-06-10 15:37:51
9092,2527,111,0,2021-03-31 17:45:34,2021-06-22 10:52:50
9093,2527,112,0,2021-03-31 17:45:34,2021-06-22 10:52:50
9094,2527,113,0,2021-03-31 17:45:34,2021-06-22 10:52:50
9095,2527,114,0,2021-03-31 17:45:34,2021-06-22 10:52:50
9096,2527,115,0,2021-03-31 17:45:34,2021-06-22 10:52:50
9097,2527,117,0,2021-03-31 17:45:34,2021-06-22 10:52:50
9098,2528,103,0,2021-03-31 17:45:34,2022-06-10 15:37:51
9099,2529,2,0,2021-03-31 17:45:34,2022-06-10 15:37:51
9100,2529,49,0,2021-03-31 17:45:34,2022-06-10 15:37:51
9101,2529,53,0,2021-03-31 17:45:34,2022-06-10 15:37:51
9102,2529,54,0,2021-03-31 17:45:34,2022-06-10 15:37:51
9103,2529,55,0,2021-03-31 17:45:34,2022-06-10 15:37:51
9104,2529,57,0,2021-03-31 17:45:34,2022-06-10 15:37:51
9105,2529,58,0,2021-03-31 17:45:34,2022-06-10 15:37:51
9106,2530,49,0,2021-03-31 17:45:34,2022-06-10 15:37:51
9107,2530,51,0,2021-03-31 17:45:34,2022-06-10 15:37:51
9108,2530,85,0,2021-03-31 17:45:34,2022-06-10 15:37:51
9109,2530,86,0,2021-03-31 17:45:34,2022-06-10 15:37:51
9110,2530,88,0,2021-03-31 17:45:34,2022-06-10 15:37:51
9111,2531,40,0,2021-03-31 17:45:34,2021-06-22 10:52:50
9112,2531,42,0,2021-03-31 17:45:34,2021-06-22 10:52:50
9113,2531,74,0,2021-03-31 17:45:34,2021-06-22 10:52:50
9114,2531,82,0,2021-03-31 17:45:34,2021-06-22 10:52:50
9115,2531,85,0,2021-03-31 17:45:34,2021-06-22 10:52:50
9116,2531,86,0,2021-03-31 17:45:34,2021-06-22 10:52:50
9117,2531,87,0,2021-03-31 17:45:34,2021-06-22 10:52:50
9118,2532,74,0,2021-03-31 17:45:34,2022-06-10 15:37:51
9119,2532,84,0,2021-03-31 17:45:34,2022-06-10 15:37:51
9120,2533,32,0,2021-03-31 17:45:34,2022-06-10 15:37:51
9121,2533,34,0,2021-03-31 17:45:34,2022-06-10 15:37:51
9122,2533,67,0,2021-03-31 17:45:34,2022-06-10 15:37:51
9123,2533,71,0,2021-03-31 17:45:34,2022-06-10 15:37:51
9124,2534,49,0,2021-03-31 17:45:34,2022-06-10 15:37:51
9125,2534,51,0,2021-03-31 17:45:34,2022-06-10 15:37:51
9126,2535,49,0,2021-03-31 17:45:34,2022-06-10 15:37:51
9127,2535,50,0,2021-03-31 17:45:34,2022-06-10 15:37:51
9128,2535,55,0,2021-03-31 17:45:34,2022-06-10 15:37:51
9129,2535,56,0,2021-03-31 17:45:34,2022-06-10 15:37:51
9130,2535,57,0,2021-03-31 17:45:34,2022-06-10 15:37:51
9131,2535,58,0,2021-03-31 17:45:34,2022-06-10 15:37:51
9132,2536,4,0,2021-03-31 17:45:34,2022-06-10 15:37:51
9133,2536,8,0,2021-03-31 17:45:34,2022-06-10 15:37:51
9134,2536,11,0,2021-03-31 17:45:34,2022-06-10 15:37:51
9135,2537,85,0,2021-03-31 17:45:34,2022-06-10 15:37:51
9136,2537,103,0,2021-03-31 17:45:34,2022-06-10 15:37:51
9137,2537,106,0,2021-03-31 17:45:34,2022-06-10 15:37:51
9138,2537,109,0,2021-03-31 17:45:34,2022-06-10 15:37:51
9139,2537,135,0,2021-03-31 17:45:34,2022-06-10 15:37:51
9140,2538,40,0,2021-03-31 17:45:34,2021-06-22 10:52:50
9141,2538,46,0,2021-03-31 17:45:34,2021-06-22 10:52:50
9142,2539,111,0,2021-03-31 17:45:34,2022-06-10 15:37:51
9143,2539,112,0,2021-03-31 17:45:34,2022-06-10 15:37:51
9144,2539,113,0,2021-03-31 17:45:34,2022-06-10 15:37:51
9145,2539,116,0,2021-03-31 17:45:34,2022-06-10 15:37:51
9146,2539,117,0,2021-03-31 17:45:34,2022-06-10 15:37:51
9147,2539,119,0,2021-03-31 17:45:34,2022-06-10 15:37:51
9148,2539,120,0,2021-03-31 17:45:34,2022-06-10 15:37:51
9149,2539,121,0,2021-03-31 17:45:34,2022-06-10 15:37:51
9150,2540,40,0,2021-03-31 17:45:34,2022-06-10 15:37:51
9151,2540,48,0,2021-03-31 17:45:34,2022-06-10 15:37:51
9152,2541,49,0,2021-03-31 17:45:34,2022-06-10 15:37:51
9153,2541,54,0,2021-03-31 17:45:34,2022-06-10 15:37:51
9154,2541,55,0,2021-03-31 17:45:34,2022-06-10 15:37:51
9155,2541,85,0,2021-03-31 17:45:34,2022-06-10 15:37:51
9156,2541,135,0,2021-03-31 17:45:34,2022-06-10 15:37:51
9157,2542,59,0,2021-03-31 17:45:34,2022-06-10 15:37:51
9158,2542,60,0,2021-03-31 17:45:34,2022-06-10 15:37:51
9159,2542,85,0,2021-03-31 17:45:34,2022-06-10 15:37:51
9160,2542,93,0,2021-03-31 17:45:34,2022-06-10 15:37:51
9161,2542,101,0,2021-03-31 17:45:34,2022-06-10 15:37:51
9162,2542,142,0,2021-03-31 17:45:34,2022-06-10 15:37:51
9163,2543,,0,2021-03-31 17:45:34,2021-04-20 07:05:51
9164,2544,49,0,2021-03-31 17:45:34,2022-06-10 15:37:51
9165,2544,51,0,2021-03-31 17:45:34,2022-06-10 15:37:51
9166,2544,74,0,2021-03-31 17:45:34,2022-06-10 15:37:51
9167,2544,81,0,2021-03-31 17:45:34,2022-06-10 15:37:51
9168,2544,82,0,2021-03-31 17:45:34,2022-06-10 15:37:51
9169,2545,25,0,2021-03-31 17:45:34,2022-06-10 15:37:51
9170,2545,74,0,2021-03-31 17:45:34,2022-06-10 15:37:51
9171,2545,124,0,2021-03-31 17:45:34,2022-06-10 15:37:51
9172,2545,130,0,2021-03-31 17:45:34,2022-06-10 15:37:51
9173,2545,131,0,2021-03-31 17:45:34,2022-06-10 15:37:51
9174,2546,103,0,2021-03-31 17:45:34,2022-06-10 15:37:51
9175,2547,49,0,2021-03-31 17:45:34,2022-06-10 15:37:51
9176,2547,51,0,2021-03-31 17:45:34,2022-06-10 15:37:51
9177,2547,85,0,2021-03-31 17:45:34,2022-06-10 15:37:51
9178,2547,88,0,2021-03-31 17:45:34,2022-06-10 15:37:51
9179,2547,93,0,2021-03-31 17:45:34,2022-06-10 15:37:51
9180,2547,101,0,2021-03-31 17:45:34,2022-06-10 15:37:51
9181,2547,135,0,2021-03-31 17:45:34,2022-06-10 15:37:51
9182,2548,49,0,2021-03-31 17:45:34,2022-06-10 15:37:51
9183,2548,53,0,2021-03-31 17:45:34,2022-06-10 15:37:51
9184,2548,54,0,2021-03-31 17:45:34,2022-06-10 15:37:51
9185,2548,57,0,2021-03-31 17:45:34,2022-06-10 15:37:51
9186,2549,85,0,2021-03-31 17:45:34,2022-06-10 15:37:51
9187,2549,103,0,2021-03-31 17:45:34,2022-06-10 15:37:51
9188,2549,107,0,2021-03-31 17:45:34,2022-06-10 15:37:51
9189,2549,108,0,2021-03-31 17:45:34,2022-06-10 15:37:51
9190,2549,109,0,2021-03-31 17:45:34,2022-06-10 15:37:51
9191,2549,135,0,2021-03-31 17:45:34,2022-06-10 15:37:51
9192,2549,139,0,2021-03-31 17:45:34,2022-06-10 15:37:51
9193,2550,74,0,2021-03-31 17:45:34,2022-06-10 15:37:51
9194,2550,80,0,2021-03-31 17:45:34,2022-06-10 15:37:51
9195,2551,40,0,2021-03-31 17:45:34,2022-06-10 15:37:51
9196,2551,43,0,2021-03-31 17:45:34,2022-06-10 15:37:51
9197,2552,111,0,2021-03-31 17:45:34,2022-06-10 15:37:51
9198,2552,112,0,2021-03-31 17:45:34,2022-06-10 15:37:51
9199,2552,117,0,2021-03-31 17:45:34,2022-06-10 15:37:51
9200,2553,49,0,2021-03-31 17:45:34,2022-06-10 15:37:51
9201,2553,51,0,2021-03-31 17:45:34,2022-06-10 15:37:51
9202,2554,93,0,2021-03-31 17:45:34,2022-06-10 15:37:51
9203,2554,100,0,2021-03-31 17:45:34,2022-06-10 15:37:51
9204,2555,49,0,2021-03-31 17:45:34,2022-06-10 15:37:51
9205,2555,51,0,2021-03-31 17:45:34,2022-06-10 15:37:51
9206,2556,85,0,2021-03-31 17:45:34,2022-06-10 15:37:51
9207,2556,93,0,2021-03-31 17:45:34,2022-06-10 15:37:51
9208,2556,97,0,2021-03-31 17:45:34,2022-06-10 15:37:51
9209,2556,111,0,2021-03-31 17:45:34,2022-06-10 15:37:51
9210,2556,118,0,2021-03-31 17:45:34,2022-06-10 15:37:51
9211,2556,120,0,2021-03-31 17:45:34,2022-06-10 15:37:51
9212,2556,136,0,2021-03-31 17:45:34,2022-06-10 15:37:51
9213,2557,40,0,2021-03-31 17:45:34,2022-06-10 15:37:51
9214,2557,48,0,2021-03-31 17:45:34,2022-06-10 15:37:51
9215,2558,103,0,2021-03-31 17:45:34,2022-06-10 15:37:51
9216,2558,141,0,2021-03-31 17:45:34,2022-06-10 15:37:51
9217,2559,93,0,2021-03-31 17:45:34,2022-06-10 15:37:51
9218,2559,97,0,2021-03-31 17:45:34,2022-06-10 15:37:51
9219,2559,111,0,2021-03-31 17:45:34,2022-06-10 15:37:51
9220,2559,118,0,2021-03-31 17:45:34,2022-06-10 15:37:51
9221,2560,49,0,2021-03-31 17:45:34,2022-06-10 15:37:51
9222,2560,51,0,2021-03-31 17:45:34,2022-06-10 15:37:51
9223,2561,1,0,2021-03-31 17:45:34,2022-06-10 15:37:51
9224,2561,2,0,2021-03-31 17:45:34,2022-06-10 15:37:51
9225,2561,49,0,2021-03-31 17:45:34,2022-06-10 15:37:51
9226,2561,51,0,2021-03-31 17:45:34,2022-06-10 15:37:51
9227,2561,53,0,2021-03-31 17:45:34,2022-06-10 15:37:51
9228,2561,54,0,2021-03-31 17:45:34,2022-06-10 15:37:51
9229,2561,55,0,2021-03-31 17:45:34,2022-06-10 15:37:51
9230,2561,56,0,2021-03-31 17:45:34,2022-06-10 15:37:51
9231,2561,57,0,2021-03-31 17:45:34,2022-06-10 15:37:51
9232,2561,58,0,2021-03-31 17:45:34,2022-06-10 15:37:51
9233,2562,59,0,2021-03-31 17:45:34,2022-06-10 15:37:51
9234,2562,60,0,2021-03-31 17:45:34,2022-06-10 15:37:51
9235,2562,85,0,2021-03-31 17:45:34,2022-06-10 15:37:51
9236,2562,86,0,2021-03-31 17:45:34,2022-06-10 15:37:51
9237,2562,88,0,2021-03-31 17:45:34,2022-06-10 15:37:51
9238,2562,134,0,2021-03-31 17:45:34,2022-06-10 15:37:51
9239,2562,142,0,2021-03-31 17:45:34,2022-06-10 15:37:51
9240,2563,85,0,2021-03-31 17:45:34,2022-06-10 15:37:51
9241,2563,142,0,2021-03-31 17:45:34,2022-06-10 15:37:51
9242,2564,49,0,2021-03-31 17:45:34,2022-06-10 15:37:51
9243,2564,50,0,2021-03-31 17:45:34,2022-06-10 15:37:51
9244,2564,54,0,2021-03-31 17:45:34,2022-06-10 15:37:51
9245,2565,32,0,2021-03-31 17:45:34,2022-06-10 15:37:51
9246,2565,36,0,2021-03-31 17:45:34,2022-06-10 15:37:51
9247,2566,93,0,2021-03-31 17:45:34,2021-06-22 10:52:50
9248,2566,94,0,2021-03-31 17:45:34,2021-06-22 10:52:50
9249,2567,93,0,2021-03-31 17:45:34,2022-06-10 15:37:51
9250,2567,100,0,2021-03-31 17:45:34,2022-06-10 15:37:51
9251,2568,74,0,2021-03-31 17:45:34,2022-06-10 15:37:51
9252,2568,81,0,2021-03-31 17:45:34,2022-06-10 15:37:51
9253,2568,103,0,2021-03-31 17:45:34,2022-06-10 15:37:51
9254,2568,141,0,2021-03-31 17:45:34,2022-06-10 15:37:51
9255,2569,40,0,2021-03-31 17:45:34,2022-06-10 15:37:51
9256,2569,48,0,2021-03-31 17:45:34,2022-06-10 15:37:51
9257,2569,74,0,2021-03-31 17:45:34,2022-06-10 15:37:51
9258,2569,75,0,2021-03-31 17:45:34,2022-06-10 15:37:51
9259,2569,82,0,2021-03-31 17:45:34,2022-06-10 15:37:51
9260,2570,4,0,2021-03-31 17:45:34,2022-06-10 15:37:51
9261,2570,11,0,2021-03-31 17:45:34,2022-06-10 15:37:51
9262,2570,40,0,2021-03-31 17:45:34,2022-06-10 15:37:51
9263,2570,48,0,2021-03-31 17:45:34,2022-06-10 15:37:51
9264,2571,74,0,2021-03-31 17:45:34,2022-06-10 15:37:51
9265,2571,84,0,2021-03-31 17:45:34,2022-06-10 15:37:51
9266,2571,85,0,2021-03-31 17:45:34,2022-06-10 15:37:51
9267,2571,131,0,2021-03-31 17:45:34,2022-06-10 15:37:51
9268,2571,142,0,2021-03-31 17:45:34,2022-06-10 15:37:51
9269,2572,40,0,2021-03-31 17:45:34,2022-06-10 15:37:51
9270,2572,42,0,2021-03-31 17:45:34,2022-06-10 15:37:51
9271,2572,43,0,2021-03-31 17:45:34,2022-06-10 15:37:51
9272,2572,44,0,2021-03-31 17:45:34,2022-06-10 15:37:51
9273,2572,47,0,2021-03-31 17:45:34,2022-06-10 15:37:51
9274,2572,74,0,2021-03-31 17:45:34,2022-06-10 15:37:51
9275,2572,82,0,2021-03-31 17:45:34,2022-06-10 15:37:51
9276,2573,40,0,2021-03-31 17:45:34,2022-06-10 15:37:51
9277,2573,48,0,2021-03-31 17:45:34,2022-06-10 15:37:51
9278,2574,103,0,2021-03-31 17:45:34,2021-05-18 13:36:02
9279,2574,140,0,2021-03-31 17:45:34,2021-05-18 13:36:02
9280,2575,74,0,2021-03-31 17:45:34,2022-06-10 15:37:51
9281,2575,76,0,2021-03-31 17:45:34,2022-06-10 15:37:51
9282,2575,85,0,2021-03-31 17:45:34,2022-06-10 15:37:51
9283,2575,86,0,2021-03-31 17:45:34,2022-06-10 15:37:51
9284,2576,93,0,2021-03-31 17:45:34,2022-06-10 15:37:51
9285,2576,94,0,2021-03-31 17:45:34,2022-06-10 15:37:51
9286,2577,59,0,2021-03-31 17:45:34,2022-06-10 15:37:51
9287,2577,103,0,2021-03-31 17:45:34,2022-06-10 15:37:51
9288,2577,108,0,2021-03-31 17:45:34,2022-06-10 15:37:51
9289,2577,109,0,2021-03-31 17:45:34,2022-06-10 15:37:51
9290,2577,127,0,2021-03-31 17:45:34,2022-06-10 15:37:51
9291,2577,139,0,2021-03-31 17:45:34,2022-06-10 15:37:51
9292,2577,141,0,2021-03-31 17:45:34,2022-06-10 15:37:51
9293,2578,67,0,2021-03-31 17:45:34,2021-06-22 10:52:50
9294,2578,69,0,2021-03-31 17:45:34,2021-06-22 10:52:50
9295,2579,67,0,2021-03-31 17:45:34,2022-06-10 15:37:51
9296,2579,69,0,2021-03-31 17:45:34,2022-06-10 15:37:51
9297,2580,25,0,2021-03-31 17:45:34,2022-06-10 15:37:51
9298,2580,32,0,2021-03-31 17:45:34,2022-06-10 15:37:51
9299,2580,36,0,2021-03-31 17:45:34,2022-06-10 15:37:51
9300,2580,103,0,2021-03-31 17:45:34,2022-06-10 15:37:51
9301,2580,124,0,2021-03-31 17:45:34,2022-06-10 15:37:51
9302,2580,140,0,2021-03-31 17:45:34,2022-06-10 15:37:51
9303,2581,1,0,2021-03-31 17:45:34,2022-06-10 15:37:51
9304,2581,2,0,2021-03-31 17:45:34,2022-06-10 15:37:51
9305,2581,49,0,2021-03-31 17:45:34,2022-06-10 15:37:51
9306,2581,51,0,2021-03-31 17:45:34,2022-06-10 15:37:51
9307,2581,53,0,2021-03-31 17:45:34,2022-06-10 15:37:51
9308,2581,55,0,2021-03-31 17:45:34,2022-06-10 15:37:51
9309,2581,57,0,2021-03-31 17:45:34,2022-06-10 15:37:51
9310,2581,58,0,2021-03-31 17:45:34,2022-06-10 15:37:51
9311,2582,111,0,2021-03-31 17:45:34,2021-06-22 10:52:50
9312,2582,119,0,2021-03-31 17:45:34,2021-06-22 10:52:50
9313,2582,120,0,2021-03-31 17:45:34,2021-06-22 10:52:50
9314,2582,121,0,2021-03-31 17:45:34,2021-06-22 10:52:50
9315,2583,103,0,2021-03-31 17:45:35,2022-06-10 15:37:51
9316,2583,104,0,2021-03-31 17:45:35,2022-06-10 15:37:51
9317,2583,105,0,2021-03-31 17:45:35,2022-06-10 15:37:51
9318,2583,108,0,2021-03-31 17:45:35,2022-06-10 15:37:51
9319,2583,109,0,2021-03-31 17:45:35,2022-06-10 15:37:51
9320,2583,110,0,2021-03-31 17:45:35,2022-06-10 15:37:51
9321,2583,139,0,2021-03-31 17:45:35,2022-06-10 15:37:51
9322,2584,111,0,2021-03-31 17:45:35,2022-06-10 15:37:51
9323,2584,118,0,2021-03-31 17:45:35,2022-06-10 15:37:51
9324,2585,74,0,2021-03-31 17:45:35,2022-06-10 15:37:51
9325,2585,84,0,2021-03-31 17:45:35,2022-06-10 15:37:51
9326,2585,85,0,2021-03-31 17:45:35,2022-06-10 15:37:51
9327,2585,89,0,2021-03-31 17:45:35,2022-06-10 15:37:51
9328,2585,137,0,2021-03-31 17:45:35,2022-06-10 15:37:51
9329,2586,49,0,2021-03-31 17:45:35,2022-06-10 15:37:51
9330,2586,54,0,2021-03-31 17:45:35,2022-06-10 15:37:51
9331,2586,85,0,2021-03-31 17:45:35,2022-06-10 15:37:51
9332,2586,111,0,2021-03-31 17:45:35,2022-06-10 15:37:51
9333,2586,118,0,2021-03-31 17:45:35,2022-06-10 15:37:51
9334,2587,111,0,2021-03-31 17:45:35,2022-06-10 15:37:51
9335,2587,113,0,2021-03-31 17:45:35,2022-06-10 15:37:51
9336,2587,117,0,2021-03-31 17:45:35,2022-06-10 15:37:51
9337,2587,120,0,2021-03-31 17:45:35,2022-06-10 15:37:51
9338,2588,85,0,2021-03-31 17:45:35,2021-06-22 10:52:50
9339,2588,90,0,2021-03-31 17:45:35,2021-06-22 10:52:50
9340,2588,93,0,2021-03-31 17:45:35,2021-06-22 10:52:50
9341,2588,100,0,2021-03-31 17:45:35,2021-06-22 10:52:50
9342,2589,111,0,2021-03-31 17:45:35,2022-06-10 15:37:51
9343,2589,118,0,2021-03-31 17:45:35,2022-06-10 15:37:51
9344,2590,40,0,2021-03-31 17:45:35,2022-06-10 15:37:51
9345,2590,41,0,2021-03-31 17:45:35,2022-06-10 15:37:51
9346,2590,74,0,2021-03-31 17:45:35,2022-06-10 15:37:51
9347,2590,75,0,2021-03-31 17:45:35,2022-06-10 15:37:51
9348,2590,82,0,2021-03-31 17:45:35,2022-06-10 15:37:51
9349,2590,85,0,2021-03-31 17:45:35,2022-06-10 15:37:51
9350,2590,87,0,2021-03-31 17:45:35,2022-06-10 15:37:51
9351,2591,74,0,2021-03-31 17:45:35,2022-06-10 15:37:51
9352,2591,93,0,2021-03-31 17:45:35,2022-06-10 15:37:51
9353,2591,100,0,2021-03-31 17:45:35,2022-06-10 15:37:51
9354,2591,111,0,2021-03-31 17:45:35,2022-06-10 15:37:51
9355,2591,113,0,2021-03-31 17:45:35,2022-06-10 15:37:51
9356,2591,114,0,2021-03-31 17:45:35,2022-06-10 15:37:51
9357,2591,116,0,2021-03-31 17:45:35,2022-06-10 15:37:51
9358,2591,129,0,2021-03-31 17:45:35,2022-06-10 15:37:51
9359,2592,15,0,2021-03-31 17:45:35,2022-06-10 15:37:51
9360,2592,19,0,2021-03-31 17:45:35,2022-06-10 15:37:51
9361,2592,21,0,2021-03-31 17:45:35,2022-06-10 15:37:51
9362,2592,24,0,2021-03-31 17:45:35,2022-06-10 15:37:51
9363,2592,49,0,2021-03-31 17:45:35,2022-06-10 15:37:51
9364,2592,50,0,2021-03-31 17:45:35,2022-06-10 15:37:51
9365,2592,103,0,2021-03-31 17:45:35,2022-06-10 15:37:51
9366,2592,110,0,2021-03-31 17:45:35,2022-06-10 15:37:51
9367,2593,49,0,2021-03-31 17:45:35,2022-06-10 15:37:51
9368,2593,51,0,2021-03-31 17:45:35,2022-06-10 15:37:51
9369,2593,74,0,2021-03-31 17:45:35,2022-06-10 15:37:51
9370,2593,81,0,2021-03-31 17:45:35,2022-06-10 15:37:51
9371,2593,84,0,2021-03-31 17:45:35,2022-06-10 15:37:51
9372,2593,129,0,2021-03-31 17:45:35,2022-06-10 15:37:51
9373,2593,132,0,2021-03-31 17:45:35,2022-06-10 15:37:51
9374,2594,74,0,2021-03-31 17:45:35,2022-06-10 15:37:51
9375,2594,129,0,2021-03-31 17:45:35,2022-06-10 15:37:51
9376,2594,130,0,2021-03-31 17:45:35,2022-06-10 15:37:51
9377,2594,131,0,2021-03-31 17:45:35,2022-06-10 15:37:51
9378,2595,59,0,2021-03-31 17:45:35,2022-06-10 15:37:51
9379,2595,62,0,2021-03-31 17:45:35,2022-06-10 15:37:51
9380,2595,74,0,2021-03-31 17:45:35,2022-06-10 15:37:51
9381,2595,128,0,2021-03-31 17:45:35,2022-06-10 15:37:51
9382,2595,133,0,2021-03-31 17:45:35,2022-06-10 15:37:51
9383,2596,2,0,2021-03-31 17:45:35,2021-06-22 10:52:50
9384,2596,49,0,2021-03-31 17:45:35,2021-06-22 10:52:50
9385,2596,53,0,2021-03-31 17:45:35,2021-06-22 10:52:50
9386,2596,54,0,2021-03-31 17:45:35,2021-06-22 10:52:50
9387,2596,55,0,2021-03-31 17:45:35,2021-06-22 10:52:50
9388,2596,57,0,2021-03-31 17:45:35,2021-06-22 10:52:50
9389,2596,58,0,2021-03-31 17:45:35,2021-06-22 10:52:50
9390,2596,93,0,2021-03-31 17:45:35,2021-06-22 10:52:50
9391,2596,95,0,2021-03-31 17:45:35,2021-06-22 10:52:50
9392,2597,93,0,2021-03-31 17:45:35,2022-06-10 15:37:51
9393,2597,95,0,2021-03-31 17:45:35,2022-06-10 15:37:51
9394,2597,103,0,2021-03-31 17:45:35,2022-06-10 15:37:51
9395,2597,107,0,2021-03-31 17:45:35,2022-06-10 15:37:51
9396,2597,108,0,2021-03-31 17:45:35,2022-06-10 15:37:51
9397,2597,140,0,2021-03-31 17:45:35,2022-06-10 15:37:51
9398,2597,141,0,2021-03-31 17:45:35,2022-06-10 15:37:51
9399,2598,111,0,2021-03-31 17:45:35,2022-06-10 15:37:51
9400,2598,112,0,2021-03-31 17:45:35,2022-06-10 15:37:51
9401,2598,113,0,2021-03-31 17:45:35,2022-06-10 15:37:51
9402,2599,15,0,2021-03-31 17:45:35,2022-06-10 15:37:51
9403,2600,93,0,2021-03-31 17:45:35,2022-06-10 15:37:51
9404,2601,32,0,2021-03-31 17:45:35,2022-06-10 15:37:51
9405,2601,36,0,2021-03-31 17:45:35,2022-06-10 15:37:51
9406,2602,74,0,2021-03-31 17:45:35,2021-06-22 10:52:50
9407,2602,81,0,2021-03-31 17:45:35,2021-06-22 10:52:50
9408,2603,85,0,2021-03-31 17:45:35,2022-06-10 15:37:51
9409,2603,93,0,2021-03-31 17:45:35,2022-06-10 15:37:51
9410,2603,97,0,2021-03-31 17:45:35,2022-06-10 15:37:51
9411,2603,111,0,2021-03-31 17:45:35,2022-06-10 15:37:51
9412,2603,118,0,2021-03-31 17:45:35,2022-06-10 15:37:51
9413,2603,136,0,2021-03-31 17:45:35,2022-06-10 15:37:51
9414,2604,74,0,2021-03-31 17:45:35,2021-06-22 10:52:50
9415,2604,81,0,2021-03-31 17:45:35,2021-06-22 10:52:50
9416,2605,15,0,2021-03-31 17:45:35,2022-06-10 15:37:51
9417,2605,16,0,2021-03-31 17:45:35,2022-06-10 15:37:51
9418,2606,85,0,2021-03-31 17:45:35,2022-06-10 15:37:51
9419,2606,111,0,2021-03-31 17:45:35,2022-06-10 15:37:51
9420,2606,118,0,2021-03-31 17:45:35,2022-06-10 15:37:51
9421,2606,136,0,2021-03-31 17:45:35,2022-06-10 15:37:51
9422,2607,15,0,2021-03-31 17:45:35,2022-06-10 15:37:51
9423,2607,67,0,2021-03-31 17:45:35,2022-06-10 15:37:51
9424,2607,71,0,2021-03-31 17:45:35,2022-06-10 15:37:51
9425,2608,74,0,2021-03-31 17:45:35,2022-06-10 15:37:51
9426,2608,80,0,2021-03-31 17:45:35,2022-06-10 15:37:51
9427,2609,,0,2021-03-31 17:45:35,2021-03-31 16:59:59
9428,2610,74,0,2021-03-31 17:45:35,2022-06-10 15:37:51
9429,2610,111,0,2021-03-31 17:45:35,2022-06-10 15:37:51
9430,2610,112,0,2021-03-31 17:45:35,2022-06-10 15:37:51
9431,2610,114,0,2021-03-31 17:45:35,2022-06-10 15:37:51
9432,2610,116,0,2021-03-31 17:45:35,2022-06-10 15:37:51
9433,2610,117,0,2021-03-31 17:45:35,2022-06-10 15:37:51
9434,2610,129,0,2021-03-31 17:45:35,2022-06-10 15:37:51
9435,2611,85,0,2021-03-31 17:45:35,2022-06-10 15:37:51
9436,2611,91,0,2021-03-31 17:45:35,2022-06-10 15:37:51
9437,2612,103,0,2021-03-31 17:45:35,2022-06-10 15:37:51
9438,2612,141,0,2021-03-31 17:45:35,2022-06-10 15:37:51
9439,2613,74,0,2021-03-31 17:45:35,2022-06-10 15:37:51
9440,2613,85,0,2021-03-31 17:45:35,2022-06-10 15:37:51
9441,2613,111,0,2021-03-31 17:45:35,2022-06-10 15:37:51
9442,2613,112,0,2021-03-31 17:45:35,2022-06-10 15:37:51
9443,2613,113,0,2021-03-31 17:45:35,2022-06-10 15:37:51
9444,2613,114,0,2021-03-31 17:45:35,2022-06-10 15:37:51
9445,2613,116,0,2021-03-31 17:45:35,2022-06-10 15:37:51
9446,2613,129,0,2021-03-31 17:45:35,2022-06-10 15:37:51
9447,2613,137,0,2021-03-31 17:45:35,2022-06-10 15:37:51
9448,2614,15,0,2021-03-31 17:45:35,2022-06-10 15:37:51
9449,2614,17,0,2021-03-31 17:45:35,2022-06-10 15:37:51
9450,2614,18,0,2021-03-31 17:45:35,2022-06-10 15:37:51
9451,2614,19,0,2021-03-31 17:45:35,2022-06-10 15:37:51
9452,2614,67,0,2021-03-31 17:45:35,2022-06-10 15:37:51
9453,2614,71,0,2021-03-31 17:45:35,2022-06-10 15:37:51
9454,2615,15,0,2021-03-31 17:45:35,2021-05-24 14:45:31
9455,2615,17,0,2021-03-31 17:45:35,2021-05-24 14:45:31
9456,2615,20,0,2021-03-31 17:45:35,2021-05-24 14:45:31
9457,2615,21,0,2021-03-31 17:45:35,2021-05-24 14:45:31
9458,2616,74,0,2021-03-31 17:45:35,2022-06-10 15:37:51
9459,2616,81,0,2021-03-31 17:45:35,2022-06-10 15:37:51
9460,2617,15,0,2021-03-31 17:45:35,2022-06-10 15:37:51
9461,2617,122,0,2021-03-31 17:45:35,2022-06-10 15:37:51
9462,2618,74,0,2021-03-31 17:45:35,2022-06-10 15:37:51
9463,2618,79,0,2021-03-31 17:45:35,2022-06-10 15:37:51
9464,2619,49,0,2021-03-31 17:45:35,2022-06-10 15:37:51
9465,2619,53,0,2021-03-31 17:45:35,2022-06-10 15:37:51
9466,2619,54,0,2021-03-31 17:45:35,2022-06-10 15:37:51
9467,2620,25,0,2021-03-31 17:45:35,2022-06-10 15:37:51
9468,2620,124,0,2021-03-31 17:45:35,2022-06-10 15:37:51
9469,2621,25,0,2021-03-31 17:45:35,2022-06-10 15:37:51
9470,2621,124,0,2021-03-31 17:45:35,2022-06-10 15:37:51
9471,2622,25,0,2021-03-31 17:45:35,2021-06-22 10:52:50
9472,2622,124,0,2021-03-31 17:45:35,2021-06-22 10:52:50
9473,2623,49,0,2021-03-31 17:45:35,2021-06-22 10:52:50
9474,2623,51,0,2021-03-31 17:45:35,2021-06-22 10:52:50
9475,2623,54,0,2021-03-31 17:45:35,2021-06-22 10:52:50
9476,2623,126,0,2021-03-31 17:45:35,2021-06-22 10:52:50
9477,2624,49,0,2021-03-31 17:45:35,2022-06-10 15:37:51
9478,2624,53,0,2021-03-31 17:45:35,2022-06-10 15:37:51
9479,2624,54,0,2021-03-31 17:45:35,2022-06-10 15:37:51
9480,2624,55,0,2021-03-31 17:45:35,2022-06-10 15:37:51
9481,2624,57,0,2021-03-31 17:45:35,2022-06-10 15:37:51
9482,2624,111,0,2021-03-31 17:45:35,2022-06-10 15:37:51
9483,2624,113,0,2021-03-31 17:45:35,2022-06-10 15:37:51
9484,2624,114,0,2021-03-31 17:45:35,2022-06-10 15:37:51
9485,2624,115,0,2021-03-31 17:45:35,2022-06-10 15:37:51
9486,2624,116,0,2021-03-31 17:45:35,2022-06-10 15:37:51
9487,2625,49,0,2021-03-31 17:45:35,2022-06-10 15:37:51
9488,2625,51,0,2021-03-31 17:45:35,2022-06-10 15:37:51
9489,2625,74,0,2021-03-31 17:45:35,2022-06-10 15:37:51
9490,2625,81,0,2021-03-31 17:45:35,2022-06-10 15:37:51
9491,2625,82,0,2021-03-31 17:45:35,2022-06-10 15:37:51
9492,2626,49,0,2021-03-31 17:45:35,2022-06-10 15:37:51
9493,2626,50,0,2021-03-31 17:45:35,2022-06-10 15:37:51
9494,2627,111,0,2021-03-31 17:45:35,2022-06-10 15:37:51
9495,2627,112,0,2021-03-31 17:45:35,2022-06-10 15:37:51
9496,2627,113,0,2021-03-31 17:45:35,2022-06-10 15:37:51
9497,2627,114,0,2021-03-31 17:45:35,2022-06-10 15:37:51
9498,2627,116,0,2021-03-31 17:45:35,2022-06-10 15:37:51
9499,2627,117,0,2021-03-31 17:45:35,2022-06-10 15:37:51
9500,2628,67,0,2021-03-31 17:45:35,2022-06-10 15:37:51
9501,2628,71,0,2021-03-31 17:45:35,2022-06-10 15:37:51
9502,2628,74,0,2021-03-31 17:45:35,2022-06-10 15:37:51
9503,2628,81,0,2021-03-31 17:45:35,2022-06-10 15:37:51
9504,2628,93,0,2021-03-31 17:45:35,2022-06-10 15:37:51
9505,2628,99,0,2021-03-31 17:45:35,2022-06-10 15:37:51
9506,2628,103,0,2021-03-31 17:45:35,2022-06-10 15:37:51
9507,2628,107,0,2021-03-31 17:45:35,2022-06-10 15:37:51
9508,2628,129,0,2021-03-31 17:45:35,2022-06-10 15:37:51
9509,2628,140,0,2021-03-31 17:45:35,2022-06-10 15:37:51
9510,2629,49,0,2021-03-31 17:45:35,2022-06-10 15:37:51
9511,2629,51,0,2021-03-31 17:45:35,2022-06-10 15:37:51
9512,2629,126,0,2021-03-31 17:45:35,2022-06-10 15:37:51
9513,2630,49,0,2021-03-31 17:45:35,2021-06-22 10:52:50
9514,2630,51,0,2021-03-31 17:45:35,2021-06-22 10:52:50
9515,2631,49,0,2021-03-31 17:45:35,2021-06-22 10:52:50
9516,2631,51,0,2021-03-31 17:45:35,2021-06-22 10:52:50
9517,2631,52,0,2021-03-31 17:45:35,2021-06-22 10:52:50
9518,2631,54,0,2021-03-31 17:45:35,2021-06-22 10:52:50
9519,2631,125,0,2021-03-31 17:45:35,2021-06-22 10:52:50
9520,2631,126,0,2021-03-31 17:45:35,2021-06-22 10:52:50
9521,2632,40,0,2021-03-31 17:45:35,2022-06-10 15:37:51
9522,2632,41,0,2021-03-31 17:45:35,2022-06-10 15:37:51
9523,2632,42,0,2021-03-31 17:45:35,2022-06-10 15:37:51
9524,2632,43,0,2021-03-31 17:45:35,2022-06-10 15:37:51
9525,2632,44,0,2021-03-31 17:45:35,2022-06-10 15:37:51
9526,2632,47,0,2021-03-31 17:45:35,2022-06-10 15:37:51
9527,2632,48,0,2021-03-31 17:45:35,2022-06-10 15:37:51
9528,2633,59,0,2021-03-31 17:45:35,2022-06-10 15:37:51
9529,2633,60,0,2021-03-31 17:45:35,2022-06-10 15:37:51
9530,2633,85,0,2021-03-31 17:45:35,2022-06-10 15:37:51
9531,2633,135,0,2021-03-31 17:45:35,2022-06-10 15:37:51
9532,2634,67,0,2021-03-31 17:45:35,2022-06-10 15:37:51
9533,2634,71,0,2021-03-31 17:45:35,2022-06-10 15:37:51
9534,2634,73,0,2021-03-31 17:45:35,2022-06-10 15:37:51
9535,2635,103,0,2021-03-31 17:45:35,2022-06-10 15:37:51
9536,2635,140,0,2021-03-31 17:45:35,2022-06-10 15:37:51
9537,2635,141,0,2021-03-31 17:45:35,2022-06-10 15:37:51
9538,2636,74,0,2021-03-31 17:45:35,2022-06-10 15:37:51
9539,2636,83,0,2021-03-31 17:45:35,2022-06-10 15:37:51
9540,2637,15,0,2021-03-31 17:45:35,2022-06-10 15:37:51
9541,2637,20,0,2021-03-31 17:45:35,2022-06-10 15:37:51
9542,2637,32,0,2021-03-31 17:45:35,2022-06-10 15:37:51
9543,2637,34,0,2021-03-31 17:45:35,2022-06-10 15:37:51
9544,2637,35,0,2021-03-31 17:45:35,2022-06-10 15:37:51
9545,2637,36,0,2021-03-31 17:45:35,2022-06-10 15:37:51
9546,2637,37,0,2021-03-31 17:45:35,2022-06-10 15:37:51
9547,2638,15,0,2021-03-31 17:45:35,2022-06-10 15:37:51
9548,2638,21,0,2021-03-31 17:45:35,2022-06-10 15:37:51
9549,2638,49,0,2021-03-31 17:45:35,2022-06-10 15:37:51
9550,2638,50,0,2021-03-31 17:45:35,2022-06-10 15:37:51
9551,2639,103,0,2021-03-31 17:45:35,2021-05-31 11:39:00
9552,2639,140,0,2021-03-31 17:45:35,2021-05-31 11:39:00
9553,2640,59,0,2021-03-31 17:45:35,2022-06-10 15:37:51
9554,2640,60,0,2021-03-31 17:45:35,2022-06-10 15:37:51
9555,2640,67,0,2021-03-31 17:45:35,2022-06-10 15:37:51
9556,2640,85,0,2021-03-31 17:45:35,2022-06-10 15:37:51
9557,2640,102,0,2021-03-31 17:45:35,2022-06-10 15:37:51
9558,2641,93,0,2021-03-31 17:45:35,2022-06-10 15:37:51
9559,2641,94,0,2021-03-31 17:45:35,2022-06-10 15:37:51
9560,2642,49,0,2021-03-31 17:45:35,2022-06-10 15:37:51
9561,2642,51,0,2021-03-31 17:45:35,2022-06-10 15:37:51
9562,2642,52,0,2021-03-31 17:45:35,2022-06-10 15:37:51
9563,2642,54,0,2021-03-31 17:45:35,2022-06-10 15:37:51
9564,2642,126,0,2021-03-31 17:45:35,2022-06-10 15:37:51
9565,2643,93,0,2021-03-31 17:45:35,2021-06-22 10:52:50
9566,2643,94,0,2021-03-31 17:45:35,2021-06-22 10:52:50
9567,2643,103,0,2021-03-31 17:45:35,2021-06-22 10:52:50
9568,2643,141,0,2021-03-31 17:45:35,2021-06-22 10:52:50
9569,2644,49,0,2021-03-31 17:45:35,2021-06-22 10:52:50
9570,2644,51,0,2021-03-31 17:45:35,2021-06-22 10:52:50
9571,2644,85,0,2021-03-31 17:45:35,2021-06-22 10:52:50
9572,2644,88,0,2021-03-31 17:45:35,2021-06-22 10:52:50
9573,2645,93,0,2021-03-31 17:45:35,2022-06-10 15:37:51
9574,2645,94,0,2021-03-31 17:45:35,2022-06-10 15:37:51
9575,2646,2,0,2021-03-31 17:45:35,2022-06-10 15:37:51
9576,2646,49,0,2021-03-31 17:45:35,2022-06-10 15:37:51
9577,2646,53,0,2021-03-31 17:45:35,2022-06-10 15:37:51
9578,2647,4,0,2021-03-31 17:45:35,2022-06-10 15:37:51
9579,2647,7,0,2021-03-31 17:45:35,2022-06-10 15:37:51
9580,2647,8,0,2021-03-31 17:45:35,2022-06-10 15:37:51
9581,2647,11,0,2021-03-31 17:45:35,2022-06-10 15:37:51
9582,2647,13,0,2021-03-31 17:45:35,2022-06-10 15:37:51
9583,2648,2,0,2021-03-31 17:45:35,2021-06-22 10:52:50
9584,2649,59,0,2021-03-31 17:45:35,2022-06-10 15:37:51
9585,2649,62,0,2021-03-31 17:45:35,2022-06-10 15:37:51
9586,2649,85,0,2021-03-31 17:45:35,2022-06-10 15:37:51
9587,2649,134,0,2021-03-31 17:45:35,2022-06-10 15:37:51
9588,2649,142,0,2021-03-31 17:45:35,2022-06-10 15:37:51
9589,2650,15,0,2021-03-31 17:45:35,2022-06-10 15:37:51
9590,2650,67,0,2021-03-31 17:45:35,2022-06-10 15:37:51
9591,2650,71,0,2021-03-31 17:45:35,2022-06-10 15:37:51
9592,2651,4,0,2021-03-31 17:45:35,2021-06-01 10:11:22
9593,2651,9,0,2021-03-31 17:45:35,2021-06-01 10:11:22
9594,2652,103,0,2021-03-31 17:45:35,2022-06-10 15:37:51
9595,2652,140,0,2021-03-31 17:45:35,2022-06-10 15:37:51
9596,2653,74,0,2021-03-31 17:45:35,2022-06-10 15:37:51
9597,2653,75,0,2021-03-31 17:45:35,2022-06-10 15:37:51
9598,2654,85,0,2021-03-31 17:45:35,2021-06-22 10:52:50
9599,2654,111,0,2021-03-31 17:45:35,2021-06-22 10:52:50
9600,2654,112,0,2021-03-31 17:45:35,2021-06-22 10:52:50
9601,2654,113,0,2021-03-31 17:45:35,2021-06-22 10:52:50
9602,2654,114,0,2021-03-31 17:45:35,2021-06-22 10:52:50
9603,2654,115,0,2021-03-31 17:45:35,2021-06-22 10:52:50
9604,2654,137,0,2021-03-31 17:45:35,2021-06-22 10:52:50
9605,2655,74,0,2021-03-31 17:45:35,2022-06-10 15:37:51
9606,2655,84,0,2021-03-31 17:45:35,2022-06-10 15:37:51
9607,2655,85,0,2021-03-31 17:45:35,2022-06-10 15:37:51
9608,2655,89,0,2021-03-31 17:45:35,2022-06-10 15:37:51
9609,2655,131,0,2021-03-31 17:45:35,2022-06-10 15:37:51
9610,2655,133,0,2021-03-31 17:45:35,2022-06-10 15:37:51
9611,2656,111,0,2021-03-31 17:45:35,2022-06-10 15:37:51
9612,2656,112,0,2021-03-31 17:45:35,2022-06-10 15:37:51
9613,2656,117,0,2021-03-31 17:45:35,2022-06-10 15:37:51
9614,2657,4,0,2021-03-31 17:45:35,2022-06-10 15:37:51
9615,2657,5,0,2021-03-31 17:45:35,2022-06-10 15:37:51
9616,2657,7,0,2021-03-31 17:45:35,2022-06-10 15:37:51
9617,2658,40,0,2021-03-31 17:45:35,2022-06-10 15:37:51
9618,2658,41,0,2021-03-31 17:45:35,2022-06-10 15:37:51
9619,2658,74,0,2021-03-31 17:45:35,2022-06-10 15:37:51
9620,2658,82,0,2021-03-31 17:45:35,2022-06-10 15:37:51
9621,2658,85,0,2021-03-31 17:45:35,2022-06-10 15:37:51
9622,2658,87,0,2021-03-31 17:45:35,2022-06-10 15:37:51
9623,2659,1,0,2021-03-31 17:45:35,2022-06-10 15:37:51
9624,2659,2,0,2021-03-31 17:45:35,2022-06-10 15:37:51
9625,2660,32,0,2021-03-31 17:45:35,2022-06-10 15:37:51
9626,2660,36,0,2021-03-31 17:45:35,2022-06-10 15:37:51
9627,2660,74,0,2021-03-31 17:45:35,2022-06-10 15:37:51
9628,2660,79,0,2021-03-31 17:45:35,2022-06-10 15:37:51
9629,2661,49,0,2021-03-31 17:45:35,2022-06-10 15:37:51
9630,2661,50,0,2021-03-31 17:45:35,2022-06-10 15:37:51
9631,2661,51,0,2021-03-31 17:45:35,2022-06-10 15:37:51
9632,2662,59,0,2021-03-31 17:45:35,2021-04-16 16:26:08
9633,2662,62,0,2021-03-31 17:45:35,2021-04-16 16:26:08
9634,2662,85,0,2021-03-31 17:45:35,2021-04-16 16:26:08
9635,2663,49,0,2021-03-31 17:45:35,2022-06-10 15:37:51
9636,2663,50,0,2021-03-31 17:45:35,2022-06-10 15:37:51
9637,2663,51,0,2021-03-31 17:45:35,2022-06-10 15:37:51
9638,2663,52,0,2021-03-31 17:45:35,2022-06-10 15:37:51
9639,2663,55,0,2021-03-31 17:45:35,2022-06-10 15:37:51
9640,2663,93,0,2021-03-31 17:45:35,2022-06-10 15:37:51
9641,2663,94,0,2021-03-31 17:45:35,2022-06-10 15:37:51
9642,2663,103,0,2021-03-31 17:45:35,2022-06-10 15:37:51
9643,2663,104,0,2021-03-31 17:45:35,2022-06-10 15:37:51
9644,2663,109,0,2021-03-31 17:45:35,2022-06-10 15:37:51
9645,2663,110,0,2021-03-31 17:45:35,2022-06-10 15:37:51
9646,2664,15,0,2021-03-31 17:45:35,2022-06-10 15:37:51
9647,2664,17,0,2021-03-31 17:45:35,2022-06-10 15:37:51
9648,2665,49,0,2021-03-31 17:45:35,2021-06-22 10:52:50
9649,2665,52,0,2021-03-31 17:45:35,2021-06-22 10:52:50
9650,2665,67,0,2021-03-31 17:45:35,2021-06-22 10:52:50
9651,2665,71,0,2021-03-31 17:45:35,2021-06-22 10:52:50
9652,2665,74,0,2021-03-31 17:45:35,2021-06-22 10:52:50
9653,2665,131,0,2021-03-31 17:45:35,2021-06-22 10:52:50
9654,2666,2,0,2021-03-31 17:45:35,2022-06-10 15:37:51
9655,2667,93,0,2021-03-31 17:45:35,2021-06-22 10:52:50
9656,2667,94,0,2021-03-31 17:45:35,2021-06-22 10:52:50
9657,2668,49,0,2021-03-31 17:45:35,2022-06-10 15:37:51
9658,2668,50,0,2021-03-31 17:45:35,2022-06-10 15:37:51
9659,2668,52,0,2021-03-31 17:45:35,2022-06-10 15:37:51
9660,2668,54,0,2021-03-31 17:45:35,2022-06-10 15:37:51
9661,2669,93,0,2021-03-31 17:45:35,2022-06-10 15:37:51
9662,2669,97,0,2021-03-31 17:45:35,2022-06-10 15:37:51
9663,2669,111,0,2021-03-31 17:45:35,2022-06-10 15:37:51
9664,2669,114,0,2021-03-31 17:45:35,2022-06-10 15:37:51
9665,2669,115,0,2021-03-31 17:45:35,2022-06-10 15:37:51
9666,2669,117,0,2021-03-31 17:45:35,2022-06-10 15:37:51
9667,2670,74,0,2021-03-31 17:45:35,2022-06-10 15:37:51
9668,2670,111,0,2021-03-31 17:45:35,2022-06-10 15:37:51
9669,2670,112,0,2021-03-31 17:45:35,2022-06-10 15:37:51
9670,2670,113,0,2021-03-31 17:45:35,2022-06-10 15:37:51
9671,2670,114,0,2021-03-31 17:45:35,2022-06-10 15:37:51
9672,2670,116,0,2021-03-31 17:45:35,2022-06-10 15:37:51
9673,2670,129,0,2021-03-31 17:45:35,2022-06-10 15:37:51
9674,2671,74,0,2021-03-31 17:45:35,2022-06-10 15:37:51
9675,2671,84,0,2021-03-31 17:45:35,2022-06-10 15:37:51
9676,2671,85,0,2021-03-31 17:45:35,2022-06-10 15:37:51
9677,2671,89,0,2021-03-31 17:45:35,2022-06-10 15:37:51
9678,2671,93,0,2021-03-31 17:45:35,2022-06-10 15:37:51
9679,2671,95,0,2021-03-31 17:45:35,2022-06-10 15:37:51
9680,2671,101,0,2021-03-31 17:45:35,2022-06-10 15:37:51
9681,2672,111,0,2021-03-31 17:45:35,2022-06-10 15:37:51
9682,2672,113,0,2021-03-31 17:45:35,2022-06-10 15:37:51
9683,2673,40,0,2021-03-31 17:45:35,2022-06-10 15:37:51
9684,2673,48,0,2021-03-31 17:45:35,2022-06-10 15:37:51
9685,2674,111,0,2021-03-31 17:45:35,2022-06-10 15:37:51
9686,2674,112,0,2021-03-31 17:45:35,2022-06-10 15:37:51
9687,2674,113,0,2021-03-31 17:45:35,2022-06-10 15:37:51
9688,2674,117,0,2021-03-31 17:45:35,2022-06-10 15:37:51
9689,2674,119,0,2021-03-31 17:45:35,2022-06-10 15:37:51
9690,2674,121,0,2021-03-31 17:45:35,2022-06-10 15:37:51
9691,2675,74,0,2021-03-31 17:45:35,2021-06-22 10:52:50
9692,2675,111,0,2021-03-31 17:45:35,2021-06-22 10:52:50
9693,2675,112,0,2021-03-31 17:45:35,2021-06-22 10:52:50
9694,2675,113,0,2021-03-31 17:45:35,2021-06-22 10:52:50
9695,2675,114,0,2021-03-31 17:45:35,2021-06-22 10:52:50
9696,2675,115,0,2021-03-31 17:45:35,2021-06-22 10:52:50
9697,2675,116,0,2021-03-31 17:45:35,2021-06-22 10:52:50
9698,2675,129,0,2021-03-31 17:45:35,2021-06-22 10:52:50
9699,2675,132,0,2021-03-31 17:45:35,2021-06-22 10:52:50
9700,2676,67,0,2021-03-31 17:45:35,2022-06-10 15:37:51
9701,2676,68,0,2021-03-31 17:45:35,2022-06-10 15:37:51
9702,2676,71,0,2021-03-31 17:45:35,2022-06-10 15:37:51
9703,2676,72,0,2021-03-31 17:45:35,2022-06-10 15:37:51
9704,2677,15,0,2021-03-31 17:45:35,2021-06-22 10:52:50
9705,2677,17,0,2021-03-31 17:45:35,2021-06-22 10:52:50
9706,2677,19,0,2021-03-31 17:45:35,2021-06-22 10:52:50
9707,2677,20,0,2021-03-31 17:45:35,2021-06-22 10:52:50
9708,2677,23,0,2021-03-31 17:45:35,2021-06-22 10:52:50
9709,2678,49,0,2021-03-31 17:45:35,2022-06-10 15:37:51
9710,2678,51,0,2021-03-31 17:45:35,2022-06-10 15:37:51
9711,2678,85,0,2021-03-31 17:45:35,2022-06-10 15:37:51
9712,2678,88,0,2021-03-31 17:45:35,2022-06-10 15:37:51
9713,2679,4,0,2021-03-31 17:45:35,2022-06-10 15:37:51
9714,2679,8,0,2021-03-31 17:45:35,2022-06-10 15:37:51
9715,2680,111,0,2021-03-31 17:45:35,2022-06-10 15:37:51
9716,2680,113,0,2021-03-31 17:45:35,2022-06-10 15:37:51
9717,2680,120,0,2021-03-31 17:45:35,2022-06-10 15:37:51
9718,2681,49,0,2021-03-31 17:45:35,2022-06-10 15:37:51
9719,2681,54,0,2021-03-31 17:45:35,2022-06-10 15:37:51
9720,2681,85,0,2021-03-31 17:45:35,2022-06-10 15:37:51
9721,2681,91,0,2021-03-31 17:45:35,2022-06-10 15:37:51
9722,2682,49,0,2021-03-31 17:45:35,2022-06-10 15:37:51
9723,2682,51,0,2021-03-31 17:45:35,2022-06-10 15:37:51
9724,2683,74,0,2021-03-31 17:45:35,2022-06-10 15:37:51
9725,2683,80,0,2021-03-31 17:45:35,2022-06-10 15:37:51
9726,2684,40,0,2021-03-31 17:45:35,2021-06-08 09:12:48
9727,2684,41,0,2021-03-31 17:45:35,2021-06-08 09:12:48
9728,2684,43,0,2021-03-31 17:45:35,2021-06-08 09:12:48
9729,2685,40,0,2021-03-31 17:45:35,2022-06-10 15:37:51
9730,2685,41,0,2021-03-31 17:45:35,2022-06-10 15:37:51
9731,2686,74,0,2021-03-31 17:45:35,2022-06-10 15:37:51
9732,2686,75,0,2021-03-31 17:45:35,2022-06-10 15:37:51
9733,2686,82,0,2021-03-31 17:45:35,2022-06-10 15:37:51
9734,2687,111,0,2021-03-31 17:45:35,2022-06-10 15:37:51
9735,2687,119,0,2021-03-31 17:45:35,2022-06-10 15:37:51
9736,2688,111,0,2021-03-31 17:45:35,2021-06-22 10:52:50
9737,2688,120,0,2021-03-31 17:45:35,2021-06-22 10:52:50
9738,2689,93,0,2021-03-31 17:45:35,2022-06-10 15:37:51
9739,2689,97,0,2021-03-31 17:45:35,2022-06-10 15:37:51
9740,2689,111,0,2021-03-31 17:45:35,2022-06-10 15:37:51
9741,2689,118,0,2021-03-31 17:45:35,2022-06-10 15:37:51
9742,2690,59,0,2021-03-31 17:45:35,2022-06-10 15:37:51
9743,2690,62,0,2021-03-31 17:45:35,2022-06-10 15:37:51
9744,2690,85,0,2021-03-31 17:45:35,2022-06-10 15:37:51
9745,2691,111,0,2021-03-31 17:45:36,2022-06-10 15:37:51
9746,2691,112,0,2021-03-31 17:45:36,2022-06-10 15:37:51
9747,2691,113,0,2021-03-31 17:45:36,2022-06-10 15:37:51
9748,2691,114,0,2021-03-31 17:45:36,2022-06-10 15:37:51
9749,2691,115,0,2021-03-31 17:45:36,2022-06-10 15:37:51
9750,2691,117,0,2021-03-31 17:45:36,2022-06-10 15:37:51
9751,2692,85,0,2021-03-31 17:45:36,2022-06-10 15:37:51
9752,2692,86,0,2021-03-31 17:45:36,2022-06-10 15:37:51
9753,2692,91,0,2021-03-31 17:45:36,2022-06-10 15:37:51
9754,2692,93,0,2021-03-31 17:45:36,2022-06-10 15:37:51
9755,2692,100,0,2021-03-31 17:45:36,2022-06-10 15:37:51
9756,2693,40,0,2021-03-31 17:45:36,2022-06-10 15:37:51
9757,2693,41,0,2021-03-31 17:45:36,2022-06-10 15:37:51
9758,2693,43,0,2021-03-31 17:45:36,2022-06-10 15:37:51
9759,2693,47,0,2021-03-31 17:45:36,2022-06-10 15:37:51
9760,2694,40,0,2021-03-31 17:45:36,2022-06-10 15:37:51
9761,2694,41,0,2021-03-31 17:45:36,2022-06-10 15:37:51
9762,2695,76,0,2021-03-31 17:45:36,2022-06-10 15:37:51
9763,2695,84,0,2021-03-31 17:45:36,2022-06-10 15:37:51
9764,2695,85,0,2021-03-31 17:45:36,2022-06-10 15:37:51
9765,2695,93,0,2021-03-31 17:45:36,2022-06-10 15:37:51
9766,2695,95,0,2021-03-31 17:45:36,2022-06-10 15:37:51
9767,2695,111,0,2021-03-31 17:45:36,2022-06-10 15:37:51
9768,2695,115,0,2021-03-31 17:45:36,2022-06-10 15:37:51
9769,2695,131,0,2021-03-31 17:45:36,2022-06-10 15:37:51
9770,2695,135,0,2021-03-31 17:45:36,2022-06-10 15:37:51
9771,2696,93,0,2021-03-31 17:45:36,2022-06-10 15:37:51
9772,2696,97,0,2021-03-31 17:45:36,2022-06-10 15:37:51
9773,2696,111,0,2021-03-31 17:45:36,2022-06-10 15:37:51
9774,2696,112,0,2021-03-31 17:45:36,2022-06-10 15:37:51
9775,2696,113,0,2021-03-31 17:45:36,2022-06-10 15:37:51
9776,2696,114,0,2021-03-31 17:45:36,2022-06-10 15:37:51
9777,2696,115,0,2021-03-31 17:45:36,2022-06-10 15:37:51
9778,2697,59,0,2021-03-31 17:45:36,2022-06-10 15:37:51
9779,2697,60,0,2021-03-31 17:45:36,2022-06-10 15:37:51
9780,2697,61,0,2021-03-31 17:45:36,2022-06-10 15:37:51
9781,2697,62,0,2021-03-31 17:45:36,2022-06-10 15:37:51
9782,2697,85,0,2021-03-31 17:45:36,2022-06-10 15:37:51
9783,2697,93,0,2021-03-31 17:45:36,2022-06-10 15:37:51
9784,2697,102,0,2021-03-31 17:45:36,2022-06-10 15:37:51
9785,2698,85,0,2021-03-31 17:45:36,2022-06-10 15:37:51
9786,2698,111,0,2021-03-31 17:45:36,2022-06-10 15:37:51
9787,2698,113,0,2021-03-31 17:45:36,2022-06-10 15:37:51
9788,2698,114,0,2021-03-31 17:45:36,2022-06-10 15:37:51
9789,2698,137,0,2021-03-31 17:45:36,2022-06-10 15:37:51
9790,2698,142,0,2021-03-31 17:45:36,2022-06-10 15:37:51
9791,2699,74,0,2021-03-31 17:45:36,2021-06-22 10:52:50
9792,2699,83,0,2021-03-31 17:45:36,2021-06-22 10:52:50
9793,2700,85,0,2021-03-31 17:45:36,2022-06-10 15:37:51
9794,2700,93,0,2021-03-31 17:45:36,2022-06-10 15:37:51
9795,2700,101,0,2021-03-31 17:45:36,2022-06-10 15:37:51
9796,2700,135,0,2021-03-31 17:45:36,2022-06-10 15:37:51
9797,2701,40,0,2021-03-31 17:45:36,2022-06-10 15:37:51
9798,2701,41,0,2021-03-31 17:45:36,2022-06-10 15:37:51
9799,2702,40,0,2021-03-31 17:45:36,2022-06-10 15:37:51
9800,2702,41,0,2021-03-31 17:45:36,2022-06-10 15:37:51
9801,2702,74,0,2021-03-31 17:45:36,2022-06-10 15:37:51
9802,2702,82,0,2021-03-31 17:45:36,2022-06-10 15:37:51
9803,2703,111,0,2021-03-31 17:45:36,2022-06-10 15:37:51
9804,2703,119,0,2021-03-31 17:45:36,2022-06-10 15:37:51
9805,2703,121,0,2021-03-31 17:45:36,2022-06-10 15:37:51
9806,2704,111,0,2021-03-31 17:45:36,2022-06-10 15:37:51
9807,2704,119,0,2021-03-31 17:45:36,2022-06-10 15:37:51
9808,2704,121,0,2021-03-31 17:45:36,2022-06-10 15:37:51
9809,2705,93,0,2021-03-31 17:45:36,2022-06-10 15:37:51
9810,2705,95,0,2021-03-31 17:45:36,2022-06-10 15:37:51
9811,2705,111,0,2021-03-31 17:45:36,2022-06-10 15:37:51
9812,2705,112,0,2021-03-31 17:45:36,2022-06-10 15:37:51
9813,2705,113,0,2021-03-31 17:45:36,2022-06-10 15:37:51
9814,2705,115,0,2021-03-31 17:45:36,2022-06-10 15:37:51
9815,2705,117,0,2021-03-31 17:45:36,2022-06-10 15:37:51
9816,2706,111,0,2021-03-31 17:45:36,2022-06-10 15:37:51
9817,2706,120,0,2021-03-31 17:45:36,2022-06-10 15:37:51
9818,2707,59,0,2021-03-31 17:45:36,2022-06-10 15:37:51
9819,2707,74,0,2021-03-31 17:45:36,2022-06-10 15:37:51
9820,2707,81,0,2021-03-31 17:45:36,2022-06-10 15:37:51
9821,2707,103,0,2021-03-31 17:45:36,2022-06-10 15:37:51
9822,2707,141,0,2021-03-31 17:45:36,2022-06-10 15:37:51
9823,2708,103,0,2021-03-31 17:45:36,2022-06-10 15:37:51
9824,2708,140,0,2021-03-31 17:45:36,2022-06-10 15:37:51
9825,2709,15,0,2021-03-31 17:45:36,2022-06-10 15:37:51
9826,2709,23,0,2021-03-31 17:45:36,2022-06-10 15:37:51
9827,2709,67,0,2021-03-31 17:45:36,2022-06-10 15:37:51
9828,2709,68,0,2021-03-31 17:45:36,2022-06-10 15:37:51
9829,2710,85,0,2021-03-31 17:45:36,2022-06-10 15:37:51
9830,2710,90,0,2021-03-31 17:45:36,2022-06-10 15:37:51
9831,2710,103,0,2021-03-31 17:45:36,2022-06-10 15:37:51
9832,2710,140,0,2021-03-31 17:45:36,2022-06-10 15:37:51
9833,2711,49,0,2021-03-31 17:45:36,2022-06-10 15:37:51
9834,2711,51,0,2021-03-31 17:45:36,2022-06-10 15:37:51
9835,2712,15,0,2021-03-31 17:45:36,2022-06-10 15:37:51
9836,2712,21,0,2021-03-31 17:45:36,2022-06-10 15:37:51
9837,2712,49,0,2021-03-31 17:45:36,2022-06-10 15:37:51
9838,2712,50,0,2021-03-31 17:45:36,2022-06-10 15:37:51
9839,2713,74,0,2021-03-31 17:45:36,2022-06-10 15:37:51
9840,2713,93,0,2021-03-31 17:45:36,2022-06-10 15:37:51
9841,2713,97,0,2021-03-31 17:45:36,2022-06-10 15:37:51
9842,2713,99,0,2021-03-31 17:45:36,2022-06-10 15:37:51
9843,2713,131,0,2021-03-31 17:45:36,2022-06-10 15:37:51
9844,2714,49,0,2021-03-31 17:45:36,2022-06-10 15:37:51
9845,2714,50,0,2021-03-31 17:45:36,2022-06-10 15:37:51
9846,2714,51,0,2021-03-31 17:45:36,2022-06-10 15:37:51
9847,2714,54,0,2021-03-31 17:45:36,2022-06-10 15:37:51
9848,2714,74,0,2021-03-31 17:45:36,2022-06-10 15:37:51
9849,2714,93,0,2021-03-31 17:45:36,2022-06-10 15:37:51
9850,2714,95,0,2021-03-31 17:45:36,2022-06-10 15:37:51
9851,2714,133,0,2021-03-31 17:45:36,2022-06-10 15:37:51
9852,2715,40,0,2021-03-31 17:45:36,2022-06-10 15:37:51
9853,2715,41,0,2021-03-31 17:45:36,2022-06-10 15:37:51
9854,2715,85,0,2021-03-31 17:45:36,2022-06-10 15:37:51
9855,2715,86,0,2021-03-31 17:45:36,2022-06-10 15:37:51
9856,2715,87,0,2021-03-31 17:45:36,2022-06-10 15:37:51
9857,2716,59,0,2021-03-31 17:45:36,2022-06-10 15:37:51
9858,2716,60,0,2021-03-31 17:45:36,2022-06-10 15:37:51
9859,2716,61,0,2021-03-31 17:45:36,2022-06-10 15:37:51
9860,2716,62,0,2021-03-31 17:45:36,2022-06-10 15:37:51
9861,2716,63,0,2021-03-31 17:45:36,2022-06-10 15:37:51
9862,2716,127,0,2021-03-31 17:45:36,2022-06-10 15:37:51
9863,2717,59,0,2021-03-31 17:45:36,2022-06-10 15:37:51
9864,2717,85,0,2021-03-31 17:45:36,2022-06-10 15:37:51
9865,2717,135,0,2021-03-31 17:45:36,2022-06-10 15:37:51
9866,2718,15,0,2021-03-31 17:45:36,2022-06-10 15:37:51
9867,2718,23,0,2021-03-31 17:45:36,2022-06-10 15:37:51
9868,2718,67,0,2021-03-31 17:45:36,2022-06-10 15:37:51
9869,2718,68,0,2021-03-31 17:45:36,2022-06-10 15:37:51
9870,2719,103,0,2021-03-31 17:45:36,2022-06-10 15:37:51
9871,2719,104,0,2021-03-31 17:45:36,2022-06-10 15:37:51
9872,2719,105,0,2021-03-31 17:45:36,2022-06-10 15:37:51
9873,2719,106,0,2021-03-31 17:45:36,2022-06-10 15:37:51
9874,2719,107,0,2021-03-31 17:45:36,2022-06-10 15:37:51
9875,2719,108,0,2021-03-31 17:45:36,2022-06-10 15:37:51
9876,2719,109,0,2021-03-31 17:45:36,2022-06-10 15:37:51
9877,2719,110,0,2021-03-31 17:45:36,2022-06-10 15:37:51
9878,2720,74,0,2021-03-31 17:45:36,2022-06-10 15:37:51
9879,2720,79,0,2021-03-31 17:45:36,2022-06-10 15:37:51
9880,2721,59,0,2021-03-31 17:45:36,2022-06-10 15:37:51
9881,2721,62,0,2021-03-31 17:45:36,2022-06-10 15:37:51
9882,2722,49,0,2021-03-31 17:45:36,2022-06-10 15:37:51
9883,2722,51,0,2021-03-31 17:45:36,2022-06-10 15:37:51
9884,2722,52,0,2021-03-31 17:45:36,2022-06-10 15:37:51
9885,2722,93,0,2021-03-31 17:45:36,2022-06-10 15:37:51
9886,2722,100,0,2021-03-31 17:45:36,2022-06-10 15:37:51
9887,2722,125,0,2021-03-31 17:45:36,2022-06-10 15:37:51
9888,2722,126,0,2021-03-31 17:45:36,2022-06-10 15:37:51
9889,2723,40,0,2021-03-31 17:45:36,2022-06-10 15:37:51
9890,2723,42,0,2021-03-31 17:45:36,2022-06-10 15:37:51
9891,2723,44,0,2021-03-31 17:45:36,2022-06-10 15:37:51
9892,2723,48,0,2021-03-31 17:45:36,2022-06-10 15:37:51
9893,2723,74,0,2021-03-31 17:45:36,2022-06-10 15:37:51
9894,2723,75,0,2021-03-31 17:45:36,2022-06-10 15:37:51
9895,2723,82,0,2021-03-31 17:45:36,2022-06-10 15:37:51
9896,2724,67,0,2021-03-31 17:45:36,2022-06-10 15:37:51
9897,2724,71,0,2021-03-31 17:45:36,2022-06-10 15:37:51
9898,2725,59,0,2021-03-31 17:45:36,2022-06-10 15:37:51
9899,2725,60,0,2021-03-31 17:45:36,2022-06-10 15:37:51
9900,2725,85,0,2021-03-31 17:45:36,2022-06-10 15:37:51
9901,2725,142,0,2021-03-31 17:45:36,2022-06-10 15:37:51
9902,2726,93,0,2021-03-31 17:45:36,2022-06-10 15:37:51
9903,2726,99,0,2021-03-31 17:45:36,2022-06-10 15:37:51
9904,2727,32,0,2021-03-31 17:45:36,2022-06-10 15:37:51
9905,2727,35,0,2021-03-31 17:45:36,2022-06-10 15:37:51
9906,2728,111,0,2021-03-31 17:45:36,2022-06-10 15:37:51
9907,2729,4,0,2021-03-31 17:45:36,2022-06-10 15:37:51
9908,2729,6,0,2021-03-31 17:45:36,2022-06-10 15:37:51
9909,2730,15,0,2021-03-31 17:45:36,2022-06-10 15:37:51
9910,2730,23,0,2021-03-31 17:45:36,2022-06-10 15:37:51
9911,2730,67,0,2021-03-31 17:45:36,2022-06-10 15:37:51
9912,2730,68,0,2021-03-31 17:45:36,2022-06-10 15:37:51
9913,2730,71,0,2021-03-31 17:45:36,2022-06-10 15:37:51
9914,2731,67,0,2021-03-31 17:45:36,2022-06-10 15:37:51
9915,2731,71,0,2021-03-31 17:45:36,2022-06-10 15:37:51
9916,2732,15,0,2021-03-31 17:45:36,2022-06-10 15:37:51
9917,2732,23,0,2021-03-31 17:45:36,2022-06-10 15:37:51
9918,2732,67,0,2021-03-31 17:45:36,2022-06-10 15:37:51
9919,2732,68,0,2021-03-31 17:45:36,2022-06-10 15:37:51
9920,2733,15,0,2021-03-31 17:45:36,2022-06-10 15:37:51
9921,2733,21,0,2021-03-31 17:45:36,2022-06-10 15:37:51
9922,2734,67,0,2021-03-31 17:45:36,2022-06-10 15:37:51
9923,2734,68,0,2021-03-31 17:45:36,2022-06-10 15:37:51
9924,2734,71,0,2021-03-31 17:45:36,2022-06-10 15:37:51
9925,2735,49,0,2021-03-31 17:45:36,2022-06-10 15:37:51
9926,2735,51,0,2021-03-31 17:45:36,2022-06-10 15:37:51
9927,2736,49,0,2021-03-31 17:45:36,2022-06-10 15:37:51
9928,2736,50,0,2021-03-31 17:45:36,2022-06-10 15:37:51
9929,2736,51,0,2021-03-31 17:45:36,2022-06-10 15:37:51
9930,2736,74,0,2021-03-31 17:45:36,2022-06-10 15:37:51
9931,2736,85,0,2021-03-31 17:45:36,2022-06-10 15:37:51
9932,2736,88,0,2021-03-31 17:45:36,2022-06-10 15:37:51
9933,2736,131,0,2021-03-31 17:45:36,2022-06-10 15:37:51
9934,2736,137,0,2021-03-31 17:45:36,2022-06-10 15:37:51
9935,2737,,0,2021-03-31 17:45:36,2021-05-06 06:52:41
9936,2738,111,0,2021-03-31 17:45:36,2021-06-22 10:52:50
9937,2738,112,0,2021-03-31 17:45:36,2021-06-22 10:52:50
9938,2739,74,0,2021-03-31 17:45:36,2021-06-22 10:52:50
9939,2739,79,0,2021-03-31 17:45:36,2021-06-22 10:52:50
9940,2740,49,0,2021-03-31 17:45:36,2022-06-10 15:37:51
9941,2740,50,0,2021-03-31 17:45:36,2022-06-10 15:37:51
9942,2740,58,0,2021-03-31 17:45:36,2022-06-10 15:37:51
9943,2741,49,0,2021-03-31 17:45:36,2022-06-10 15:37:51
9944,2741,51,0,2021-03-31 17:45:36,2022-06-10 15:37:51
9945,2742,93,0,2021-03-31 17:45:36,2021-06-22 10:52:50
9946,2742,98,0,2021-03-31 17:45:36,2021-06-22 10:52:50
9947,2742,103,0,2021-03-31 17:45:36,2021-06-22 10:52:50
9948,2742,107,0,2021-03-31 17:45:36,2021-06-22 10:52:50
9949,2743,49,0,2021-03-31 17:45:36,2022-06-10 15:37:51
9950,2743,50,0,2021-03-31 17:45:36,2022-06-10 15:37:51
9951,2743,126,0,2021-03-31 17:45:36,2022-06-10 15:37:51
9952,2744,,0,2021-03-31 17:45:36,2021-04-16 16:26:08
9953,2745,74,0,2021-03-31 17:45:36,2022-06-10 15:37:51
9954,2745,80,0,2021-03-31 17:45:36,2022-06-10 15:37:51
9955,2746,74,0,2021-03-31 17:45:36,2021-06-22 10:52:50
9956,2746,111,0,2021-03-31 17:45:36,2021-06-22 10:52:50
9957,2746,116,0,2021-03-31 17:45:36,2021-06-22 10:52:50
9958,2746,129,0,2021-03-31 17:45:36,2021-06-22 10:52:50
9959,2747,93,0,2021-03-31 17:45:36,2022-06-10 15:37:51
9960,2747,98,0,2021-03-31 17:45:36,2022-06-10 15:37:51
9961,2748,103,0,2021-03-31 17:45:36,2022-06-10 15:37:51
9962,2748,140,0,2021-03-31 17:45:36,2022-06-10 15:37:51
9963,2748,141,0,2021-03-31 17:45:36,2022-06-10 15:37:51
9964,2749,40,0,2021-03-31 17:45:36,2022-06-10 15:37:51
9965,2749,41,0,2021-03-31 17:45:36,2022-06-10 15:37:51
9966,2749,43,0,2021-03-31 17:45:36,2022-06-10 15:37:51
9967,2749,47,0,2021-03-31 17:45:36,2022-06-10 15:37:51
9968,2749,93,0,2021-03-31 17:45:36,2022-06-10 15:37:51
9969,2749,97,0,2021-03-31 17:45:36,2022-06-10 15:37:51
9970,2750,93,0,2021-03-31 17:45:36,2022-06-10 15:37:51
9971,2750,98,0,2021-03-31 17:45:36,2022-06-10 15:37:51
9972,2751,49,0,2021-03-31 17:45:36,2022-06-10 15:37:51
9973,2751,51,0,2021-03-31 17:45:36,2022-06-10 15:37:51
9974,2752,49,0,2021-03-31 17:45:36,2022-06-10 15:37:51
9975,2752,50,0,2021-03-31 17:45:36,2022-06-10 15:37:51
9976,2752,54,0,2021-03-31 17:45:36,2022-06-10 15:37:51
9977,2752,56,0,2021-03-31 17:45:36,2022-06-10 15:37:51
9978,2753,93,0,2021-03-31 17:45:36,2022-06-10 15:37:51
9979,2753,98,0,2021-03-31 17:45:36,2022-06-10 15:37:51
9980,2754,111,0,2021-03-31 17:45:36,2022-06-10 15:37:51
9981,2754,112,0,2021-03-31 17:45:36,2022-06-10 15:37:51
9982,2754,113,0,2021-03-31 17:45:36,2022-06-10 15:37:51
9983,2754,114,0,2021-03-31 17:45:36,2022-06-10 15:37:51
9984,2754,115,0,2021-03-31 17:45:36,2022-06-10 15:37:51
9985,2754,117,0,2021-03-31 17:45:36,2022-06-10 15:37:51
9986,2755,49,0,2021-03-31 17:45:36,2022-06-10 15:37:51
9987,2755,50,0,2021-03-31 17:45:36,2022-06-10 15:37:51
9988,2756,103,0,2021-03-31 17:45:36,2022-06-10 15:37:51
9989,2756,110,0,2021-03-31 17:45:36,2022-06-10 15:37:51
9990,2756,111,0,2021-03-31 17:45:36,2022-06-10 15:37:51
9991,2756,117,0,2021-03-31 17:45:36,2022-06-10 15:37:51
9992,2756,118,0,2021-03-31 17:45:36,2022-06-10 15:37:51
9993,2757,74,0,2021-03-31 17:45:36,2022-06-10 15:37:51
9994,2757,129,0,2021-03-31 17:45:36,2022-06-10 15:37:51
9995,2757,132,0,2021-03-31 17:45:36,2022-06-10 15:37:51
9996,2758,25,0,2021-03-31 17:45:36,2021-06-22 10:52:50
9997,2758,49,0,2021-03-31 17:45:36,2021-06-22 10:52:50
9998,2758,50,0,2021-03-31 17:45:36,2021-06-22 10:52:50
9999,2758,124,0,2021-03-31 17:45:36,2021-06-22 10:52:50
10000,2759,93,0,2021-03-31 17:45:36,2022-06-10 15:37:51
10001,2759,100,0,2021-03-31 17:45:36,2022-06-10 15:37:51
10002,2760,59,0,2021-03-31 17:45:36,2022-06-10 15:37:51
10003,2760,61,0,2021-03-31 17:45:36,2022-06-10 15:37:51
10004,2760,93,0,2021-03-31 17:45:36,2022-06-10 15:37:51
10005,2760,101,0,2021-03-31 17:45:36,2022-06-10 15:37:51
10006,2761,49,0,2021-03-31 17:45:36,2021-06-22 10:52:50
10007,2761,50,0,2021-03-31 17:45:36,2021-06-22 10:52:50
10008,2761,51,0,2021-03-31 17:45:36,2021-06-22 10:52:50
10009,2761,52,0,2021-03-31 17:45:36,2021-06-22 10:52:50
10010,2762,67,0,2021-03-31 17:45:36,2022-06-10 15:37:51
10011,2762,69,0,2021-03-31 17:45:36,2022-06-10 15:37:51
10012,2763,67,0,2021-03-31 17:45:36,2022-06-10 15:37:51
10013,2763,71,0,2021-03-31 17:45:36,2022-06-10 15:37:51
10014,2763,74,0,2021-03-31 17:45:36,2022-06-10 15:37:51
10015,2763,131,0,2021-03-31 17:45:36,2022-06-10 15:37:51
10016,2764,1,0,2021-03-31 17:45:36,2022-06-10 15:37:51
10017,2764,2,0,2021-03-31 17:45:36,2022-06-10 15:37:51
10018,2764,49,0,2021-03-31 17:45:36,2022-06-10 15:37:51
10019,2764,51,0,2021-03-31 17:45:36,2022-06-10 15:37:51
10020,2764,54,0,2021-03-31 17:45:36,2022-06-10 15:37:51
10021,2764,55,0,2021-03-31 17:45:36,2022-06-10 15:37:51
10022,2764,57,0,2021-03-31 17:45:36,2022-06-10 15:37:51
10023,2765,49,0,2021-03-31 17:45:36,2022-06-10 15:37:51
10024,2765,51,0,2021-03-31 17:45:36,2022-06-10 15:37:51
10025,2765,85,0,2021-03-31 17:45:36,2022-06-10 15:37:51
10026,2765,88,0,2021-03-31 17:45:36,2022-06-10 15:37:51
10027,2766,49,0,2021-03-31 17:45:36,2022-06-10 15:37:51
10028,2766,50,0,2021-03-31 17:45:36,2022-06-10 15:37:51
10029,2766,51,0,2021-03-31 17:45:36,2022-06-10 15:37:51
10030,2766,54,0,2021-03-31 17:45:36,2022-06-10 15:37:51
10031,2766,55,0,2021-03-31 17:45:36,2022-06-10 15:37:51
10032,2766,56,0,2021-03-31 17:45:36,2022-06-10 15:37:51
10033,2766,57,0,2021-03-31 17:45:36,2022-06-10 15:37:51
10034,2766,58,0,2021-03-31 17:45:36,2022-06-10 15:37:51
10035,2767,49,0,2021-03-31 17:45:36,2022-06-10 15:37:51
10036,2767,50,0,2021-03-31 17:45:36,2022-06-10 15:37:51
10037,2767,54,0,2021-03-31 17:45:36,2022-06-10 15:37:51
10038,2768,49,0,2021-03-31 17:45:36,2021-06-22 10:52:50
10039,2768,54,0,2021-03-31 17:45:36,2021-06-22 10:52:50
10040,2768,111,0,2021-03-31 17:45:36,2021-06-22 10:52:50
10041,2768,113,0,2021-03-31 17:45:36,2021-06-22 10:52:50
10042,2768,114,0,2021-03-31 17:45:36,2021-06-22 10:52:50
10043,2768,115,0,2021-03-31 17:45:36,2021-06-22 10:52:50
10044,2768,117,0,2021-03-31 17:45:36,2021-06-22 10:52:50
10045,2769,15,0,2021-03-31 17:45:36,2022-06-10 15:37:51
10046,2769,16,0,2021-03-31 17:45:36,2022-06-10 15:37:51
10047,2769,17,0,2021-03-31 17:45:36,2022-06-10 15:37:51
10048,2769,19,0,2021-03-31 17:45:36,2022-06-10 15:37:51
10049,2769,21,0,2021-03-31 17:45:36,2022-06-10 15:37:51
10050,2769,23,0,2021-03-31 17:45:36,2022-06-10 15:37:51
10051,2769,49,0,2021-03-31 17:45:36,2022-06-10 15:37:51
10052,2769,50,0,2021-03-31 17:45:36,2022-06-10 15:37:51
10053,2769,51,0,2021-03-31 17:45:36,2022-06-10 15:37:51
10054,2769,54,0,2021-03-31 17:45:36,2022-06-10 15:37:51
10055,2769,74,0,2021-03-31 17:45:36,2022-06-10 15:37:51
10056,2769,93,0,2021-03-31 17:45:36,2022-06-10 15:37:51
10057,2769,94,0,2021-03-31 17:45:36,2022-06-10 15:37:51
10058,2769,111,0,2021-03-31 17:45:36,2022-06-10 15:37:51
10059,2769,112,0,2021-03-31 17:45:36,2022-06-10 15:37:51
10060,2769,113,0,2021-03-31 17:45:36,2022-06-10 15:37:51
10061,2769,114,0,2021-03-31 17:45:36,2022-06-10 15:37:51
10062,2769,117,0,2021-03-31 17:45:36,2022-06-10 15:37:51
10063,2769,118,0,2021-03-31 17:45:36,2022-06-10 15:37:51
10064,2769,129,0,2021-03-31 17:45:36,2022-06-10 15:37:51
10065,2770,49,0,2021-03-31 17:45:36,2022-06-10 15:37:51
10066,2770,54,0,2021-03-31 17:45:36,2022-06-10 15:37:51
10067,2770,57,0,2021-03-31 17:45:36,2022-06-10 15:37:51
10068,2770,58,0,2021-03-31 17:45:36,2022-06-10 15:37:51
10069,2771,49,0,2021-03-31 17:45:36,2022-06-10 15:37:51
10070,2771,53,0,2021-03-31 17:45:36,2022-06-10 15:37:51
10071,2771,57,0,2021-03-31 17:45:36,2022-06-10 15:37:51
10072,2772,40,0,2021-03-31 17:45:36,2022-06-10 15:37:51
10073,2772,74,0,2021-03-31 17:45:36,2022-06-10 15:37:51
10074,2772,82,0,2021-03-31 17:45:36,2022-06-10 15:37:51
10075,2772,85,0,2021-03-31 17:45:36,2022-06-10 15:37:51
10076,2772,87,0,2021-03-31 17:45:36,2022-06-10 15:37:51
10077,2773,40,0,2021-03-31 17:45:36,2022-06-10 15:37:51
10078,2773,48,0,2021-03-31 17:45:36,2022-06-10 15:37:51
10079,2774,40,0,2021-03-31 17:45:36,2022-06-10 15:37:51
10080,2774,42,0,2021-03-31 17:45:36,2022-06-10 15:37:51
10081,2774,44,0,2021-03-31 17:45:36,2022-06-10 15:37:51
10082,2774,74,0,2021-03-31 17:45:36,2022-06-10 15:37:51
10083,2774,75,0,2021-03-31 17:45:36,2022-06-10 15:37:51
10084,2774,82,0,2021-03-31 17:45:36,2022-06-10 15:37:51
10085,2774,85,0,2021-03-31 17:45:36,2022-06-10 15:37:51
10086,2774,86,0,2021-03-31 17:45:36,2022-06-10 15:37:51
10087,2774,87,0,2021-03-31 17:45:36,2022-06-10 15:37:51
10088,2775,103,0,2021-03-31 17:45:36,2022-06-10 15:37:51
10089,2775,140,0,2021-03-31 17:45:36,2022-06-10 15:37:51
10090,2776,59,0,2021-03-31 17:45:36,2022-06-10 15:37:51
10091,2776,62,0,2021-03-31 17:45:36,2022-06-10 15:37:51
10092,2777,1,0,2021-03-31 17:45:36,2022-06-10 15:37:51
10093,2777,2,0,2021-03-31 17:45:36,2022-06-10 15:37:51
10094,2778,2,0,2021-03-31 17:45:36,2021-06-22 10:52:50
10095,2778,49,0,2021-03-31 17:45:36,2021-06-22 10:52:50
10096,2778,51,0,2021-03-31 17:45:36,2021-06-22 10:52:50
10097,2778,54,0,2021-03-31 17:45:36,2021-06-22 10:52:50
10098,2778,55,0,2021-03-31 17:45:36,2021-06-22 10:52:50
10099,2778,57,0,2021-03-31 17:45:36,2021-06-22 10:52:50
10100,2778,58,0,2021-03-31 17:45:36,2021-06-22 10:52:50
10101,2778,67,0,2021-03-31 17:45:36,2021-06-22 10:52:50
10102,2778,68,0,2021-03-31 17:45:36,2021-06-22 10:52:50
10103,2778,71,0,2021-03-31 17:45:36,2021-06-22 10:52:50
10104,2778,85,0,2021-03-31 17:45:36,2021-06-22 10:52:50
10105,2779,74,0,2021-03-31 17:45:36,2022-06-10 15:37:51
10106,2779,84,0,2021-03-31 17:45:36,2022-06-10 15:37:51
10107,2779,85,0,2021-03-31 17:45:36,2022-06-10 15:37:51
10108,2779,89,0,2021-03-31 17:45:36,2022-06-10 15:37:51
10109,2779,93,0,2021-03-31 17:45:36,2022-06-10 15:37:51
10110,2779,95,0,2021-03-31 17:45:36,2022-06-10 15:37:51
10111,2779,131,0,2021-03-31 17:45:36,2022-06-10 15:37:51
10112,2780,2,0,2021-03-31 17:45:36,2022-06-10 15:37:51
10113,2781,74,0,2021-03-31 17:45:36,2022-06-10 15:37:51
10114,2781,111,0,2021-03-31 17:45:36,2022-06-10 15:37:51
10115,2781,112,0,2021-03-31 17:45:36,2022-06-10 15:37:51
10116,2781,116,0,2021-03-31 17:45:36,2022-06-10 15:37:51
10117,2781,129,0,2021-03-31 17:45:36,2022-06-10 15:37:51
10118,2781,131,0,2021-03-31 17:45:36,2022-06-10 15:37:51
10119,2781,132,0,2021-03-31 17:45:36,2022-06-10 15:37:51
10120,2782,40,0,2021-03-31 17:45:37,2022-06-10 15:37:51
10121,2782,42,0,2021-03-31 17:45:37,2022-06-10 15:37:51
10122,2782,47,0,2021-03-31 17:45:37,2022-06-10 15:37:51
10123,2783,59,0,2021-03-31 17:45:37,2022-06-10 15:37:51
10124,2783,93,0,2021-03-31 17:45:37,2022-06-10 15:37:51
10125,2783,101,0,2021-03-31 17:45:37,2022-06-10 15:37:51
10126,2783,103,0,2021-03-31 17:45:37,2022-06-10 15:37:51
10127,2783,127,0,2021-03-31 17:45:37,2022-06-10 15:37:51
10128,2783,128,0,2021-03-31 17:45:37,2022-06-10 15:37:51
10129,2784,49,0,2021-03-31 17:45:37,2022-06-10 15:37:51
10130,2784,50,0,2021-03-31 17:45:37,2022-06-10 15:37:51
10131,2784,52,0,2021-03-31 17:45:37,2022-06-10 15:37:51
10132,2785,40,0,2021-03-31 17:45:37,2022-06-10 15:37:51
10133,2785,41,0,2021-03-31 17:45:37,2022-06-10 15:37:51
10134,2785,43,0,2021-03-31 17:45:37,2022-06-10 15:37:51
10135,2785,47,0,2021-03-31 17:45:37,2022-06-10 15:37:51
10136,2786,59,0,2021-03-31 17:45:37,2022-06-10 15:37:51
10137,2786,93,0,2021-03-31 17:45:37,2022-06-10 15:37:51
10138,2786,94,0,2021-03-31 17:45:37,2022-06-10 15:37:51
10139,2786,95,0,2021-03-31 17:45:37,2022-06-10 15:37:51
10140,2786,103,0,2021-03-31 17:45:37,2022-06-10 15:37:51
10141,2786,127,0,2021-03-31 17:45:37,2022-06-10 15:37:51
10142,2786,138,0,2021-03-31 17:45:37,2022-06-10 15:37:51
10143,2786,141,0,2021-03-31 17:45:37,2022-06-10 15:37:51
10144,2787,103,0,2021-03-31 17:45:37,2022-06-10 15:37:51
10145,2787,140,0,2021-03-31 17:45:37,2022-06-10 15:37:51
10146,2788,59,0,2021-03-31 17:45:37,2022-06-10 15:37:51
10147,2788,61,0,2021-03-31 17:45:37,2022-06-10 15:37:51
10148,2788,62,0,2021-03-31 17:45:37,2022-06-10 15:37:51
10149,2788,85,0,2021-03-31 17:45:37,2022-06-10 15:37:51
10150,2788,93,0,2021-03-31 17:45:37,2022-06-10 15:37:51
10151,2788,101,0,2021-03-31 17:45:37,2022-06-10 15:37:51
10152,2788,134,0,2021-03-31 17:45:37,2022-06-10 15:37:51
10153,2789,93,0,2021-03-31 17:45:37,2022-06-10 15:37:51
10154,2789,99,0,2021-03-31 17:45:37,2022-06-10 15:37:51
10155,2790,4,0,2021-03-31 17:45:37,2022-06-10 15:37:51
10156,2790,5,0,2021-03-31 17:45:37,2022-06-10 15:37:51
10157,2791,4,0,2021-03-31 17:45:37,2022-06-10 15:37:51
10158,2791,5,0,2021-03-31 17:45:37,2022-06-10 15:37:51
10159,2792,49,0,2021-03-31 17:45:37,2022-06-10 15:37:51
10160,2792,50,0,2021-03-31 17:45:37,2022-06-10 15:37:51
10161,2793,40,0,2021-03-31 17:45:37,2022-06-10 15:37:51
10162,2793,42,0,2021-03-31 17:45:37,2022-06-10 15:37:51
10163,2793,74,0,2021-03-31 17:45:37,2022-06-10 15:37:51
10164,2793,82,0,2021-03-31 17:45:37,2022-06-10 15:37:51
10165,2793,85,0,2021-03-31 17:45:37,2022-06-10 15:37:51
10166,2793,86,0,2021-03-31 17:45:37,2022-06-10 15:37:51
10167,2793,87,0,2021-03-31 17:45:37,2022-06-10 15:37:51
10168,2794,2,0,2021-03-31 17:45:37,2022-06-10 15:37:51
10169,2794,49,0,2021-03-31 17:45:37,2022-06-10 15:37:51
10170,2794,50,0,2021-03-31 17:45:37,2022-06-10 15:37:51
10171,2794,51,0,2021-03-31 17:45:37,2022-06-10 15:37:51
10172,2794,53,0,2021-03-31 17:45:37,2022-06-10 15:37:51
10173,2794,54,0,2021-03-31 17:45:37,2022-06-10 15:37:51
10174,2794,55,0,2021-03-31 17:45:37,2022-06-10 15:37:51
10175,2794,56,0,2021-03-31 17:45:37,2022-06-10 15:37:51
10176,2794,57,0,2021-03-31 17:45:37,2022-06-10 15:37:51
10177,2794,58,0,2021-03-31 17:45:37,2022-06-10 15:37:51
10178,2795,1,0,2021-03-31 17:45:37,2022-06-10 15:37:51
10179,2795,67,0,2021-03-31 17:45:37,2022-06-10 15:37:51
10180,2795,71,0,2021-03-31 17:45:37,2022-06-10 15:37:51
10181,2796,15,0,2021-03-31 17:45:37,2022-06-10 15:37:51
10182,2796,16,0,2021-03-31 17:45:37,2022-06-10 15:37:51
10183,2796,17,0,2021-03-31 17:45:37,2022-06-10 15:37:51
10184,2796,19,0,2021-03-31 17:45:37,2022-06-10 15:37:51
10185,2796,20,0,2021-03-31 17:45:37,2022-06-10 15:37:51
10186,2796,22,0,2021-03-31 17:45:37,2022-06-10 15:37:51
10187,2796,23,0,2021-03-31 17:45:37,2022-06-10 15:37:51
10188,2796,49,0,2021-03-31 17:45:37,2022-06-10 15:37:51
10189,2796,50,0,2021-03-31 17:45:37,2022-06-10 15:37:51
10190,2796,51,0,2021-03-31 17:45:37,2022-06-10 15:37:51
10191,2796,54,0,2021-03-31 17:45:37,2022-06-10 15:37:51
10192,2796,93,0,2021-03-31 17:45:37,2022-06-10 15:37:51
10193,2796,94,0,2021-03-31 17:45:37,2022-06-10 15:37:51
10194,2796,100,0,2021-03-31 17:45:37,2022-06-10 15:37:51
10195,2796,103,0,2021-03-31 17:45:37,2022-06-10 15:37:51
10196,2796,104,0,2021-03-31 17:45:37,2022-06-10 15:37:51
10197,2796,107,0,2021-03-31 17:45:37,2022-06-10 15:37:51
10198,2796,109,0,2021-03-31 17:45:37,2022-06-10 15:37:51
10199,2796,110,0,2021-03-31 17:45:37,2022-06-10 15:37:51
10200,2796,111,0,2021-03-31 17:45:37,2022-06-10 15:37:51
10201,2796,112,0,2021-03-31 17:45:37,2022-06-10 15:37:51
10202,2796,113,0,2021-03-31 17:45:37,2022-06-10 15:37:51
10203,2796,114,0,2021-03-31 17:45:37,2022-06-10 15:37:51
10204,2796,115,0,2021-03-31 17:45:37,2022-06-10 15:37:51
10205,2796,117,0,2021-03-31 17:45:37,2022-06-10 15:37:51
10206,2796,139,0,2021-03-31 17:45:37,2022-06-10 15:37:51
10207,2796,141,0,2021-03-31 17:45:37,2022-06-10 15:37:51
10208,2797,67,0,2021-03-31 17:45:37,2022-06-10 15:37:51
10209,2797,71,0,2021-03-31 17:45:37,2022-06-10 15:37:51
10210,2797,111,0,2021-03-31 17:45:37,2022-06-10 15:37:51
10211,2797,113,0,2021-03-31 17:45:37,2022-06-10 15:37:51
10212,2797,114,0,2021-03-31 17:45:37,2022-06-10 15:37:51
10213,2798,67,0,2021-03-31 17:45:37,2021-05-26 13:20:38
10214,2798,71,0,2021-03-31 17:45:37,2021-05-26 13:20:38
10215,2798,85,0,2021-03-31 17:45:37,2021-05-26 13:20:38
10216,2799,49,0,2021-03-31 17:45:37,2022-06-10 15:37:51
10217,2799,55,0,2021-03-31 17:45:37,2022-06-10 15:37:51
10218,2799,59,0,2021-03-31 17:45:37,2022-06-10 15:37:51
10219,2799,85,0,2021-03-31 17:45:37,2022-06-10 15:37:51
10220,2799,135,0,2021-03-31 17:45:37,2022-06-10 15:37:51
10221,2799,142,0,2021-03-31 17:45:37,2022-06-10 15:37:51
10222,2800,74,0,2021-03-31 17:45:37,2022-06-10 15:37:51
10223,2800,75,0,2021-03-31 17:45:37,2022-06-10 15:37:51
10224,2800,85,0,2021-03-31 17:45:37,2022-06-10 15:37:51
10225,2800,86,0,2021-03-31 17:45:37,2022-06-10 15:37:51
10226,2800,87,0,2021-03-31 17:45:37,2022-06-10 15:37:51
10227,2801,15,0,2021-03-31 17:45:37,2022-06-10 15:37:51
10228,2801,20,0,2021-03-31 17:45:37,2022-06-10 15:37:51
10229,2802,103,0,2021-03-31 17:45:37,2021-06-22 10:52:50
10230,2802,108,0,2021-03-31 17:45:37,2021-06-22 10:52:50
10231,2802,109,0,2021-03-31 17:45:37,2021-06-22 10:52:50
10232,2803,85,0,2021-03-31 17:45:37,2022-06-10 15:37:51
10233,2803,86,0,2021-03-31 17:45:37,2022-06-10 15:37:51
10234,2803,91,0,2021-03-31 17:45:37,2022-06-10 15:37:51
10235,2803,93,0,2021-03-31 17:45:37,2022-06-10 15:37:51
10236,2803,100,0,2021-03-31 17:45:37,2022-06-10 15:37:51
10237,2804,49,0,2021-03-31 17:45:37,2022-06-10 15:37:51
10238,2805,49,0,2021-03-31 17:45:37,2022-06-10 15:37:51
10239,2805,51,0,2021-03-31 17:45:37,2022-06-10 15:37:51
10240,2805,85,0,2021-03-31 17:45:37,2022-06-10 15:37:51
10241,2805,88,0,2021-03-31 17:45:37,2022-06-10 15:37:51
10242,2806,2,0,2021-03-31 17:45:37,2022-06-10 15:37:51
10243,2806,49,0,2021-03-31 17:45:37,2022-06-10 15:37:51
10244,2806,51,0,2021-03-31 17:45:37,2022-06-10 15:37:51
10245,2807,74,0,2021-03-31 17:45:37,2022-06-10 15:37:51
10246,2807,111,0,2021-03-31 17:45:37,2022-06-10 15:37:51
10247,2807,112,0,2021-03-31 17:45:37,2022-06-10 15:37:51
10248,2807,113,0,2021-03-31 17:45:37,2022-06-10 15:37:51
10249,2807,114,0,2021-03-31 17:45:37,2022-06-10 15:37:51
10250,2807,115,0,2021-03-31 17:45:37,2022-06-10 15:37:51
10251,2807,116,0,2021-03-31 17:45:37,2022-06-10 15:37:51
10252,2807,129,0,2021-03-31 17:45:37,2022-06-10 15:37:51
10253,2807,131,0,2021-03-31 17:45:37,2022-06-10 15:37:51
10254,2807,132,0,2021-03-31 17:45:37,2022-06-10 15:37:51
10255,2808,112,0,2021-03-31 17:45:37,2022-06-10 15:37:51
10256,2808,113,0,2021-03-31 17:45:37,2022-06-10 15:37:51
10257,2808,114,0,2021-03-31 17:45:37,2022-06-10 15:37:51
10258,2808,115,0,2021-03-31 17:45:37,2022-06-10 15:37:51
10259,2808,117,0,2021-03-31 17:45:37,2022-06-10 15:37:51
10260,2809,49,0,2021-03-31 17:45:37,2022-06-10 15:37:51
10261,2809,51,0,2021-03-31 17:45:37,2022-06-10 15:37:51
10262,2810,103,0,2021-03-31 17:45:37,2021-05-26 13:20:38
10263,2810,109,0,2021-03-31 17:45:37,2021-05-26 13:20:38
10264,2811,74,0,2021-03-31 17:45:37,2022-06-10 15:37:51
10265,2811,93,0,2021-03-31 17:45:37,2022-06-10 15:37:51
10266,2811,100,0,2021-03-31 17:45:37,2022-06-10 15:37:51
10267,2811,111,0,2021-03-31 17:45:37,2022-06-10 15:37:51
10268,2811,116,0,2021-03-31 17:45:37,2022-06-10 15:37:51
10269,2811,129,0,2021-03-31 17:45:37,2022-06-10 15:37:51
10270,2811,131,0,2021-03-31 17:45:37,2022-06-10 15:37:51
10271,2811,132,0,2021-03-31 17:45:37,2022-06-10 15:37:51
10272,2812,15,0,2021-03-31 17:45:37,2022-06-10 15:37:51
10273,2812,17,0,2021-03-31 17:45:37,2022-06-10 15:37:51
10274,2813,74,0,2021-03-31 17:45:37,2021-06-22 10:52:50
10275,2813,84,0,2021-03-31 17:45:37,2021-06-22 10:52:50
10276,2813,85,0,2021-03-31 17:45:37,2021-06-22 10:52:50
10277,2813,89,0,2021-03-31 17:45:37,2021-06-22 10:52:50
10278,2813,93,0,2021-03-31 17:45:37,2021-06-22 10:52:50
10279,2813,95,0,2021-03-31 17:45:37,2021-06-22 10:52:50
10280,2814,4,0,2021-03-31 17:45:37,2022-06-10 15:37:51
10281,2814,6,0,2021-03-31 17:45:37,2022-06-10 15:37:51
10282,2815,15,0,2021-03-31 17:45:37,2022-06-10 15:37:51
10283,2815,23,0,2021-03-31 17:45:37,2022-06-10 15:37:51
10284,2815,67,0,2021-03-31 17:45:37,2022-06-10 15:37:51
10285,2815,68,0,2021-03-31 17:45:37,2022-06-10 15:37:51
10286,2815,69,0,2021-03-31 17:45:37,2022-06-10 15:37:51
10287,2815,71,0,2021-03-31 17:45:37,2022-06-10 15:37:51
10288,2816,32,0,2021-03-31 17:45:37,2022-06-10 15:37:51
10289,2816,34,0,2021-03-31 17:45:37,2022-06-10 15:37:51
10290,2817,49,0,2021-03-31 17:45:37,2022-06-10 15:37:51
10291,2817,55,0,2021-03-31 17:45:37,2022-06-10 15:37:51
10292,2817,85,0,2021-03-31 17:45:37,2022-06-10 15:37:51
10293,2817,135,0,2021-03-31 17:45:37,2022-06-10 15:37:51
10294,2818,85,0,2021-03-31 17:45:37,2022-06-10 15:37:51
10295,2818,111,0,2021-03-31 17:45:37,2022-06-10 15:37:51
10296,2818,118,0,2021-03-31 17:45:37,2022-06-10 15:37:51
10297,2818,136,0,2021-03-31 17:45:37,2022-06-10 15:37:51
10298,2819,67,0,2021-03-31 17:45:37,2021-06-01 10:11:22
10299,2819,68,0,2021-03-31 17:45:37,2021-06-01 10:11:22
10300,2819,85,0,2021-03-31 17:45:37,2021-06-01 10:11:22
10301,2819,86,0,2021-03-31 17:45:37,2021-06-01 10:11:22
10302,2819,91,0,2021-03-31 17:45:37,2021-06-01 10:11:22
10303,2819,142,0,2021-03-31 17:45:37,2021-06-01 10:11:22
10304,2820,59,0,2021-03-31 17:45:37,2022-06-10 15:37:51
10305,2820,61,0,2021-03-31 17:45:37,2022-06-10 15:37:51
10306,2820,93,0,2021-03-31 17:45:37,2022-06-10 15:37:51
10307,2820,95,0,2021-03-31 17:45:37,2022-06-10 15:37:51
10308,2820,103,0,2021-03-31 17:45:37,2022-06-10 15:37:51
10309,2820,104,0,2021-03-31 17:45:37,2022-06-10 15:37:51
10310,2820,107,0,2021-03-31 17:45:37,2022-06-10 15:37:51
10311,2820,109,0,2021-03-31 17:45:37,2022-06-10 15:37:51
10312,2821,4,0,2021-03-31 17:45:37,2021-06-22 10:52:50
10313,2821,5,0,2021-03-31 17:45:37,2021-06-22 10:52:50
10314,2822,40,0,2021-03-31 17:45:37,2022-06-10 15:37:51
10315,2822,41,0,2021-03-31 17:45:37,2022-06-10 15:37:51
10316,2822,43,0,2021-03-31 17:45:37,2022-06-10 15:37:51
10317,2822,47,0,2021-03-31 17:45:37,2022-06-10 15:37:51
10318,2823,74,0,2021-03-31 17:45:37,2022-06-10 15:37:51
10319,2823,131,0,2021-03-31 17:45:37,2022-06-10 15:37:51
10320,2824,74,0,2021-03-31 17:45:37,2022-06-10 15:37:51
10321,2824,111,0,2021-03-31 17:45:37,2022-06-10 15:37:51
10322,2824,116,0,2021-03-31 17:45:37,2022-06-10 15:37:51
10323,2824,129,0,2021-03-31 17:45:37,2022-06-10 15:37:51
10324,2825,49,0,2021-03-31 17:45:37,2022-06-10 15:37:51
10325,2825,51,0,2021-03-31 17:45:37,2022-06-10 15:37:51
10326,2825,85,0,2021-03-31 17:45:37,2022-06-10 15:37:51
10327,2825,142,0,2021-03-31 17:45:37,2022-06-10 15:37:51
10328,2826,49,0,2021-03-31 17:45:37,2022-06-10 15:37:51
10329,2826,50,0,2021-03-31 17:45:37,2022-06-10 15:37:51
10330,2826,125,0,2021-03-31 17:45:37,2022-06-10 15:37:51
10331,2827,111,0,2021-03-31 17:45:37,2022-06-10 15:37:51
10332,2827,113,0,2021-03-31 17:45:37,2022-06-10 15:37:51
10333,2827,114,0,2021-03-31 17:45:37,2022-06-10 15:37:51
10334,2827,115,0,2021-03-31 17:45:37,2022-06-10 15:37:51
10335,2827,119,0,2021-03-31 17:45:37,2022-06-10 15:37:51
10336,2828,49,0,2021-03-31 17:45:37,2022-06-10 15:37:51
10337,2828,51,0,2021-03-31 17:45:37,2022-06-10 15:37:51
10338,2829,93,0,2021-03-31 17:45:37,2022-06-10 15:37:51
10339,2829,94,0,2021-03-31 17:45:37,2022-06-10 15:37:51
10340,2830,49,0,2021-03-31 17:45:37,2022-06-10 15:37:51
10341,2830,54,0,2021-03-31 17:45:37,2022-06-10 15:37:51
10342,2830,85,0,2021-03-31 17:45:37,2022-06-10 15:37:51
10343,2830,91,0,2021-03-31 17:45:37,2022-06-10 15:37:51
10344,2831,49,0,2021-03-31 17:45:37,2022-06-10 15:37:51
10345,2831,50,0,2021-03-31 17:45:37,2022-06-10 15:37:51
10346,2831,52,0,2021-03-31 17:45:37,2022-06-10 15:37:51
10347,2832,15,0,2021-03-31 17:45:37,2022-06-10 15:37:51
10348,2832,16,0,2021-03-31 17:45:37,2022-06-10 15:37:51
10349,2832,17,0,2021-03-31 17:45:37,2022-06-10 15:37:51
10350,2832,22,0,2021-03-31 17:45:37,2022-06-10 15:37:51
10351,2832,23,0,2021-03-31 17:45:37,2022-06-10 15:37:51
10352,2832,32,0,2021-03-31 17:45:37,2022-06-10 15:37:51
10353,2832,35,0,2021-03-31 17:45:37,2022-06-10 15:37:51
10354,2832,38,0,2021-03-31 17:45:37,2022-06-10 15:37:51
10355,2832,85,0,2021-03-31 17:45:37,2022-06-10 15:37:51
10356,2832,142,0,2021-03-31 17:45:37,2022-06-10 15:37:51
10357,2833,2,0,2021-03-31 17:45:37,2022-06-10 15:37:51
10358,2833,49,0,2021-03-31 17:45:37,2022-06-10 15:37:51
10359,2833,53,0,2021-03-31 17:45:37,2022-06-10 15:37:51
10360,2833,57,0,2021-03-31 17:45:37,2022-06-10 15:37:51
10361,2834,49,0,2021-03-31 17:45:37,2022-06-10 15:37:51
10362,2834,54,0,2021-03-31 17:45:37,2022-06-10 15:37:51
10363,2834,85,0,2021-03-31 17:45:37,2022-06-10 15:37:51
10364,2834,86,0,2021-03-31 17:45:37,2022-06-10 15:37:51
10365,2834,142,0,2021-03-31 17:45:37,2022-06-10 15:37:51
10366,2835,32,0,2021-03-31 17:45:37,2021-06-22 10:52:50
10367,2835,38,0,2021-03-31 17:45:37,2021-06-22 10:52:50
10368,2836,15,0,2021-03-31 17:45:37,2022-06-10 15:37:51
10369,2836,16,0,2021-03-31 17:45:37,2022-06-10 15:37:51
10370,2836,18,0,2021-03-31 17:45:37,2022-06-10 15:37:51
10371,2836,20,0,2021-03-31 17:45:37,2022-06-10 15:37:51
10372,2836,22,0,2021-03-31 17:45:37,2022-06-10 15:37:51
10373,2836,24,0,2021-03-31 17:45:37,2022-06-10 15:37:51
10374,2836,32,0,2021-03-31 17:45:37,2022-06-10 15:37:51
10375,2836,35,0,2021-03-31 17:45:37,2022-06-10 15:37:51
10376,2837,40,0,2021-03-31 17:45:37,2022-06-10 15:37:51
10377,2837,41,0,2021-03-31 17:45:37,2022-06-10 15:37:51
10378,2837,43,0,2021-03-31 17:45:37,2022-06-10 15:37:51
10379,2837,47,0,2021-03-31 17:45:37,2022-06-10 15:37:51
10380,2838,49,0,2021-03-31 17:45:37,2022-06-10 15:37:51
10381,2838,54,0,2021-03-31 17:45:37,2022-06-10 15:37:51
10382,2838,55,0,2021-03-31 17:45:37,2022-06-10 15:37:51
10383,2838,85,0,2021-03-31 17:45:37,2022-06-10 15:37:51
10384,2838,135,0,2021-03-31 17:45:37,2022-06-10 15:37:51
10385,2839,15,0,2021-03-31 17:45:37,2022-06-10 15:37:51
10386,2839,17,0,2021-03-31 17:45:37,2022-06-10 15:37:51
10387,2839,19,0,2021-03-31 17:45:37,2022-06-10 15:37:51
10388,2839,20,0,2021-03-31 17:45:37,2022-06-10 15:37:51
10389,2839,23,0,2021-03-31 17:45:37,2022-06-10 15:37:51
10390,2839,32,0,2021-03-31 17:45:37,2022-06-10 15:37:51
10391,2839,35,0,2021-03-31 17:45:37,2022-06-10 15:37:51
10392,2839,67,0,2021-03-31 17:45:37,2022-06-10 15:37:51
10393,2839,71,0,2021-03-31 17:45:37,2022-06-10 15:37:51
10394,2839,122,0,2021-03-31 17:45:37,2022-06-10 15:37:51
10395,2840,74,0,2021-03-31 17:45:37,2022-06-10 15:37:51
10396,2840,76,0,2021-03-31 17:45:37,2022-06-10 15:37:51
10397,2840,93,0,2021-03-31 17:45:37,2022-06-10 15:37:51
10398,2840,95,0,2021-03-31 17:45:37,2022-06-10 15:37:51
10399,2840,99,0,2021-03-31 17:45:37,2022-06-10 15:37:51
10400,2841,15,0,2021-03-31 17:45:37,2022-06-10 15:37:51
10401,2841,17,0,2021-03-31 17:45:37,2022-06-10 15:37:51
10402,2841,32,0,2021-03-31 17:45:37,2022-06-10 15:37:51
10403,2841,38,0,2021-03-31 17:45:37,2022-06-10 15:37:51
10404,2842,74,0,2021-03-31 17:45:37,2022-06-10 15:37:51
10405,2842,85,0,2021-03-31 17:45:37,2022-06-10 15:37:51
10406,2842,111,0,2021-03-31 17:45:37,2022-06-10 15:37:51
10407,2842,116,0,2021-03-31 17:45:37,2022-06-10 15:37:51
10408,2842,129,0,2021-03-31 17:45:37,2022-06-10 15:37:51
10409,2843,40,0,2021-03-31 17:45:37,2022-06-10 15:37:51
10410,2843,41,0,2021-03-31 17:45:37,2022-06-10 15:37:51
10411,2843,43,0,2021-03-31 17:45:37,2022-06-10 15:37:51
10412,2843,47,0,2021-03-31 17:45:37,2022-06-10 15:37:51
10413,2844,15,0,2021-03-31 17:45:37,2022-06-10 15:37:51
10414,2844,67,0,2021-03-31 17:45:37,2022-06-10 15:37:51
10415,2844,71,0,2021-03-31 17:45:37,2022-06-10 15:37:51
10416,2845,15,0,2021-03-31 17:45:37,2022-06-10 15:37:51
10417,2845,67,0,2021-03-31 17:45:37,2022-06-10 15:37:51
10418,2845,71,0,2021-03-31 17:45:37,2022-06-10 15:37:51
10419,2845,122,0,2021-03-31 17:45:37,2022-06-10 15:37:51
10420,2846,74,0,2021-03-31 17:45:37,2022-06-10 15:37:51
10421,2846,79,0,2021-03-31 17:45:37,2022-06-10 15:37:51
10422,2847,85,0,2021-03-31 17:45:37,2022-06-10 15:37:51
10423,2847,103,0,2021-03-31 17:45:37,2022-06-10 15:37:51
10424,2847,104,0,2021-03-31 17:45:37,2022-06-10 15:37:51
10425,2847,105,0,2021-03-31 17:45:37,2022-06-10 15:37:51
10426,2847,106,0,2021-03-31 17:45:37,2022-06-10 15:37:51
10427,2847,108,0,2021-03-31 17:45:37,2022-06-10 15:37:51
10428,2847,109,0,2021-03-31 17:45:37,2022-06-10 15:37:51
10429,2847,135,0,2021-03-31 17:45:37,2022-06-10 15:37:51
10430,2847,139,0,2021-03-31 17:45:37,2022-06-10 15:37:51
10431,2848,40,0,2021-03-31 17:45:37,2022-06-10 15:37:51
10432,2848,48,0,2021-03-31 17:45:37,2022-06-10 15:37:51
10433,2849,93,0,2021-03-31 17:45:37,2022-06-10 15:37:51
10434,2849,100,0,2021-03-31 17:45:37,2022-06-10 15:37:51
10435,2850,1,0,2021-03-31 17:45:37,2022-06-10 15:37:51
10436,2850,2,0,2021-03-31 17:45:37,2022-06-10 15:37:51
10437,2851,49,0,2021-03-31 17:45:37,2022-06-10 15:37:51
10438,2851,51,0,2021-03-31 17:45:37,2022-06-10 15:37:51
10439,2851,85,0,2021-03-31 17:45:37,2022-06-10 15:37:51
10440,2851,88,0,2021-03-31 17:45:37,2022-06-10 15:37:51
10441,2851,93,0,2021-03-31 17:45:37,2022-06-10 15:37:51
10442,2851,101,0,2021-03-31 17:45:37,2022-06-10 15:37:51
10443,2852,49,0,2021-03-31 17:45:37,2022-06-10 15:37:51
10444,2852,50,0,2021-03-31 17:45:37,2022-06-10 15:37:51
10445,2852,54,0,2021-03-31 17:45:37,2022-06-10 15:37:51
10446,2853,49,0,2021-03-31 17:45:37,2022-06-10 15:37:51
10447,2853,85,0,2021-03-31 17:45:37,2022-06-10 15:37:51
10448,2853,90,0,2021-03-31 17:45:37,2022-06-10 15:37:51
10449,2853,125,0,2021-03-31 17:45:37,2022-06-10 15:37:51
10450,2854,1,0,2021-03-31 17:45:37,2022-06-10 15:37:51
10451,2854,15,0,2021-03-31 17:45:37,2022-06-10 15:37:51
10452,2854,23,0,2021-03-31 17:45:37,2022-06-10 15:37:51
10453,2855,74,0,2021-03-31 17:45:37,2022-06-10 15:37:51
10454,2855,93,0,2021-03-31 17:45:37,2022-06-10 15:37:51
10455,2855,100,0,2021-03-31 17:45:37,2022-06-10 15:37:51
10456,2855,129,0,2021-03-31 17:45:37,2022-06-10 15:37:51
10457,2856,74,0,2021-03-31 17:45:37,2022-06-10 15:37:51
10458,2856,93,0,2021-03-31 17:45:37,2022-06-10 15:37:51
10459,2856,100,0,2021-03-31 17:45:37,2022-06-10 15:37:51
10460,2856,129,0,2021-03-31 17:45:37,2022-06-10 15:37:51
10461,2857,74,0,2021-03-31 17:45:37,2022-06-10 15:37:51
10462,2857,77,0,2021-03-31 17:45:37,2022-06-10 15:37:51
10463,2858,49,0,2021-03-31 17:45:37,2022-06-10 15:37:51
10464,2858,51,0,2021-03-31 17:45:37,2022-06-10 15:37:51
10465,2858,74,0,2021-03-31 17:45:37,2022-06-10 15:37:51
10466,2858,76,0,2021-03-31 17:45:37,2022-06-10 15:37:51
10467,2858,84,0,2021-03-31 17:45:37,2022-06-10 15:37:51
10468,2858,85,0,2021-03-31 17:45:37,2022-06-10 15:37:51
10469,2858,87,0,2021-03-31 17:45:37,2022-06-10 15:37:51
10470,2858,90,0,2021-03-31 17:45:37,2022-06-10 15:37:51
10471,2858,103,0,2021-03-31 17:45:37,2022-06-10 15:37:51
10472,2858,107,0,2021-03-31 17:45:37,2022-06-10 15:37:51
10473,2858,131,0,2021-03-31 17:45:37,2022-06-10 15:37:51
10474,2858,134,0,2021-03-31 17:45:37,2022-06-10 15:37:51
10475,2858,142,0,2021-03-31 17:45:37,2022-06-10 15:37:51
10476,2859,15,0,2021-03-31 17:45:37,2022-06-10 15:37:51
10477,2859,17,0,2021-03-31 17:45:37,2022-06-10 15:37:51
10478,2859,18,0,2021-03-31 17:45:37,2022-06-10 15:37:51
10479,2859,19,0,2021-03-31 17:45:37,2022-06-10 15:37:51
10480,2859,21,0,2021-03-31 17:45:37,2022-06-10 15:37:51
10481,2859,49,0,2021-03-31 17:45:37,2022-06-10 15:37:51
10482,2859,50,0,2021-03-31 17:45:37,2022-06-10 15:37:51
10483,2860,15,0,2021-03-31 17:45:37,2022-06-10 15:37:51
10484,2860,23,0,2021-03-31 17:45:37,2022-06-10 15:37:51
10485,2861,85,0,2021-03-31 17:45:37,2022-06-10 15:37:51
10486,2861,88,0,2021-03-31 17:45:37,2022-06-10 15:37:51
10487,2861,93,0,2021-03-31 17:45:37,2022-06-10 15:37:51
10488,2861,101,0,2021-03-31 17:45:37,2022-06-10 15:37:51
10489,2862,49,0,2021-03-31 17:45:37,2022-06-10 15:37:51
10490,2862,50,0,2021-03-31 17:45:37,2022-06-10 15:37:51
10491,2862,51,0,2021-03-31 17:45:37,2022-06-10 15:37:51
10492,2862,125,0,2021-03-31 17:45:37,2022-06-10 15:37:51
10493,2863,85,0,2021-03-31 17:45:37,2022-06-10 15:37:51
10494,2863,93,0,2021-03-31 17:45:37,2022-06-10 15:37:51
10495,2863,94,0,2021-03-31 17:45:37,2022-06-10 15:37:51
10496,2863,142,0,2021-03-31 17:45:37,2022-06-10 15:37:51
10497,2864,85,0,2021-03-31 17:45:37,2022-06-10 15:37:51
10498,2864,142,0,2021-03-31 17:45:37,2022-06-10 15:37:51
10499,2865,85,0,2021-03-31 17:45:37,2022-06-10 15:37:51
10500,2865,142,0,2021-03-31 17:45:37,2022-06-10 15:37:51
10501,2866,111,0,2021-03-31 17:45:37,2022-06-10 15:37:51
10502,2866,114,0,2021-03-31 17:45:37,2022-06-10 15:37:51
10503,2866,117,0,2021-03-31 17:45:37,2022-06-10 15:37:51
10504,2866,120,0,2021-03-31 17:45:37,2022-06-10 15:37:51
10505,2867,49,0,2021-03-31 17:45:37,2022-06-10 15:37:51
10506,2867,54,0,2021-03-31 17:45:37,2022-06-10 15:37:51
10507,2867,59,0,2021-03-31 17:45:37,2022-06-10 15:37:51
10508,2867,62,0,2021-03-31 17:45:37,2022-06-10 15:37:51
10509,2867,85,0,2021-03-31 17:45:37,2022-06-10 15:37:51
10510,2867,89,0,2021-03-31 17:45:37,2022-06-10 15:37:51
10511,2867,91,0,2021-03-31 17:45:37,2022-06-10 15:37:51
10512,2867,93,0,2021-03-31 17:45:37,2022-06-10 15:37:51
10513,2867,111,0,2021-03-31 17:45:37,2022-06-10 15:37:51
10514,2867,136,0,2021-03-31 17:45:37,2022-06-10 15:37:51
10515,2867,142,0,2021-03-31 17:45:37,2022-06-10 15:37:51
10516,2868,74,0,2021-03-31 17:45:37,2022-06-10 15:37:51
10517,2868,111,0,2021-03-31 17:45:37,2022-06-10 15:37:51
10518,2868,113,0,2021-03-31 17:45:37,2022-06-10 15:37:51
10519,2868,114,0,2021-03-31 17:45:37,2022-06-10 15:37:51
10520,2868,115,0,2021-03-31 17:45:37,2022-06-10 15:37:51
10521,2868,116,0,2021-03-31 17:45:37,2022-06-10 15:37:51
10522,2868,117,0,2021-03-31 17:45:37,2022-06-10 15:37:51
10523,2868,129,0,2021-03-31 17:45:37,2022-06-10 15:37:51
10524,2869,15,0,2021-03-31 17:45:37,2021-06-22 10:52:50
10525,2869,16,0,2021-03-31 17:45:37,2021-06-22 10:52:50
10526,2869,22,0,2021-03-31 17:45:37,2021-06-22 10:52:50
10527,2869,93,0,2021-03-31 17:45:37,2021-06-22 10:52:50
10528,2869,99,0,2021-03-31 17:45:37,2021-06-22 10:52:50
10529,2870,15,0,2021-03-31 17:45:37,2022-06-10 15:37:51
10530,2870,21,0,2021-03-31 17:45:37,2022-06-10 15:37:51
10531,2870,49,0,2021-03-31 17:45:37,2022-06-10 15:37:51
10532,2870,50,0,2021-03-31 17:45:37,2022-06-10 15:37:51
10533,2870,126,0,2021-03-31 17:45:37,2022-06-10 15:37:51
10534,2871,74,0,2021-03-31 17:45:37,2021-06-09 09:22:10
10535,2871,111,0,2021-03-31 17:45:37,2021-06-09 09:22:10
10536,2871,112,0,2021-03-31 17:45:37,2021-06-09 09:22:10
10537,2871,116,0,2021-03-31 17:45:37,2021-06-09 09:22:10
10538,2871,129,0,2021-03-31 17:45:37,2021-06-09 09:22:10
10539,2871,131,0,2021-03-31 17:45:37,2021-06-09 09:22:10
10540,2872,15,0,2021-03-31 17:45:37,2022-06-10 15:37:51
10541,2872,18,0,2021-03-31 17:45:37,2022-06-10 15:37:51
10542,2872,19,0,2021-03-31 17:45:37,2022-06-10 15:37:51
10543,2872,67,0,2021-03-31 17:45:37,2022-06-10 15:37:51
10544,2872,71,0,2021-03-31 17:45:37,2022-06-10 15:37:51
10545,2873,111,0,2021-03-31 17:45:38,2022-06-10 15:37:51
10546,2873,114,0,2021-03-31 17:45:38,2022-06-10 15:37:51
10547,2873,115,0,2021-03-31 17:45:38,2022-06-10 15:37:51
10548,2873,117,0,2021-03-31 17:45:38,2022-06-10 15:37:51
10549,2874,49,0,2021-03-31 17:45:38,2022-06-10 15:37:51
10550,2874,50,0,2021-03-31 17:45:38,2022-06-10 15:37:51
10551,2874,54,0,2021-03-31 17:45:38,2022-06-10 15:37:51
10552,2874,67,0,2021-03-31 17:45:38,2022-06-10 15:37:51
10553,2874,71,0,2021-03-31 17:45:38,2022-06-10 15:37:51
10554,2875,111,0,2021-03-31 17:45:38,2022-06-10 15:37:51
10555,2875,112,0,2021-03-31 17:45:38,2022-06-10 15:37:51
10556,2875,113,0,2021-03-31 17:45:38,2022-06-10 15:37:51
10557,2875,114,0,2021-03-31 17:45:38,2022-06-10 15:37:51
10558,2875,117,0,2021-03-31 17:45:38,2022-06-10 15:37:51
10559,2876,15,0,2021-03-31 17:45:38,2022-06-10 15:37:51
10560,2876,19,0,2021-03-31 17:45:38,2022-06-10 15:37:51
10561,2876,20,0,2021-03-31 17:45:38,2022-06-10 15:37:51
10562,2876,22,0,2021-03-31 17:45:38,2022-06-10 15:37:51
10563,2876,24,0,2021-03-31 17:45:38,2022-06-10 15:37:51
10564,2876,32,0,2021-03-31 17:45:38,2022-06-10 15:37:51
10565,2876,35,0,2021-03-31 17:45:38,2022-06-10 15:37:51
10566,2876,74,0,2021-03-31 17:45:38,2022-06-10 15:37:51
10567,2876,76,0,2021-03-31 17:45:38,2022-06-10 15:37:51
10568,2876,77,0,2021-03-31 17:45:38,2022-06-10 15:37:51
10569,2876,78,0,2021-03-31 17:45:38,2022-06-10 15:37:51
10570,2877,3,0,2021-03-31 17:45:38,2021-06-22 10:52:50
10571,2877,40,0,2021-03-31 17:45:38,2021-06-22 10:52:50
10572,2877,41,0,2021-03-31 17:45:38,2021-06-22 10:52:50
10573,2878,74,0,2021-03-31 17:45:38,2022-06-10 15:37:51
10574,2878,81,0,2021-03-31 17:45:38,2022-06-10 15:37:51
10575,2878,111,0,2021-03-31 17:45:38,2022-06-10 15:37:51
10576,2878,113,0,2021-03-31 17:45:38,2022-06-10 15:37:51
10577,2878,114,0,2021-03-31 17:45:38,2022-06-10 15:37:51
10578,2878,116,0,2021-03-31 17:45:38,2022-06-10 15:37:51
10579,2878,129,0,2021-03-31 17:45:38,2022-06-10 15:37:51
10580,2879,49,0,2021-03-31 17:45:38,2022-06-10 15:37:51
10581,2879,50,0,2021-03-31 17:45:38,2022-06-10 15:37:51
10582,2879,51,0,2021-03-31 17:45:38,2022-06-10 15:37:51
10583,2879,53,0,2021-03-31 17:45:38,2022-06-10 15:37:51
10584,2879,55,0,2021-03-31 17:45:38,2022-06-10 15:37:51
10585,2879,56,0,2021-03-31 17:45:38,2022-06-10 15:37:51
10586,2879,57,0,2021-03-31 17:45:38,2022-06-10 15:37:51
10587,2879,58,0,2021-03-31 17:45:38,2022-06-10 15:37:51
10588,2879,74,0,2021-03-31 17:45:38,2022-06-10 15:37:51
10589,2879,76,0,2021-03-31 17:45:38,2022-06-10 15:37:51
10590,2879,77,0,2021-03-31 17:45:38,2022-06-10 15:37:51
10591,2879,78,0,2021-03-31 17:45:38,2022-06-10 15:37:51
10592,2879,85,0,2021-03-31 17:45:38,2022-06-10 15:37:51
10593,2879,90,0,2021-03-31 17:45:38,2022-06-10 15:37:51
10594,2879,93,0,2021-03-31 17:45:38,2022-06-10 15:37:51
10595,2879,94,0,2021-03-31 17:45:38,2022-06-10 15:37:51
10596,2879,99,0,2021-03-31 17:45:38,2022-06-10 15:37:51
10597,2879,111,0,2021-03-31 17:45:38,2022-06-10 15:37:51
10598,2879,113,0,2021-03-31 17:45:38,2022-06-10 15:37:51
10599,2879,114,0,2021-03-31 17:45:38,2022-06-10 15:37:51
10600,2879,116,0,2021-03-31 17:45:38,2022-06-10 15:37:51
10601,2879,117,0,2021-03-31 17:45:38,2022-06-10 15:37:51
10602,2879,118,0,2021-03-31 17:45:38,2022-06-10 15:37:51
10603,2879,129,0,2021-03-31 17:45:38,2022-06-10 15:37:51
10604,2879,131,0,2021-03-31 17:45:38,2022-06-10 15:37:51
10605,2880,103,0,2021-03-31 17:45:38,2022-06-10 15:37:51
10606,2880,104,0,2021-03-31 17:45:38,2022-06-10 15:37:51
10607,2880,105,0,2021-03-31 17:45:38,2022-06-10 15:37:51
10608,2880,108,0,2021-03-31 17:45:38,2022-06-10 15:37:51
10609,2880,109,0,2021-03-31 17:45:38,2022-06-10 15:37:51
10610,2880,110,0,2021-03-31 17:45:38,2022-06-10 15:37:51
10611,2880,140,0,2021-03-31 17:45:38,2022-06-10 15:37:51
10612,2881,1,0,2021-03-31 17:45:38,2021-06-22 10:52:50
10613,2881,15,0,2021-03-31 17:45:38,2021-06-22 10:52:50
10614,2881,17,0,2021-03-31 17:45:38,2021-06-22 10:52:50
10615,2881,32,0,2021-03-31 17:45:38,2021-06-22 10:52:50
10616,2881,35,0,2021-03-31 17:45:38,2021-06-22 10:52:50
10617,2881,67,0,2021-03-31 17:45:38,2021-06-22 10:52:50
10618,2881,68,0,2021-03-31 17:45:38,2021-06-22 10:52:50
10619,2881,71,0,2021-03-31 17:45:38,2021-06-22 10:52:50
10620,2882,15,0,2021-03-31 17:45:38,2022-06-10 15:37:51
10621,2882,23,0,2021-03-31 17:45:38,2022-06-10 15:37:51
10622,2883,40,0,2021-03-31 17:45:38,2022-06-10 15:37:51
10623,2883,41,0,2021-03-31 17:45:38,2022-06-10 15:37:51
10624,2883,47,0,2021-03-31 17:45:38,2022-06-10 15:37:51
10625,2884,15,0,2021-03-31 17:45:38,2022-06-10 15:37:51
10626,2884,16,0,2021-03-31 17:45:38,2022-06-10 15:37:51
10627,2884,17,0,2021-03-31 17:45:38,2022-06-10 15:37:51
10628,2884,19,0,2021-03-31 17:45:38,2022-06-10 15:37:51
10629,2884,20,0,2021-03-31 17:45:38,2022-06-10 15:37:51
10630,2884,21,0,2021-03-31 17:45:38,2022-06-10 15:37:51
10631,2884,22,0,2021-03-31 17:45:38,2022-06-10 15:37:51
10632,2885,111,0,2021-03-31 17:45:38,2022-06-10 15:37:51
10633,2885,112,0,2021-03-31 17:45:38,2022-06-10 15:37:51
10634,2886,49,0,2021-03-31 17:45:38,2022-06-10 15:37:51
10635,2886,50,0,2021-03-31 17:45:38,2022-06-10 15:37:51
10636,2886,51,0,2021-03-31 17:45:38,2022-06-10 15:37:51
10637,2886,53,0,2021-03-31 17:45:38,2022-06-10 15:37:51
10638,2886,54,0,2021-03-31 17:45:38,2022-06-10 15:37:51
10639,2886,56,0,2021-03-31 17:45:38,2022-06-10 15:37:51
10640,2886,57,0,2021-03-31 17:45:38,2022-06-10 15:37:51
10641,2886,111,0,2021-03-31 17:45:38,2022-06-10 15:37:51
10642,2886,112,0,2021-03-31 17:45:38,2022-06-10 15:37:51
10643,2886,113,0,2021-03-31 17:45:38,2022-06-10 15:37:51
10644,2886,114,0,2021-03-31 17:45:38,2022-06-10 15:37:51
10645,2886,115,0,2021-03-31 17:45:38,2022-06-10 15:37:51
10646,2886,116,0,2021-03-31 17:45:38,2022-06-10 15:37:51
10647,2886,117,0,2021-03-31 17:45:38,2022-06-10 15:37:51
10648,2886,118,0,2021-03-31 17:45:38,2022-06-10 15:37:51
10649,2887,49,0,2021-03-31 17:45:38,2022-06-10 15:37:51
10650,2887,50,0,2021-03-31 17:45:38,2022-06-10 15:37:51
10651,2887,51,0,2021-03-31 17:45:38,2022-06-10 15:37:51
10652,2887,53,0,2021-03-31 17:45:38,2022-06-10 15:37:51
10653,2887,54,0,2021-03-31 17:45:38,2022-06-10 15:37:51
10654,2887,55,0,2021-03-31 17:45:38,2022-06-10 15:37:51
10655,2887,56,0,2021-03-31 17:45:38,2022-06-10 15:37:51
10656,2887,57,0,2021-03-31 17:45:38,2022-06-10 15:37:51
10657,2887,58,0,2021-03-31 17:45:38,2022-06-10 15:37:51
10658,2887,111,0,2021-03-31 17:45:38,2022-06-10 15:37:51
10659,2887,112,0,2021-03-31 17:45:38,2022-06-10 15:37:51
10660,2887,113,0,2021-03-31 17:45:38,2022-06-10 15:37:51
10661,2887,114,0,2021-03-31 17:45:38,2022-06-10 15:37:51
10662,2887,116,0,2021-03-31 17:45:38,2022-06-10 15:37:51
10663,2887,117,0,2021-03-31 17:45:38,2022-06-10 15:37:51
10664,2887,119,0,2021-03-31 17:45:38,2022-06-10 15:37:51
10665,2888,85,0,2021-03-31 17:45:38,2022-06-10 15:37:51
10666,2888,111,0,2021-03-31 17:45:38,2022-06-10 15:37:51
10667,2888,113,0,2021-03-31 17:45:38,2022-06-10 15:37:51
10668,2888,118,0,2021-03-31 17:45:38,2022-06-10 15:37:51
10669,2888,137,0,2021-03-31 17:45:38,2022-06-10 15:37:51
10670,2889,15,0,2021-03-31 17:45:38,2022-06-10 15:37:51
10671,2889,17,0,2021-03-31 17:45:38,2022-06-10 15:37:51
10672,2889,18,0,2021-03-31 17:45:38,2022-06-10 15:37:51
10673,2889,19,0,2021-03-31 17:45:38,2022-06-10 15:37:51
10674,2889,20,0,2021-03-31 17:45:38,2022-06-10 15:37:51
10675,2889,32,0,2021-03-31 17:45:38,2022-06-10 15:37:51
10676,2889,35,0,2021-03-31 17:45:38,2022-06-10 15:37:51
10677,2889,37,0,2021-03-31 17:45:38,2022-06-10 15:37:51
10678,2889,49,0,2021-03-31 17:45:38,2022-06-10 15:37:51
10679,2889,50,0,2021-03-31 17:45:38,2022-06-10 15:37:51
10680,2889,51,0,2021-03-31 17:45:38,2022-06-10 15:37:51
10681,2889,54,0,2021-03-31 17:45:38,2022-06-10 15:37:51
10682,2889,56,0,2021-03-31 17:45:38,2022-06-10 15:37:51
10683,2889,74,0,2021-03-31 17:45:38,2022-06-10 15:37:51
10684,2889,76,0,2021-03-31 17:45:38,2022-06-10 15:37:51
10685,2889,77,0,2021-03-31 17:45:38,2022-06-10 15:37:51
10686,2889,78,0,2021-03-31 17:45:38,2022-06-10 15:37:51
10687,2889,83,0,2021-03-31 17:45:38,2022-06-10 15:37:51
10688,2889,113,0,2021-03-31 17:45:38,2022-06-10 15:37:51
10689,2889,114,0,2021-03-31 17:45:38,2022-06-10 15:37:51
10690,2889,129,0,2021-03-31 17:45:38,2022-06-10 15:37:51
10691,2890,74,0,2021-03-31 17:45:38,2021-06-22 10:52:50
10692,2890,82,0,2021-03-31 17:45:38,2021-06-22 10:52:50
10693,2890,129,0,2021-03-31 17:45:38,2021-06-22 10:52:50
10694,2890,131,0,2021-03-31 17:45:38,2021-06-22 10:52:50
10695,2891,112,0,2021-03-31 17:45:38,2022-06-10 15:37:51
10696,2891,113,0,2021-03-31 17:45:38,2022-06-10 15:37:51
10697,2891,114,0,2021-03-31 17:45:38,2022-06-10 15:37:51
10698,2891,115,0,2021-03-31 17:45:38,2022-06-10 15:37:51
10699,2891,116,0,2021-03-31 17:45:38,2022-06-10 15:37:51
10700,2891,117,0,2021-03-31 17:45:38,2022-06-10 15:37:51
10701,2891,129,0,2021-03-31 17:45:38,2022-06-10 15:37:51
10702,2892,81,0,2021-03-31 17:45:38,2022-06-10 15:37:51
10703,2892,82,0,2021-03-31 17:45:38,2022-06-10 15:37:51
10704,2892,129,0,2021-03-31 17:45:38,2022-06-10 15:37:51
10705,2892,131,0,2021-03-31 17:45:38,2022-06-10 15:37:51
10706,2893,40,0,2021-03-31 17:45:38,2022-06-10 15:37:51
10707,2893,42,0,2021-03-31 17:45:38,2022-06-10 15:37:51
10708,2893,47,0,2021-03-31 17:45:38,2022-06-10 15:37:51
10709,2894,111,0,2021-03-31 17:45:38,2022-06-10 15:37:51
10710,2894,112,0,2021-03-31 17:45:38,2022-06-10 15:37:51
10711,2894,113,0,2021-03-31 17:45:38,2022-06-10 15:37:51
10712,2894,117,0,2021-03-31 17:45:38,2022-06-10 15:37:51
10713,2894,118,0,2021-03-31 17:45:38,2022-06-10 15:37:51
10714,2894,119,0,2021-03-31 17:45:38,2022-06-10 15:37:51
10715,2895,40,0,2021-03-31 17:45:38,2022-06-10 15:37:51
10716,2895,42,0,2021-03-31 17:45:38,2022-06-10 15:37:51
10717,2895,47,0,2021-03-31 17:45:38,2022-06-10 15:37:51
10718,2895,74,0,2021-03-31 17:45:38,2022-06-10 15:37:51
10719,2895,75,0,2021-03-31 17:45:38,2022-06-10 15:37:51
10720,2895,85,0,2021-03-31 17:45:38,2022-06-10 15:37:51
10721,2895,87,0,2021-03-31 17:45:38,2022-06-10 15:37:51
10722,2895,93,0,2021-03-31 17:45:38,2022-06-10 15:37:51
10723,2895,102,0,2021-03-31 17:45:38,2022-06-10 15:37:51
10724,2895,111,0,2021-03-31 17:45:38,2022-06-10 15:37:51
10725,2895,120,0,2021-03-31 17:45:38,2022-06-10 15:37:51
10726,2895,133,0,2021-03-31 17:45:38,2022-06-10 15:37:51
10727,2895,137,0,2021-03-31 17:45:38,2022-06-10 15:37:51
10728,2896,74,0,2021-03-31 17:45:38,2022-06-10 15:37:51
10729,2896,76,0,2021-03-31 17:45:38,2022-06-10 15:37:51
10730,2896,77,0,2021-03-31 17:45:38,2022-06-10 15:37:51
10731,2896,78,0,2021-03-31 17:45:38,2022-06-10 15:37:51
10732,2896,111,0,2021-03-31 17:45:38,2022-06-10 15:37:51
10733,2896,112,0,2021-03-31 17:45:38,2022-06-10 15:37:51
10734,2896,113,0,2021-03-31 17:45:38,2022-06-10 15:37:51
10735,2896,114,0,2021-03-31 17:45:38,2022-06-10 15:37:51
10736,2896,115,0,2021-03-31 17:45:38,2022-06-10 15:37:51
10737,2897,2,0,2021-03-31 17:45:38,2022-06-10 15:37:51
10738,2897,49,0,2021-03-31 17:45:38,2022-06-10 15:37:51
10739,2897,51,0,2021-03-31 17:45:38,2022-06-10 15:37:51
10740,2898,59,0,2021-03-31 17:45:38,2022-06-10 15:37:51
10741,2898,74,0,2021-03-31 17:45:38,2022-06-10 15:37:51
10742,2898,93,0,2021-03-31 17:45:38,2022-06-10 15:37:51
10743,2898,101,0,2021-03-31 17:45:38,2022-06-10 15:37:51
10744,2898,128,0,2021-03-31 17:45:38,2022-06-10 15:37:51
10745,2898,130,0,2021-03-31 17:45:38,2022-06-10 15:37:51
10746,2899,111,0,2021-03-31 17:45:38,2022-06-10 15:37:51
10747,2899,113,0,2021-03-31 17:45:38,2022-06-10 15:37:51
10748,2899,114,0,2021-03-31 17:45:38,2022-06-10 15:37:51
10749,2900,85,0,2021-03-31 17:45:38,2022-06-10 15:37:51
10750,2900,93,0,2021-03-31 17:45:38,2022-06-10 15:37:51
10751,2900,102,0,2021-03-31 17:45:38,2022-06-10 15:37:51
10752,2900,118,0,2021-03-31 17:45:38,2022-06-10 15:37:51
10753,2900,120,0,2021-03-31 17:45:38,2022-06-10 15:37:51
10754,2900,136,0,2021-03-31 17:45:38,2022-06-10 15:37:51
10755,2901,74,0,2021-03-31 17:45:38,2022-06-10 15:37:51
10756,2901,81,0,2021-03-31 17:45:38,2022-06-10 15:37:51
10757,2901,103,0,2021-03-31 17:45:38,2022-06-10 15:37:51
10758,2901,111,0,2021-03-31 17:45:38,2022-06-10 15:37:51
10759,2901,116,0,2021-03-31 17:45:38,2022-06-10 15:37:51
10760,2901,141,0,2021-03-31 17:45:38,2022-06-10 15:37:51
10761,2902,15,0,2021-03-31 17:45:38,2022-06-10 15:37:51
10762,2902,23,0,2021-03-31 17:45:38,2022-06-10 15:37:51
10763,2902,67,0,2021-03-31 17:45:38,2022-06-10 15:37:51
10764,2902,68,0,2021-03-31 17:45:38,2022-06-10 15:37:51
10765,2903,15,0,2021-03-31 17:45:38,2022-06-10 15:37:51
10766,2903,18,0,2021-03-31 17:45:38,2022-06-10 15:37:51
10767,2903,74,0,2021-03-31 17:45:38,2022-06-10 15:37:51
10768,2903,83,0,2021-03-31 17:45:38,2022-06-10 15:37:51
10769,2904,15,0,2021-03-31 17:45:38,2022-06-10 15:37:51
10770,2904,16,0,2021-03-31 17:45:38,2022-06-10 15:37:51
10771,2904,17,0,2021-03-31 17:45:38,2022-06-10 15:37:51
10772,2904,18,0,2021-03-31 17:45:38,2022-06-10 15:37:51
10773,2904,19,0,2021-03-31 17:45:38,2022-06-10 15:37:51
10774,2904,20,0,2021-03-31 17:45:38,2022-06-10 15:37:51
10775,2904,21,0,2021-03-31 17:45:38,2022-06-10 15:37:51
10776,2904,22,0,2021-03-31 17:45:38,2022-06-10 15:37:51
10777,2904,24,0,2021-03-31 17:45:38,2022-06-10 15:37:51
10778,2904,74,0,2021-03-31 17:45:38,2022-06-10 15:37:51
10779,2904,111,0,2021-03-31 17:45:38,2022-06-10 15:37:51
10780,2904,112,0,2021-03-31 17:45:38,2022-06-10 15:37:51
10781,2904,113,0,2021-03-31 17:45:38,2022-06-10 15:37:51
10782,2904,114,0,2021-03-31 17:45:38,2022-06-10 15:37:51
10783,2904,115,0,2021-03-31 17:45:38,2022-06-10 15:37:51
10784,2904,116,0,2021-03-31 17:45:38,2022-06-10 15:37:51
10785,2904,118,0,2021-03-31 17:45:38,2022-06-10 15:37:51
10786,2904,129,0,2021-03-31 17:45:38,2022-06-10 15:37:51
10787,2905,2,0,2021-03-31 17:45:38,2022-06-10 15:37:51
10788,2905,111,0,2021-03-31 17:45:38,2022-06-10 15:37:51
10789,2905,112,0,2021-03-31 17:45:38,2022-06-10 15:37:51
10790,2905,115,0,2021-03-31 17:45:38,2022-06-10 15:37:51
10791,2906,15,0,2021-03-31 17:45:38,2022-06-10 15:37:51
10792,2906,21,0,2021-03-31 17:45:38,2022-06-10 15:37:51
10793,2907,40,0,2021-03-31 17:45:38,2022-06-10 15:37:51
10794,2907,41,0,2021-03-31 17:45:38,2022-06-10 15:37:51
10795,2907,47,0,2021-03-31 17:45:38,2022-06-10 15:37:51
10796,2908,15,0,2021-03-31 17:45:38,2022-06-10 15:37:51
10797,2908,16,0,2021-03-31 17:45:38,2022-06-10 15:37:51
10798,2908,17,0,2021-03-31 17:45:38,2022-06-10 15:37:51
10799,2908,19,0,2021-03-31 17:45:38,2022-06-10 15:37:51
10800,2908,20,0,2021-03-31 17:45:38,2022-06-10 15:37:51
10801,2908,21,0,2021-03-31 17:45:38,2022-06-10 15:37:51
10802,2908,22,0,2021-03-31 17:45:38,2022-06-10 15:37:51
10803,2908,23,0,2021-03-31 17:45:38,2022-06-10 15:37:51
10804,2909,111,0,2021-03-31 17:45:38,2022-06-10 15:37:51
10805,2909,119,0,2021-03-31 17:45:38,2022-06-10 15:37:51
10806,2910,67,0,2021-03-31 17:45:38,2021-06-22 10:52:50
10807,2910,68,0,2021-03-31 17:45:38,2021-06-22 10:52:50
10808,2911,103,0,2021-03-31 17:45:38,2022-06-10 15:37:51
10809,2911,110,0,2021-03-31 17:45:38,2022-06-10 15:37:51
10810,2912,103,0,2021-03-31 17:45:38,2022-06-10 15:37:51
10811,2912,140,0,2021-03-31 17:45:38,2022-06-10 15:37:51
10812,2913,111,0,2021-03-31 17:45:38,2022-06-10 15:37:51
10813,2913,113,0,2021-03-31 17:45:38,2022-06-10 15:37:51
10814,2913,114,0,2021-03-31 17:45:38,2022-06-10 15:37:51
10815,2913,117,0,2021-03-31 17:45:38,2022-06-10 15:37:51
10816,2914,111,0,2021-03-31 17:45:38,2022-06-10 15:37:51
10817,2914,117,0,2021-03-31 17:45:38,2022-06-10 15:37:51
10818,2915,74,0,2021-03-31 17:45:38,2022-06-10 15:37:51
10819,2915,111,0,2021-03-31 17:45:38,2022-06-10 15:37:51
10820,2915,112,0,2021-03-31 17:45:38,2022-06-10 15:37:51
10821,2915,113,0,2021-03-31 17:45:38,2022-06-10 15:37:51
10822,2915,114,0,2021-03-31 17:45:38,2022-06-10 15:37:51
10823,2915,115,0,2021-03-31 17:45:38,2022-06-10 15:37:51
10824,2915,116,0,2021-03-31 17:45:38,2022-06-10 15:37:51
10825,2915,117,0,2021-03-31 17:45:38,2022-06-10 15:37:51
10826,2915,129,0,2021-03-31 17:45:38,2022-06-10 15:37:51
10827,2916,74,0,2021-03-31 17:45:38,2021-06-09 09:22:10
10828,2916,111,0,2021-03-31 17:45:38,2021-06-09 09:22:10
10829,2916,116,0,2021-03-31 17:45:38,2021-06-09 09:22:10
10830,2916,129,0,2021-03-31 17:45:38,2021-06-09 09:22:10
10831,2917,111,0,2021-03-31 17:45:38,2022-06-10 15:37:51
10832,2917,112,0,2021-03-31 17:45:38,2022-06-10 15:37:51
10833,2917,113,0,2021-03-31 17:45:38,2022-06-10 15:37:51
10834,2917,114,0,2021-03-31 17:45:38,2022-06-10 15:37:51
10835,2917,119,0,2021-03-31 17:45:38,2022-06-10 15:37:51
10836,2918,49,0,2021-03-31 17:45:38,2022-06-10 15:37:51
10837,2918,50,0,2021-03-31 17:45:38,2022-06-10 15:37:51
10838,2918,51,0,2021-03-31 17:45:38,2022-06-10 15:37:51
10839,2918,53,0,2021-03-31 17:45:38,2022-06-10 15:37:51
10840,2918,54,0,2021-03-31 17:45:38,2022-06-10 15:37:51
10841,2918,55,0,2021-03-31 17:45:38,2022-06-10 15:37:51
10842,2918,57,0,2021-03-31 17:45:38,2022-06-10 15:37:51
10843,2918,58,0,2021-03-31 17:45:38,2022-06-10 15:37:51
10844,2918,74,0,2021-03-31 17:45:38,2022-06-10 15:37:51
10845,2918,81,0,2021-03-31 17:45:38,2022-06-10 15:37:51
10846,2918,93,0,2021-03-31 17:45:38,2022-06-10 15:37:51
10847,2918,94,0,2021-03-31 17:45:38,2022-06-10 15:37:51
10848,2918,111,0,2021-03-31 17:45:38,2022-06-10 15:37:51
10849,2918,112,0,2021-03-31 17:45:38,2022-06-10 15:37:51
10850,2918,113,0,2021-03-31 17:45:38,2022-06-10 15:37:51
10851,2918,114,0,2021-03-31 17:45:38,2022-06-10 15:37:51
10852,2918,116,0,2021-03-31 17:45:38,2022-06-10 15:37:51
10853,2918,118,0,2021-03-31 17:45:38,2022-06-10 15:37:51
10854,2918,120,0,2021-03-31 17:45:38,2022-06-10 15:37:51
10855,2918,121,0,2021-03-31 17:45:38,2022-06-10 15:37:51
10856,2918,126,0,2021-03-31 17:45:38,2022-06-10 15:37:51
10857,2918,129,0,2021-03-31 17:45:38,2022-06-10 15:37:51
10858,2918,131,0,2021-03-31 17:45:38,2022-06-10 15:37:51
10859,2919,111,0,2021-03-31 17:45:38,2022-06-10 15:37:51
10860,2919,112,0,2021-03-31 17:45:38,2022-06-10 15:37:51
10861,2919,113,0,2021-03-31 17:45:38,2022-06-10 15:37:51
10862,2919,114,0,2021-03-31 17:45:38,2022-06-10 15:37:51
10863,2919,115,0,2021-03-31 17:45:38,2022-06-10 15:37:51
10864,2919,116,0,2021-03-31 17:45:38,2022-06-10 15:37:51
10865,2919,117,0,2021-03-31 17:45:38,2022-06-10 15:37:51
10866,2919,121,0,2021-03-31 17:45:38,2022-06-10 15:37:51
10867,2920,,0,2021-03-31 17:45:38,2021-03-31 16:59:59
10868,2921,15,0,2021-03-31 17:45:38,2022-06-10 15:37:51
10869,2921,17,0,2021-03-31 17:45:38,2022-06-10 15:37:51
10870,2921,18,0,2021-03-31 17:45:38,2022-06-10 15:37:51
10871,2921,19,0,2021-03-31 17:45:38,2022-06-10 15:37:51
10872,2921,21,0,2021-03-31 17:45:38,2022-06-10 15:37:51
10873,2921,74,0,2021-03-31 17:45:38,2022-06-10 15:37:51
10874,2921,83,0,2021-03-31 17:45:38,2022-06-10 15:37:51
10875,2922,67,0,2021-03-31 17:45:38,2022-06-10 15:37:51
10876,2922,68,0,2021-03-31 17:45:38,2022-06-10 15:37:51
10877,2922,74,0,2021-03-31 17:45:38,2022-06-10 15:37:51
10878,2922,76,0,2021-03-31 17:45:38,2022-06-10 15:37:51
10879,2922,77,0,2021-03-31 17:45:38,2022-06-10 15:37:51
10880,2922,78,0,2021-03-31 17:45:38,2022-06-10 15:37:51
10881,2922,85,0,2021-03-31 17:45:38,2022-06-10 15:37:51
10882,2922,86,0,2021-03-31 17:45:38,2022-06-10 15:37:51
10883,2922,89,0,2021-03-31 17:45:38,2022-06-10 15:37:51
10884,2922,130,0,2021-03-31 17:45:38,2022-06-10 15:37:51
10885,2922,135,0,2021-03-31 17:45:38,2022-06-10 15:37:51
10886,2922,137,0,2021-03-31 17:45:38,2022-06-10 15:37:51
10887,2923,15,0,2021-03-31 17:45:38,2022-06-10 15:37:51
10888,2923,23,0,2021-03-31 17:45:38,2022-06-10 15:37:51
10889,2923,67,0,2021-03-31 17:45:38,2022-06-10 15:37:51
10890,2923,68,0,2021-03-31 17:45:38,2022-06-10 15:37:51
10891,2924,103,0,2021-03-31 17:45:38,2022-06-10 15:37:51
10892,2924,107,0,2021-03-31 17:45:38,2022-06-10 15:37:51
10893,2924,108,0,2021-03-31 17:45:38,2022-06-10 15:37:51
10894,2924,109,0,2021-03-31 17:45:38,2022-06-10 15:37:51
10895,2924,110,0,2021-03-31 17:45:38,2022-06-10 15:37:51
10896,2925,49,0,2021-03-31 17:45:38,2022-06-10 15:37:51
10897,2925,53,0,2021-03-31 17:45:38,2022-06-10 15:37:51
10898,2925,54,0,2021-03-31 17:45:38,2022-06-10 15:37:51
10899,2925,55,0,2021-03-31 17:45:38,2022-06-10 15:37:51
10900,2925,56,0,2021-03-31 17:45:38,2022-06-10 15:37:51
10901,2925,57,0,2021-03-31 17:45:38,2022-06-10 15:37:51
10902,2926,74,0,2021-03-31 17:45:38,2022-06-10 15:37:51
10903,2926,76,0,2021-03-31 17:45:38,2022-06-10 15:37:51
10904,2926,77,0,2021-03-31 17:45:38,2022-06-10 15:37:51
10905,2926,78,0,2021-03-31 17:45:38,2022-06-10 15:37:51
10906,2926,79,0,2021-03-31 17:45:38,2022-06-10 15:37:51
10907,2926,83,0,2021-03-31 17:45:38,2022-06-10 15:37:51
10908,2926,85,0,2021-03-31 17:45:38,2022-06-10 15:37:51
10909,2926,89,0,2021-03-31 17:45:38,2022-06-10 15:37:51
10910,2926,111,0,2021-03-31 17:45:38,2022-06-10 15:37:51
10911,2926,113,0,2021-03-31 17:45:38,2022-06-10 15:37:51
10912,2926,114,0,2021-03-31 17:45:38,2022-06-10 15:37:51
10913,2926,115,0,2021-03-31 17:45:38,2022-06-10 15:37:51
10914,2926,117,0,2021-03-31 17:45:38,2022-06-10 15:37:51
10915,2926,142,0,2021-03-31 17:45:38,2022-06-10 15:37:51
10916,2927,59,0,2021-03-31 17:45:38,2022-06-10 15:37:51
10917,2927,60,0,2021-03-31 17:45:38,2022-06-10 15:37:51
10918,2927,85,0,2021-03-31 17:45:38,2022-06-10 15:37:51
10919,2927,134,0,2021-03-31 17:45:38,2022-06-10 15:37:51
10920,2927,135,0,2021-03-31 17:45:38,2022-06-10 15:37:51
10921,2927,142,0,2021-03-31 17:45:38,2022-06-10 15:37:51
10922,2928,85,0,2021-03-31 17:45:38,2021-06-22 10:52:50
10923,2928,111,0,2021-03-31 17:45:38,2021-06-22 10:52:50
10924,2928,112,0,2021-03-31 17:45:38,2021-06-22 10:52:50
10925,2928,113,0,2021-03-31 17:45:38,2021-06-22 10:52:50
10926,2928,117,0,2021-03-31 17:45:38,2021-06-22 10:52:50
10927,2928,118,0,2021-03-31 17:45:38,2021-06-22 10:52:50
10928,2928,136,0,2021-03-31 17:45:38,2021-06-22 10:52:50
10929,2929,40,0,2021-03-31 17:45:38,2022-06-10 15:37:51
10930,2929,44,0,2021-03-31 17:45:38,2022-06-10 15:37:51
10931,2930,85,0,2021-03-31 17:45:38,2022-06-10 15:37:51
10932,2930,86,0,2021-03-31 17:45:38,2022-06-10 15:37:51
10933,2930,134,0,2021-03-31 17:45:38,2022-06-10 15:37:51
10934,2930,135,0,2021-03-31 17:45:38,2022-06-10 15:37:51
10935,2930,137,0,2021-03-31 17:45:38,2022-06-10 15:37:51
10936,2930,142,0,2021-03-31 17:45:38,2022-06-10 15:37:51
10937,2931,1,0,2021-03-31 17:45:38,2022-06-10 15:37:51
10938,2931,67,0,2021-03-31 17:45:38,2022-06-10 15:37:51
10939,2931,68,0,2021-03-31 17:45:38,2022-06-10 15:37:51
10940,2932,40,0,2021-03-31 17:45:38,2022-06-10 15:37:51
10941,2932,42,0,2021-03-31 17:45:38,2022-06-10 15:37:51
10942,2932,47,0,2021-03-31 17:45:38,2022-06-10 15:37:51
10943,2933,111,0,2021-03-31 17:45:38,2022-06-10 15:37:51
10944,2933,112,0,2021-03-31 17:45:38,2022-06-10 15:37:51
10945,2933,113,0,2021-03-31 17:45:38,2022-06-10 15:37:51
10946,2933,114,0,2021-03-31 17:45:38,2022-06-10 15:37:51
10947,2933,115,0,2021-03-31 17:45:38,2022-06-10 15:37:51
10948,2933,116,0,2021-03-31 17:45:38,2022-06-10 15:37:51
10949,2934,1,0,2021-03-31 17:45:38,2022-06-10 15:37:51
10950,2934,67,0,2021-03-31 17:45:38,2022-06-10 15:37:51
10951,2934,68,0,2021-03-31 17:45:38,2022-06-10 15:37:51
10952,2934,71,0,2021-03-31 17:45:38,2022-06-10 15:37:51
10953,2935,1,0,2021-03-31 17:45:38,2022-06-10 15:37:51
10954,2935,2,0,2021-03-31 17:45:38,2022-06-10 15:37:51
10955,2935,49,0,2021-03-31 17:45:38,2022-06-10 15:37:51
10956,2935,57,0,2021-03-31 17:45:38,2022-06-10 15:37:51
10957,2936,40,0,2021-03-31 17:45:38,2022-06-10 15:37:51
10958,2936,41,0,2021-03-31 17:45:38,2022-06-10 15:37:51
10959,2936,47,0,2021-03-31 17:45:38,2022-06-10 15:37:51
10960,2936,74,0,2021-03-31 17:45:38,2022-06-10 15:37:51
10961,2936,75,0,2021-03-31 17:45:38,2022-06-10 15:37:51
10962,2936,82,0,2021-03-31 17:45:38,2022-06-10 15:37:51
10963,2937,15,0,2021-03-31 17:45:38,2022-06-10 15:37:51
10964,2937,16,0,2021-03-31 17:45:38,2022-06-10 15:37:51
10965,2937,23,0,2021-03-31 17:45:38,2022-06-10 15:37:51
10966,2938,74,0,2021-03-31 17:45:38,2022-06-10 15:37:51
10967,2938,75,0,2021-03-31 17:45:38,2022-06-10 15:37:51
10968,2938,82,0,2021-03-31 17:45:38,2022-06-10 15:37:51
10969,2939,49,0,2021-03-31 17:45:38,2022-06-10 15:37:51
10970,2939,50,0,2021-03-31 17:45:38,2022-06-10 15:37:51
10971,2939,54,0,2021-03-31 17:45:38,2022-06-10 15:37:51
10972,2939,126,0,2021-03-31 17:45:38,2022-06-10 15:37:51
10973,2940,3,0,2021-03-31 17:45:38,2022-06-10 15:37:51
10974,2940,40,0,2021-03-31 17:45:38,2022-06-10 15:37:51
10975,2940,41,0,2021-03-31 17:45:38,2022-06-10 15:37:51
10976,2941,74,0,2021-03-31 17:45:38,2022-06-10 15:37:51
10977,2941,75,0,2021-03-31 17:45:38,2022-06-10 15:37:51
10978,2941,82,0,2021-03-31 17:45:38,2022-06-10 15:37:51
10979,2942,49,0,2021-03-31 17:45:38,2022-06-10 15:37:51
10980,2942,50,0,2021-03-31 17:45:38,2022-06-10 15:37:51
10981,2942,51,0,2021-03-31 17:45:38,2022-06-10 15:37:51
10982,2942,126,0,2021-03-31 17:45:38,2022-06-10 15:37:51
10983,2943,74,0,2021-03-31 17:45:38,2022-06-10 15:37:51
10984,2943,130,0,2021-03-31 17:45:38,2022-06-10 15:37:51
10985,2944,1,0,2021-03-31 17:45:38,2022-06-10 15:37:51
10986,2944,2,0,2021-03-31 17:45:38,2022-06-10 15:37:51
10987,2944,49,0,2021-03-31 17:45:38,2022-06-10 15:37:51
10988,2944,51,0,2021-03-31 17:45:38,2022-06-10 15:37:51
10989,2944,53,0,2021-03-31 17:45:38,2022-06-10 15:37:51
10990,2944,54,0,2021-03-31 17:45:38,2022-06-10 15:37:51
10991,2944,55,0,2021-03-31 17:45:38,2022-06-10 15:37:51
10992,2944,56,0,2021-03-31 17:45:38,2022-06-10 15:37:51
10993,2944,57,0,2021-03-31 17:45:38,2022-06-10 15:37:51
10994,2944,58,0,2021-03-31 17:45:38,2022-06-10 15:37:51
10995,2945,74,0,2021-03-31 17:45:38,2022-06-10 15:37:51
10996,2945,75,0,2021-03-31 17:45:38,2022-06-10 15:37:51
10997,2945,82,0,2021-03-31 17:45:38,2022-06-10 15:37:51
10998,2946,49,0,2021-03-31 17:45:38,2022-06-10 15:37:51
10999,2946,50,0,2021-03-31 17:45:38,2022-06-10 15:37:51
11000,2946,52,0,2021-03-31 17:45:38,2022-06-10 15:37:51
11001,2946,54,0,2021-03-31 17:45:38,2022-06-10 15:37:51
11002,2947,93,0,2021-03-31 17:45:38,2022-06-10 15:37:51
11003,2947,95,0,2021-03-31 17:45:38,2022-06-10 15:37:51
11004,2947,111,0,2021-03-31 17:45:38,2022-06-10 15:37:51
11005,2947,113,0,2021-03-31 17:45:38,2022-06-10 15:37:51
11006,2947,117,0,2021-03-31 17:45:38,2022-06-10 15:37:51
11007,2947,120,0,2021-03-31 17:45:38,2022-06-10 15:37:51
11008,2948,93,0,2021-03-31 17:45:38,2022-06-10 15:37:51
11009,2948,99,0,2021-03-31 17:45:38,2022-06-10 15:37:51
11010,2949,59,0,2021-03-31 17:45:38,2022-06-10 15:37:51
11011,2949,62,0,2021-03-31 17:45:38,2022-06-10 15:37:51
11012,2949,85,0,2021-03-31 17:45:38,2022-06-10 15:37:51
11013,2949,93,0,2021-03-31 17:45:38,2022-06-10 15:37:51
11014,2949,101,0,2021-03-31 17:45:38,2022-06-10 15:37:51
11015,2949,134,0,2021-03-31 17:45:38,2022-06-10 15:37:51
11016,2950,4,0,2021-03-31 17:45:38,2021-06-22 10:52:50
11017,2950,5,0,2021-03-31 17:45:38,2021-06-22 10:52:50
11018,2950,9,0,2021-03-31 17:45:38,2021-06-22 10:52:50
11019,2951,32,0,2021-03-31 17:45:38,2022-06-10 15:37:51
11020,2951,35,0,2021-03-31 17:45:38,2022-06-10 15:37:51
11021,2951,38,0,2021-03-31 17:45:38,2022-06-10 15:37:51
11022,2952,85,0,2021-03-31 17:45:38,2022-06-10 15:37:51
11023,2952,142,0,2021-03-31 17:45:38,2022-06-10 15:37:51
11024,2953,4,0,2021-03-31 17:45:38,2022-06-10 15:37:51
11025,2953,8,0,2021-03-31 17:45:38,2022-06-10 15:37:51
11026,2954,40,0,2021-03-31 17:45:38,2022-06-10 15:37:51
11027,2954,44,0,2021-03-31 17:45:38,2022-06-10 15:37:51
11028,2955,25,0,2021-03-31 17:45:38,2022-06-10 15:37:51
11029,2955,124,0,2021-03-31 17:45:38,2022-06-10 15:37:51
11030,2956,49,0,2021-03-31 17:45:38,2021-06-22 10:52:50
11031,2956,50,0,2021-03-31 17:45:38,2021-06-22 10:52:50
11032,2956,51,0,2021-03-31 17:45:38,2021-06-22 10:52:50
11033,2956,52,0,2021-03-31 17:45:38,2021-06-22 10:52:50
11034,2956,54,0,2021-03-31 17:45:38,2021-06-22 10:52:50
11035,2956,55,0,2021-03-31 17:45:38,2021-06-22 10:52:50
11036,2956,103,0,2021-03-31 17:45:38,2021-06-22 10:52:50
11037,2956,105,0,2021-03-31 17:45:38,2021-06-22 10:52:50
11038,2956,107,0,2021-03-31 17:45:38,2021-06-22 10:52:50
11039,2956,108,0,2021-03-31 17:45:38,2021-06-22 10:52:50
11040,2956,109,0,2021-03-31 17:45:38,2021-06-22 10:52:50
11041,2956,111,0,2021-03-31 17:45:38,2021-06-22 10:52:50
11042,2956,112,0,2021-03-31 17:45:38,2021-06-22 10:52:50
11043,2956,113,0,2021-03-31 17:45:38,2021-06-22 10:52:50
11044,2956,114,0,2021-03-31 17:45:38,2021-06-22 10:52:50
11045,2956,115,0,2021-03-31 17:45:38,2021-06-22 10:52:50
11046,2956,116,0,2021-03-31 17:45:38,2021-06-22 10:52:50
11047,2956,117,0,2021-03-31 17:45:38,2021-06-22 10:52:50
11048,2956,118,0,2021-03-31 17:45:38,2021-06-22 10:52:50
11049,2956,139,0,2021-03-31 17:45:38,2021-06-22 10:52:50
11050,2956,140,0,2021-03-31 17:45:38,2021-06-22 10:52:50
11051,2957,85,0,2021-03-31 17:45:38,2022-06-10 15:37:51
11052,2957,88,0,2021-03-31 17:45:38,2022-06-10 15:37:51
11053,2958,1,0,2021-03-31 17:45:38,2022-06-10 15:37:51
11054,2958,2,0,2021-03-31 17:45:38,2022-06-10 15:37:51
11055,2958,67,0,2021-03-31 17:45:38,2022-06-10 15:37:51
11056,2958,68,0,2021-03-31 17:45:38,2022-06-10 15:37:51
11057,2959,4,0,2021-03-31 17:45:38,2022-06-10 15:37:51
11058,2959,9,0,2021-03-31 17:45:38,2022-06-10 15:37:51
11059,2960,4,0,2021-03-31 17:45:38,2022-06-10 15:37:51
11060,2960,5,0,2021-03-31 17:45:38,2022-06-10 15:37:51
11061,2961,74,0,2021-03-31 17:45:38,2022-06-10 15:37:51
11062,2961,111,0,2021-03-31 17:45:38,2022-06-10 15:37:51
11063,2961,112,0,2021-03-31 17:45:38,2022-06-10 15:37:51
11064,2961,113,0,2021-03-31 17:45:38,2022-06-10 15:37:51
11065,2961,114,0,2021-03-31 17:45:38,2022-06-10 15:37:51
11066,2961,115,0,2021-03-31 17:45:38,2022-06-10 15:37:51
11067,2961,116,0,2021-03-31 17:45:38,2022-06-10 15:37:51
11068,2961,129,0,2021-03-31 17:45:38,2022-06-10 15:37:51
11069,2962,85,0,2021-03-31 17:45:38,2022-06-10 15:37:51
11070,2962,88,0,2021-03-31 17:45:38,2022-06-10 15:37:51
11071,2962,135,0,2021-03-31 17:45:38,2022-06-10 15:37:51
11072,2963,40,0,2021-03-31 17:45:39,2021-06-22 10:52:50
11073,2963,41,0,2021-03-31 17:45:39,2021-06-22 10:52:50
11074,2963,43,0,2021-03-31 17:45:39,2021-06-22 10:52:50
11075,2963,46,0,2021-03-31 17:45:39,2021-06-22 10:52:50
11076,2963,47,0,2021-03-31 17:45:39,2021-06-22 10:52:50
11077,2963,48,0,2021-03-31 17:45:39,2021-06-22 10:52:50
11078,2964,4,0,2021-03-31 17:45:39,2022-06-10 15:37:51
11079,2964,7,0,2021-03-31 17:45:39,2022-06-10 15:37:51
11080,2965,67,0,2021-03-31 17:45:39,2022-06-10 15:37:51
11081,2965,68,0,2021-03-31 17:45:39,2022-06-10 15:37:51
11082,2966,40,0,2021-03-31 17:45:39,2022-06-10 15:37:51
11083,2966,41,0,2021-03-31 17:45:39,2022-06-10 15:37:51
11084,2967,40,0,2021-03-31 17:45:39,2022-06-10 15:37:51
11085,2967,44,0,2021-03-31 17:45:39,2022-06-10 15:37:51
11086,2968,4,0,2021-03-31 17:45:39,2022-06-10 15:37:51
11087,2968,6,0,2021-03-31 17:45:39,2022-06-10 15:37:51
11088,2969,40,0,2021-03-31 17:45:39,2022-06-10 15:37:51
11089,2969,41,0,2021-03-31 17:45:39,2022-06-10 15:37:51
11090,2969,74,0,2021-03-31 17:45:39,2022-06-10 15:37:51
11091,2969,75,0,2021-03-31 17:45:39,2022-06-10 15:37:51
11092,2969,82,0,2021-03-31 17:45:39,2022-06-10 15:37:51
11093,2970,40,0,2021-03-31 17:45:39,2022-06-10 15:37:51
11094,2970,74,0,2021-03-31 17:45:39,2022-06-10 15:37:51
11095,2970,75,0,2021-03-31 17:45:39,2022-06-10 15:37:51
11096,2970,82,0,2021-03-31 17:45:39,2022-06-10 15:37:51
11097,2971,40,0,2021-03-31 17:45:39,2022-06-10 15:37:51
11098,2971,41,0,2021-03-31 17:45:39,2022-06-10 15:37:51
11099,2971,93,0,2021-03-31 17:45:39,2022-06-10 15:37:51
11100,2971,102,0,2021-03-31 17:45:39,2022-06-10 15:37:51
11101,2972,85,0,2021-03-31 17:45:39,2021-06-22 10:52:50
11102,2972,86,0,2021-03-31 17:45:39,2021-06-22 10:52:50
11103,2972,135,0,2021-03-31 17:45:39,2021-06-22 10:52:50
11104,2972,137,0,2021-03-31 17:45:39,2021-06-22 10:52:50
11105,2972,142,0,2021-03-31 17:45:39,2021-06-22 10:52:50
11106,2973,15,0,2021-03-31 17:45:39,2022-06-10 15:37:51
11107,2973,25,0,2021-03-31 17:45:39,2022-06-10 15:37:51
11108,2973,122,0,2021-03-31 17:45:39,2022-06-10 15:37:51
11109,2973,124,0,2021-03-31 17:45:39,2022-06-10 15:37:51
11110,2974,74,0,2021-03-31 17:45:39,2022-06-10 15:37:51
11111,2974,75,0,2021-03-31 17:45:39,2022-06-10 15:37:51
11112,2974,82,0,2021-03-31 17:45:39,2022-06-10 15:37:51
11113,2974,87,0,2021-03-31 17:45:39,2022-06-10 15:37:51
11114,2975,15,0,2021-03-31 17:45:39,2022-06-10 15:37:51
11115,2975,17,0,2021-03-31 17:45:39,2022-06-10 15:37:51
11116,2975,19,0,2021-03-31 17:45:39,2022-06-10 15:37:51
11117,2975,20,0,2021-03-31 17:45:39,2022-06-10 15:37:51
11118,2975,21,0,2021-03-31 17:45:39,2022-06-10 15:37:51
11119,2975,22,0,2021-03-31 17:45:39,2022-06-10 15:37:51
11120,2975,67,0,2021-03-31 17:45:39,2022-06-10 15:37:51
11121,2975,68,0,2021-03-31 17:45:39,2022-06-10 15:37:51
11122,2975,71,0,2021-03-31 17:45:39,2022-06-10 15:37:51
11123,2976,74,0,2021-03-31 17:45:39,2022-06-10 15:37:51
11124,2976,75,0,2021-03-31 17:45:39,2022-06-10 15:37:51
11125,2977,4,0,2021-03-31 17:45:39,2021-06-22 10:52:50
11126,2978,4,0,2021-03-31 17:45:39,2022-06-10 15:37:51
11127,2978,8,0,2021-03-31 17:45:39,2022-06-10 15:37:51
11128,2978,15,0,2021-03-31 17:45:39,2022-06-10 15:37:51
11129,2978,23,0,2021-03-31 17:45:39,2022-06-10 15:37:51
11130,2979,15,0,2021-03-31 17:45:39,2022-06-10 15:37:51
11131,2979,21,0,2021-03-31 17:45:39,2022-06-10 15:37:51
11132,2979,24,0,2021-03-31 17:45:39,2022-06-10 15:37:51
11133,2979,32,0,2021-03-31 17:45:39,2022-06-10 15:37:51
11134,2979,37,0,2021-03-31 17:45:39,2022-06-10 15:37:51
11135,2979,49,0,2021-03-31 17:45:39,2022-06-10 15:37:51
11136,2979,50,0,2021-03-31 17:45:39,2022-06-10 15:37:51
11137,2980,40,0,2021-03-31 17:45:39,2022-06-10 15:37:51
11138,2980,41,0,2021-03-31 17:45:39,2022-06-10 15:37:51
11139,2980,43,0,2021-03-31 17:45:39,2022-06-10 15:37:51
11140,2980,46,0,2021-03-31 17:45:39,2022-06-10 15:37:51
11141,2980,47,0,2021-03-31 17:45:39,2022-06-10 15:37:51
11142,2981,74,0,2021-03-31 17:45:39,2021-05-06 06:52:41
11143,2981,75,0,2021-03-31 17:45:39,2021-05-06 06:52:41
11144,2982,25,0,2021-03-31 17:45:39,2022-06-10 15:37:51
11145,2982,123,0,2021-03-31 17:45:39,2022-06-10 15:37:51
11146,2982,124,0,2021-03-31 17:45:39,2022-06-10 15:37:51
11147,2983,25,0,2021-03-31 17:45:39,2022-06-10 15:37:51
11148,2983,124,0,2021-03-31 17:45:39,2022-06-10 15:37:51
11149,2984,2,0,2021-03-31 17:45:39,2022-06-10 15:37:51
11150,2984,15,0,2021-03-31 17:45:39,2022-06-10 15:37:51
11151,2984,16,0,2021-03-31 17:45:39,2022-06-10 15:37:51
11152,2984,18,0,2021-03-31 17:45:39,2022-06-10 15:37:51
11153,2984,19,0,2021-03-31 17:45:39,2022-06-10 15:37:51
11154,2984,21,0,2021-03-31 17:45:39,2022-06-10 15:37:51
11155,2984,24,0,2021-03-31 17:45:39,2022-06-10 15:37:51
11156,2984,49,0,2021-03-31 17:45:39,2022-06-10 15:37:51
11157,2984,51,0,2021-03-31 17:45:39,2022-06-10 15:37:51
11158,2984,53,0,2021-03-31 17:45:39,2022-06-10 15:37:51
11159,2984,54,0,2021-03-31 17:45:39,2022-06-10 15:37:51
11160,2984,55,0,2021-03-31 17:45:39,2022-06-10 15:37:51
11161,2984,56,0,2021-03-31 17:45:39,2022-06-10 15:37:51
11162,2984,57,0,2021-03-31 17:45:39,2022-06-10 15:37:51
11163,2984,58,0,2021-03-31 17:45:39,2022-06-10 15:37:51
11164,2984,85,0,2021-03-31 17:45:39,2022-06-10 15:37:51
11165,2984,88,0,2021-03-31 17:45:39,2022-06-10 15:37:51
11166,2984,89,0,2021-03-31 17:45:39,2022-06-10 15:37:51
11167,2984,103,0,2021-03-31 17:45:39,2022-06-10 15:37:51
11168,2984,110,0,2021-03-31 17:45:39,2022-06-10 15:37:51
11169,2984,111,0,2021-03-31 17:45:39,2022-06-10 15:37:51
11170,2984,112,0,2021-03-31 17:45:39,2022-06-10 15:37:51
11171,2984,113,0,2021-03-31 17:45:39,2022-06-10 15:37:51
11172,2984,114,0,2021-03-31 17:45:39,2022-06-10 15:37:51
11173,2984,115,0,2021-03-31 17:45:39,2022-06-10 15:37:51
11174,2985,34,0,2021-03-31 17:45:39,2022-06-10 15:37:51
11175,2985,37,0,2021-03-31 17:45:39,2022-06-10 15:37:51
11176,2986,74,0,2021-03-31 17:45:39,2021-06-22 10:52:50
11177,2986,77,0,2021-03-31 17:45:39,2021-06-22 10:52:50
11178,2986,78,0,2021-03-31 17:45:39,2021-06-22 10:52:50
11179,2987,25,0,2021-03-31 17:45:39,2022-06-10 15:37:51
11180,2987,124,0,2021-03-31 17:45:39,2022-06-10 15:37:51
11181,2988,4,0,2021-03-31 17:45:39,2021-06-22 10:52:50
11182,2988,11,0,2021-03-31 17:45:39,2021-06-22 10:52:50
11183,2989,1,0,2021-03-31 17:45:39,2021-06-22 10:52:50
11184,2989,2,0,2021-03-31 17:45:39,2021-06-22 10:52:50
11185,2989,49,0,2021-03-31 17:45:39,2021-06-22 10:52:50
11186,2989,50,0,2021-03-31 17:45:39,2021-06-22 10:52:50
11187,2989,51,0,2021-03-31 17:45:39,2021-06-22 10:52:50
11188,2989,53,0,2021-03-31 17:45:39,2021-06-22 10:52:50
11189,2989,54,0,2021-03-31 17:45:39,2021-06-22 10:52:50
11190,2989,55,0,2021-03-31 17:45:39,2021-06-22 10:52:50
11191,2989,56,0,2021-03-31 17:45:39,2021-06-22 10:52:50
11192,2989,57,0,2021-03-31 17:45:39,2021-06-22 10:52:50
11193,2989,58,0,2021-03-31 17:45:39,2021-06-22 10:52:50
11194,2990,40,0,2021-03-31 17:45:39,2022-06-10 15:37:51
11195,2990,41,0,2021-03-31 17:45:39,2022-06-10 15:37:51
11196,2990,47,0,2021-03-31 17:45:39,2022-06-10 15:37:51
11197,2991,15,0,2021-03-31 17:45:39,2022-06-10 15:37:51
11198,2991,18,0,2021-03-31 17:45:39,2022-06-10 15:37:51
11199,2991,21,0,2021-03-31 17:45:39,2022-06-10 15:37:51
11200,2991,74,0,2021-03-31 17:45:39,2022-06-10 15:37:51
11201,2991,77,0,2021-03-31 17:45:39,2022-06-10 15:37:51
11202,2991,78,0,2021-03-31 17:45:39,2022-06-10 15:37:51
11203,2992,40,0,2021-03-31 17:45:39,2022-06-10 15:37:51
11204,2992,47,0,2021-03-31 17:45:39,2022-06-10 15:37:51
11205,2992,74,0,2021-03-31 17:45:39,2022-06-10 15:37:51
11206,2992,82,0,2021-03-31 17:45:39,2022-06-10 15:37:51
11207,2992,133,0,2021-03-31 17:45:39,2022-06-10 15:37:51
11208,2993,93,0,2021-03-31 17:45:39,2022-06-10 15:37:51
11209,2993,99,0,2021-03-31 17:45:39,2022-06-10 15:37:51
11210,2994,25,0,2021-03-31 17:45:39,2022-06-10 15:37:51
11211,2994,29,0,2021-03-31 17:45:39,2022-06-10 15:37:51
11212,2994,124,0,2021-03-31 17:45:39,2022-06-10 15:37:51
11213,2995,32,0,2021-03-31 17:45:39,2022-06-10 15:37:51
11214,2995,33,0,2021-03-31 17:45:39,2022-06-10 15:37:51
11215,2995,34,0,2021-03-31 17:45:39,2022-06-10 15:37:51
11216,2996,4,0,2021-03-31 17:45:39,2022-06-10 15:37:51
11217,2996,11,0,2021-03-31 17:45:39,2022-06-10 15:37:51
11218,2997,49,0,2021-03-31 17:45:39,2022-06-10 15:37:51
11219,2997,50,0,2021-03-31 17:45:39,2022-06-10 15:37:51
11220,2997,53,0,2021-03-31 17:45:39,2022-06-10 15:37:51
11221,2997,54,0,2021-03-31 17:45:39,2022-06-10 15:37:51
11222,2997,56,0,2021-03-31 17:45:39,2022-06-10 15:37:51
11223,2997,57,0,2021-03-31 17:45:39,2022-06-10 15:37:51
11224,2997,58,0,2021-03-31 17:45:39,2022-06-10 15:37:51
11225,2997,85,0,2021-03-31 17:45:39,2022-06-10 15:37:51
11226,2997,88,0,2021-03-31 17:45:39,2022-06-10 15:37:51
11227,2997,103,0,2021-03-31 17:45:39,2022-06-10 15:37:51
11228,2997,104,0,2021-03-31 17:45:39,2022-06-10 15:37:51
11229,2997,105,0,2021-03-31 17:45:39,2022-06-10 15:37:51
11230,2997,107,0,2021-03-31 17:45:39,2022-06-10 15:37:51
11231,2997,108,0,2021-03-31 17:45:39,2022-06-10 15:37:51
11232,2997,109,0,2021-03-31 17:45:39,2022-06-10 15:37:51
11233,2997,135,0,2021-03-31 17:45:39,2022-06-10 15:37:51
11234,2997,137,0,2021-03-31 17:45:39,2022-06-10 15:37:51
11235,2997,139,0,2021-03-31 17:45:39,2022-06-10 15:37:51
11236,2997,140,0,2021-03-31 17:45:39,2022-06-10 15:37:51
11237,2997,141,0,2021-03-31 17:45:39,2022-06-10 15:37:51
11238,2997,142,0,2021-03-31 17:45:39,2022-06-10 15:37:51
11239,2998,4,0,2021-03-31 17:45:39,2021-06-22 10:52:50
11240,2998,11,0,2021-03-31 17:45:39,2021-06-22 10:52:50
11241,2999,74,0,2021-03-31 17:45:39,2022-06-10 15:37:51
11242,2999,75,0,2021-03-31 17:45:39,2022-06-10 15:37:51
11243,2999,82,0,2021-03-31 17:45:39,2022-06-10 15:37:51
11244,3000,49,0,2021-03-31 17:45:39,2022-06-10 15:37:51
11245,3000,125,0,2021-03-31 17:45:39,2022-06-10 15:37:51
11246,3001,4,0,2021-03-31 17:45:39,2022-06-10 15:37:51
11247,3001,74,0,2021-03-31 17:45:39,2022-06-10 15:37:51
11248,3001,129,0,2021-03-31 17:45:39,2022-06-10 15:37:51
11249,3001,130,0,2021-03-31 17:45:39,2022-06-10 15:37:51
11250,3001,131,0,2021-03-31 17:45:39,2022-06-10 15:37:51
11251,3002,15,0,2021-03-31 17:45:39,2022-06-10 15:37:51
11252,3002,67,0,2021-03-31 17:45:39,2022-06-10 15:37:51
11253,3002,71,0,2021-03-31 17:45:39,2022-06-10 15:37:51
11254,3002,122,0,2021-03-31 17:45:39,2022-06-10 15:37:51
11255,3002,130,0,2021-03-31 17:45:39,2022-06-10 15:37:51
11256,3003,49,0,2021-03-31 17:45:39,2022-06-10 15:37:51
11257,3003,50,0,2021-03-31 17:45:39,2022-06-10 15:37:51
11258,3003,51,0,2021-03-31 17:45:39,2022-06-10 15:37:51
11259,3003,52,0,2021-03-31 17:45:39,2022-06-10 15:37:51
11260,3003,53,0,2021-03-31 17:45:39,2022-06-10 15:37:51
11261,3003,54,0,2021-03-31 17:45:39,2022-06-10 15:37:51
11262,3003,55,0,2021-03-31 17:45:39,2022-06-10 15:37:51
11263,3003,56,0,2021-03-31 17:45:39,2022-06-10 15:37:51
11264,3003,57,0,2021-03-31 17:45:39,2022-06-10 15:37:51
11265,3003,58,0,2021-03-31 17:45:39,2022-06-10 15:37:51
11266,3003,74,0,2021-03-31 17:45:39,2022-06-10 15:37:51
11267,3003,93,0,2021-03-31 17:45:39,2022-06-10 15:37:51
11268,3003,94,0,2021-03-31 17:45:39,2022-06-10 15:37:51
11269,3003,103,0,2021-03-31 17:45:39,2022-06-10 15:37:51
11270,3003,108,0,2021-03-31 17:45:39,2022-06-10 15:37:51
11271,3003,110,0,2021-03-31 17:45:39,2022-06-10 15:37:51
11272,3003,111,0,2021-03-31 17:45:39,2022-06-10 15:37:51
11273,3003,112,0,2021-03-31 17:45:39,2022-06-10 15:37:51
11274,3003,113,0,2021-03-31 17:45:39,2022-06-10 15:37:51
11275,3003,114,0,2021-03-31 17:45:39,2022-06-10 15:37:51
11276,3003,118,0,2021-03-31 17:45:39,2022-06-10 15:37:51
11277,3003,126,0,2021-03-31 17:45:39,2022-06-10 15:37:51
11278,3003,131,0,2021-03-31 17:45:39,2022-06-10 15:37:51
11279,3003,140,0,2021-03-31 17:45:39,2022-06-10 15:37:51
11280,3003,141,0,2021-03-31 17:45:39,2022-06-10 15:37:51
11281,3004,15,0,2021-03-31 17:45:39,2021-06-22 10:52:50
11282,3004,93,0,2021-03-31 17:45:39,2021-06-22 10:52:50
11283,3004,101,0,2021-03-31 17:45:39,2021-06-22 10:52:50
11284,3004,122,0,2021-03-31 17:45:39,2021-06-22 10:52:50
11285,3005,82,0,2021-03-31 17:45:39,2022-06-10 15:37:51
11286,3005,85,0,2021-03-31 17:45:39,2022-06-10 15:37:51
11287,3005,87,0,2021-03-31 17:45:39,2022-06-10 15:37:51
11288,3005,133,0,2021-03-31 17:45:39,2022-06-10 15:37:51
11289,3005,135,0,2021-03-31 17:45:39,2022-06-10 15:37:51
11290,3005,142,0,2021-03-31 17:45:39,2022-06-10 15:37:51
11291,3006,93,0,2021-03-31 17:45:39,2022-06-10 15:37:51
11292,3006,99,0,2021-03-31 17:45:39,2022-06-10 15:37:51
11293,3006,124,0,2021-03-31 17:45:39,2022-06-10 15:37:51
11294,3006,130,0,2021-03-31 17:45:39,2022-06-10 15:37:51
11295,3007,40,0,2021-03-31 17:45:39,2022-06-10 15:37:51
11296,3007,41,0,2021-03-31 17:45:39,2022-06-10 15:37:51
11297,3007,74,0,2021-03-31 17:45:39,2022-06-10 15:37:51
11298,3007,75,0,2021-03-31 17:45:39,2022-06-10 15:37:51
11299,3007,82,0,2021-03-31 17:45:39,2022-06-10 15:37:51
11300,3008,25,0,2021-03-31 17:45:39,2022-06-10 15:37:51
11301,3008,124,0,2021-03-31 17:45:39,2022-06-10 15:37:51
11302,3009,25,0,2021-03-31 17:45:39,2022-06-10 15:37:51
11303,3009,123,0,2021-03-31 17:45:39,2022-06-10 15:37:51
11304,3009,124,0,2021-03-31 17:45:39,2022-06-10 15:37:51
11305,3010,74,0,2021-03-31 17:45:39,2021-06-22 10:52:50
11306,3010,82,0,2021-03-31 17:45:39,2021-06-22 10:52:50
11307,3010,111,0,2021-03-31 17:45:39,2021-06-22 10:52:50
11308,3010,116,0,2021-03-31 17:45:39,2021-06-22 10:52:50
11309,3010,129,0,2021-03-31 17:45:39,2021-06-22 10:52:50
11310,3010,131,0,2021-03-31 17:45:39,2021-06-22 10:52:50
11311,3011,15,0,2021-03-31 17:45:39,2022-06-10 15:37:51
11312,3011,17,0,2021-03-31 17:45:39,2022-06-10 15:37:51
11313,3011,19,0,2021-03-31 17:45:39,2022-06-10 15:37:51
11314,3011,21,0,2021-03-31 17:45:39,2022-06-10 15:37:51
11315,3011,23,0,2021-03-31 17:45:39,2022-06-10 15:37:51
11316,3011,67,0,2021-03-31 17:45:39,2022-06-10 15:37:51
11317,3011,68,0,2021-03-31 17:45:39,2022-06-10 15:37:51
11318,3011,71,0,2021-03-31 17:45:39,2022-06-10 15:37:51
11319,3011,122,0,2021-03-31 17:45:39,2022-06-10 15:37:51
11320,3012,4,0,2021-03-31 17:45:39,2022-06-10 15:37:51
11321,3013,3,0,2021-03-31 17:45:39,2022-06-10 15:37:51
11322,3013,40,0,2021-03-31 17:45:39,2022-06-10 15:37:51
11323,3013,41,0,2021-03-31 17:45:39,2022-06-10 15:37:51
11324,3013,93,0,2021-03-31 17:45:39,2022-06-10 15:37:51
11325,3013,102,0,2021-03-31 17:45:39,2022-06-10 15:37:51
11326,3014,15,0,2021-03-31 17:45:39,2022-06-10 15:37:51
11327,3014,21,0,2021-03-31 17:45:39,2022-06-10 15:37:51
11328,3014,49,0,2021-03-31 17:45:39,2022-06-10 15:37:51
11329,3014,50,0,2021-03-31 17:45:39,2022-06-10 15:37:51
11330,3014,55,0,2021-03-31 17:45:39,2022-06-10 15:37:51
11331,3014,57,0,2021-03-31 17:45:39,2022-06-10 15:37:51
11332,3014,58,0,2021-03-31 17:45:39,2022-06-10 15:37:51
11333,3014,126,0,2021-03-31 17:45:39,2022-06-10 15:37:51
11334,3015,32,0,2021-03-31 17:45:39,2022-06-10 15:37:51
11335,3015,34,0,2021-03-31 17:45:39,2022-06-10 15:37:51
11336,3015,67,0,2021-03-31 17:45:39,2022-06-10 15:37:51
11337,3015,71,0,2021-03-31 17:45:39,2022-06-10 15:37:51
11338,3016,74,0,2021-03-31 17:45:39,2022-06-10 15:37:51
11339,3016,111,0,2021-03-31 17:45:39,2022-06-10 15:37:51
11340,3016,112,0,2021-03-31 17:45:39,2022-06-10 15:37:51
11341,3016,113,0,2021-03-31 17:45:39,2022-06-10 15:37:51
11342,3016,114,0,2021-03-31 17:45:39,2022-06-10 15:37:51
11343,3016,115,0,2021-03-31 17:45:39,2022-06-10 15:37:51
11344,3016,129,0,2021-03-31 17:45:39,2022-06-10 15:37:51
11345,3016,132,0,2021-03-31 17:45:39,2022-06-10 15:37:51
11346,3017,74,0,2021-03-31 17:45:39,2022-06-10 15:37:51
11347,3017,76,0,2021-03-31 17:45:39,2022-06-10 15:37:51
11348,3017,130,0,2021-03-31 17:45:39,2022-06-10 15:37:51
11349,3018,4,0,2021-03-31 17:45:39,2022-06-10 15:37:51
11350,3018,8,0,2021-03-31 17:45:39,2022-06-10 15:37:51
11351,3019,103,0,2021-03-31 17:45:39,2022-06-10 15:37:51
11352,3019,105,0,2021-03-31 17:45:39,2022-06-10 15:37:51
11353,3019,108,0,2021-03-31 17:45:39,2022-06-10 15:37:51
11354,3020,40,0,2021-03-31 17:45:39,2022-06-10 15:37:51
11355,3020,47,0,2021-03-31 17:45:39,2022-06-10 15:37:51
11356,3021,4,0,2021-03-31 17:45:39,2022-06-10 15:37:51
11357,3021,5,0,2021-03-31 17:45:39,2022-06-10 15:37:51
11358,3022,25,0,2021-03-31 17:45:39,2022-06-10 15:37:51
11359,3022,124,0,2021-03-31 17:45:39,2022-06-10 15:37:51
11360,3023,40,0,2021-03-31 17:45:39,2022-06-10 15:37:51
11361,3023,41,0,2021-03-31 17:45:39,2022-06-10 15:37:51
11362,3023,47,0,2021-03-31 17:45:39,2022-06-10 15:37:51
11363,3024,85,0,2021-03-31 17:45:39,2022-06-10 15:37:51
11364,3024,88,0,2021-03-31 17:45:39,2022-06-10 15:37:51
11365,3024,135,0,2021-03-31 17:45:39,2022-06-10 15:37:51
11366,3025,50,0,2021-03-31 17:45:39,2022-06-10 15:37:51
11367,3025,51,0,2021-03-31 17:45:39,2022-06-10 15:37:51
11368,3025,56,0,2021-03-31 17:45:39,2022-06-10 15:37:51
11369,3025,57,0,2021-03-31 17:45:39,2022-06-10 15:37:51
11370,3025,58,0,2021-03-31 17:45:39,2022-06-10 15:37:51
11371,3025,94,0,2021-03-31 17:45:39,2022-06-10 15:37:51
11372,3025,112,0,2021-03-31 17:45:39,2022-06-10 15:37:51
11373,3025,113,0,2021-03-31 17:45:39,2022-06-10 15:37:51
11374,3025,114,0,2021-03-31 17:45:39,2022-06-10 15:37:51
11375,3025,115,0,2021-03-31 17:45:39,2022-06-10 15:37:51
11376,3025,117,0,2021-03-31 17:45:39,2022-06-10 15:37:51
11377,3025,129,0,2021-03-31 17:45:39,2022-06-10 15:37:51
11378,3026,25,0,2021-03-31 17:45:39,2021-06-22 10:52:50
11379,3026,124,0,2021-03-31 17:45:39,2021-06-22 10:52:50
11380,3027,59,0,2021-03-31 17:45:39,2022-06-10 15:37:51
11381,3027,60,0,2021-03-31 17:45:39,2022-06-10 15:37:51
11382,3028,49,0,2021-03-31 17:45:39,2022-06-10 15:37:51
11383,3028,50,0,2021-03-31 17:45:39,2022-06-10 15:37:51
11384,3029,41,0,2021-03-31 17:45:39,2022-06-10 15:37:51
11385,3029,48,0,2021-03-31 17:45:39,2022-06-10 15:37:51
11386,3030,15,0,2021-03-31 17:45:39,2022-06-10 15:37:51
11387,3030,17,0,2021-03-31 17:45:39,2022-06-10 15:37:51
11388,3030,18,0,2021-03-31 17:45:39,2022-06-10 15:37:51
11389,3030,19,0,2021-03-31 17:45:39,2022-06-10 15:37:51
11390,3031,15,0,2021-04-02 18:05:22,2021-06-22 10:52:50
11391,3031,18,0,2021-04-02 18:05:22,2021-06-22 10:52:50
11392,3031,74,0,2021-04-02 18:05:22,2021-06-22 10:52:50
11393,3031,77,0,2021-04-02 18:05:22,2021-06-22 10:52:50
11394,3032,74,0,2021-04-02 18:05:22,2022-06-10 15:37:51
11395,3032,111,0,2021-04-02 18:05:22,2022-06-10 15:37:51
11396,3032,112,0,2021-04-02 18:05:22,2022-06-10 15:37:51
11397,3032,113,0,2021-04-02 18:05:22,2022-06-10 15:37:51
11398,3032,114,0,2021-04-02 18:05:22,2022-06-10 15:37:51
11399,3032,115,0,2021-04-02 18:05:22,2022-06-10 15:37:51
11400,3032,116,0,2021-04-02 18:05:22,2022-06-10 15:37:51
11401,3032,117,0,2021-04-02 18:05:22,2022-06-10 15:37:51
11402,3032,129,0,2021-04-02 18:05:22,2022-06-10 15:37:51
11403,3033,49,0,2021-04-02 18:05:22,2021-06-22 10:52:50
11404,3033,52,0,2021-04-02 18:05:22,2021-06-22 10:52:50
11405,3033,53,0,2021-04-02 18:05:22,2021-06-22 10:52:50
11406,3034,74,0,2021-04-02 18:05:22,2022-06-10 15:37:51
11407,3034,111,0,2021-04-02 18:05:22,2022-06-10 15:37:51
11408,3034,113,0,2021-04-02 18:05:22,2022-06-10 15:37:51
11409,3034,114,0,2021-04-02 18:05:22,2022-06-10 15:37:51
11410,3034,117,0,2021-04-02 18:05:22,2022-06-10 15:37:51
11411,3034,129,0,2021-04-02 18:05:22,2022-06-10 15:37:51
11412,3035,49,0,2021-04-02 18:05:22,2021-06-22 10:52:50
11413,3035,50,0,2021-04-02 18:05:22,2021-06-22 10:52:50
11414,3035,56,0,2021-04-02 18:05:22,2021-06-22 10:52:50
11415,3036,103,0,2021-04-02 18:05:23,2022-06-10 15:37:51
11416,3036,104,0,2021-04-02 18:05:23,2022-06-10 15:37:51
11417,3036,105,0,2021-04-02 18:05:23,2022-06-10 15:37:51
11418,3036,106,0,2021-04-02 18:05:23,2022-06-10 15:37:51
11419,3036,108,0,2021-04-02 18:05:23,2022-06-10 15:37:51
11420,3036,109,0,2021-04-02 18:05:23,2022-06-10 15:37:51
11421,3037,40,0,2021-04-02 18:05:42,2021-05-26 13:20:38
11422,3037,46,0,2021-04-02 18:05:42,2021-05-26 13:20:38
11423,3038,103,0,2021-04-07 10:35:20,2021-06-22 10:52:50
11424,3039,103,0,2021-04-07 10:35:20,2021-06-22 10:52:50
11425,3039,108,0,2021-04-07 10:35:20,2021-06-22 10:52:50
11426,3040,59,0,2021-04-07 10:35:20,2021-06-22 10:52:50
11427,3040,62,0,2021-04-07 10:35:20,2021-06-22 10:52:50
11428,3041,59,0,2021-04-07 10:35:20,2022-06-10 15:37:51
11429,3041,128,0,2021-04-07 10:35:20,2022-06-10 15:37:51
11430,3042,103,0,2021-04-07 10:35:21,2022-06-10 15:37:51
11431,3042,110,0,2021-04-07 10:35:21,2022-06-10 15:37:51
11432,3043,59,0,2021-04-08 13:20:30,2022-06-10 15:37:51
11433,3043,60,0,2021-04-08 13:20:30,2022-06-10 15:37:51
11434,3043,85,0,2021-04-08 13:20:30,2022-06-10 15:37:51
11435,3043,88,0,2021-04-08 13:20:30,2022-06-10 15:37:51
11436,3044,59,0,2021-04-08 13:20:30,2021-06-22 10:52:50
11437,3044,60,0,2021-04-08 13:20:30,2021-06-22 10:52:50
11438,3044,85,0,2021-04-08 13:20:30,2021-06-22 10:52:50
11439,3044,88,0,2021-04-08 13:20:30,2021-06-22 10:52:50
11440,3045,103,0,2021-04-12 09:44:06,2022-06-10 15:37:51
11441,3045,141,0,2021-04-12 09:44:06,2022-06-10 15:37:51
11442,3046,4,0,2021-04-12 09:44:08,2022-06-10 15:37:51
11443,3046,5,0,2021-04-12 09:44:08,2022-06-10 15:37:51
11444,3047,59,0,2021-04-12 13:36:28,2022-06-10 15:37:51
11445,3047,62,0,2021-04-12 13:36:28,2022-06-10 15:37:51
11446,3047,85,0,2021-04-12 13:36:28,2022-06-10 15:37:51
11447,3047,93,0,2021-04-12 13:36:28,2022-06-10 15:37:51
11448,3047,134,0,2021-04-12 13:36:28,2022-06-10 15:37:51
11449,3047,138,0,2021-04-12 13:36:28,2022-06-10 15:37:51
11450,3048,111,0,2021-04-12 13:36:41,2022-06-10 15:37:51
11451,3048,113,0,2021-04-12 13:36:41,2022-06-10 15:37:51
11452,3048,116,0,2021-04-12 13:36:41,2022-06-10 15:37:51
11453,3049,93,0,2021-04-13 14:59:11,2022-06-10 15:37:51
11454,3049,138,0,2021-04-13 14:59:11,2022-06-10 15:37:51
11455,3050,111,0,2021-04-13 14:59:11,2021-06-08 09:12:48
11456,3050,118,0,2021-04-13 14:59:11,2021-06-08 09:12:48
11457,3051,49,0,2021-04-14 07:30:16,2022-06-10 15:37:51
11458,3051,58,0,2021-04-14 07:30:16,2022-06-10 15:37:51
11459,3051,67,0,2021-04-14 07:30:16,2022-06-10 15:37:51
11460,3051,71,0,2021-04-14 07:30:16,2022-06-10 15:37:51
11461,3051,74,0,2021-04-14 07:30:16,2022-06-10 15:37:51
11462,3051,81,0,2021-04-14 07:30:16,2022-06-10 15:37:51
11463,3052,59,0,2021-04-14 07:30:16,2022-06-10 15:37:51
11464,3052,62,0,2021-04-14 07:30:16,2022-06-10 15:37:51
11465,3053,111,0,2021-04-20 07:02:11,2021-06-22 10:52:50
11466,3053,113,0,2021-04-20 07:02:11,2021-06-22 10:52:50
11467,3053,114,0,2021-04-20 07:02:11,2021-06-22 10:52:50
11468,3053,117,0,2021-04-20 07:02:11,2021-06-22 10:52:50
11469,3054,49,0,2021-04-20 07:02:11,2021-06-22 10:52:50
11470,3054,54,0,2021-04-20 07:02:11,2021-06-22 10:52:50
11471,3054,111,0,2021-04-20 07:02:11,2021-06-22 10:52:50
11472,3054,118,0,2021-04-20 07:02:11,2021-06-22 10:52:50
11473,3055,49,0,2021-04-20 07:02:11,2022-06-10 15:37:51
11474,3055,53,0,2021-04-20 07:02:11,2022-06-10 15:37:51
11475,3055,57,0,2021-04-20 07:02:11,2022-06-10 15:37:51
11476,3056,103,0,2021-04-22 09:11:21,2021-06-22 10:52:50
11477,3056,105,0,2021-04-22 09:11:21,2021-06-22 10:52:50
11478,3057,74,0,2021-04-22 09:11:21,2021-06-22 10:52:50
11479,3057,81,0,2021-04-22 09:11:21,2021-06-22 10:52:50
11480,3058,40,0,2021-04-22 09:11:21,2022-06-10 15:37:51
11481,3058,49,0,2021-04-22 09:11:21,2022-06-10 15:37:51
11482,3058,50,0,2021-04-22 09:11:21,2022-06-10 15:37:51
11483,3058,52,0,2021-04-22 09:11:21,2022-06-10 15:37:51
11484,3058,55,0,2021-04-22 09:11:21,2022-06-10 15:37:51
11485,3058,56,0,2021-04-22 09:11:21,2022-06-10 15:37:51
11486,3058,85,0,2021-04-22 09:11:21,2022-06-10 15:37:51
11487,3058,89,0,2021-04-22 09:11:21,2022-06-10 15:37:51
11488,3058,103,0,2021-04-22 09:11:21,2022-06-10 15:37:51
11489,3058,105,0,2021-04-22 09:11:21,2022-06-10 15:37:51
11490,3058,140,0,2021-04-22 09:11:21,2022-06-10 15:37:51
11491,3059,49,0,2021-04-22 09:11:21,2022-06-10 15:37:51
11492,3059,51,0,2021-04-22 09:11:21,2022-06-10 15:37:51
11493,3059,93,0,2021-04-22 09:11:21,2022-06-10 15:37:51
11494,3060,74,0,2021-04-22 09:11:21,2022-06-10 15:37:51
11495,3060,129,0,2021-04-22 09:11:21,2022-06-10 15:37:51
11496,3061,111,0,2021-04-22 09:11:21,2021-06-22 10:52:50
11497,3061,118,0,2021-04-22 09:11:21,2021-06-22 10:52:50
11498,3062,93,0,2021-04-22 09:11:21,2022-06-10 15:37:51
11499,3062,100,0,2021-04-22 09:11:21,2022-06-10 15:37:51
11500,3063,49,0,2021-04-22 09:11:21,2022-06-10 15:37:51
11501,3063,54,0,2021-04-22 09:11:21,2022-06-10 15:37:51
11502,3063,85,0,2021-04-22 09:11:21,2022-06-10 15:37:51
11503,3063,86,0,2021-04-22 09:11:21,2022-06-10 15:37:51
11504,3063,91,0,2021-04-22 09:11:21,2022-06-10 15:37:51
11505,3063,137,0,2021-04-22 09:11:21,2022-06-10 15:37:51
11506,3064,103,0,2021-04-22 09:11:21,2022-06-10 15:37:51
11507,3064,140,0,2021-04-22 09:11:21,2022-06-10 15:37:51
11508,3065,103,0,2021-04-22 09:11:21,2021-05-26 13:20:38
11509,3065,105,0,2021-04-22 09:11:21,2021-05-26 13:20:38
11510,3066,103,0,2021-04-22 09:11:21,2021-06-22 10:52:50
11511,3066,141,0,2021-04-22 09:11:21,2021-06-22 10:52:50
11512,3067,59,0,2021-04-22 09:11:21,2021-06-22 10:52:50
11513,3067,62,0,2021-04-22 09:11:21,2021-06-22 10:52:50
11514,3068,49,0,2021-04-22 09:11:21,2022-06-10 15:37:51
11515,3068,51,0,2021-04-22 09:11:21,2022-06-10 15:37:51
11516,3069,74,0,2021-04-22 09:11:21,2022-06-10 15:37:51
11517,3069,84,0,2021-04-22 09:11:21,2022-06-10 15:37:51
11518,3069,85,0,2021-04-22 09:11:21,2022-06-10 15:37:51
11519,3069,89,0,2021-04-22 09:11:21,2022-06-10 15:37:51
11520,3070,4,0,2021-04-22 09:11:22,2022-06-10 15:37:51
11521,3070,13,0,2021-04-22 09:11:22,2022-06-10 15:37:51
11522,3070,93,0,2021-04-22 09:11:22,2022-06-10 15:37:51
11523,3070,94,0,2021-04-22 09:11:22,2022-06-10 15:37:51
11524,3071,103,0,2021-04-22 09:11:23,2022-06-10 15:37:51
11525,3071,104,0,2021-04-22 09:11:23,2022-06-10 15:37:51
11526,3071,105,0,2021-04-22 09:11:23,2022-06-10 15:37:51
11527,3071,107,0,2021-04-22 09:11:23,2022-06-10 15:37:51
11528,3071,108,0,2021-04-22 09:11:23,2022-06-10 15:37:51
11529,3071,109,0,2021-04-22 09:11:23,2022-06-10 15:37:51
11530,3072,59,0,2021-04-26 15:40:34,2022-06-10 15:37:51
11531,3072,128,0,2021-04-26 15:40:34,2022-06-10 15:37:51
11532,3073,32,0,2021-04-26 15:40:34,2022-06-10 15:37:51
11533,3073,35,0,2021-04-26 15:40:34,2022-06-10 15:37:51
11534,3074,111,0,2021-04-26 15:40:34,2022-06-10 15:37:51
11535,3074,115,0,2021-04-26 15:40:34,2022-06-10 15:37:51
11536,3075,59,0,2021-04-26 15:40:34,2022-06-10 15:37:51
11537,3075,62,0,2021-04-26 15:40:34,2022-06-10 15:37:51
11538,3076,59,0,2021-04-26 15:40:34,2022-06-10 15:37:51
11539,3076,62,0,2021-04-26 15:40:34,2022-06-10 15:37:51
11540,3077,15,0,2021-04-26 15:40:34,2022-06-10 15:37:51
11541,3077,122,0,2021-04-26 15:40:34,2022-06-10 15:37:51
11542,3078,93,0,2021-04-26 15:40:34,2022-06-10 15:37:51
11543,3078,98,0,2021-04-26 15:40:34,2022-06-10 15:37:51
11544,3079,49,0,2021-04-26 15:40:35,2021-06-22 10:52:50
11545,3079,51,0,2021-04-26 15:40:35,2021-06-22 10:52:50
11546,3079,53,0,2021-04-26 15:40:35,2021-06-22 10:52:50
11547,3079,54,0,2021-04-26 15:40:35,2021-06-22 10:52:50
11548,3079,55,0,2021-04-26 15:40:35,2021-06-22 10:52:50
11549,3079,57,0,2021-04-26 15:40:35,2021-06-22 10:52:50
11550,3079,67,0,2021-04-26 15:40:35,2021-06-22 10:52:50
11551,3079,68,0,2021-04-26 15:40:35,2021-06-22 10:52:50
11552,3079,74,0,2021-04-26 15:40:35,2021-06-22 10:52:50
11553,3079,81,0,2021-04-26 15:40:35,2021-06-22 10:52:50
11554,3079,93,0,2021-04-26 15:40:35,2021-06-22 10:52:50
11555,3079,94,0,2021-04-26 15:40:35,2021-06-22 10:52:50
11556,3080,49,0,2021-04-26 15:40:35,2022-06-10 15:37:51
11557,3080,53,0,2021-04-26 15:40:35,2022-06-10 15:37:51
11558,3080,57,0,2021-04-26 15:40:35,2022-06-10 15:37:51
11559,3081,103,0,2021-04-26 15:40:35,2021-06-22 10:52:50
11560,3081,105,0,2021-04-26 15:40:35,2021-06-22 10:52:50
11561,3081,108,0,2021-04-26 15:40:35,2021-06-22 10:52:50
11562,3082,103,0,2021-04-26 15:40:35,2021-06-22 10:52:50
11563,3082,104,0,2021-04-26 15:40:35,2021-06-22 10:52:50
11564,3082,108,0,2021-04-26 15:40:35,2021-06-22 10:52:50
11565,3083,93,0,2021-04-26 15:40:35,2021-06-22 10:52:50
11566,3083,94,0,2021-04-26 15:40:35,2021-06-22 10:52:50
11567,3084,49,0,2021-04-26 15:40:35,2021-06-22 10:52:50
11568,3084,51,0,2021-04-26 15:40:35,2021-06-22 10:52:50
11569,3084,54,0,2021-04-26 15:40:35,2021-06-22 10:52:50
11570,3084,59,0,2021-04-26 15:40:35,2021-06-22 10:52:50
11571,3084,60,0,2021-04-26 15:40:35,2021-06-22 10:52:50
11572,3084,74,0,2021-04-26 15:40:35,2021-06-22 10:52:50
11573,3084,84,0,2021-04-26 15:40:35,2021-06-22 10:52:50
11574,3084,85,0,2021-04-26 15:40:35,2021-06-22 10:52:50
11575,3084,86,0,2021-04-26 15:40:35,2021-06-22 10:52:50
11576,3084,89,0,2021-04-26 15:40:35,2021-06-22 10:52:50
11577,3084,132,0,2021-04-26 15:40:35,2021-06-22 10:52:50
11578,3084,134,0,2021-04-26 15:40:35,2021-06-22 10:52:50
11579,3084,136,0,2021-04-26 15:40:35,2021-06-22 10:52:50
11580,3084,137,0,2021-04-26 15:40:35,2021-06-22 10:52:50
11581,3084,142,0,2021-04-26 15:40:35,2021-06-22 10:52:50
11582,3085,93,0,2021-04-26 15:40:35,2021-06-22 10:52:50
11583,3085,98,0,2021-04-26 15:40:35,2021-06-22 10:52:50
11584,3086,93,0,2021-04-28 11:58:07,2021-06-22 10:52:50
11585,3086,98,0,2021-04-28 11:58:07,2021-06-22 10:52:50
11586,3087,49,0,2021-04-28 11:58:07,2022-06-10 15:37:51
11587,3087,59,0,2021-04-28 11:58:07,2022-06-10 15:37:51
11588,3087,103,0,2021-04-28 11:58:07,2022-06-10 15:37:51
11589,3087,126,0,2021-04-28 11:58:07,2022-06-10 15:37:51
11590,3087,141,0,2021-04-28 11:58:07,2022-06-10 15:37:51
11591,3088,49,0,2021-04-28 11:58:07,2022-06-10 15:37:51
11592,3088,53,0,2021-04-28 11:58:07,2022-06-10 15:37:51
11593,3089,93,0,2021-04-28 11:58:07,2022-06-10 15:37:51
11594,3089,94,0,2021-04-28 11:58:07,2022-06-10 15:37:51
11595,3090,49,0,2021-04-28 11:58:07,2022-06-10 15:37:51
11596,3090,51,0,2021-04-28 11:58:07,2022-06-10 15:37:51
11597,3090,54,0,2021-04-28 11:58:07,2022-06-10 15:37:51
11598,3090,74,0,2021-04-28 11:58:07,2022-06-10 15:37:51
11599,3090,111,0,2021-04-28 11:58:07,2022-06-10 15:37:51
11600,3090,112,0,2021-04-28 11:58:07,2022-06-10 15:37:51
11601,3090,113,0,2021-04-28 11:58:07,2022-06-10 15:37:51
11602,3090,114,0,2021-04-28 11:58:07,2022-06-10 15:37:51
11603,3090,116,0,2021-04-28 11:58:07,2022-06-10 15:37:51
11604,3090,117,0,2021-04-28 11:58:07,2022-06-10 15:37:51
11605,3090,119,0,2021-04-28 11:58:07,2022-06-10 15:37:51
11606,3090,129,0,2021-04-28 11:58:07,2022-06-10 15:37:51
11607,3091,59,0,2021-04-28 11:58:12,2022-06-10 15:37:51
11608,3091,62,0,2021-04-28 11:58:12,2022-06-10 15:37:51
11609,3091,85,0,2021-04-28 11:58:12,2022-06-10 15:37:51
11610,3091,134,0,2021-04-28 11:58:12,2022-06-10 15:37:51
11611,3091,137,0,2021-04-28 11:58:12,2022-06-10 15:37:51
11612,3092,49,0,2021-04-28 11:58:42,2022-06-10 15:37:51
11613,3092,57,0,2021-04-28 11:58:42,2022-06-10 15:37:51
11614,3093,93,0,2021-04-30 06:51:36,2022-06-10 15:37:51
11615,3093,103,0,2021-04-30 06:51:36,2022-06-10 15:37:51
11616,3093,108,0,2021-04-30 06:51:36,2022-06-10 15:37:51
11617,3093,138,0,2021-04-30 06:51:36,2022-06-10 15:37:51
11618,3093,141,0,2021-04-30 06:51:36,2022-06-10 15:37:51
11619,3094,49,0,2021-04-30 06:51:36,2022-06-10 15:37:51
11620,3094,67,0,2021-04-30 06:51:36,2022-06-10 15:37:51
11621,3094,68,0,2021-04-30 06:51:36,2022-06-10 15:37:51
11622,3094,126,0,2021-04-30 06:51:36,2022-06-10 15:37:51
11623,3095,103,0,2021-04-30 06:51:36,2022-06-10 15:37:51
11624,3095,139,0,2021-04-30 06:51:36,2022-06-10 15:37:51
11625,3096,74,0,2021-04-30 06:51:36,2022-06-10 15:37:51
11626,3096,129,0,2021-04-30 06:51:36,2022-06-10 15:37:51
11627,3097,4,0,2021-04-30 06:51:36,2022-06-10 15:37:51
11628,3097,5,0,2021-04-30 06:51:36,2022-06-10 15:37:51
11629,3097,6,0,2021-04-30 06:51:36,2022-06-10 15:37:51
11630,3097,7,0,2021-04-30 06:51:36,2022-06-10 15:37:51
11631,3097,8,0,2021-04-30 06:51:36,2022-06-10 15:37:51
11632,3097,9,0,2021-04-30 06:51:36,2022-06-10 15:37:51
11633,3097,11,0,2021-04-30 06:51:36,2022-06-10 15:37:51
11634,3098,103,0,2021-04-30 06:51:36,2022-06-10 15:37:51
11635,3098,107,0,2021-04-30 06:51:36,2022-06-10 15:37:51
11636,3099,103,0,2021-04-30 06:51:36,2022-06-10 15:37:51
11637,3099,141,0,2021-04-30 06:51:36,2022-06-10 15:37:51
11638,3100,93,0,2021-04-30 06:51:36,2022-06-10 15:37:51
11639,3100,98,0,2021-04-30 06:51:36,2022-06-10 15:37:51
11640,3101,32,0,2021-04-30 06:51:41,2022-06-10 15:37:51
11641,3101,33,0,2021-04-30 06:51:41,2022-06-10 15:37:51
11642,3102,103,0,2021-04-30 06:51:47,2022-06-10 15:37:51
11643,3102,108,0,2021-04-30 06:51:47,2022-06-10 15:37:51
11644,3102,109,0,2021-04-30 06:51:47,2022-06-10 15:37:51
11645,3103,49,0,2021-05-03 08:20:27,2022-06-10 15:37:51
11646,3103,51,0,2021-05-03 08:20:27,2022-06-10 15:37:51
11647,3104,59,0,2021-05-03 08:20:27,2021-06-22 10:52:50
11648,3104,62,0,2021-05-03 08:20:27,2021-06-22 10:52:50
11649,3105,59,0,2021-05-03 08:20:27,2022-06-10 15:37:51
11650,3105,103,0,2021-05-03 08:20:27,2022-06-10 15:37:51
11651,3105,107,0,2021-05-03 08:20:27,2022-06-10 15:37:51
11652,3106,40,0,2021-05-03 08:20:27,2022-06-10 15:37:51
11653,3106,41,0,2021-05-03 08:20:27,2022-06-10 15:37:51
11654,3107,111,0,2021-05-03 08:20:27,2022-06-10 15:37:51
11655,3107,113,0,2021-05-03 08:20:27,2022-06-10 15:37:51
11656,3107,120,0,2021-05-03 08:20:27,2022-06-10 15:37:51
11657,3108,111,0,2021-05-06 06:52:43,2021-06-22 10:52:50
11658,3108,117,0,2021-05-06 06:52:43,2021-06-22 10:52:50
11659,3109,103,0,2021-05-06 06:52:43,2021-06-22 10:52:50
11660,3109,107,0,2021-05-06 06:52:43,2021-06-22 10:52:50
11661,3110,93,0,2021-05-06 06:52:43,2022-06-10 15:37:51
11662,3110,99,0,2021-05-06 06:52:43,2022-06-10 15:37:51
11663,3111,85,0,2021-05-06 06:52:43,2022-06-10 15:37:51
11664,3111,103,0,2021-05-06 06:52:43,2022-06-10 15:37:51
11665,3111,104,0,2021-05-06 06:52:43,2022-06-10 15:37:51
11666,3111,106,0,2021-05-06 06:52:43,2022-06-10 15:37:51
11667,3111,108,0,2021-05-06 06:52:43,2022-06-10 15:37:51
11668,3111,109,0,2021-05-06 06:52:43,2022-06-10 15:37:51
11669,3111,135,0,2021-05-06 06:52:43,2022-06-10 15:37:51
11670,3111,139,0,2021-05-06 06:52:43,2022-06-10 15:37:51
11671,3112,103,0,2021-05-06 06:52:43,2022-06-10 15:37:51
11672,3112,107,0,2021-05-06 06:52:43,2022-06-10 15:37:51
11673,3112,140,0,2021-05-06 06:52:43,2022-06-10 15:37:51
11674,3113,111,0,2021-05-06 06:52:43,2021-06-22 10:52:50
11675,3113,113,0,2021-05-06 06:52:43,2021-06-22 10:52:50
11676,3113,120,0,2021-05-06 06:52:43,2021-06-22 10:52:50
11677,3114,49,0,2021-05-06 06:52:43,2022-06-10 15:37:51
11678,3114,55,0,2021-05-06 06:52:43,2022-06-10 15:37:51
11679,3114,56,0,2021-05-06 06:52:43,2022-06-10 15:37:51
11680,3114,57,0,2021-05-06 06:52:43,2022-06-10 15:37:51
11681,3115,32,0,2021-05-06 06:52:43,2022-06-10 15:37:51
11682,3115,35,0,2021-05-06 06:52:43,2022-06-10 15:37:51
11683,3116,93,0,2021-05-06 06:53:23,2021-05-25 16:55:22
11684,3116,94,0,2021-05-06 06:53:23,2021-05-25 16:55:22
11685,3117,93,0,2021-05-07 11:10:38,2021-06-22 10:52:50
11686,3117,98,0,2021-05-07 11:10:38,2021-06-22 10:52:50
11687,3118,111,0,2021-05-07 11:10:38,2021-06-22 10:52:50
11688,3118,112,0,2021-05-07 11:10:38,2021-06-22 10:52:50
11689,3119,74,0,2021-05-07 11:10:38,2022-06-10 15:37:51
11690,3119,111,0,2021-05-07 11:10:38,2022-06-10 15:37:51
11691,3119,113,0,2021-05-07 11:10:38,2022-06-10 15:37:51
11692,3119,114,0,2021-05-07 11:10:38,2022-06-10 15:37:51
11693,3119,115,0,2021-05-07 11:10:38,2022-06-10 15:37:51
11694,3119,116,0,2021-05-07 11:10:38,2022-06-10 15:37:51
11695,3119,129,0,2021-05-07 11:10:38,2022-06-10 15:37:51
11696,3120,85,0,2021-05-07 11:10:38,2022-06-10 15:37:51
11697,3120,89,0,2021-05-07 11:10:38,2022-06-10 15:37:51
11698,3121,103,0,2021-05-07 11:10:38,2022-06-10 15:37:51
11699,3121,105,0,2021-05-07 11:10:38,2022-06-10 15:37:51
11700,3121,108,0,2021-05-07 11:10:38,2022-06-10 15:37:51
11701,3121,111,0,2021-05-07 11:10:38,2022-06-10 15:37:51
11702,3121,112,0,2021-05-07 11:10:38,2022-06-10 15:37:51
11703,3121,113,0,2021-05-07 11:10:38,2022-06-10 15:37:51
11704,3121,114,0,2021-05-07 11:10:38,2022-06-10 15:37:51
11705,3121,115,0,2021-05-07 11:10:38,2022-06-10 15:37:51
11706,3121,119,0,2021-05-07 11:10:38,2022-06-10 15:37:51
11707,3121,121,0,2021-05-07 11:10:38,2022-06-10 15:37:51
11708,3122,111,0,2021-05-07 11:10:38,2022-06-10 15:37:51
11709,3122,112,0,2021-05-07 11:10:38,2022-06-10 15:37:51
11710,3122,113,0,2021-05-07 11:10:38,2022-06-10 15:37:51
11711,3122,114,0,2021-05-07 11:10:38,2022-06-10 15:37:51
11712,3122,115,0,2021-05-07 11:10:38,2022-06-10 15:37:51
11713,3122,117,0,2021-05-07 11:10:38,2022-06-10 15:37:51
11714,3123,59,0,2021-05-07 11:10:39,2021-06-22 10:52:50
11715,3124,15,0,2021-05-07 11:10:39,2021-06-22 10:52:50
11716,3124,93,0,2021-05-07 11:10:39,2021-06-22 10:52:50
11717,3124,138,0,2021-05-07 11:10:39,2021-06-22 10:52:50
11718,3125,2,0,2021-05-07 11:10:42,2021-06-22 10:52:50
11719,3126,111,0,2021-05-17 10:14:27,2021-06-22 10:52:50
11720,3126,117,0,2021-05-17 10:14:27,2021-06-22 10:52:50
11721,3127,103,0,2021-05-17 10:14:27,2022-06-10 15:37:51
11722,3127,106,0,2021-05-17 10:14:27,2022-06-10 15:37:51
11723,3128,93,0,2021-05-17 10:14:27,2022-06-10 15:37:51
11724,3128,101,0,2021-05-17 10:14:27,2022-06-10 15:37:51
11725,3128,103,0,2021-05-17 10:14:27,2022-06-10 15:37:51
11726,3129,85,0,2021-05-17 10:14:28,2022-06-10 15:37:51
11727,3130,59,0,2021-05-17 14:29:52,2022-06-10 15:37:51
11728,3130,128,0,2021-05-17 14:29:52,2022-06-10 15:37:51
11729,3131,103,0,2021-05-17 14:29:52,2022-06-10 15:37:51
11730,3131,141,0,2021-05-17 14:29:52,2022-06-10 15:37:51
11731,3132,111,0,2021-05-17 14:29:52,2021-06-22 10:52:50
11732,3132,118,0,2021-05-17 14:29:52,2021-06-22 10:52:50
11733,3133,49,0,2021-05-17 14:29:52,2022-06-10 15:37:51
11734,3133,50,0,2021-05-17 14:29:52,2022-06-10 15:37:51
11735,3133,55,0,2021-05-17 14:29:52,2022-06-10 15:37:51
11736,3133,56,0,2021-05-17 14:29:52,2022-06-10 15:37:51
11737,3133,57,0,2021-05-17 14:29:52,2022-06-10 15:37:51
11738,3133,58,0,2021-05-17 14:29:52,2022-06-10 15:37:51
11739,3133,67,0,2021-05-17 14:29:52,2022-06-10 15:37:51
11740,3134,103,0,2021-05-17 14:29:52,2022-06-10 15:37:51
11741,3134,108,0,2021-05-17 14:29:52,2022-06-10 15:37:51
11742,3134,141,0,2021-05-17 14:29:52,2022-06-10 15:37:51
11743,3135,49,0,2021-05-17 14:29:52,2022-06-10 15:37:51
11744,3135,126,0,2021-05-17 14:29:52,2022-06-10 15:37:51
11745,3136,103,0,2021-05-17 14:29:52,2021-06-22 10:52:50
11746,3136,140,0,2021-05-17 14:29:52,2021-06-22 10:52:50
11747,3137,74,0,2021-05-17 14:29:53,2022-06-10 15:37:51
11748,3137,79,0,2021-05-17 14:29:53,2022-06-10 15:37:51
11749,3138,93,0,2021-05-17 14:30:36,2021-06-22 10:52:50
11750,3138,95,0,2021-05-17 14:30:36,2021-06-22 10:52:50
11751,3138,111,0,2021-05-17 14:30:36,2021-06-22 10:52:50
11752,3138,112,0,2021-05-17 14:30:36,2021-06-22 10:52:50
11753,3138,115,0,2021-05-17 14:30:36,2021-06-22 10:52:50
11754,3139,49,0,2021-05-18 08:21:32,2022-06-10 15:37:51
11755,3139,50,0,2021-05-18 08:21:32,2022-06-10 15:37:51
11756,3139,54,0,2021-05-18 08:21:32,2022-06-10 15:37:51
11757,3139,125,0,2021-05-18 08:21:32,2022-06-10 15:37:51
11758,3140,103,0,2021-05-18 12:19:15,2022-06-10 15:37:51
11759,3140,140,0,2021-05-18 12:19:15,2022-06-10 15:37:51
11760,3141,49,0,2021-05-18 12:19:15,2022-06-10 15:37:51
11761,3142,74,0,2021-05-18 12:25:43,2021-06-22 10:52:50
11762,3142,81,0,2021-05-18 12:25:43,2021-06-22 10:52:50
11763,3142,111,0,2021-05-18 12:25:43,2021-06-22 10:52:50
11764,3142,116,0,2021-05-18 12:25:43,2021-06-22 10:52:50
11765,3143,103,0,2021-05-18 13:36:05,2022-06-10 15:37:51
11766,3143,105,0,2021-05-18 13:36:05,2022-06-10 15:37:51
11767,3144,85,0,2021-05-19 11:43:23,2022-06-10 15:37:51
11768,3144,88,0,2021-05-19 11:43:23,2022-06-10 15:37:51
11769,3145,85,0,2021-05-19 11:43:23,2022-06-10 15:37:51
11770,3145,88,0,2021-05-19 11:43:23,2022-06-10 15:37:51
11771,3145,135,0,2021-05-19 11:43:23,2022-06-10 15:37:51
11772,3145,142,0,2021-05-19 11:43:23,2022-06-10 15:37:51
11773,3146,103,0,2021-05-19 11:43:23,2022-06-10 15:37:51
11774,3146,109,0,2021-05-19 11:43:23,2022-06-10 15:37:51
11775,3147,111,0,2021-05-19 11:43:23,2022-06-10 15:37:51
11776,3147,118,0,2021-05-19 11:43:23,2022-06-10 15:37:51
11777,3148,111,0,2021-05-19 11:43:23,2022-06-10 15:37:51
11778,3148,112,0,2021-05-19 11:43:23,2022-06-10 15:37:51
11779,3148,114,0,2021-05-19 11:43:23,2022-06-10 15:37:51
11780,3148,117,0,2021-05-19 11:43:23,2022-06-10 15:37:51
11781,3149,49,0,2021-05-19 11:43:24,2022-06-10 15:37:51
11782,3149,59,0,2021-05-19 11:43:24,2022-06-10 15:37:51
11783,3149,93,0,2021-05-19 11:43:24,2022-06-10 15:37:51
11784,3149,94,0,2021-05-19 11:43:24,2022-06-10 15:37:51
11785,3149,104,0,2021-05-19 11:43:24,2022-06-10 15:37:51
11786,3149,105,0,2021-05-19 11:43:24,2022-06-10 15:37:51
11787,3149,126,0,2021-05-19 11:43:24,2022-06-10 15:37:51
11788,3150,93,0,2021-05-19 11:43:24,2022-06-10 15:37:51
11789,3150,138,0,2021-05-19 11:43:24,2022-06-10 15:37:51
11790,3151,49,0,2021-05-19 14:20:56,2022-06-10 15:37:51
11791,3151,53,0,2021-05-19 14:20:56,2022-06-10 15:37:51
11792,3151,57,0,2021-05-19 14:20:56,2022-06-10 15:37:51
11793,3152,93,0,2021-05-19 14:20:56,2022-06-10 15:37:51
11794,3152,138,0,2021-05-19 14:20:56,2022-06-10 15:37:51
11795,3153,49,0,2021-05-19 16:55:48,2021-06-22 10:52:50
11796,3153,55,0,2021-05-19 16:55:48,2021-06-22 10:52:50
11797,3153,57,0,2021-05-19 16:55:48,2021-06-22 10:52:50
11798,3153,67,0,2021-05-19 16:55:48,2021-06-22 10:52:50
11799,3153,68,0,2021-05-19 16:55:48,2021-06-22 10:52:50
11800,3153,85,0,2021-05-19 16:55:48,2021-06-22 10:52:50
11801,3153,89,0,2021-05-19 16:55:48,2021-06-22 10:52:50
11802,3153,111,0,2021-05-19 16:55:48,2021-06-22 10:52:50
11803,3153,113,0,2021-05-19 16:55:48,2021-06-22 10:52:50
11804,3153,114,0,2021-05-19 16:55:48,2021-06-22 10:52:50
11805,3153,115,0,2021-05-19 16:55:48,2021-06-22 10:52:50
11806,3153,117,0,2021-05-19 16:55:48,2021-06-22 10:52:50
11807,3153,118,0,2021-05-19 16:55:48,2021-06-22 10:52:50
11808,3154,59,0,2021-05-20 09:03:54,2022-06-10 15:37:51
11809,3154,60,0,2021-05-20 09:03:54,2022-06-10 15:37:51
11810,3155,59,0,2021-05-20 10:30:28,2021-06-22 10:52:50
11811,3155,128,0,2021-05-20 10:30:28,2021-06-22 10:52:50
11812,3156,103,0,2021-05-20 10:30:28,2021-06-22 10:52:50
11813,3156,104,0,2021-05-20 10:30:28,2021-06-22 10:52:50
11814,3156,139,0,2021-05-20 10:30:28,2021-06-22 10:52:50
11815,3156,141,0,2021-05-20 10:30:28,2021-06-22 10:52:50
11816,3157,40,0,2021-05-21 14:02:50,2022-06-10 15:37:51
11817,3157,41,0,2021-05-21 14:02:50,2022-06-10 15:37:51
11818,3157,43,0,2021-05-21 14:02:50,2022-06-10 15:37:51
11819,3157,44,0,2021-05-21 14:02:50,2022-06-10 15:37:51
11820,3157,46,0,2021-05-21 14:02:50,2022-06-10 15:37:51
11821,3157,47,0,2021-05-21 14:02:50,2022-06-10 15:37:51
11822,3157,48,0,2021-05-21 14:02:50,2022-06-10 15:37:51
11823,3158,15,0,2021-05-24 10:44:25,2022-06-10 15:37:51
11824,3158,49,0,2021-05-24 10:44:25,2022-06-10 15:37:51
11825,3158,50,0,2021-05-24 10:44:25,2022-06-10 15:37:51
11826,3158,55,0,2021-05-24 10:44:25,2022-06-10 15:37:51
11827,3158,56,0,2021-05-24 10:44:25,2022-06-10 15:37:51
11828,3158,67,0,2021-05-24 10:44:25,2022-06-10 15:37:51
11829,3158,68,0,2021-05-24 10:44:25,2022-06-10 15:37:51
11830,3158,74,0,2021-05-24 10:44:25,2022-06-10 15:37:51
11831,3158,132,0,2021-05-24 10:44:25,2022-06-10 15:37:51
11832,3159,111,0,2021-05-25 08:59:29,2021-06-11 10:42:43
11833,3159,112,0,2021-05-25 08:59:29,2021-06-11 10:42:43
11834,3160,74,0,2021-05-25 16:55:24,2021-06-22 10:52:50
11835,3160,131,0,2021-05-25 16:55:24,2021-06-22 10:52:50
11836,3161,59,0,2021-05-25 16:55:24,2021-06-22 10:52:50
11837,3161,62,0,2021-05-25 16:55:24,2021-06-22 10:52:50
11838,3162,111,0,2021-05-25 16:55:24,2021-06-22 10:52:50
11839,3162,117,0,2021-05-25 16:55:24,2021-06-22 10:52:50
11840,3163,32,0,2021-05-25 16:55:36,2022-06-10 15:37:51
11841,3163,38,0,2021-05-25 16:55:36,2022-06-10 15:37:51
11842,3163,85,0,2021-05-25 16:55:36,2022-06-10 15:37:51
11843,3163,111,0,2021-05-25 16:55:36,2022-06-10 15:37:51
11844,3163,112,0,2021-05-25 16:55:36,2022-06-10 15:37:51
11845,3163,116,0,2021-05-25 16:55:36,2022-06-10 15:37:51
11846,3163,135,0,2021-05-25 16:55:36,2022-06-10 15:37:51
11847,3163,142,0,2021-05-25 16:55:36,2022-06-10 15:37:51
11848,3164,40,0,2021-05-26 13:20:40,2022-06-10 15:37:51
11849,3164,47,0,2021-05-26 13:20:40,2022-06-10 15:37:51
11850,3165,111,0,2021-05-26 13:20:40,2021-06-01 10:11:22
11851,3165,115,0,2021-05-26 13:20:40,2021-06-01 10:11:22
11852,3166,111,0,2021-05-26 13:20:40,2021-06-22 10:52:50
11853,3166,112,0,2021-05-26 13:20:40,2021-06-22 10:52:50
11854,3167,32,0,2021-05-26 13:20:40,2022-06-10 15:37:51
11855,3167,33,0,2021-05-26 13:20:40,2022-06-10 15:37:51
11856,3167,34,0,2021-05-26 13:20:40,2022-06-10 15:37:51
11857,3168,59,0,2021-05-26 13:20:40,2021-06-22 10:52:50
11858,3168,62,0,2021-05-26 13:20:40,2021-06-22 10:52:50
11859,3169,111,0,2021-05-26 13:20:47,2022-06-10 15:37:51
11860,3170,49,0,2021-05-31 11:39:02,2022-06-10 15:37:51
11861,3170,54,0,2021-05-31 11:39:02,2022-06-10 15:37:51
11862,3170,57,0,2021-05-31 11:39:02,2022-06-10 15:37:51
11863,3171,103,0,2021-05-31 11:39:02,2021-06-22 10:52:50
11864,3171,108,0,2021-05-31 11:39:02,2021-06-22 10:52:50
11865,3172,40,0,2021-05-31 11:39:02,2021-06-22 10:52:50
11866,3172,41,0,2021-05-31 11:39:02,2021-06-22 10:52:50
11867,3172,43,0,2021-05-31 11:39:02,2021-06-22 10:52:50
11868,3172,47,0,2021-05-31 11:39:02,2021-06-22 10:52:50
11869,3173,111,0,2021-05-31 11:39:02,2022-06-10 15:37:51
11870,3173,113,0,2021-05-31 11:39:02,2022-06-10 15:37:51
11871,3173,114,0,2021-05-31 11:39:02,2022-06-10 15:37:51
11872,3173,115,0,2021-05-31 11:39:02,2022-06-10 15:37:51
11873,3173,117,0,2021-05-31 11:39:02,2022-06-10 15:37:51
11874,3174,4,0,2021-05-31 11:39:02,2022-06-10 15:37:51
11875,3174,9,0,2021-05-31 11:39:02,2022-06-10 15:37:51
11876,3175,111,0,2021-05-31 11:39:03,2022-06-10 15:37:51
11877,3175,116,0,2021-05-31 11:39:03,2022-06-10 15:37:51
11878,3176,49,0,2021-05-31 11:39:03,2022-06-10 15:37:51
11879,3176,50,0,2021-05-31 11:39:03,2022-06-10 15:37:51
11880,3176,51,0,2021-05-31 11:39:03,2022-06-10 15:37:51
11881,3176,55,0,2021-05-31 11:39:03,2022-06-10 15:37:51
11882,3176,56,0,2021-05-31 11:39:03,2022-06-10 15:37:51
11883,3176,126,0,2021-05-31 11:39:03,2022-06-10 15:37:51
11884,3177,111,0,2021-05-31 11:39:03,2022-06-10 15:37:51
11885,3177,112,0,2021-05-31 11:39:03,2022-06-10 15:37:51
11886,3177,113,0,2021-05-31 11:39:03,2022-06-10 15:37:51
11887,3177,117,0,2021-05-31 11:39:03,2022-06-10 15:37:51
11888,3178,49,0,2021-05-31 11:39:03,2022-06-10 15:37:51
11889,3178,57,0,2021-05-31 11:39:03,2022-06-10 15:37:51
11890,3178,111,0,2021-05-31 11:39:03,2022-06-10 15:37:51
11891,3178,113,0,2021-05-31 11:39:03,2022-06-10 15:37:51
11892,3178,117,0,2021-05-31 11:39:03,2022-06-10 15:37:51
11893,3179,59,0,2021-05-31 11:39:04,2022-06-10 15:37:51
11894,3179,93,0,2021-05-31 11:39:04,2022-06-10 15:37:51
11895,3179,101,0,2021-05-31 11:39:04,2022-06-10 15:37:51
11896,3179,128,0,2021-05-31 11:39:04,2022-06-10 15:37:51
11897,3180,85,0,2021-05-31 11:39:04,2021-06-22 10:52:50
11898,3180,89,0,2021-05-31 11:39:04,2021-06-22 10:52:50
11899,3181,103,0,2021-05-31 11:39:04,2021-06-22 10:52:50
11900,3181,104,0,2021-05-31 11:39:04,2021-06-22 10:52:50
11901,3182,93,0,2021-05-31 11:39:04,2022-06-10 15:37:51
11902,3182,94,0,2021-05-31 11:39:04,2022-06-10 15:37:51
11903,3183,111,0,2021-05-31 11:39:04,2021-06-22 10:52:50
11904,3183,118,0,2021-05-31 11:39:04,2021-06-22 10:52:50
11905,3184,74,0,2021-05-31 11:39:05,2022-06-10 15:37:51
11906,3184,81,0,2021-05-31 11:39:05,2022-06-10 15:37:51
11907,3185,74,0,2021-05-31 11:39:05,2022-06-10 15:37:51
11908,3185,129,0,2021-05-31 11:39:05,2022-06-10 15:37:51
11909,3186,59,0,2021-05-31 11:39:05,2021-06-22 10:52:50
11910,3187,93,0,2021-05-31 11:39:05,2022-06-10 15:37:51
11911,3187,138,0,2021-05-31 11:39:05,2022-06-10 15:37:51
11912,3188,59,0,2021-05-31 11:39:05,2022-06-10 15:37:51
11913,3188,61,0,2021-05-31 11:39:05,2022-06-10 15:37:51
11914,3188,85,0,2021-05-31 11:39:05,2022-06-10 15:37:51
11915,3188,134,0,2021-05-31 11:39:05,2022-06-10 15:37:51
11916,3189,40,0,2021-05-31 11:39:05,2022-06-10 15:37:51
11917,3189,48,0,2021-05-31 11:39:05,2022-06-10 15:37:51
11918,3190,21,0,2021-05-31 11:39:05,2022-06-10 15:37:51
11919,3190,22,0,2021-05-31 11:39:05,2022-06-10 15:37:51
11920,3190,49,0,2021-05-31 11:39:05,2022-06-10 15:37:51
11921,3190,50,0,2021-05-31 11:39:05,2022-06-10 15:37:51
11922,3191,85,0,2021-05-31 11:39:05,2022-06-10 15:37:51
11923,3191,91,0,2021-05-31 11:39:05,2022-06-10 15:37:51
11924,3191,142,0,2021-05-31 11:39:05,2022-06-10 15:37:51
11925,3192,103,0,2021-05-31 11:39:05,2021-06-22 10:52:50
11926,3192,141,0,2021-05-31 11:39:05,2021-06-22 10:52:50
11927,3193,49,0,2021-05-31 11:39:05,2022-06-10 15:37:51
11928,3193,51,0,2021-05-31 11:39:05,2022-06-10 15:37:51
11929,3193,52,0,2021-05-31 11:39:05,2022-06-10 15:37:51
11930,3194,2,0,2021-05-31 11:39:05,2022-06-10 15:37:51
11931,3194,49,0,2021-05-31 11:39:05,2022-06-10 15:37:51
11932,3194,51,0,2021-05-31 11:39:05,2022-06-10 15:37:51
11933,3194,52,0,2021-05-31 11:39:05,2022-06-10 15:37:51
11934,3194,54,0,2021-05-31 11:39:05,2022-06-10 15:37:51
11935,3194,55,0,2021-05-31 11:39:05,2022-06-10 15:37:51
11936,3194,56,0,2021-05-31 11:39:05,2022-06-10 15:37:51
11937,3194,57,0,2021-05-31 11:39:05,2022-06-10 15:37:51
11938,3194,126,0,2021-05-31 11:39:05,2022-06-10 15:37:51
11939,3195,4,0,2021-05-31 11:39:06,2022-06-10 15:37:51
11940,3195,5,0,2021-05-31 11:39:06,2022-06-10 15:37:51
11941,3195,7,0,2021-05-31 11:39:06,2022-06-10 15:37:51
11942,3195,9,0,2021-05-31 11:39:06,2022-06-10 15:37:51
11943,3195,10,0,2021-05-31 11:39:06,2022-06-10 15:37:51
11944,3195,11,0,2021-05-31 11:39:06,2022-06-10 15:37:51
11945,3195,12,0,2021-05-31 11:39:06,2022-06-10 15:37:51
11946,3195,25,0,2021-05-31 11:39:06,2022-06-10 15:37:51
11947,3195,26,0,2021-05-31 11:39:06,2022-06-10 15:37:51
11948,3195,28,0,2021-05-31 11:39:06,2022-06-10 15:37:51
11949,3195,29,0,2021-05-31 11:39:06,2022-06-10 15:37:51
11950,3195,32,0,2021-05-31 11:39:06,2022-06-10 15:37:51
11951,3195,33,0,2021-05-31 11:39:06,2022-06-10 15:37:51
11952,3195,34,0,2021-05-31 11:39:06,2022-06-10 15:37:51
11953,3195,40,0,2021-05-31 11:39:06,2022-06-10 15:37:51
11954,3195,48,0,2021-05-31 11:39:06,2022-06-10 15:37:51
11955,3195,124,0,2021-05-31 11:39:06,2022-06-10 15:37:51
11956,3196,93,0,2021-05-31 11:39:06,2022-06-10 15:37:51
11957,3196,94,0,2021-05-31 11:39:06,2022-06-10 15:37:51
11958,3197,74,0,2021-05-31 11:39:10,2022-06-10 15:37:51
11959,3197,81,0,2021-05-31 11:39:10,2022-06-10 15:37:51
11960,3198,,0,2021-05-31 11:39:16,2021-06-22 10:52:50
11961,3199,40,0,2021-05-31 11:39:18,2022-06-10 15:37:51
11962,3199,43,0,2021-05-31 11:39:18,2022-06-10 15:37:51
11963,3200,74,0,2021-05-31 11:39:25,2022-06-10 15:37:51
11964,3200,75,0,2021-05-31 11:39:25,2022-06-10 15:37:51
11965,3200,133,0,2021-05-31 11:39:25,2022-06-10 15:37:51
11966,3201,103,0,2021-05-31 11:39:28,2022-06-10 15:37:51
11967,3201,107,0,2021-05-31 11:39:28,2022-06-10 15:37:51
11968,3202,111,0,2021-05-31 11:39:34,2022-06-10 15:37:51
11969,3202,116,0,2021-05-31 11:39:34,2022-06-10 15:37:51
11970,3202,121,0,2021-05-31 11:39:34,2022-06-10 15:37:51
11971,3203,2,0,2021-05-31 11:39:43,2021-06-22 10:52:50
11972,3204,49,0,2021-05-31 11:39:43,2022-06-10 15:37:51
11973,3204,50,0,2021-05-31 11:39:43,2022-06-10 15:37:51
11974,3204,51,0,2021-05-31 11:39:43,2022-06-10 15:37:51
11975,3204,52,0,2021-05-31 11:39:43,2022-06-10 15:37:51
11976,3204,55,0,2021-05-31 11:39:43,2022-06-10 15:37:51
11977,3204,85,0,2021-05-31 11:39:43,2022-06-10 15:37:51
11978,3204,135,0,2021-05-31 11:39:43,2022-06-10 15:37:51
11979,3205,40,0,2021-05-31 11:39:49,2022-06-10 15:37:51
11980,3205,41,0,2021-05-31 11:39:49,2022-06-10 15:37:51
11981,3206,2,0,2021-05-31 11:39:52,2022-06-10 15:37:51
11982,3207,,0,2021-05-31 11:39:55,2021-06-22 10:52:50
11983,3208,1,0,2021-05-31 11:40:11,2022-06-10 15:37:51
11984,3208,2,0,2021-05-31 11:40:11,2022-06-10 15:37:51
11985,3209,40,0,2021-05-31 11:40:14,2022-06-10 15:37:51
11986,3209,41,0,2021-05-31 11:40:14,2022-06-10 15:37:51
11987,3210,,0,2021-05-31 11:40:15,2021-06-22 10:52:50
11988,3211,111,0,2021-06-01 10:11:24,2021-06-22 10:52:50
11989,3211,112,0,2021-06-01 10:11:24,2021-06-22 10:52:50
11990,3212,67,0,2021-06-01 10:11:24,2021-06-22 10:52:50
11991,3212,71,0,2021-06-01 10:11:24,2021-06-22 10:52:50
11992,3213,103,0,2021-06-01 10:11:24,2021-06-22 10:52:50
11993,3213,106,0,2021-06-01 10:11:24,2021-06-22 10:52:50
11994,3214,74,0,2021-06-01 10:11:24,2021-06-22 10:52:50
11995,3214,81,0,2021-06-01 10:11:24,2021-06-22 10:52:50
11996,3215,103,0,2021-06-01 10:11:24,2021-06-11 10:42:43
11997,3215,106,0,2021-06-01 10:11:24,2021-06-11 10:42:43
11998,3216,93,0,2021-06-01 10:11:24,2021-06-22 10:52:50
11999,3216,100,0,2021-06-01 10:11:24,2021-06-22 10:52:50
12000,3217,111,0,2021-06-01 10:11:24,2022-06-10 15:37:51
12001,3217,117,0,2021-06-01 10:11:24,2022-06-10 15:37:51
12002,3218,111,0,2021-06-01 10:11:24,2021-06-22 10:52:50
12003,3218,113,0,2021-06-01 10:11:24,2021-06-22 10:52:50
12004,3218,114,0,2021-06-01 10:11:24,2021-06-22 10:52:50
12005,3218,115,0,2021-06-01 10:11:24,2021-06-22 10:52:50
12006,3219,111,0,2021-06-01 10:11:25,2021-06-22 10:52:50
12007,3219,119,0,2021-06-01 10:11:25,2021-06-22 10:52:50
12008,3219,121,0,2021-06-01 10:11:25,2021-06-22 10:52:50
12009,3220,85,0,2021-06-01 10:11:25,2022-06-10 15:37:51
12010,3221,93,0,2021-06-01 10:11:25,2021-06-22 10:52:50
12011,3221,98,0,2021-06-01 10:11:25,2021-06-22 10:52:50
12012,3222,93,0,2021-06-01 10:11:25,2021-06-09 09:22:10
12013,3222,99,0,2021-06-01 10:11:25,2021-06-09 09:22:10
12014,3223,67,0,2021-06-01 10:11:26,2021-06-22 10:52:50
12015,3223,70,0,2021-06-01 10:11:26,2021-06-22 10:52:50
12016,3223,71,0,2021-06-01 10:11:26,2021-06-22 10:52:50
12017,3224,103,0,2021-06-01 10:11:26,2021-06-22 10:52:50
12018,3224,141,0,2021-06-01 10:11:26,2021-06-22 10:52:50
12019,3225,67,0,2021-06-01 10:11:26,2021-06-22 10:52:50
12020,3225,68,0,2021-06-01 10:11:26,2021-06-22 10:52:50
12021,3226,111,0,2021-06-01 10:11:26,2021-06-22 10:52:50
12022,3226,118,0,2021-06-01 10:11:26,2021-06-22 10:52:50
12023,3227,103,0,2021-06-01 10:11:26,2021-06-22 10:52:50
12024,3227,108,0,2021-06-01 10:11:26,2021-06-22 10:52:50
12025,3228,49,0,2021-06-01 10:11:26,2022-06-10 15:37:51
12026,3228,51,0,2021-06-01 10:11:26,2022-06-10 15:37:51
12027,3228,53,0,2021-06-01 10:11:26,2022-06-10 15:37:51
12028,3228,55,0,2021-06-01 10:11:26,2022-06-10 15:37:51
12029,3228,56,0,2021-06-01 10:11:26,2022-06-10 15:37:51
12030,3228,57,0,2021-06-01 10:11:26,2022-06-10 15:37:51
12031,3229,111,0,2021-06-01 10:11:26,2022-06-10 15:37:51
12032,3229,112,0,2021-06-01 10:11:26,2022-06-10 15:37:51
12033,3229,113,0,2021-06-01 10:11:26,2022-06-10 15:37:51
12034,3229,114,0,2021-06-01 10:11:26,2022-06-10 15:37:51
12035,3229,117,0,2021-06-01 10:11:26,2022-06-10 15:37:51
12036,3229,118,0,2021-06-01 10:11:26,2022-06-10 15:37:51
12037,3230,74,0,2021-06-01 10:11:26,2021-06-22 10:52:50
12038,3230,81,0,2021-06-01 10:11:26,2021-06-22 10:52:50
12039,3230,129,0,2021-06-01 10:11:26,2021-06-22 10:52:50
12040,3231,74,0,2021-06-01 10:11:26,2021-06-22 10:52:50
12041,3231,79,0,2021-06-01 10:11:26,2021-06-22 10:52:50
12042,3232,85,0,2021-06-01 10:11:26,2021-06-22 10:52:50
12043,3232,89,0,2021-06-01 10:11:26,2021-06-22 10:52:50
12044,3232,93,0,2021-06-01 10:11:26,2021-06-22 10:52:50
12045,3232,101,0,2021-06-01 10:11:26,2021-06-22 10:52:50
12046,3233,49,0,2021-06-01 10:11:26,2021-06-22 10:52:50
12047,3233,55,0,2021-06-01 10:11:26,2021-06-22 10:52:50
12048,3233,59,0,2021-06-01 10:11:26,2021-06-22 10:52:50
12049,3233,62,0,2021-06-01 10:11:26,2021-06-22 10:52:50
12050,3233,63,0,2021-06-01 10:11:26,2021-06-22 10:52:50
12051,3233,74,0,2021-06-01 10:11:26,2021-06-22 10:52:50
12052,3233,76,0,2021-06-01 10:11:26,2021-06-22 10:52:50
12053,3233,103,0,2021-06-01 10:11:26,2021-06-22 10:52:50
12054,3233,105,0,2021-06-01 10:11:26,2021-06-22 10:52:50
12055,3234,93,0,2021-06-01 10:11:27,2021-06-22 10:52:50
12056,3234,101,0,2021-06-01 10:11:27,2021-06-22 10:52:50
12057,3235,67,0,2021-06-01 10:11:27,2022-06-10 15:37:51
12058,3235,70,0,2021-06-01 10:11:27,2022-06-10 15:37:51
12059,3235,71,0,2021-06-01 10:11:27,2022-06-10 15:37:51
12060,3236,32,0,2021-06-01 10:11:27,2021-06-22 10:52:50
12061,3236,36,0,2021-06-01 10:11:27,2021-06-22 10:52:50
12062,3236,37,0,2021-06-01 10:11:27,2021-06-22 10:52:50
12063,3237,15,0,2021-06-01 10:11:28,2021-06-22 10:52:50
12064,3237,49,0,2021-06-01 10:11:28,2021-06-22 10:52:50
12065,3237,50,0,2021-06-01 10:11:28,2021-06-22 10:52:50
12066,3237,52,0,2021-06-01 10:11:28,2021-06-22 10:52:50
12067,3237,74,0,2021-06-01 10:11:28,2021-06-22 10:52:50
12068,3237,93,0,2021-06-01 10:11:28,2021-06-22 10:52:50
12069,3237,94,0,2021-06-01 10:11:28,2021-06-22 10:52:50
12070,3237,103,0,2021-06-01 10:11:28,2021-06-22 10:52:50
12071,3237,106,0,2021-06-01 10:11:28,2021-06-22 10:52:50
12072,3237,110,0,2021-06-01 10:11:28,2021-06-22 10:52:50
12073,3237,111,0,2021-06-01 10:11:28,2021-06-22 10:52:50
12074,3237,118,0,2021-06-01 10:11:28,2021-06-22 10:52:50
12075,3237,132,0,2021-06-01 10:11:28,2021-06-22 10:52:50
12076,3237,138,0,2021-06-01 10:11:28,2021-06-22 10:52:50
12077,3238,103,0,2021-06-01 10:11:28,2021-06-22 10:52:50
12078,3238,108,0,2021-06-01 10:11:28,2021-06-22 10:52:50
12079,3238,110,0,2021-06-01 10:11:28,2021-06-22 10:52:50
12080,3239,59,0,2021-06-01 10:11:28,2022-06-10 15:37:51
12081,3239,61,0,2021-06-01 10:11:28,2022-06-10 15:37:51
12082,3239,93,0,2021-06-01 10:11:28,2022-06-10 15:37:51
12083,3239,101,0,2021-06-01 10:11:28,2022-06-10 15:37:51
12084,3239,128,0,2021-06-01 10:11:28,2022-06-10 15:37:51
12085,3240,67,0,2021-06-01 10:11:28,2022-06-10 15:37:51
12086,3240,70,0,2021-06-01 10:11:28,2022-06-10 15:37:51
12087,3240,71,0,2021-06-01 10:11:28,2022-06-10 15:37:51
12088,3240,93,0,2021-06-01 10:11:28,2022-06-10 15:37:51
12089,3240,99,0,2021-06-01 10:11:28,2022-06-10 15:37:51
12090,3241,32,0,2021-06-01 10:11:28,2022-06-10 15:37:51
12091,3241,36,0,2021-06-01 10:11:28,2022-06-10 15:37:51
12092,3242,85,0,2021-06-01 10:11:29,2022-06-10 15:37:51
12093,3242,142,0,2021-06-01 10:11:29,2022-06-10 15:37:51
12094,3243,111,0,2021-06-01 10:11:29,2022-06-10 15:37:51
12095,3243,113,0,2021-06-01 10:11:29,2022-06-10 15:37:51
12096,3244,,0,2021-06-01 10:11:34,2021-06-22 10:52:50
12097,3245,49,0,2021-06-01 10:11:51,2022-06-10 15:37:51
12098,3245,50,0,2021-06-01 10:11:51,2022-06-10 15:37:51
12099,3245,51,0,2021-06-01 10:11:51,2022-06-10 15:37:51
12100,3245,53,0,2021-06-01 10:11:51,2022-06-10 15:37:51
12101,3245,54,0,2021-06-01 10:11:51,2022-06-10 15:37:51
12102,3245,57,0,2021-06-01 10:11:51,2022-06-10 15:37:51
12103,3245,85,0,2021-06-01 10:11:51,2022-06-10 15:37:51
12104,3245,89,0,2021-06-01 10:11:51,2022-06-10 15:37:51
12105,3245,135,0,2021-06-01 10:11:51,2022-06-10 15:37:51
12106,3246,,0,2021-06-01 10:11:56,2021-06-22 10:52:50
12107,3247,,0,2021-06-01 10:12:15,2021-06-22 10:52:50
12108,3248,,0,2021-06-01 10:12:17,2021-06-22 10:52:50
12109,3249,93,0,2021-06-07 15:38:22,2021-06-22 10:52:50
12110,3249,94,0,2021-06-07 15:38:22,2021-06-22 10:52:50
12111,3249,103,0,2021-06-07 15:38:22,2021-06-22 10:52:50
12112,3249,141,0,2021-06-07 15:38:22,2021-06-22 10:52:50
12113,3250,59,0,2021-06-07 15:38:22,2022-06-10 15:37:51
12114,3250,111,0,2021-06-07 15:38:22,2022-06-10 15:37:51
12115,3250,113,0,2021-06-07 15:38:22,2022-06-10 15:37:51
12116,3251,137,0,2021-06-07 15:38:22,2022-06-10 15:37:51
12117,3252,74,0,2021-06-07 15:38:22,2021-06-22 10:52:50
12118,3253,59,0,2021-06-07 15:38:22,2022-06-10 15:37:51
12119,3254,117,0,2021-06-07 15:38:22,2022-06-10 15:37:51
12120,3255,16,0,2021-06-07 15:38:22,2022-06-10 15:37:51
12121,3255,17,0,2021-06-07 15:38:22,2022-06-10 15:37:51
12122,3255,18,0,2021-06-07 15:38:22,2022-06-10 15:37:51
12123,3255,85,0,2021-06-07 15:38:22,2022-06-10 15:37:51
12124,3255,89,0,2021-06-07 15:38:22,2022-06-10 15:37:51
12125,3256,74,0,2021-06-07 15:38:22,2022-06-10 15:37:51
12126,3256,75,0,2021-06-07 15:38:22,2022-06-10 15:37:51
12127,3257,103,0,2021-06-07 15:38:22,2021-06-22 10:52:50
12128,3257,141,0,2021-06-07 15:38:22,2021-06-22 10:52:50
12129,3258,111,0,2021-06-07 15:38:22,2021-06-22 10:52:50
12130,3258,115,0,2021-06-07 15:38:22,2021-06-22 10:52:50
12131,3258,117,0,2021-06-07 15:38:22,2021-06-22 10:52:50
12132,3259,49,0,2021-06-07 15:38:22,2022-06-10 15:37:51
12133,3259,51,0,2021-06-07 15:38:22,2022-06-10 15:37:51
12134,3260,103,0,2021-06-07 15:38:22,2021-06-22 10:52:50
12135,3261,49,0,2021-06-07 15:38:22,2021-06-22 10:52:50
12136,3261,50,0,2021-06-07 15:38:22,2021-06-22 10:52:50
12137,3262,4,0,2021-06-07 15:38:23,2022-06-10 15:37:51
12138,3262,8,0,2021-06-07 15:38:23,2022-06-10 15:37:51
12139,3263,49,0,2021-06-07 15:38:23,2022-06-10 15:37:51
12140,3263,50,0,2021-06-07 15:38:23,2022-06-10 15:37:51
12141,3263,51,0,2021-06-07 15:38:23,2022-06-10 15:37:51
12142,3263,55,0,2021-06-07 15:38:23,2022-06-10 15:37:51
12143,3263,56,0,2021-06-07 15:38:23,2022-06-10 15:37:51
12144,3264,25,0,2021-06-07 15:38:27,2021-06-21 09:39:27
12145,3264,31,0,2021-06-07 15:38:27,2021-06-21 09:39:27
12146,3264,123,0,2021-06-07 15:38:27,2021-06-21 09:39:27
12147,3264,124,0,2021-06-07 15:38:27,2021-06-21 09:39:27
12148,3265,,0,2021-06-07 15:38:41,2021-06-22 10:52:50
12149,3266,2,0,2021-06-07 15:38:42,2022-06-10 15:37:51
12150,3267,,0,2021-06-07 15:38:49,2021-06-22 10:52:50
12151,3268,,0,2021-06-07 15:38:53,2021-06-22 10:52:50
12152,3269,74,0,2021-06-07 15:39:11,2022-06-10 15:37:51
12153,3269,111,0,2021-06-07 15:39:11,2022-06-10 15:37:51
12154,3269,112,0,2021-06-07 15:39:11,2022-06-10 15:37:51
12155,3269,113,0,2021-06-07 15:39:11,2022-06-10 15:37:51
12156,3269,114,0,2021-06-07 15:39:11,2022-06-10 15:37:51
12157,3269,115,0,2021-06-07 15:39:11,2022-06-10 15:37:51
12158,3269,116,0,2021-06-07 15:39:11,2022-06-10 15:37:51
12159,3269,129,0,2021-06-07 15:39:11,2022-06-10 15:37:51
12160,3270,,0,2021-06-07 15:39:16,2021-06-22 10:52:50
12161,3271,103,0,2021-06-07 15:39:28,2022-06-10 15:37:51
12162,3271,105,0,2021-06-07 15:39:28,2022-06-10 15:37:51
12163,3271,108,0,2021-06-07 15:39:28,2022-06-10 15:37:51
12164,3272,,0,2021-06-07 15:39:43,2021-06-22 10:52:50
12165,3273,143,0,2021-06-08 13:23:52,2021-06-08 13:23:52
12166,3273,148,0,2021-06-08 13:23:52,2021-06-08 13:23:52
12167,3274,93,0,2021-06-09 09:22:12,2021-06-22 10:52:50
12168,3274,138,0,2021-06-09 09:22:12,2021-06-22 10:52:50
12169,3275,15,0,2021-06-09 09:22:12,2022-06-10 15:37:51
12170,3275,17,0,2021-06-09 09:22:12,2022-06-10 15:37:51
12171,3275,18,0,2021-06-09 09:22:12,2022-06-10 15:37:51
12172,3275,19,0,2021-06-09 09:22:12,2022-06-10 15:37:51
12173,3276,4,0,2021-06-09 09:22:12,2021-06-22 10:52:50
12174,3276,14,0,2021-06-09 09:22:12,2021-06-22 10:52:50
12175,3277,67,0,2021-06-09 09:22:12,2022-06-10 15:37:51
12176,3277,68,0,2021-06-09 09:22:12,2022-06-10 15:37:51
12177,3278,138,0,2021-06-09 09:22:12,2022-06-10 15:37:51
12178,3279,67,0,2021-06-09 09:22:12,2021-06-22 10:52:50
12179,3279,71,0,2021-06-09 09:22:12,2021-06-22 10:52:50
12180,3280,49,0,2021-06-09 09:22:13,2022-06-10 15:37:51
12181,3280,54,0,2021-06-09 09:22:13,2022-06-10 15:37:51
12182,3280,55,0,2021-06-09 09:22:13,2022-06-10 15:37:51
12183,3280,57,0,2021-06-09 09:22:13,2022-06-10 15:37:51
12184,3280,103,0,2021-06-09 09:22:13,2022-06-10 15:37:51
12185,3280,104,0,2021-06-09 09:22:13,2022-06-10 15:37:51
12186,3280,106,0,2021-06-09 09:22:13,2022-06-10 15:37:51
12187,3280,108,0,2021-06-09 09:22:13,2022-06-10 15:37:51
12188,3280,110,0,2021-06-09 09:22:13,2022-06-10 15:37:51
12189,3280,111,0,2021-06-09 09:22:13,2022-06-10 15:37:51
12190,3280,112,0,2021-06-09 09:22:13,2022-06-10 15:37:51
12191,3280,113,0,2021-06-09 09:22:13,2022-06-10 15:37:51
12192,3280,117,0,2021-06-09 09:22:13,2022-06-10 15:37:51
12193,3281,111,0,2021-06-09 09:22:13,2021-06-11 10:42:43
12194,3281,119,0,2021-06-09 09:22:13,2021-06-11 10:42:43
12195,3282,111,0,2021-06-09 09:22:14,2022-06-10 15:37:51
12196,3282,116,0,2021-06-09 09:22:14,2022-06-10 15:37:51
12197,3283,74,0,2021-06-09 09:22:18,2022-06-10 15:37:51
12198,3283,129,0,2021-06-09 09:22:18,2022-06-10 15:37:51
12199,3284,15,0,2021-06-11 09:20:11,2021-06-22 10:52:50
12200,3284,16,0,2021-06-11 09:20:11,2021-06-22 10:52:50
12201,3284,17,0,2021-06-11 09:20:11,2021-06-22 10:52:50
12202,3284,22,0,2021-06-11 09:20:11,2021-06-22 10:52:50
12203,3284,111,0,2021-06-11 09:20:11,2021-06-22 10:52:50
12204,3285,85,0,2021-06-11 09:20:11,2022-06-10 15:37:51
12205,3285,88,0,2021-06-11 09:20:11,2022-06-10 15:37:51
12206,3286,49,0,2021-06-11 09:20:11,2021-06-22 10:52:50
12207,3286,53,0,2021-06-11 09:20:11,2021-06-22 10:52:50
12208,3286,57,0,2021-06-11 09:20:11,2021-06-22 10:52:50
12209,3287,111,0,2021-06-11 09:20:11,2022-06-10 15:37:51
12210,3287,115,0,2021-06-11 09:20:11,2022-06-10 15:37:51
12211,3287,116,0,2021-06-11 09:20:11,2022-06-10 15:37:51
12212,3287,117,0,2021-06-11 09:20:11,2022-06-10 15:37:51
12213,3287,121,0,2021-06-11 09:20:11,2022-06-10 15:37:51
12214,3288,111,0,2021-06-11 09:20:16,2022-06-10 15:37:51
12215,3288,113,0,2021-06-11 09:20:16,2022-06-10 15:37:51
12216,3288,114,0,2021-06-11 09:20:16,2022-06-10 15:37:51
12217,3288,117,0,2021-06-11 09:20:16,2022-06-10 15:37:51
12218,3289,93,0,2021-06-15 11:02:32,2021-06-22 10:52:50
12219,3289,138,0,2021-06-15 11:02:32,2021-06-22 10:52:50
12220,3290,,0,2021-06-15 11:02:32,2021-06-15 11:02:29
12221,3291,103,0,2021-06-15 11:02:32,2021-06-22 10:52:50
12222,3291,105,0,2021-06-15 11:02:32,2021-06-22 10:52:50
12223,3292,85,0,2021-06-16 16:37:30,2022-06-10 15:37:51
12224,3292,91,0,2021-06-16 16:37:30,2022-06-10 15:37:51
12225,3292,142,0,2021-06-16 16:37:30,2022-06-10 15:37:51
12226,3293,59,0,2021-06-16 16:37:30,2022-06-10 15:37:51
12227,3294,111,0,2021-06-16 16:37:30,2022-06-10 15:37:51
12228,3294,118,0,2021-06-16 16:37:30,2022-06-10 15:37:51
12229,3295,93,0,2021-06-16 16:37:30,2022-06-10 15:37:51
12230,3295,98,0,2021-06-16 16:37:30,2022-06-10 15:37:51
12231,3296,93,0,2021-06-16 16:37:30,2022-06-10 15:37:51
12232,3296,138,0,2021-06-16 16:37:30,2022-06-10 15:37:51
12233,3297,49,0,2021-06-16 16:37:30,2021-06-22 10:52:50
12234,3297,50,0,2021-06-16 16:37:30,2021-06-22 10:52:50
12235,3298,103,0,2021-06-16 16:37:30,2021-06-22 10:52:50
12236,3298,141,0,2021-06-16 16:37:30,2021-06-22 10:52:50
12237,3299,74,0,2021-06-16 16:37:30,2022-06-10 15:37:51
12238,3299,82,0,2021-06-16 16:37:30,2022-06-10 15:37:51
12239,3299,129,0,2021-06-16 16:37:30,2022-06-10 15:37:51
12240,3300,103,0,2021-06-16 16:37:30,2022-06-10 15:37:51
12241,3300,104,0,2021-06-16 16:37:30,2022-06-10 15:37:51
12242,3300,108,0,2021-06-16 16:37:30,2022-06-10 15:37:51
12243,3300,109,0,2021-06-16 16:37:30,2022-06-10 15:37:51
12244,3300,140,0,2021-06-16 16:37:30,2022-06-10 15:37:51
12245,3301,111,0,2021-06-16 16:37:30,2022-06-10 15:37:51
12246,3301,112,0,2021-06-16 16:37:30,2022-06-10 15:37:51
12247,3302,32,0,2021-06-16 16:37:32,2022-06-10 15:37:51
12248,3302,36,0,2021-06-16 16:37:32,2022-06-10 15:37:51
12249,3303,,0,2021-06-16 16:38:57,2021-06-22 10:52:50
12250,3304,74,0,2021-06-17 10:37:15,2022-06-10 15:37:51
12251,3304,82,0,2021-06-17 10:37:15,2022-06-10 15:37:51
12252,3304,129,0,2021-06-17 10:37:15,2022-06-10 15:37:51
12253,3304,133,0,2021-06-17 10:37:15,2022-06-10 15:37:51
12254,3305,49,0,2021-06-21 09:39:29,2022-06-10 15:37:51
12255,3305,51,0,2021-06-21 09:39:29,2022-06-10 15:37:51
12256,3305,54,0,2021-06-21 09:39:29,2022-06-10 15:37:51
12257,3306,15,0,2021-06-21 09:39:29,2022-06-10 15:37:51
12258,3306,19,0,2021-06-21 09:39:29,2022-06-10 15:37:51
12259,3306,20,0,2021-06-21 09:39:29,2022-06-10 15:37:51
12260,3306,32,0,2021-06-21 09:39:29,2022-06-10 15:37:51
12261,3306,35,0,2021-06-21 09:39:29,2022-06-10 15:37:51
12262,3306,38,0,2021-06-21 09:39:29,2022-06-10 15:37:51
12263,3307,114,0,2021-06-21 09:39:29,2022-06-10 15:37:51
12264,3307,117,0,2021-06-21 09:39:29,2022-06-10 15:37:51
12265,3307,118,0,2021-06-21 09:39:29,2022-06-10 15:37:51
12266,3308,49,0,2021-06-21 09:39:29,2022-06-10 15:37:51
12267,3309,111,0,2021-06-21 09:39:29,2022-06-10 15:37:51
12268,3309,112,0,2021-06-21 09:39:29,2022-06-10 15:37:51
12269,3310,103,0,2021-06-21 09:39:29,2021-06-22 10:52:50
12270,3310,107,0,2021-06-21 09:39:29,2021-06-22 10:52:50
12271,3310,140,0,2021-06-21 09:39:29,2021-06-22 10:52:50
12272,3311,93,0,2021-06-21 09:39:29,2022-06-10 15:37:51
12273,3311,99,0,2021-06-21 09:39:29,2022-06-10 15:37:51
12274,3312,85,0,2021-06-21 09:40:13,2022-06-10 15:37:51
12275,3312,111,0,2021-06-21 09:40:13,2022-06-10 15:37:51
12276,3312,113,0,2021-06-21 09:40:13,2022-06-10 15:37:51
12277,3312,114,0,2021-06-21 09:40:13,2022-06-10 15:37:51
12278,3312,115,0,2021-06-21 09:40:13,2022-06-10 15:37:51
12279,3312,117,0,2021-06-21 09:40:13,2022-06-10 15:37:51
12280,3312,118,0,2021-06-21 09:40:13,2022-06-10 15:37:51
12281,3312,135,0,2021-06-21 09:40:13,2022-06-10 15:37:51
12282,3313,49,0,2021-06-22 10:52:52,2022-06-10 15:37:51
12283,3313,54,0,2021-06-22 10:52:52,2022-06-10 15:37:51
12284,3314,49,0,2021-06-22 10:52:52,2022-06-10 15:37:51
12285,3314,54,0,2021-06-22 10:52:52,2022-06-10 15:37:51
12286,3314,67,0,2021-06-22 10:52:52,2022-06-10 15:37:51
12287,3314,68,0,2021-06-22 10:52:52,2022-06-10 15:37:51
12288,3314,72,0,2021-06-22 10:52:52,2022-06-10 15:37:51
12289,3315,93,0,2021-06-22 10:52:52,2022-06-10 15:37:51
12290,3316,93,0,2021-06-22 10:52:52,2022-06-10 15:37:51
12291,3317,74,0,2021-06-22 10:52:52,2022-06-10 15:37:51
12292,3317,76,0,2021-06-22 10:52:52,2022-06-10 15:37:51
12293,3318,74,0,2021-06-22 10:52:52,2022-06-10 15:37:51
12294,3318,75,0,2021-06-22 10:52:52,2022-06-10 15:37:51
12295,3318,80,0,2021-06-22 10:52:52,2022-06-10 15:37:51
12296,3318,133,0,2021-06-22 10:52:52,2022-06-10 15:37:51
12297,3319,32,0,2021-06-22 10:52:52,2022-06-10 15:37:51
12298,3319,39,0,2021-06-22 10:52:52,2022-06-10 15:37:51
12299,3320,111,0,2021-06-22 10:52:57,2021-06-22 10:52:50
12300,3320,112,0,2021-06-22 10:52:57,2021-06-22 10:52:50
12301,3320,116,0,2021-06-22 10:52:57,2021-06-22 10:52:50
12302,3322,143,0,2021-07-01 11:31:55,2021-07-01 11:31:55
12303,3322,148,0,2021-07-01 11:31:55,2021-07-01 11:31:55
12304,3323,143,0,2022-05-01 01:52:51,2022-05-01 01:52:51
12305,3323,148,0,2022-05-01 01:52:51,2022-05-01 01:52:51
12306,3324,143,0,2022-05-27 08:49:40,2022-05-27 08:49:40
12307,3324,148,0,2022-05-27 08:49:40,2022-05-27 08:49:40
12308,3325,103,0,2022-06-04 17:00:04,2022-06-04 17:00:04
12309,3325,139,0,2022-06-04 17:00:04,2022-06-04 17:00:04
12310,3326,103,0,2022-06-04 18:09:10,2022-06-04 18:09:10
12311,3326,104,0,2022-06-04 18:09:10,2022-06-04 18:09:10
12312,3327,85,0,2022-06-04 18:31:35,2022-06-04 18:31:35
12313,3327,117,0,2022-06-04 18:31:35,2022-06-04 18:31:35
12314,3328,85,0,2022-06-04 19:12:49,2022-06-04 19:12:49
12315,3328,136,0,2022-06-04 19:12:49,2022-06-04 19:12:49
12316,3328,111,0,2022-06-04 19:12:49,2022-06-04 19:12:49
12317,3328,49,0,2022-06-04 19:12:49,2022-06-04 19:12:49
12318,3328,150,0,2022-06-04 19:12:49,2022-06-04 19:12:49
12319,3329,118,0,2022-06-04 19:38:05,2022-06-04 19:38:05
12320,3329,150,0,2022-06-04 19:38:05,2022-06-04 19:38:05
12321,3330,143,0,2022-06-06 13:06:26,2022-06-06 13:06:26
12322,3330,148,0,2022-06-06 13:06:26,2022-06-06 13:06:26
12323,3331,143,0,2022-06-06 13:42:09,2022-06-06 13:42:09
12324,3331,149,0,2022-06-06 13:42:09,2022-06-06 13:42:09
12325,3332,143,0,2022-06-07 15:35:13,2022-06-07 15:35:13
12326,3332,148,0,2022-06-07 15:35:13,2022-06-07 15:35:13
12327,3333,143,0,2022-06-07 16:01:30,2022-06-07 16:01:30
12328,3333,148,0,2022-06-07 16:01:30,2022-06-07 16:01:30
12329,3334,93,0,2022-06-08 12:29:13,2022-06-08 12:29:13
12330,3334,152,0,2022-06-08 12:29:13,2022-06-08 12:29:13
12331,3334,153,0,2022-06-08 12:29:13,2022-06-08 12:29:13
12332,3334,154,0,2022-06-08 12:29:13,2022-06-08 12:29:13
12333,3335,143,0,2022-06-08 15:35:54,2022-06-08 15:35:54
12334,3335,148,0,2022-06-08 15:35:54,2022-06-08 15:35:54
12335,3336,143,0,2022-06-08 17:25:08,2022-06-08 17:25:08
12336,3336,148,0,2022-06-08 17:25:08,2022-06-08 17:25:08
12337,3337,93,0,2022-06-09 20:54:20,2022-06-10 15:37:51
12338,3337,99,0,2022-06-09 20:54:20,2022-06-10 15:37:51
12339,3338,93,0,2022-06-09 20:54:20,2022-06-10 15:37:51
12340,3338,138,0,2022-06-09 20:54:20,2022-06-10 15:37:51
12341,3339,15,0,2022-06-09 20:54:20,2022-06-10 15:37:51
12342,3339,22,0,2022-06-09 20:54:20,2022-06-10 15:37:51
12343,3339,85,0,2022-06-09 20:54:20,2022-06-10 15:37:51
12344,3339,135,0,2022-06-09 20:54:20,2022-06-10 15:37:51
12345,3339,137,0,2022-06-09 20:54:20,2022-06-10 15:37:51
12346,3339,142,0,2022-06-09 20:54:20,2022-06-10 15:37:51
12347,3340,103,0,2022-06-09 20:54:20,2022-06-10 15:37:51
12348,3340,141,0,2022-06-09 20:54:20,2022-06-10 15:37:51
12349,3341,15,0,2022-06-09 20:54:20,2022-06-10 15:37:51
12350,3341,25,0,2022-06-09 20:54:20,2022-06-10 15:37:51
12351,3341,122,0,2022-06-09 20:54:20,2022-06-10 15:37:51
12352,3341,124,0,2022-06-09 20:54:20,2022-06-10 15:37:51
12353,3342,49,0,2022-06-09 20:54:20,2022-06-10 15:37:51
12354,3342,53,0,2022-06-09 20:54:20,2022-06-10 15:37:51
12355,3342,57,0,2022-06-09 20:54:20,2022-06-10 15:37:51
12356,3343,85,0,2022-06-09 20:54:20,2022-06-10 15:37:51
12357,3343,135,0,2022-06-09 20:54:20,2022-06-10 15:37:51
12358,3344,15,0,2022-06-09 20:54:20,2022-06-10 15:37:51
12359,3344,16,0,2022-06-09 20:54:20,2022-06-10 15:37:51
12360,3344,21,0,2022-06-09 20:54:20,2022-06-10 15:37:51
12361,3344,49,0,2022-06-09 20:54:20,2022-06-10 15:37:51
12362,3344,55,0,2022-06-09 20:54:20,2022-06-10 15:37:51
12363,3344,56,0,2022-06-09 20:54:20,2022-06-10 15:37:51
12364,3344,57,0,2022-06-09 20:54:20,2022-06-10 15:37:51
12365,3344,58,0,2022-06-09 20:54:20,2022-06-10 15:37:51
12366,3344,85,0,2022-06-09 20:54:20,2022-06-10 15:37:51
12367,3344,89,0,2022-06-09 20:54:20,2022-06-10 15:37:51
12368,3344,103,0,2022-06-09 20:54:20,2022-06-10 15:37:51
12369,3344,108,0,2022-06-09 20:54:20,2022-06-10 15:37:51
12370,3344,111,0,2022-06-09 20:54:20,2022-06-10 15:37:51
12371,3344,112,0,2022-06-09 20:54:20,2022-06-10 15:37:51
12372,3344,113,0,2022-06-09 20:54:20,2022-06-10 15:37:51
12373,3344,114,0,2022-06-09 20:54:20,2022-06-10 15:37:51
12374,3344,115,0,2022-06-09 20:54:20,2022-06-10 15:37:51
12375,3344,117,0,2022-06-09 20:54:20,2022-06-10 15:37:51
12376,3344,118,0,2022-06-09 20:54:20,2022-06-10 15:37:51
12377,3345,,0,2022-06-09 20:54:20,2022-06-10 15:37:51
12378,3346,59,0,2022-06-09 20:54:20,2022-06-10 15:37:51
12379,3346,103,0,2022-06-09 20:54:20,2022-06-10 15:37:51
12380,3346,128,0,2022-06-09 20:54:20,2022-06-10 15:37:51
12381,3346,141,0,2022-06-09 20:54:20,2022-06-10 15:37:51
12382,3347,111,0,2022-06-09 20:54:20,2022-06-10 15:37:51
12383,3347,117,0,2022-06-09 20:54:20,2022-06-10 15:37:51
12384,3347,120,0,2022-06-09 20:54:20,2022-06-10 15:37:51
12385,3348,141,0,2022-06-09 20:54:20,2022-06-10 15:37:51
12386,3349,93,0,2022-06-09 20:54:20,2022-06-10 15:37:51
12387,3349,94,0,2022-06-09 20:54:20,2022-06-10 15:37:51
12388,3350,15,0,2022-06-09 20:54:20,2022-06-10 15:37:51
12389,3350,17,0,2022-06-09 20:54:20,2022-06-10 15:37:51
12390,3350,19,0,2022-06-09 20:54:20,2022-06-10 15:37:51
12391,3351,93,0,2022-06-09 20:54:20,2022-06-10 15:37:51
12392,3351,95,0,2022-06-09 20:54:20,2022-06-10 15:37:51
12393,3352,103,0,2022-06-09 20:54:20,2022-06-10 15:37:51
12394,3352,104,0,2022-06-09 20:54:20,2022-06-10 15:37:51
12395,3352,105,0,2022-06-09 20:54:20,2022-06-10 15:37:51
12396,3352,108,0,2022-06-09 20:54:20,2022-06-10 15:37:51
12397,3353,111,0,2022-06-09 20:54:20,2022-06-10 15:37:51
12398,3353,118,0,2022-06-09 20:54:20,2022-06-10 15:37:51
12399,3354,103,0,2022-06-09 20:54:20,2022-06-10 15:37:51
12400,3354,140,0,2022-06-09 20:54:20,2022-06-10 15:37:51
12401,3354,141,0,2022-06-09 20:54:20,2022-06-10 15:37:51
12402,3355,49,0,2022-06-09 20:54:20,2022-06-10 15:37:51
12403,3355,55,0,2022-06-09 20:54:20,2022-06-10 15:37:51
12404,3356,74,0,2022-06-09 20:54:20,2022-06-10 15:37:51
12405,3356,93,0,2022-06-09 20:54:20,2022-06-10 15:37:51
12406,3356,100,0,2022-06-09 20:54:20,2022-06-10 15:37:51
12407,3356,132,0,2022-06-09 20:54:20,2022-06-10 15:37:51
12408,3357,85,0,2022-06-09 20:54:20,2022-06-10 15:37:51
12409,3357,86,0,2022-06-09 20:54:20,2022-06-10 15:37:51
12410,3357,137,0,2022-06-09 20:54:20,2022-06-10 15:37:51
12411,3357,142,0,2022-06-09 20:54:20,2022-06-10 15:37:51
12412,3358,111,0,2022-06-09 20:54:20,2022-06-10 15:37:51
12413,3358,118,0,2022-06-09 20:54:20,2022-06-10 15:37:51
12414,3359,74,0,2022-06-09 20:54:20,2022-06-10 15:37:51
12415,3359,132,0,2022-06-09 20:54:20,2022-06-10 15:37:51
12416,3360,15,0,2022-06-09 20:54:20,2022-06-10 15:37:51
12417,3360,16,0,2022-06-09 20:54:20,2022-06-10 15:37:51
12418,3361,67,0,2022-06-09 20:54:20,2022-06-10 15:37:51
12419,3361,68,0,2022-06-09 20:54:20,2022-06-10 15:37:51
12420,3362,74,0,2022-06-09 20:54:20,2022-06-10 15:37:51
12421,3362,79,0,2022-06-09 20:54:20,2022-06-10 15:37:51
12422,3363,111,0,2022-06-09 20:54:20,2022-06-10 15:37:51
12423,3363,119,0,2022-06-09 20:54:20,2022-06-10 15:37:51
12424,3364,103,0,2022-06-09 20:54:20,2022-06-10 15:37:51
12425,3364,140,0,2022-06-09 20:54:20,2022-06-10 15:37:51
12426,3364,141,0,2022-06-09 20:54:20,2022-06-10 15:37:51
12427,3365,,0,2022-06-09 20:54:20,2022-06-10 15:37:51
12428,3366,93,0,2022-06-09 20:54:20,2022-06-10 15:37:51
12429,3366,94,0,2022-06-09 20:54:20,2022-06-10 15:37:51
12430,3367,59,0,2022-06-09 20:54:20,2022-06-10 15:37:51
12431,3367,60,0,2022-06-09 20:54:20,2022-06-10 15:37:51
12432,3368,85,0,2022-06-09 20:54:20,2022-06-10 15:37:51
12433,3368,86,0,2022-06-09 20:54:20,2022-06-10 15:37:51
12434,3368,88,0,2022-06-09 20:54:20,2022-06-10 15:37:51
12435,3369,103,0,2022-06-09 20:54:20,2022-06-10 15:37:51
12436,3369,140,0,2022-06-09 20:54:20,2022-06-10 15:37:51
12437,3370,85,0,2022-06-09 20:54:20,2022-06-10 15:37:51
12438,3370,88,0,2022-06-09 20:54:20,2022-06-10 15:37:51
12439,3371,85,0,2022-06-09 20:54:20,2022-06-10 15:37:51
12440,3371,103,0,2022-06-09 20:54:20,2022-06-10 15:37:51
12441,3371,104,0,2022-06-09 20:54:20,2022-06-10 15:37:51
12442,3371,105,0,2022-06-09 20:54:20,2022-06-10 15:37:51
12443,3371,108,0,2022-06-09 20:54:20,2022-06-10 15:37:51
12444,3371,109,0,2022-06-09 20:54:20,2022-06-10 15:37:51
12445,3371,110,0,2022-06-09 20:54:20,2022-06-10 15:37:51
12446,3371,135,0,2022-06-09 20:54:20,2022-06-10 15:37:51
12447,3371,139,0,2022-06-09 20:54:20,2022-06-10 15:37:51
12448,3372,85,0,2022-06-09 20:54:20,2022-06-10 15:37:51
12449,3372,86,0,2022-06-09 20:54:20,2022-06-10 15:37:51
12450,3372,134,0,2022-06-09 20:54:20,2022-06-10 15:37:51
12451,3372,135,0,2022-06-09 20:54:20,2022-06-10 15:37:51
12452,3372,136,0,2022-06-09 20:54:20,2022-06-10 15:37:51
12453,3372,137,0,2022-06-09 20:54:20,2022-06-10 15:37:51
12454,3372,142,0,2022-06-09 20:54:20,2022-06-10 15:37:51
12455,3373,93,0,2022-06-09 20:54:20,2022-06-10 15:37:51
12456,3373,138,0,2022-06-09 20:54:20,2022-06-10 15:37:51
12457,3374,49,0,2022-06-09 20:54:20,2022-06-10 15:37:51
12458,3374,54,0,2022-06-09 20:54:20,2022-06-10 15:37:51
12459,3374,55,0,2022-06-09 20:54:20,2022-06-10 15:37:51
12460,3374,57,0,2022-06-09 20:54:20,2022-06-10 15:37:51
12461,3374,58,0,2022-06-09 20:54:20,2022-06-10 15:37:51
12462,3375,25,0,2022-06-09 20:54:20,2022-06-10 15:37:51
12463,3375,124,0,2022-06-09 20:54:20,2022-06-10 15:37:51
12464,3376,111,0,2022-06-09 20:54:20,2022-06-10 15:37:51
12465,3376,115,0,2022-06-09 20:54:20,2022-06-10 15:37:51
12466,3376,119,0,2022-06-09 20:54:20,2022-06-10 15:37:51
12467,3377,111,0,2022-06-09 20:54:20,2022-06-10 15:37:51
12468,3377,114,0,2022-06-09 20:54:20,2022-06-10 15:37:51
12469,3377,116,0,2022-06-09 20:54:20,2022-06-10 15:37:51
12470,3378,85,0,2022-06-09 20:54:20,2022-06-10 15:37:51
12471,3378,103,0,2022-06-09 20:54:20,2022-06-10 15:37:51
12472,3378,104,0,2022-06-09 20:54:20,2022-06-10 15:37:51
12473,3378,105,0,2022-06-09 20:54:20,2022-06-10 15:37:51
12474,3378,106,0,2022-06-09 20:54:20,2022-06-10 15:37:51
12475,3378,108,0,2022-06-09 20:54:20,2022-06-10 15:37:51
12476,3378,109,0,2022-06-09 20:54:20,2022-06-10 15:37:51
12477,3378,135,0,2022-06-09 20:54:20,2022-06-10 15:37:51
12478,3378,139,0,2022-06-09 20:54:20,2022-06-10 15:37:51
12479,3379,32,0,2022-06-09 20:54:20,2022-06-10 15:37:51
12480,3379,36,0,2022-06-09 20:54:20,2022-06-10 15:37:51
12481,3379,103,0,2022-06-09 20:54:20,2022-06-10 15:37:51
12482,3379,140,0,2022-06-09 20:54:20,2022-06-10 15:37:51
12483,3380,49,0,2022-06-09 20:54:20,2022-06-10 15:37:51
12484,3380,50,0,2022-06-09 20:54:20,2022-06-10 15:37:51
12485,3380,55,0,2022-06-09 20:54:20,2022-06-10 15:37:51
12486,3381,103,0,2022-06-09 20:54:20,2022-06-10 15:37:51
12487,3381,141,0,2022-06-09 20:54:20,2022-06-10 15:37:51
12488,3382,74,0,2022-06-09 20:54:20,2022-06-10 15:37:51
12489,3382,93,0,2022-06-09 20:54:20,2022-06-10 15:37:51
12490,3382,100,0,2022-06-09 20:54:20,2022-06-10 15:37:51
12491,3382,129,0,2022-06-09 20:54:20,2022-06-10 15:37:51
12492,3383,15,0,2022-06-09 20:54:20,2022-06-10 15:37:51
12493,3383,17,0,2022-06-09 20:54:20,2022-06-10 15:37:51
12494,3383,18,0,2022-06-09 20:54:20,2022-06-10 15:37:51
12495,3383,19,0,2022-06-09 20:54:20,2022-06-10 15:37:51
12496,3383,23,0,2022-06-09 20:54:20,2022-06-10 15:37:51
12497,3384,111,0,2022-06-09 20:54:20,2022-06-10 15:37:51
12498,3384,114,0,2022-06-09 20:54:20,2022-06-10 15:37:51
12499,3384,115,0,2022-06-09 20:54:20,2022-06-10 15:37:51
12500,3384,117,0,2022-06-09 20:54:20,2022-06-10 15:37:51
12501,3385,111,0,2022-06-09 20:54:20,2022-06-10 15:37:51
12502,3385,112,0,2022-06-09 20:54:20,2022-06-10 15:37:51
12503,3385,113,0,2022-06-09 20:54:20,2022-06-10 15:37:51
12504,3385,114,0,2022-06-09 20:54:20,2022-06-10 15:37:51
12505,3385,115,0,2022-06-09 20:54:20,2022-06-10 15:37:51
12506,3385,116,0,2022-06-09 20:54:20,2022-06-10 15:37:51
12507,3385,117,0,2022-06-09 20:54:20,2022-06-10 15:37:51
12508,3386,103,0,2022-06-09 20:54:20,2022-06-10 15:37:51
12509,3386,140,0,2022-06-09 20:54:20,2022-06-10 15:37:51
12510,3386,141,0,2022-06-09 20:54:20,2022-06-10 15:37:51
12511,3387,111,0,2022-06-09 20:54:20,2022-06-10 15:37:51
12512,3387,113,0,2022-06-09 20:54:20,2022-06-10 15:37:51
12513,3388,111,0,2022-06-09 20:54:20,2022-06-10 15:37:51
12514,3388,119,0,2022-06-09 20:54:20,2022-06-10 15:37:51
12515,3389,93,0,2022-06-09 20:54:20,2022-06-10 15:37:51
12516,3389,95,0,2022-06-09 20:54:20,2022-06-10 15:37:51
12517,3389,111,0,2022-06-09 20:54:20,2022-06-10 15:37:51
12518,3389,115,0,2022-06-09 20:54:20,2022-06-10 15:37:51
12519,3390,49,0,2022-06-09 20:54:20,2022-06-10 15:37:51
12520,3390,50,0,2022-06-09 20:54:20,2022-06-10 15:37:51
12521,3390,51,0,2022-06-09 20:54:20,2022-06-10 15:37:51
12522,3390,52,0,2022-06-09 20:54:20,2022-06-10 15:37:51
12523,3390,67,0,2022-06-09 20:54:20,2022-06-10 15:37:51
12524,3390,68,0,2022-06-09 20:54:20,2022-06-10 15:37:51
12525,3390,126,0,2022-06-09 20:54:20,2022-06-10 15:37:51
12526,3391,49,0,2022-06-09 20:54:20,2022-06-10 15:37:51
12527,3391,55,0,2022-06-09 20:54:20,2022-06-10 15:37:51
12528,3391,56,0,2022-06-09 20:54:20,2022-06-10 15:37:51
12529,3391,103,0,2022-06-09 20:54:20,2022-06-10 15:37:51
12530,3391,104,0,2022-06-09 20:54:20,2022-06-10 15:37:51
12531,3391,105,0,2022-06-09 20:54:20,2022-06-10 15:37:51
12532,3391,106,0,2022-06-09 20:54:20,2022-06-10 15:37:51
12533,3391,108,0,2022-06-09 20:54:20,2022-06-10 15:37:51
12534,3391,109,0,2022-06-09 20:54:20,2022-06-10 15:37:51
12535,3392,40,0,2022-06-09 20:54:20,2022-06-10 15:37:51
12536,3392,41,0,2022-06-09 20:54:20,2022-06-10 15:37:51
12537,3392,43,0,2022-06-09 20:54:20,2022-06-10 15:37:51
12538,3392,47,0,2022-06-09 20:54:20,2022-06-10 15:37:51
12539,3393,103,0,2022-06-09 20:54:20,2022-06-10 15:37:51
12540,3393,141,0,2022-06-09 20:54:20,2022-06-10 15:37:51
12541,3394,25,0,2022-06-09 20:54:21,2022-06-10 15:37:51
12542,3394,67,0,2022-06-09 20:54:21,2022-06-10 15:37:51
12543,3394,71,0,2022-06-09 20:54:21,2022-06-10 15:37:51
12544,3394,93,0,2022-06-09 20:54:21,2022-06-10 15:37:51
12545,3394,100,0,2022-06-09 20:54:21,2022-06-10 15:37:51
12546,3394,123,0,2022-06-09 20:54:21,2022-06-10 15:37:51
12547,3394,124,0,2022-06-09 20:54:21,2022-06-10 15:37:51
12548,3395,85,0,2022-06-09 20:54:21,2022-06-10 15:37:51
12549,3395,90,0,2022-06-09 20:54:21,2022-06-10 15:37:51
12550,3396,40,0,2022-06-09 20:54:21,2022-06-10 15:37:51
12551,3396,41,0,2022-06-09 20:54:21,2022-06-10 15:37:51
12552,3396,46,0,2022-06-09 20:54:21,2022-06-10 15:37:51
12553,3396,47,0,2022-06-09 20:54:21,2022-06-10 15:37:51
12554,3396,74,0,2022-06-09 20:54:21,2022-06-10 15:37:51
12555,3396,85,0,2022-06-09 20:54:21,2022-06-10 15:37:51
12556,3396,132,0,2022-06-09 20:54:21,2022-06-10 15:37:51
12557,3396,137,0,2022-06-09 20:54:21,2022-06-10 15:37:51
12558,3397,103,0,2022-06-09 20:54:21,2022-06-10 15:37:51
12559,3397,141,0,2022-06-09 20:54:21,2022-06-10 15:37:51
12560,3398,59,0,2022-06-09 20:54:21,2022-06-10 15:37:51
12561,3398,61,0,2022-06-09 20:54:21,2022-06-10 15:37:51
12562,3398,128,0,2022-06-09 20:54:21,2022-06-10 15:37:51
12563,3399,103,0,2022-06-09 20:54:21,2022-06-10 15:37:51
12564,3399,140,0,2022-06-09 20:54:21,2022-06-10 15:37:51
12565,3399,141,0,2022-06-09 20:54:21,2022-06-10 15:37:51
12566,3400,111,0,2022-06-09 20:54:21,2022-06-10 15:37:51
12567,3400,118,0,2022-06-09 20:54:21,2022-06-10 15:37:51
12568,3401,49,0,2022-06-09 20:54:21,2022-06-10 15:37:51
12569,3401,55,0,2022-06-09 20:54:21,2022-06-10 15:37:51
12570,3401,56,0,2022-06-09 20:54:21,2022-06-10 15:37:51
12571,3401,126,0,2022-06-09 20:54:21,2022-06-10 15:37:51
12572,3402,85,0,2022-06-09 20:54:21,2022-06-10 15:37:51
12573,3402,89,0,2022-06-09 20:54:21,2022-06-10 15:37:51
12574,3402,137,0,2022-06-09 20:54:21,2022-06-10 15:37:51
12575,3403,111,0,2022-06-09 20:54:21,2022-06-10 15:37:51
12576,3403,114,0,2022-06-09 20:54:21,2022-06-10 15:37:51
12577,3404,111,0,2022-06-09 20:54:21,2022-06-10 15:37:51
12578,3404,117,0,2022-06-09 20:54:21,2022-06-10 15:37:51
12579,3405,111,0,2022-06-09 20:54:21,2022-06-10 15:37:51
12580,3405,117,0,2022-06-09 20:54:21,2022-06-10 15:37:51
12581,3405,118,0,2022-06-09 20:54:21,2022-06-10 15:37:51
12582,3406,59,0,2022-06-09 20:54:21,2022-06-10 15:37:51
12583,3406,62,0,2022-06-09 20:54:21,2022-06-10 15:37:51
12584,3406,85,0,2022-06-09 20:54:21,2022-06-10 15:37:51
12585,3406,134,0,2022-06-09 20:54:21,2022-06-10 15:37:51
12586,3407,111,0,2022-06-09 20:54:21,2022-06-10 15:37:51
12587,3407,113,0,2022-06-09 20:54:21,2022-06-10 15:37:51
12588,3407,114,0,2022-06-09 20:54:21,2022-06-10 15:37:51
12589,3407,119,0,2022-06-09 20:54:21,2022-06-10 15:37:51
12590,3407,121,0,2022-06-09 20:54:21,2022-06-10 15:37:51
12591,3408,103,0,2022-06-09 20:54:21,2022-06-10 15:37:51
12592,3408,106,0,2022-06-09 20:54:21,2022-06-10 15:37:51
12593,3409,49,0,2022-06-09 20:54:21,2022-06-10 15:37:51
12594,3409,54,0,2022-06-09 20:54:21,2022-06-10 15:37:51
12595,3409,55,0,2022-06-09 20:54:21,2022-06-10 15:37:51
12596,3409,56,0,2022-06-09 20:54:21,2022-06-10 15:37:51
12597,3409,126,0,2022-06-09 20:54:21,2022-06-10 15:37:51
12598,3410,15,0,2022-06-09 20:54:21,2022-06-10 15:37:51
12599,3410,17,0,2022-06-09 20:54:21,2022-06-10 15:37:51
12600,3410,18,0,2022-06-09 20:54:21,2022-06-10 15:37:51
12601,3410,19,0,2022-06-09 20:54:21,2022-06-10 15:37:51
12602,3411,74,0,2022-06-09 20:54:21,2022-06-10 15:37:51
12603,3411,82,0,2022-06-09 20:54:21,2022-06-10 15:37:51
12604,3411,85,0,2022-06-09 20:54:21,2022-06-10 15:37:51
12605,3411,89,0,2022-06-09 20:54:21,2022-06-10 15:37:51
12606,3412,103,0,2022-06-09 20:54:21,2022-06-10 15:37:51
12607,3412,104,0,2022-06-09 20:54:21,2022-06-10 15:37:51
12608,3413,74,0,2022-06-09 20:54:21,2022-06-10 15:37:51
12609,3413,111,0,2022-06-09 20:54:21,2022-06-10 15:37:51
12610,3413,115,0,2022-06-09 20:54:21,2022-06-10 15:37:51
12611,3413,132,0,2022-06-09 20:54:21,2022-06-10 15:37:51
12612,3414,15,0,2022-06-09 20:54:21,2022-06-10 15:37:51
12613,3414,19,0,2022-06-09 20:54:21,2022-06-10 15:37:51
12614,3414,32,0,2022-06-09 20:54:21,2022-06-10 15:37:51
12615,3414,35,0,2022-06-09 20:54:21,2022-06-10 15:37:51
12616,3415,111,0,2022-06-09 20:54:21,2022-06-10 15:37:51
12617,3415,113,0,2022-06-09 20:54:21,2022-06-10 15:37:51
12618,3415,116,0,2022-06-09 20:54:21,2022-06-10 15:37:51
12619,3415,119,0,2022-06-09 20:54:21,2022-06-10 15:37:51
12620,3416,15,0,2022-06-09 20:54:21,2022-06-10 15:37:51
12621,3416,17,0,2022-06-09 20:54:21,2022-06-10 15:37:51
12622,3416,19,0,2022-06-09 20:54:21,2022-06-10 15:37:51
12623,3416,20,0,2022-06-09 20:54:21,2022-06-10 15:37:51
12624,3417,15,0,2022-06-09 20:54:21,2022-06-10 15:37:51
12625,3417,25,0,2022-06-09 20:54:21,2022-06-10 15:37:51
12626,3417,122,0,2022-06-09 20:54:21,2022-06-10 15:37:51
12627,3417,124,0,2022-06-09 20:54:21,2022-06-10 15:37:51
12628,3418,49,0,2022-06-09 20:54:21,2022-06-10 15:37:51
12629,3418,51,0,2022-06-09 20:54:21,2022-06-10 15:37:51
12630,3418,85,0,2022-06-09 20:54:21,2022-06-10 15:37:51
12631,3418,88,0,2022-06-09 20:54:21,2022-06-10 15:37:51
12632,3419,93,0,2022-06-09 20:54:21,2022-06-10 15:37:51
12633,3419,99,0,2022-06-09 20:54:21,2022-06-10 15:37:51
12634,3420,25,0,2022-06-09 20:54:21,2022-06-10 15:37:51
12635,3420,26,0,2022-06-09 20:54:21,2022-06-10 15:37:51
12636,3420,29,0,2022-06-09 20:54:21,2022-06-10 15:37:51
12637,3420,124,0,2022-06-09 20:54:21,2022-06-10 15:37:51
12638,3421,49,0,2022-06-09 20:54:21,2022-06-10 15:37:51
12639,3421,50,0,2022-06-09 20:54:21,2022-06-10 15:37:51
12640,3422,49,0,2022-06-09 20:54:21,2022-06-10 15:37:51
12641,3422,51,0,2022-06-09 20:54:21,2022-06-10 15:37:51
12642,3422,85,0,2022-06-09 20:54:21,2022-06-10 15:37:51
12643,3422,88,0,2022-06-09 20:54:21,2022-06-10 15:37:51
12644,3423,103,0,2022-06-09 20:54:21,2022-06-10 15:37:51
12645,3423,141,0,2022-06-09 20:54:21,2022-06-10 15:37:51
12646,3424,111,0,2022-06-09 20:54:21,2022-06-10 15:37:51
12647,3424,112,0,2022-06-09 20:54:21,2022-06-10 15:37:51
12648,3424,113,0,2022-06-09 20:54:21,2022-06-10 15:37:51
12649,3424,114,0,2022-06-09 20:54:21,2022-06-10 15:37:51
12650,3424,115,0,2022-06-09 20:54:21,2022-06-10 15:37:51
12651,3424,117,0,2022-06-09 20:54:21,2022-06-10 15:37:51
12652,3425,103,0,2022-06-09 20:54:21,2022-06-10 15:37:51
12653,3425,141,0,2022-06-09 20:54:21,2022-06-10 15:37:51
12654,3426,111,0,2022-06-09 20:54:21,2022-06-10 15:37:51
12655,3426,114,0,2022-06-09 20:54:21,2022-06-10 15:37:51
12656,3427,59,0,2022-06-09 20:54:21,2022-06-10 15:37:51
12657,3427,103,0,2022-06-09 20:54:21,2022-06-10 15:37:51
12658,3427,128,0,2022-06-09 20:54:21,2022-06-10 15:37:51
12659,3427,141,0,2022-06-09 20:54:21,2022-06-10 15:37:51
12660,3428,32,0,2022-06-09 20:54:21,2022-06-10 15:37:51
12661,3428,35,0,2022-06-09 20:54:21,2022-06-10 15:37:51
12662,3429,103,0,2022-06-09 20:54:21,2022-06-10 15:37:51
12663,3429,106,0,2022-06-09 20:54:21,2022-06-10 15:37:51
12664,3429,108,0,2022-06-09 20:54:21,2022-06-10 15:37:51
12665,3430,103,0,2022-06-09 20:54:21,2022-06-10 15:37:51
12666,3430,141,0,2022-06-09 20:54:21,2022-06-10 15:37:51
12667,3431,103,0,2022-06-09 20:54:21,2022-06-10 15:37:51
12668,3431,105,0,2022-06-09 20:54:21,2022-06-10 15:37:51
12669,3431,108,0,2022-06-09 20:54:21,2022-06-10 15:37:51
12670,3432,15,0,2022-06-09 20:54:21,2022-06-10 15:37:51
12671,3432,18,0,2022-06-09 20:54:21,2022-06-10 15:37:51
12672,3432,49,0,2022-06-09 20:54:21,2022-06-10 15:37:51
12673,3432,51,0,2022-06-09 20:54:21,2022-06-10 15:37:51
12674,3432,74,0,2022-06-09 20:54:21,2022-06-10 15:37:51
12675,3432,84,0,2022-06-09 20:54:21,2022-06-10 15:37:51
12676,3432,85,0,2022-06-09 20:54:21,2022-06-10 15:37:51
12677,3432,89,0,2022-06-09 20:54:21,2022-06-10 15:37:51
12678,3432,103,0,2022-06-09 20:54:21,2022-06-10 15:37:51
12679,3432,104,0,2022-06-09 20:54:21,2022-06-10 15:37:51
12680,3432,108,0,2022-06-09 20:54:21,2022-06-10 15:37:51
12681,3432,129,0,2022-06-09 20:54:21,2022-06-10 15:37:51
12682,3432,132,0,2022-06-09 20:54:21,2022-06-10 15:37:51
12683,3432,135,0,2022-06-09 20:54:21,2022-06-10 15:37:51
12684,3433,49,0,2022-06-09 20:54:21,2022-06-10 15:37:51
12685,3433,53,0,2022-06-09 20:54:21,2022-06-10 15:37:51
12686,3433,57,0,2022-06-09 20:54:21,2022-06-10 15:37:51
12687,3434,85,0,2022-06-09 20:54:21,2022-06-10 15:37:51
12688,3434,111,0,2022-06-09 20:54:21,2022-06-10 15:37:51
12689,3434,113,0,2022-06-09 20:54:21,2022-06-10 15:37:51
12690,3434,137,0,2022-06-09 20:54:21,2022-06-10 15:37:51
12691,3435,85,0,2022-06-09 20:54:21,2022-06-10 15:37:51
12692,3435,103,0,2022-06-09 20:54:21,2022-06-10 15:37:51
12693,3435,105,0,2022-06-09 20:54:21,2022-06-10 15:37:51
12694,3435,108,0,2022-06-09 20:54:21,2022-06-10 15:37:51
12695,3435,135,0,2022-06-09 20:54:21,2022-06-10 15:37:51
12696,3435,142,0,2022-06-09 20:54:21,2022-06-10 15:37:51
12697,3436,49,0,2022-06-09 20:54:21,2022-06-10 15:37:51
12698,3436,54,0,2022-06-09 20:54:21,2022-06-10 15:37:51
12699,3436,85,0,2022-06-09 20:54:21,2022-06-10 15:37:51
12700,3436,91,0,2022-06-09 20:54:21,2022-06-10 15:37:51
12701,3437,85,0,2022-06-09 20:54:21,2022-06-10 15:37:51
12702,3437,103,0,2022-06-09 20:54:21,2022-06-10 15:37:51
12703,3437,106,0,2022-06-09 20:54:21,2022-06-10 15:37:51
12704,3437,142,0,2022-06-09 20:54:21,2022-06-10 15:37:51
12705,3438,93,0,2022-06-09 20:54:21,2022-06-10 15:37:51
12706,3438,98,0,2022-06-09 20:54:21,2022-06-10 15:37:51
12707,3439,103,0,2022-06-09 20:54:21,2022-06-10 15:37:51
12708,3439,104,0,2022-06-09 20:54:21,2022-06-10 15:37:51
12709,3439,141,0,2022-06-09 20:54:21,2022-06-10 15:37:51
12710,3440,59,0,2022-06-09 20:54:21,2022-06-10 15:37:51
12711,3440,62,0,2022-06-09 20:54:21,2022-06-10 15:37:51
12712,3440,93,0,2022-06-09 20:54:21,2022-06-10 15:37:51
12713,3440,103,0,2022-06-09 20:54:21,2022-06-10 15:37:51
12714,3440,138,0,2022-06-09 20:54:21,2022-06-10 15:37:51
12715,3440,141,0,2022-06-09 20:54:21,2022-06-10 15:37:51
12716,3441,49,0,2022-06-09 20:54:21,2022-06-10 15:37:51
12717,3441,51,0,2022-06-09 20:54:21,2022-06-10 15:37:51
12718,3441,54,0,2022-06-09 20:54:21,2022-06-10 15:37:51
12719,3441,55,0,2022-06-09 20:54:21,2022-06-10 15:37:51
12720,3441,57,0,2022-06-09 20:54:21,2022-06-10 15:37:51
12721,3441,58,0,2022-06-09 20:54:21,2022-06-10 15:37:51
12722,3441,85,0,2022-06-09 20:54:21,2022-06-10 15:37:51
12723,3441,86,0,2022-06-09 20:54:21,2022-06-10 15:37:51
12724,3441,135,0,2022-06-09 20:54:21,2022-06-10 15:37:51
12725,3441,137,0,2022-06-09 20:54:21,2022-06-10 15:37:51
12726,3441,142,0,2022-06-09 20:54:21,2022-06-10 15:37:51
12727,3442,103,0,2022-06-09 20:54:21,2022-06-10 15:37:51
12728,3442,104,0,2022-06-09 20:54:21,2022-06-10 15:37:51
12729,3442,108,0,2022-06-09 20:54:21,2022-06-10 15:37:51
12730,3443,15,0,2022-06-09 20:54:21,2022-06-10 15:37:51
12731,3443,16,0,2022-06-09 20:54:21,2022-06-10 15:37:51
12732,3443,17,0,2022-06-09 20:54:21,2022-06-10 15:37:51
12733,3443,18,0,2022-06-09 20:54:21,2022-06-10 15:37:51
12734,3443,19,0,2022-06-09 20:54:21,2022-06-10 15:37:51
12735,3443,21,0,2022-06-09 20:54:21,2022-06-10 15:37:51
12736,3443,23,0,2022-06-09 20:54:21,2022-06-10 15:37:51
12737,3443,32,0,2022-06-09 20:54:21,2022-06-10 15:37:51
12738,3443,35,0,2022-06-09 20:54:21,2022-06-10 15:37:51
12739,3443,38,0,2022-06-09 20:54:21,2022-06-10 15:37:51
12740,3443,49,0,2022-06-09 20:54:21,2022-06-10 15:37:51
12741,3443,50,0,2022-06-09 20:54:21,2022-06-10 15:37:51
12742,3443,51,0,2022-06-09 20:54:21,2022-06-10 15:37:51
12743,3443,52,0,2022-06-09 20:54:21,2022-06-10 15:37:51
12744,3443,53,0,2022-06-09 20:54:21,2022-06-10 15:37:51
12745,3443,54,0,2022-06-09 20:54:21,2022-06-10 15:37:51
12746,3443,55,0,2022-06-09 20:54:21,2022-06-10 15:37:51
12747,3443,56,0,2022-06-09 20:54:21,2022-06-10 15:37:51
12748,3443,57,0,2022-06-09 20:54:21,2022-06-10 15:37:51
12749,3443,58,0,2022-06-09 20:54:21,2022-06-10 15:37:51
12750,3443,74,0,2022-06-09 20:54:21,2022-06-10 15:37:51
12751,3443,84,0,2022-06-09 20:54:21,2022-06-10 15:37:51
12752,3443,85,0,2022-06-09 20:54:21,2022-06-10 15:37:51
12753,3443,89,0,2022-06-09 20:54:21,2022-06-10 15:37:51
12754,3443,90,0,2022-06-09 20:54:21,2022-06-10 15:37:51
12755,3443,93,0,2022-06-09 20:54:21,2022-06-10 15:37:51
12756,3443,100,0,2022-06-09 20:54:21,2022-06-10 15:37:51
12757,3443,103,0,2022-06-09 20:54:21,2022-06-10 15:37:51
12758,3443,104,0,2022-06-09 20:54:21,2022-06-10 15:37:51
12759,3443,105,0,2022-06-09 20:54:21,2022-06-10 15:37:51
12760,3443,106,0,2022-06-09 20:54:21,2022-06-10 15:37:51
12761,3443,108,0,2022-06-09 20:54:21,2022-06-10 15:37:51
12762,3443,109,0,2022-06-09 20:54:21,2022-06-10 15:37:51
12763,3443,110,0,2022-06-09 20:54:21,2022-06-10 15:37:51
12764,3443,111,0,2022-06-09 20:54:21,2022-06-10 15:37:51
12765,3443,112,0,2022-06-09 20:54:21,2022-06-10 15:37:51
12766,3443,113,0,2022-06-09 20:54:21,2022-06-10 15:37:51
12767,3443,114,0,2022-06-09 20:54:21,2022-06-10 15:37:51
12768,3443,115,0,2022-06-09 20:54:21,2022-06-10 15:37:51
12769,3443,117,0,2022-06-09 20:54:21,2022-06-10 15:37:51
12770,3443,118,0,2022-06-09 20:54:21,2022-06-10 15:37:51
12771,3443,119,0,2022-06-09 20:54:21,2022-06-10 15:37:51
12772,3443,121,0,2022-06-09 20:54:21,2022-06-10 15:37:51
12773,3443,125,0,2022-06-09 20:54:21,2022-06-10 15:37:51
12774,3443,129,0,2022-06-09 20:54:21,2022-06-10 15:37:51
12775,3443,132,0,2022-06-09 20:54:21,2022-06-10 15:37:51
12776,3444,15,0,2022-06-09 20:54:21,2022-06-10 15:37:51
12777,3444,22,0,2022-06-09 20:54:21,2022-06-10 15:37:51
12778,3444,49,0,2022-06-09 20:54:21,2022-06-10 15:37:51
12779,3444,54,0,2022-06-09 20:54:21,2022-06-10 15:37:51
12780,3444,85,0,2022-06-09 20:54:21,2022-06-10 15:37:51
12781,3444,91,0,2022-06-09 20:54:21,2022-06-10 15:37:51
12782,3445,49,0,2022-06-09 20:54:21,2022-06-10 15:37:51
12783,3445,54,0,2022-06-09 20:54:21,2022-06-10 15:37:51
12784,3445,57,0,2022-06-09 20:54:21,2022-06-10 15:37:51
12785,3445,58,0,2022-06-09 20:54:21,2022-06-10 15:37:51
12786,3446,93,0,2022-06-09 20:54:21,2022-06-10 15:37:51
12787,3446,98,0,2022-06-09 20:54:21,2022-06-10 15:37:51
12788,3447,25,0,2022-06-09 20:54:21,2022-06-10 15:37:51
12789,3447,124,0,2022-06-09 20:54:21,2022-06-10 15:37:51
12790,3448,15,0,2022-06-09 20:54:21,2022-06-10 15:37:51
12791,3448,20,0,2022-06-09 20:54:21,2022-06-10 15:37:51
12792,3448,49,0,2022-06-09 20:54:21,2022-06-10 15:37:51
12793,3448,57,0,2022-06-09 20:54:21,2022-06-10 15:37:51
12794,3449,59,0,2022-06-09 20:54:21,2022-06-10 15:37:51
12795,3449,63,0,2022-06-09 20:54:21,2022-06-10 15:37:51
12796,3449,127,0,2022-06-09 20:54:21,2022-06-10 15:37:51
12797,3450,103,0,2022-06-09 20:54:21,2022-06-10 15:37:51
12798,3450,140,0,2022-06-09 20:54:21,2022-06-10 15:37:51
12799,3451,59,0,2022-06-09 20:54:21,2022-06-10 15:37:51
12800,3451,63,0,2022-06-09 20:54:21,2022-06-10 15:37:51
12801,3451,127,0,2022-06-09 20:54:21,2022-06-10 15:37:51
12802,3452,111,0,2022-06-09 20:54:21,2022-06-10 15:37:51
12803,3453,59,0,2022-06-09 20:54:21,2022-06-10 15:37:51
12804,3453,63,0,2022-06-09 20:54:21,2022-06-10 15:37:51
12805,3453,127,0,2022-06-09 20:54:21,2022-06-10 15:37:51
12806,3454,49,0,2022-06-09 20:54:21,2022-06-10 15:37:51
12807,3454,57,0,2022-06-09 20:54:21,2022-06-10 15:37:51
12808,3455,49,0,2022-06-09 20:54:21,2022-06-10 15:37:51
12809,3455,55,0,2022-06-09 20:54:21,2022-06-10 15:37:51
12810,3456,103,0,2022-06-09 20:54:21,2022-06-10 15:37:51
12811,3456,108,0,2022-06-09 20:54:21,2022-06-10 15:37:51
12812,3457,103,0,2022-06-09 20:54:21,2022-06-10 15:37:51
12813,3457,141,0,2022-06-09 20:54:21,2022-06-10 15:37:51
12814,3458,25,0,2022-06-09 20:54:21,2022-06-10 15:37:51
12815,3458,59,0,2022-06-09 20:54:21,2022-06-10 15:37:51
12816,3458,124,0,2022-06-09 20:54:21,2022-06-10 15:37:51
12817,3458,128,0,2022-06-09 20:54:21,2022-06-10 15:37:51
12818,3459,111,0,2022-06-09 20:54:21,2022-06-10 15:37:51
12819,3459,113,0,2022-06-09 20:54:21,2022-06-10 15:37:51
12820,3459,117,0,2022-06-09 20:54:21,2022-06-10 15:37:51
12821,3459,119,0,2022-06-09 20:54:21,2022-06-10 15:37:51
12822,3459,121,0,2022-06-09 20:54:21,2022-06-10 15:37:51
12823,3460,25,0,2022-06-09 20:54:21,2022-06-10 15:37:51
12824,3460,124,0,2022-06-09 20:54:21,2022-06-10 15:37:51
12825,3461,49,0,2022-06-09 20:54:22,2022-06-10 15:37:51
12826,3461,53,0,2022-06-09 20:54:22,2022-06-10 15:37:51
12827,3461,57,0,2022-06-09 20:54:22,2022-06-10 15:37:51
12828,3462,74,0,2022-06-09 20:54:22,2022-06-10 15:37:51
12829,3462,75,0,2022-06-09 20:54:22,2022-06-10 15:37:51
12830,3462,82,0,2022-06-09 20:54:22,2022-06-10 15:37:51
12831,3463,111,0,2022-06-09 20:54:22,2022-06-10 15:37:51
12832,3463,113,0,2022-06-09 20:54:22,2022-06-10 15:37:51
12833,3463,114,0,2022-06-09 20:54:22,2022-06-10 15:37:51
12834,3463,115,0,2022-06-09 20:54:22,2022-06-10 15:37:51
12835,3463,117,0,2022-06-09 20:54:22,2022-06-10 15:37:51
12836,3463,119,0,2022-06-09 20:54:22,2022-06-10 15:37:51
12837,3463,121,0,2022-06-09 20:54:22,2022-06-10 15:37:51
12838,3464,111,0,2022-06-09 20:54:22,2022-06-10 15:37:51
12839,3464,113,0,2022-06-09 20:54:22,2022-06-10 15:37:51
12840,3464,114,0,2022-06-09 20:54:22,2022-06-10 15:37:51
12841,3464,115,0,2022-06-09 20:54:22,2022-06-10 15:37:51
12842,3464,117,0,2022-06-09 20:54:22,2022-06-10 15:37:51
12843,3464,118,0,2022-06-09 20:54:22,2022-06-10 15:37:51
12844,3464,119,0,2022-06-09 20:54:22,2022-06-10 15:37:51
12845,3464,121,0,2022-06-09 20:54:22,2022-06-10 15:37:51
12846,3465,25,0,2022-06-09 20:54:22,2022-06-10 15:37:51
12847,3465,124,0,2022-06-09 20:54:22,2022-06-10 15:37:51
12848,3466,15,0,2022-06-09 20:54:22,2022-06-10 15:37:51
12849,3466,122,0,2022-06-09 20:54:22,2022-06-10 15:37:51
12850,3467,103,0,2022-06-09 20:54:22,2022-06-10 15:37:51
12851,3467,140,0,2022-06-09 20:54:22,2022-06-10 15:37:51
12852,3467,141,0,2022-06-09 20:54:22,2022-06-10 15:37:51
12853,3468,59,0,2022-06-09 20:54:22,2022-06-10 15:37:51
12854,3468,60,0,2022-06-09 20:54:22,2022-06-10 15:37:51
12855,3468,85,0,2022-06-09 20:54:22,2022-06-10 15:37:51
12856,3468,135,0,2022-06-09 20:54:22,2022-06-10 15:37:51
12857,3468,137,0,2022-06-09 20:54:22,2022-06-10 15:37:51
12858,3469,111,0,2022-06-09 20:54:22,2022-06-10 15:37:51
12859,3469,112,0,2022-06-09 20:54:22,2022-06-10 15:37:51
12860,3469,114,0,2022-06-09 20:54:22,2022-06-10 15:37:51
12861,3469,115,0,2022-06-09 20:54:22,2022-06-10 15:37:51
12862,3469,116,0,2022-06-09 20:54:22,2022-06-10 15:37:51
12863,3469,118,0,2022-06-09 20:54:22,2022-06-10 15:37:51
12864,3469,119,0,2022-06-09 20:54:22,2022-06-10 15:37:51
12865,3469,121,0,2022-06-09 20:54:22,2022-06-10 15:37:51
12866,3470,40,0,2022-06-09 20:54:22,2022-06-10 15:37:51
12867,3470,41,0,2022-06-09 20:54:22,2022-06-10 15:37:51
12868,3470,47,0,2022-06-09 20:54:22,2022-06-10 15:37:51
12869,3471,49,0,2022-06-09 20:54:22,2022-06-10 15:37:51
12870,3471,54,0,2022-06-09 20:54:22,2022-06-10 15:37:51
12871,3471,58,0,2022-06-09 20:54:22,2022-06-10 15:37:51
12872,3471,111,0,2022-06-09 20:54:22,2022-06-10 15:37:51
12873,3471,113,0,2022-06-09 20:54:22,2022-06-10 15:37:51
12874,3471,114,0,2022-06-09 20:54:22,2022-06-10 15:37:51
12875,3471,115,0,2022-06-09 20:54:22,2022-06-10 15:37:51
12876,3472,111,0,2022-06-09 20:54:22,2022-06-10 15:37:51
12877,3472,112,0,2022-06-09 20:54:22,2022-06-10 15:37:51
12878,3472,113,0,2022-06-09 20:54:22,2022-06-10 15:37:51
12879,3472,114,0,2022-06-09 20:54:22,2022-06-10 15:37:51
12880,3472,117,0,2022-06-09 20:54:22,2022-06-10 15:37:51
12881,3472,118,0,2022-06-09 20:54:22,2022-06-10 15:37:51
12882,3473,111,0,2022-06-09 20:54:22,2022-06-10 15:37:51
12883,3473,112,0,2022-06-09 20:54:22,2022-06-10 15:37:51
12884,3474,15,0,2022-06-09 20:54:22,2022-06-10 15:37:51
12885,3474,17,0,2022-06-09 20:54:22,2022-06-10 15:37:51
12886,3474,23,0,2022-06-09 20:54:22,2022-06-10 15:37:51
12887,3475,49,0,2022-06-09 20:54:22,2022-06-10 15:37:51
12888,3475,53,0,2022-06-09 20:54:22,2022-06-10 15:37:51
12889,3475,55,0,2022-06-09 20:54:22,2022-06-10 15:37:51
12890,3475,111,0,2022-06-09 20:54:22,2022-06-10 15:37:51
12891,3475,112,0,2022-06-09 20:54:22,2022-06-10 15:37:51
12892,3475,113,0,2022-06-09 20:54:22,2022-06-10 15:37:51
12893,3475,114,0,2022-06-09 20:54:22,2022-06-10 15:37:51
12894,3475,115,0,2022-06-09 20:54:22,2022-06-10 15:37:51
12895,3475,117,0,2022-06-09 20:54:22,2022-06-10 15:37:51
12896,3475,118,0,2022-06-09 20:54:22,2022-06-10 15:37:51
12897,3475,119,0,2022-06-09 20:54:22,2022-06-10 15:37:51
12898,3475,121,0,2022-06-09 20:54:22,2022-06-10 15:37:51
12899,3476,59,0,2022-06-09 20:54:22,2022-06-10 15:37:51
12900,3476,63,0,2022-06-09 20:54:22,2022-06-10 15:37:51
12901,3476,127,0,2022-06-09 20:54:22,2022-06-10 15:37:51
12902,3477,49,0,2022-06-09 20:54:22,2022-06-10 15:37:51
12903,3477,54,0,2022-06-09 20:54:22,2022-06-10 15:37:51
12904,3477,55,0,2022-06-09 20:54:22,2022-06-10 15:37:51
12905,3477,111,0,2022-06-09 20:54:22,2022-06-10 15:37:51
12906,3477,113,0,2022-06-09 20:54:22,2022-06-10 15:37:51
12907,3477,116,0,2022-06-09 20:54:22,2022-06-10 15:37:51
12908,3477,117,0,2022-06-09 20:54:22,2022-06-10 15:37:51
12909,3477,118,0,2022-06-09 20:54:22,2022-06-10 15:37:51
12910,3477,121,0,2022-06-09 20:54:22,2022-06-10 15:37:51
12911,3478,74,0,2022-06-09 20:54:22,2022-06-10 15:37:51
12912,3478,79,0,2022-06-09 20:54:22,2022-06-10 15:37:51
12913,3479,67,0,2022-06-09 20:54:22,2022-06-10 15:37:51
12914,3479,68,0,2022-06-09 20:54:22,2022-06-10 15:37:51
12915,3479,74,0,2022-06-09 20:54:22,2022-06-10 15:37:51
12916,3479,76,0,2022-06-09 20:54:22,2022-06-10 15:37:51
12917,3479,93,0,2022-06-09 20:54:22,2022-06-10 15:37:51
12918,3479,95,0,2022-06-09 20:54:22,2022-06-10 15:37:51
12919,3480,59,0,2022-06-09 20:54:22,2022-06-10 15:37:51
12920,3480,60,0,2022-06-09 20:54:22,2022-06-10 15:37:51
12921,3480,63,0,2022-06-09 20:54:22,2022-06-10 15:37:51
12922,3480,127,0,2022-06-09 20:54:22,2022-06-10 15:37:51
12923,3481,,0,2022-06-09 20:54:22,2022-06-10 15:37:51
12924,3482,49,0,2022-06-09 20:54:22,2022-06-10 15:37:51
12925,3482,54,0,2022-06-09 20:54:22,2022-06-10 15:37:51
12926,3483,111,0,2022-06-09 20:54:22,2022-06-10 15:37:51
12927,3483,117,0,2022-06-09 20:54:22,2022-06-10 15:37:51
12928,3484,111,0,2022-06-09 20:54:22,2022-06-10 15:37:51
12929,3484,117,0,2022-06-09 20:54:22,2022-06-10 15:37:51
12930,3485,103,0,2022-06-09 20:54:22,2022-06-10 15:37:51
12931,3485,141,0,2022-06-09 20:54:22,2022-06-10 15:37:51
12932,3486,103,0,2022-06-09 20:54:22,2022-06-10 15:37:51
12933,3486,104,0,2022-06-09 20:54:22,2022-06-10 15:37:51
12934,3486,105,0,2022-06-09 20:54:22,2022-06-10 15:37:51
12935,3486,106,0,2022-06-09 20:54:22,2022-06-10 15:37:51
12936,3486,107,0,2022-06-09 20:54:22,2022-06-10 15:37:51
12937,3486,108,0,2022-06-09 20:54:22,2022-06-10 15:37:51
12938,3486,109,0,2022-06-09 20:54:22,2022-06-10 15:37:51
12939,3486,111,0,2022-06-09 20:54:22,2022-06-10 15:37:51
12940,3486,117,0,2022-06-09 20:54:22,2022-06-10 15:37:51
12941,3486,140,0,2022-06-09 20:54:22,2022-06-10 15:37:51
12942,3487,59,0,2022-06-09 20:54:22,2022-06-10 15:37:51
12943,3487,63,0,2022-06-09 20:54:22,2022-06-10 15:37:51
12944,3487,127,0,2022-06-09 20:54:22,2022-06-10 15:37:51
12945,3488,49,0,2022-06-09 20:54:22,2022-06-10 15:37:51
12946,3488,51,0,2022-06-09 20:54:22,2022-06-10 15:37:51
12947,3488,53,0,2022-06-09 20:54:22,2022-06-10 15:37:51
12948,3488,54,0,2022-06-09 20:54:22,2022-06-10 15:37:51
12949,3488,55,0,2022-06-09 20:54:22,2022-06-10 15:37:51
12950,3488,74,0,2022-06-09 20:54:22,2022-06-10 15:37:51
12951,3488,84,0,2022-06-09 20:54:22,2022-06-10 15:37:51
12952,3488,103,0,2022-06-09 20:54:22,2022-06-10 15:37:51
12953,3488,105,0,2022-06-09 20:54:22,2022-06-10 15:37:51
12954,3488,106,0,2022-06-09 20:54:22,2022-06-10 15:37:51
12955,3488,111,0,2022-06-09 20:54:22,2022-06-10 15:37:51
12956,3488,113,0,2022-06-09 20:54:22,2022-06-10 15:37:51
12957,3488,114,0,2022-06-09 20:54:22,2022-06-10 15:37:51
12958,3488,117,0,2022-06-09 20:54:22,2022-06-10 15:37:51
12959,3488,118,0,2022-06-09 20:54:22,2022-06-10 15:37:51
12960,3488,126,0,2022-06-09 20:54:22,2022-06-10 15:37:51
12961,3489,111,0,2022-06-09 20:54:22,2022-06-10 15:37:51
12962,3489,117,0,2022-06-09 20:54:22,2022-06-10 15:37:51
12963,3490,93,0,2022-06-09 20:54:22,2022-06-10 15:37:51
12964,3490,138,0,2022-06-09 20:54:22,2022-06-10 15:37:51
12965,3491,74,0,2022-06-09 20:54:22,2022-06-10 15:37:51
12966,3491,81,0,2022-06-09 20:54:22,2022-06-10 15:37:51
12967,3492,4,0,2022-06-09 20:54:22,2022-06-10 15:37:51
12968,3492,10,0,2022-06-09 20:54:22,2022-06-10 15:37:51
12969,3492,12,0,2022-06-09 20:54:22,2022-06-10 15:37:51
12970,3493,93,0,2022-06-09 20:54:22,2022-06-10 15:37:51
12971,3493,100,0,2022-06-09 20:54:22,2022-06-10 15:37:51
12972,3494,85,0,2022-06-09 20:54:22,2022-06-10 15:37:51
12973,3494,103,0,2022-06-09 20:54:22,2022-06-10 15:37:51
12974,3494,104,0,2022-06-09 20:54:22,2022-06-10 15:37:51
12975,3494,106,0,2022-06-09 20:54:22,2022-06-10 15:37:51
12976,3494,109,0,2022-06-09 20:54:22,2022-06-10 15:37:51
12977,3494,142,0,2022-06-09 20:54:22,2022-06-10 15:37:51
12978,3495,49,0,2022-06-09 20:54:22,2022-06-10 15:37:51
12979,3495,51,0,2022-06-09 20:54:22,2022-06-10 15:37:51
12980,3495,54,0,2022-06-09 20:54:22,2022-06-10 15:37:51
12981,3495,55,0,2022-06-09 20:54:22,2022-06-10 15:37:51
12982,3495,56,0,2022-06-09 20:54:22,2022-06-10 15:37:51
12983,3495,57,0,2022-06-09 20:54:22,2022-06-10 15:37:51
12984,3495,67,0,2022-06-09 20:54:22,2022-06-10 15:37:51
12985,3495,85,0,2022-06-09 20:54:22,2022-06-10 15:37:51
12986,3495,142,0,2022-06-09 20:54:22,2022-06-10 15:37:51
12987,3496,93,0,2022-06-09 20:54:22,2022-06-10 15:37:51
12988,3496,138,0,2022-06-09 20:54:22,2022-06-10 15:37:51
12989,3497,111,0,2022-06-09 20:54:22,2022-06-10 15:37:51
12990,3497,116,0,2022-06-09 20:54:22,2022-06-10 15:37:51
12991,3497,117,0,2022-06-09 20:54:22,2022-06-10 15:37:51
12992,3498,111,0,2022-06-09 20:54:22,2022-06-10 15:37:51
12993,3498,116,0,2022-06-09 20:54:22,2022-06-10 15:37:51
12994,3498,117,0,2022-06-09 20:54:22,2022-06-10 15:37:51
12995,3499,15,0,2022-06-09 20:54:22,2022-06-10 15:37:51
12996,3499,20,0,2022-06-09 20:54:22,2022-06-10 15:37:51
12997,3500,111,0,2022-06-09 20:54:22,2022-06-10 15:37:51
12998,3500,112,0,2022-06-09 20:54:22,2022-06-10 15:37:51
12999,3500,113,0,2022-06-09 20:54:22,2022-06-10 15:37:51
13000,3500,117,0,2022-06-09 20:54:22,2022-06-10 15:37:51
13001,3500,119,0,2022-06-09 20:54:22,2022-06-10 15:37:51
13002,3500,121,0,2022-06-09 20:54:22,2022-06-10 15:37:51
13003,3501,111,0,2022-06-09 20:54:22,2022-06-10 15:37:51
13004,3501,112,0,2022-06-09 20:54:22,2022-06-10 15:37:51
13005,3501,113,0,2022-06-09 20:54:22,2022-06-10 15:37:51
13006,3501,119,0,2022-06-09 20:54:22,2022-06-10 15:37:51
13007,3501,121,0,2022-06-09 20:54:22,2022-06-10 15:37:51
13008,3502,93,0,2022-06-09 20:54:22,2022-06-10 15:37:51
13009,3502,98,0,2022-06-09 20:54:22,2022-06-10 15:37:51
13010,3503,49,0,2022-06-09 20:54:22,2022-06-10 15:37:51
13011,3503,52,0,2022-06-09 20:54:22,2022-06-10 15:37:51
13012,3503,126,0,2022-06-09 20:54:22,2022-06-10 15:37:51
13013,3504,49,0,2022-06-09 20:54:22,2022-06-10 15:37:51
13014,3504,55,0,2022-06-09 20:54:22,2022-06-10 15:37:51
13015,3504,56,0,2022-06-09 20:54:22,2022-06-10 15:37:51
13016,3504,126,0,2022-06-09 20:54:22,2022-06-10 15:37:51
13017,3505,49,0,2022-06-09 20:54:22,2022-06-10 15:37:51
13018,3505,53,0,2022-06-09 20:54:22,2022-06-10 15:37:51
13019,3506,111,0,2022-06-09 20:54:22,2022-06-10 15:37:51
13020,3506,118,0,2022-06-09 20:54:22,2022-06-10 15:37:51
13021,3507,67,0,2022-06-09 20:54:22,2022-06-10 15:37:51
13022,3507,68,0,2022-06-09 20:54:22,2022-06-10 15:37:51
13023,3507,70,0,2022-06-09 20:54:22,2022-06-10 15:37:51
13024,3507,74,0,2022-06-09 20:54:22,2022-06-10 15:37:51
13025,3507,75,0,2022-06-09 20:54:22,2022-06-10 15:37:51
13026,3507,93,0,2022-06-09 20:54:22,2022-06-10 15:37:51
13027,3507,100,0,2022-06-09 20:54:22,2022-06-10 15:37:51
13028,3507,103,0,2022-06-09 20:54:22,2022-06-10 15:37:51
13029,3507,107,0,2022-06-09 20:54:22,2022-06-10 15:37:51
13030,3507,140,0,2022-06-09 20:54:22,2022-06-10 15:37:51
13031,3508,59,0,2022-06-09 20:54:22,2022-06-10 15:37:51
13032,3508,60,0,2022-06-09 20:54:22,2022-06-10 15:37:51
13033,3509,103,0,2022-06-09 20:54:22,2022-06-10 15:37:51
13034,3509,106,0,2022-06-09 20:54:22,2022-06-10 15:37:51
13035,3509,139,0,2022-06-09 20:54:22,2022-06-10 15:37:51
13036,3510,15,0,2022-06-09 20:54:22,2022-06-10 15:37:51
13037,3510,16,0,2022-06-09 20:54:22,2022-06-10 15:37:51
13038,3510,49,0,2022-06-09 20:54:22,2022-06-10 15:37:51
13039,3510,50,0,2022-06-09 20:54:22,2022-06-10 15:37:51
13040,3510,51,0,2022-06-09 20:54:22,2022-06-10 15:37:51
13041,3510,54,0,2022-06-09 20:54:22,2022-06-10 15:37:51
13042,3510,55,0,2022-06-09 20:54:22,2022-06-10 15:37:51
13043,3510,56,0,2022-06-09 20:54:22,2022-06-10 15:37:51
13044,3510,67,0,2022-06-09 20:54:22,2022-06-10 15:37:51
13045,3510,68,0,2022-06-09 20:54:22,2022-06-10 15:37:51
13046,3510,74,0,2022-06-09 20:54:22,2022-06-10 15:37:51
13047,3510,81,0,2022-06-09 20:54:22,2022-06-10 15:37:51
13048,3510,85,0,2022-06-09 20:54:22,2022-06-10 15:37:51
13049,3510,89,0,2022-06-09 20:54:22,2022-06-10 15:37:51
13050,3510,103,0,2022-06-09 20:54:22,2022-06-10 15:37:51
13051,3510,111,0,2022-06-09 20:54:22,2022-06-10 15:37:51
13052,3510,115,0,2022-06-09 20:54:22,2022-06-10 15:37:51
13053,3510,117,0,2022-06-09 20:54:22,2022-06-10 15:37:51
13054,3510,125,0,2022-06-09 20:54:22,2022-06-10 15:37:51
13055,3510,126,0,2022-06-09 20:54:22,2022-06-10 15:37:51
13056,3510,132,0,2022-06-09 20:54:22,2022-06-10 15:37:51
13057,3510,140,0,2022-06-09 20:54:22,2022-06-10 15:37:51
13058,3511,74,0,2022-06-09 20:54:22,2022-06-10 15:37:51
13059,3511,85,0,2022-06-09 20:54:22,2022-06-10 15:37:51
13060,3511,111,0,2022-06-09 20:54:22,2022-06-10 15:37:51
13061,3511,116,0,2022-06-09 20:54:22,2022-06-10 15:37:51
13062,3511,117,0,2022-06-09 20:54:22,2022-06-10 15:37:51
13063,3511,129,0,2022-06-09 20:54:22,2022-06-10 15:37:51
13064,3512,40,0,2022-06-09 20:54:22,2022-06-10 15:37:51
13065,3512,48,0,2022-06-09 20:54:22,2022-06-10 15:37:51
13066,3513,49,0,2022-06-09 20:54:22,2022-06-10 15:37:51
13067,3513,51,0,2022-06-09 20:54:22,2022-06-10 15:37:51
13068,3513,53,0,2022-06-09 20:54:22,2022-06-10 15:37:51
13069,3513,54,0,2022-06-09 20:54:22,2022-06-10 15:37:51
13070,3513,55,0,2022-06-09 20:54:22,2022-06-10 15:37:51
13071,3513,56,0,2022-06-09 20:54:22,2022-06-10 15:37:51
13072,3513,57,0,2022-06-09 20:54:22,2022-06-10 15:37:51
13073,3513,58,0,2022-06-09 20:54:22,2022-06-10 15:37:51
13074,3513,67,0,2022-06-09 20:54:22,2022-06-10 15:37:51
13075,3513,68,0,2022-06-09 20:54:22,2022-06-10 15:37:51
13076,3514,74,0,2022-06-09 20:54:22,2022-06-10 15:37:51
13077,3514,84,0,2022-06-09 20:54:22,2022-06-10 15:37:51
13078,3514,85,0,2022-06-09 20:54:22,2022-06-10 15:37:51
13079,3514,89,0,2022-06-09 20:54:22,2022-06-10 15:37:51
13080,3514,137,0,2022-06-09 20:54:22,2022-06-10 15:37:51
13081,3514,142,0,2022-06-09 20:54:22,2022-06-10 15:37:51
13082,3515,49,0,2022-06-09 20:54:23,2022-06-10 15:37:51
13083,3515,51,0,2022-06-09 20:54:23,2022-06-10 15:37:51
13084,3515,52,0,2022-06-09 20:54:23,2022-06-10 15:37:51
13085,3515,55,0,2022-06-09 20:54:23,2022-06-10 15:37:51
13086,3515,85,0,2022-06-09 20:54:23,2022-06-10 15:37:51
13087,3515,89,0,2022-06-09 20:54:23,2022-06-10 15:37:51
13088,3515,93,0,2022-06-09 20:54:23,2022-06-10 15:37:51
13089,3515,94,0,2022-06-09 20:54:23,2022-06-10 15:37:51
13090,3515,136,0,2022-06-09 20:54:23,2022-06-10 15:37:51
13091,3515,142,0,2022-06-09 20:54:23,2022-06-10 15:37:51
13092,3516,49,0,2022-06-09 20:54:23,2022-06-10 15:37:51
13093,3516,54,0,2022-06-09 20:54:23,2022-06-10 15:37:51
13094,3516,85,0,2022-06-09 20:54:23,2022-06-10 15:37:51
13095,3516,88,0,2022-06-09 20:54:23,2022-06-10 15:37:51
13096,3516,111,0,2022-06-09 20:54:23,2022-06-10 15:37:51
13097,3516,117,0,2022-06-09 20:54:23,2022-06-10 15:37:51
13098,3516,137,0,2022-06-09 20:54:23,2022-06-10 15:37:51
13099,3517,59,0,2022-06-09 20:54:23,2022-06-10 15:37:51
13100,3517,63,0,2022-06-09 20:54:23,2022-06-10 15:37:51
13101,3517,127,0,2022-06-09 20:54:23,2022-06-10 15:37:51
13102,3518,25,0,2022-06-09 20:54:23,2022-06-10 15:37:51
13103,3518,124,0,2022-06-09 20:54:23,2022-06-10 15:37:51
13104,3519,49,0,2022-06-09 20:54:23,2022-06-10 15:37:51
13105,3519,54,0,2022-06-09 20:54:23,2022-06-10 15:37:51
13106,3519,56,0,2022-06-09 20:54:23,2022-06-10 15:37:51
13107,3519,103,0,2022-06-09 20:54:23,2022-06-10 15:37:51
13108,3519,109,0,2022-06-09 20:54:23,2022-06-10 15:37:51
13109,3520,111,0,2022-06-09 20:54:23,2022-06-10 15:37:51
13110,3520,118,0,2022-06-09 20:54:23,2022-06-10 15:37:51
13111,3521,,0,2022-06-09 20:54:23,2022-06-10 15:37:51
13112,3522,49,0,2022-06-09 20:54:23,2022-06-10 15:37:51
13113,3522,53,0,2022-06-09 20:54:23,2022-06-10 15:37:51
13114,3522,57,0,2022-06-09 20:54:23,2022-06-10 15:37:51
13115,3523,32,0,2022-06-09 20:54:23,2022-06-10 15:37:51
13116,3523,38,0,2022-06-09 20:54:23,2022-06-10 15:37:51
13117,3524,111,0,2022-06-09 20:54:23,2022-06-10 15:37:51
13118,3524,114,0,2022-06-09 20:54:23,2022-06-10 15:37:51
13119,3524,117,0,2022-06-09 20:54:23,2022-06-10 15:37:51
13120,3524,119,0,2022-06-09 20:54:23,2022-06-10 15:37:51
13121,3524,121,0,2022-06-09 20:54:23,2022-06-10 15:37:51
13122,3525,111,0,2022-06-09 20:54:23,2022-06-10 15:37:51
13123,3525,113,0,2022-06-09 20:54:23,2022-06-10 15:37:51
13124,3525,114,0,2022-06-09 20:54:23,2022-06-10 15:37:51
13125,3525,117,0,2022-06-09 20:54:23,2022-06-10 15:37:51
13126,3525,119,0,2022-06-09 20:54:23,2022-06-10 15:37:51
13127,3525,121,0,2022-06-09 20:54:23,2022-06-10 15:37:51
13128,3526,111,0,2022-06-09 20:54:23,2022-06-10 15:37:51
13129,3526,113,0,2022-06-09 20:54:23,2022-06-10 15:37:51
13130,3526,114,0,2022-06-09 20:54:23,2022-06-10 15:37:51
13131,3527,111,0,2022-06-09 20:54:23,2022-06-10 15:37:51
13132,3527,114,0,2022-06-09 20:54:23,2022-06-10 15:37:51
13133,3527,116,0,2022-06-09 20:54:23,2022-06-10 15:37:51
13134,3527,119,0,2022-06-09 20:54:23,2022-06-10 15:37:51
13135,3527,121,0,2022-06-09 20:54:23,2022-06-10 15:37:51
13136,3528,111,0,2022-06-09 20:54:23,2022-06-10 15:37:51
13137,3528,113,0,2022-06-09 20:54:23,2022-06-10 15:37:51
13138,3528,119,0,2022-06-09 20:54:23,2022-06-10 15:37:51
13139,3528,121,0,2022-06-09 20:54:23,2022-06-10 15:37:51
13140,3529,111,0,2022-06-09 20:54:23,2022-06-10 15:37:51
13141,3529,114,0,2022-06-09 20:54:23,2022-06-10 15:37:51
13142,3529,116,0,2022-06-09 20:54:23,2022-06-10 15:37:51
13143,3529,117,0,2022-06-09 20:54:23,2022-06-10 15:37:51
13144,3530,32,0,2022-06-09 20:54:23,2022-06-10 15:37:51
13145,3530,35,0,2022-06-09 20:54:23,2022-06-10 15:37:51
13146,3530,38,0,2022-06-09 20:54:23,2022-06-10 15:37:51
13147,3531,49,0,2022-06-09 20:54:23,2022-06-10 15:37:51
13148,3531,50,0,2022-06-09 20:54:23,2022-06-10 15:37:51
13149,3531,51,0,2022-06-09 20:54:23,2022-06-10 15:37:51
13150,3531,53,0,2022-06-09 20:54:23,2022-06-10 15:37:51
13151,3531,54,0,2022-06-09 20:54:23,2022-06-10 15:37:51
13152,3531,55,0,2022-06-09 20:54:23,2022-06-10 15:37:51
13153,3531,56,0,2022-06-09 20:54:23,2022-06-10 15:37:51
13154,3531,57,0,2022-06-09 20:54:23,2022-06-10 15:37:51
13155,3531,58,0,2022-06-09 20:54:23,2022-06-10 15:37:51
13156,3531,59,0,2022-06-09 20:54:23,2022-06-10 15:37:51
13157,3531,60,0,2022-06-09 20:54:23,2022-06-10 15:37:51
13158,3531,93,0,2022-06-09 20:54:23,2022-06-10 15:37:51
13159,3531,94,0,2022-06-09 20:54:23,2022-06-10 15:37:51
13160,3531,100,0,2022-06-09 20:54:23,2022-06-10 15:37:51
13161,3531,103,0,2022-06-09 20:54:23,2022-06-10 15:37:51
13162,3531,104,0,2022-06-09 20:54:23,2022-06-10 15:37:51
13163,3531,105,0,2022-06-09 20:54:23,2022-06-10 15:37:51
13164,3531,106,0,2022-06-09 20:54:23,2022-06-10 15:37:51
13165,3531,108,0,2022-06-09 20:54:23,2022-06-10 15:37:51
13166,3531,109,0,2022-06-09 20:54:23,2022-06-10 15:37:51
13167,3531,110,0,2022-06-09 20:54:23,2022-06-10 15:37:51
13168,3531,111,0,2022-06-09 20:54:23,2022-06-10 15:37:51
13169,3531,112,0,2022-06-09 20:54:23,2022-06-10 15:37:51
13170,3531,113,0,2022-06-09 20:54:23,2022-06-10 15:37:51
13171,3531,114,0,2022-06-09 20:54:23,2022-06-10 15:37:51
13172,3531,115,0,2022-06-09 20:54:23,2022-06-10 15:37:51
13173,3531,116,0,2022-06-09 20:54:23,2022-06-10 15:37:51
13174,3531,117,0,2022-06-09 20:54:23,2022-06-10 15:37:51
13175,3531,118,0,2022-06-09 20:54:23,2022-06-10 15:37:51
13176,3531,119,0,2022-06-09 20:54:23,2022-06-10 15:37:51
13177,3531,121,0,2022-06-09 20:54:23,2022-06-10 15:37:51
13178,3532,40,0,2022-06-09 20:54:23,2022-06-10 15:37:51
13179,3532,41,0,2022-06-09 20:54:23,2022-06-10 15:37:51
13180,3532,47,0,2022-06-09 20:54:23,2022-06-10 15:37:51
13181,3533,103,0,2022-06-09 20:54:23,2022-06-10 15:37:51
13182,3533,106,0,2022-06-09 20:54:23,2022-06-10 15:37:51
13183,3533,108,0,2022-06-09 20:54:23,2022-06-10 15:37:51
13184,3534,111,0,2022-06-09 20:54:23,2022-06-10 15:37:51
13185,3534,113,0,2022-06-09 20:54:23,2022-06-10 15:37:51
13186,3534,119,0,2022-06-09 20:54:23,2022-06-10 15:37:51
13187,3534,121,0,2022-06-09 20:54:23,2022-06-10 15:37:51
13188,3535,93,0,2022-06-09 20:54:23,2022-06-10 15:37:51
13189,3535,100,0,2022-06-09 20:54:23,2022-06-10 15:37:51
13190,3536,59,0,2022-06-09 20:54:23,2022-06-10 15:37:51
13191,3536,60,0,2022-06-09 20:54:23,2022-06-10 15:37:51
13192,3536,62,0,2022-06-09 20:54:23,2022-06-10 15:37:51
13193,3537,85,0,2022-06-09 20:54:23,2022-06-10 15:37:51
13194,3537,103,0,2022-06-09 20:54:23,2022-06-10 15:37:51
13195,3537,106,0,2022-06-09 20:54:23,2022-06-10 15:37:51
13196,3537,142,0,2022-06-09 20:54:23,2022-06-10 15:37:51
13197,3538,15,0,2022-06-09 20:54:23,2022-06-10 15:37:51
13198,3538,17,0,2022-06-09 20:54:23,2022-06-10 15:37:51
13199,3538,19,0,2022-06-09 20:54:23,2022-06-10 15:37:51
13200,3539,15,0,2022-06-09 20:54:23,2022-06-10 15:37:51
13201,3539,122,0,2022-06-09 20:54:23,2022-06-10 15:37:51
13202,3540,67,0,2022-06-09 20:54:23,2022-06-10 15:37:51
13203,3540,71,0,2022-06-09 20:54:23,2022-06-10 15:37:51
13204,3541,15,0,2022-06-09 20:54:23,2022-06-10 15:37:51
13205,3541,19,0,2022-06-09 20:54:23,2022-06-10 15:37:51
13206,3541,20,0,2022-06-09 20:54:23,2022-06-10 15:37:51
13207,3541,21,0,2022-06-09 20:54:23,2022-06-10 15:37:51
13208,3542,49,0,2022-06-09 20:54:23,2022-06-10 15:37:51
13209,3542,126,0,2022-06-09 20:54:23,2022-06-10 15:37:51
13210,3543,93,0,2022-06-09 20:54:23,2022-06-10 15:37:51
13211,3543,103,0,2022-06-09 20:54:23,2022-06-10 15:37:51
13212,3543,108,0,2022-06-09 20:54:23,2022-06-10 15:37:51
13213,3543,138,0,2022-06-09 20:54:23,2022-06-10 15:37:51
13214,3544,49,0,2022-06-09 20:54:23,2022-06-10 15:37:51
13215,3544,54,0,2022-06-09 20:54:23,2022-06-10 15:37:51
13216,3544,103,0,2022-06-09 20:54:23,2022-06-10 15:37:51
13217,3544,106,0,2022-06-09 20:54:23,2022-06-10 15:37:51
13218,3545,59,0,2022-06-09 20:54:23,2022-06-10 15:37:51
13219,3545,60,0,2022-06-09 20:54:23,2022-06-10 15:37:51
13220,3545,63,0,2022-06-09 20:54:23,2022-06-10 15:37:51
13221,3546,93,0,2022-06-09 20:54:23,2022-06-10 15:37:51
13222,3546,138,0,2022-06-09 20:54:23,2022-06-10 15:37:51
13223,3547,15,0,2022-06-09 20:54:23,2022-06-10 15:37:51
13224,3547,16,0,2022-06-09 20:54:23,2022-06-10 15:37:51
13225,3547,18,0,2022-06-09 20:54:23,2022-06-10 15:37:51
13226,3547,19,0,2022-06-09 20:54:23,2022-06-10 15:37:51
13227,3547,20,0,2022-06-09 20:54:23,2022-06-10 15:37:51
13228,3547,21,0,2022-06-09 20:54:23,2022-06-10 15:37:51
13229,3547,23,0,2022-06-09 20:54:23,2022-06-10 15:37:51
13230,3547,24,0,2022-06-09 20:54:23,2022-06-10 15:37:51
13231,3547,32,0,2022-06-09 20:54:23,2022-06-10 15:37:51
13232,3547,35,0,2022-06-09 20:54:23,2022-06-10 15:37:51
13233,3547,38,0,2022-06-09 20:54:23,2022-06-10 15:37:51
13234,3547,49,0,2022-06-09 20:54:23,2022-06-10 15:37:51
13235,3547,50,0,2022-06-09 20:54:23,2022-06-10 15:37:51
13236,3547,51,0,2022-06-09 20:54:23,2022-06-10 15:37:51
13237,3547,52,0,2022-06-09 20:54:23,2022-06-10 15:37:51
13238,3547,53,0,2022-06-09 20:54:23,2022-06-10 15:37:51
13239,3547,54,0,2022-06-09 20:54:23,2022-06-10 15:37:51
13240,3547,55,0,2022-06-09 20:54:23,2022-06-10 15:37:51
13241,3547,67,0,2022-06-09 20:54:23,2022-06-10 15:37:51
13242,3547,68,0,2022-06-09 20:54:23,2022-06-10 15:37:51
13243,3547,74,0,2022-06-09 20:54:23,2022-06-10 15:37:51
13244,3547,85,0,2022-06-09 20:54:23,2022-06-10 15:37:51
13245,3547,89,0,2022-06-09 20:54:23,2022-06-10 15:37:51
13246,3547,93,0,2022-06-09 20:54:23,2022-06-10 15:37:51
13247,3547,94,0,2022-06-09 20:54:23,2022-06-10 15:37:51
13248,3547,98,0,2022-06-09 20:54:23,2022-06-10 15:37:51
13249,3547,100,0,2022-06-09 20:54:23,2022-06-10 15:37:51
13250,3547,103,0,2022-06-09 20:54:23,2022-06-10 15:37:51
13251,3547,104,0,2022-06-09 20:54:23,2022-06-10 15:37:51
13252,3547,105,0,2022-06-09 20:54:23,2022-06-10 15:37:51
13253,3547,108,0,2022-06-09 20:54:23,2022-06-10 15:37:51
13254,3547,110,0,2022-06-09 20:54:23,2022-06-10 15:37:51
13255,3547,111,0,2022-06-09 20:54:23,2022-06-10 15:37:51
13256,3547,112,0,2022-06-09 20:54:23,2022-06-10 15:37:51
13257,3547,113,0,2022-06-09 20:54:23,2022-06-10 15:37:51
13258,3547,114,0,2022-06-09 20:54:23,2022-06-10 15:37:51
13259,3547,115,0,2022-06-09 20:54:23,2022-06-10 15:37:51
13260,3547,116,0,2022-06-09 20:54:23,2022-06-10 15:37:51
13261,3547,117,0,2022-06-09 20:54:23,2022-06-10 15:37:51
13262,3547,118,0,2022-06-09 20:54:23,2022-06-10 15:37:51
13263,3547,119,0,2022-06-09 20:54:23,2022-06-10 15:37:51
13264,3547,120,0,2022-06-09 20:54:23,2022-06-10 15:37:51
13265,3547,121,0,2022-06-09 20:54:23,2022-06-10 15:37:51
13266,3547,125,0,2022-06-09 20:54:23,2022-06-10 15:37:51
13267,3547,126,0,2022-06-09 20:54:23,2022-06-10 15:37:51
13268,3547,129,0,2022-06-09 20:54:23,2022-06-10 15:37:51
13269,3547,131,0,2022-06-09 20:54:23,2022-06-10 15:37:51
13270,3547,132,0,2022-06-09 20:54:23,2022-06-10 15:37:51
13271,3547,140,0,2022-06-09 20:54:23,2022-06-10 15:37:51
13272,3548,74,0,2022-06-09 20:54:23,2022-06-10 15:37:51
13273,3548,75,0,2022-06-09 20:54:23,2022-06-10 15:37:51
13274,3548,133,0,2022-06-09 20:54:23,2022-06-10 15:37:51
13275,3549,93,0,2022-06-09 20:54:23,2022-06-10 15:37:51
13276,3549,100,0,2022-06-09 20:54:23,2022-06-10 15:37:51
13277,3549,111,0,2022-06-09 20:54:23,2022-06-10 15:37:51
13278,3549,112,0,2022-06-09 20:54:23,2022-06-10 15:37:51
13279,3549,113,0,2022-06-09 20:54:23,2022-06-10 15:37:51
13280,3549,114,0,2022-06-09 20:54:23,2022-06-10 15:37:51
13281,3549,117,0,2022-06-09 20:54:23,2022-06-10 15:37:51
13282,3550,49,0,2022-06-09 20:54:23,2022-06-10 15:37:51
13283,3550,50,0,2022-06-09 20:54:23,2022-06-10 15:37:51
13284,3550,51,0,2022-06-09 20:54:23,2022-06-10 15:37:51
13285,3550,52,0,2022-06-09 20:54:23,2022-06-10 15:37:51
13286,3550,54,0,2022-06-09 20:54:23,2022-06-10 15:37:51
13287,3550,55,0,2022-06-09 20:54:23,2022-06-10 15:37:51
13288,3550,126,0,2022-06-09 20:54:23,2022-06-10 15:37:51
13289,3551,32,0,2022-06-09 20:54:23,2022-06-10 15:37:51
13290,3551,33,0,2022-06-09 20:54:23,2022-06-10 15:37:51
13291,3552,15,0,2022-06-09 20:54:23,2022-06-10 15:37:51
13292,3552,18,0,2022-06-09 20:54:23,2022-06-10 15:37:51
13293,3553,93,0,2022-06-09 20:54:23,2022-06-10 15:37:51
13294,3553,94,0,2022-06-09 20:54:23,2022-06-10 15:37:51
13295,3554,49,0,2022-06-09 20:54:23,2022-06-10 15:37:51
13296,3554,126,0,2022-06-09 20:54:23,2022-06-10 15:37:51
13297,3555,49,0,2022-06-09 20:54:23,2022-06-10 15:37:51
13298,3555,126,0,2022-06-09 20:54:23,2022-06-10 15:37:51
13299,3556,49,0,2022-06-09 20:54:23,2022-06-10 15:37:51
13300,3556,51,0,2022-06-09 20:54:23,2022-06-10 15:37:51
13301,3556,126,0,2022-06-09 20:54:23,2022-06-10 15:37:51
13302,3557,49,0,2022-06-09 20:54:23,2022-06-10 15:37:51
13303,3557,51,0,2022-06-09 20:54:23,2022-06-10 15:37:51
13304,3558,49,0,2022-06-09 20:54:23,2022-06-10 15:37:51
13305,3558,54,0,2022-06-09 20:54:23,2022-06-10 15:37:51
13306,3559,111,0,2022-06-09 20:54:23,2022-06-10 15:37:51
13307,3559,113,0,2022-06-09 20:54:23,2022-06-10 15:37:51
13308,3559,117,0,2022-06-09 20:54:23,2022-06-10 15:37:51
13309,3560,49,0,2022-06-09 20:54:23,2022-06-10 15:37:51
13310,3560,126,0,2022-06-09 20:54:23,2022-06-10 15:37:51
13311,3561,49,0,2022-06-09 20:54:23,2022-06-10 15:37:51
13312,3561,126,0,2022-06-09 20:54:23,2022-06-10 15:37:51
13313,3562,85,0,2022-06-09 20:54:23,2022-06-10 15:37:51
13314,3562,103,0,2022-06-09 20:54:23,2022-06-10 15:37:51
13315,3562,105,0,2022-06-09 20:54:23,2022-06-10 15:37:51
13316,3562,137,0,2022-06-09 20:54:23,2022-06-10 15:37:51
13317,3563,49,0,2022-06-09 20:54:23,2022-06-10 15:37:51
13318,3563,53,0,2022-06-09 20:54:23,2022-06-10 15:37:51
13319,3563,54,0,2022-06-09 20:54:23,2022-06-10 15:37:51
13320,3563,55,0,2022-06-09 20:54:23,2022-06-10 15:37:51
13321,3563,58,0,2022-06-09 20:54:23,2022-06-10 15:37:51
13322,3563,67,0,2022-06-09 20:54:23,2022-06-10 15:37:51
13323,3563,68,0,2022-06-09 20:54:23,2022-06-10 15:37:51
13324,3564,103,0,2022-06-09 20:54:23,2022-06-10 15:37:51
13325,3564,104,0,2022-06-09 20:54:23,2022-06-10 15:37:51
13326,3564,108,0,2022-06-09 20:54:23,2022-06-10 15:37:51
13327,3564,139,0,2022-06-09 20:54:23,2022-06-10 15:37:51
13328,3565,15,0,2022-06-09 20:54:23,2022-06-10 15:37:51
13329,3565,18,0,2022-06-09 20:54:23,2022-06-10 15:37:51
13330,3566,67,0,2022-06-09 20:54:23,2022-06-10 15:37:51
13331,3566,71,0,2022-06-09 20:54:23,2022-06-10 15:37:51
13332,3567,85,0,2022-06-09 20:54:23,2022-06-10 15:37:51
13333,3567,103,0,2022-06-09 20:54:23,2022-06-10 15:37:51
13334,3567,104,0,2022-06-09 20:54:23,2022-06-10 15:37:51
13335,3567,108,0,2022-06-09 20:54:23,2022-06-10 15:37:51
13336,3567,135,0,2022-06-09 20:54:23,2022-06-10 15:37:51
13337,3567,139,0,2022-06-09 20:54:23,2022-06-10 15:37:51
13338,3568,93,0,2022-06-09 20:54:23,2022-06-10 15:37:51
13339,3568,99,0,2022-06-09 20:54:23,2022-06-10 15:37:51
13340,3569,111,0,2022-06-09 20:54:23,2022-06-10 15:37:51
13341,3569,118,0,2022-06-09 20:54:23,2022-06-10 15:37:51
13342,3570,15,0,2022-06-09 20:54:23,2022-06-10 15:37:51
13343,3570,22,0,2022-06-09 20:54:23,2022-06-10 15:37:51
13344,3570,49,0,2022-06-09 20:54:23,2022-06-10 15:37:51
13345,3570,54,0,2022-06-09 20:54:23,2022-06-10 15:37:51
13346,3570,85,0,2022-06-09 20:54:23,2022-06-10 15:37:51
13347,3570,142,0,2022-06-09 20:54:23,2022-06-10 15:37:51
13348,3571,15,0,2022-06-09 20:54:23,2022-06-10 15:37:51
13349,3571,22,0,2022-06-09 20:54:23,2022-06-10 15:37:51
13350,3571,49,0,2022-06-09 20:54:23,2022-06-10 15:37:51
13351,3571,54,0,2022-06-09 20:54:23,2022-06-10 15:37:51
13352,3571,55,0,2022-06-09 20:54:23,2022-06-10 15:37:51
13353,3571,85,0,2022-06-09 20:54:23,2022-06-10 15:37:51
13354,3571,111,0,2022-06-09 20:54:23,2022-06-10 15:37:51
13355,3571,118,0,2022-06-09 20:54:23,2022-06-10 15:37:51
13356,3571,142,0,2022-06-09 20:54:23,2022-06-10 15:37:51
13357,3572,85,0,2022-06-09 20:54:23,2022-06-10 15:37:51
13358,3572,93,0,2022-06-09 20:54:23,2022-06-10 15:37:51
13359,3572,94,0,2022-06-09 20:54:23,2022-06-10 15:37:51
13360,3573,111,0,2022-06-09 20:54:23,2022-06-10 15:37:51
13361,3573,117,0,2022-06-09 20:54:23,2022-06-10 15:37:51
13362,3574,74,0,2022-06-09 20:54:23,2022-06-10 15:37:51
13363,3574,131,0,2022-06-09 20:54:23,2022-06-10 15:37:51
13364,3575,111,0,2022-06-09 20:54:23,2022-06-10 15:37:51
13365,3575,113,0,2022-06-09 20:54:23,2022-06-10 15:37:51
13366,3575,116,0,2022-06-09 20:54:23,2022-06-10 15:37:51
13367,3575,117,0,2022-06-09 20:54:23,2022-06-10 15:37:51
13368,3576,59,0,2022-06-09 20:54:23,2022-06-10 15:37:51
13369,3576,62,0,2022-06-09 20:54:23,2022-06-10 15:37:51
13370,3576,85,0,2022-06-09 20:54:23,2022-06-10 15:37:51
13371,3576,87,0,2022-06-09 20:54:23,2022-06-10 15:37:51
13372,3576,142,0,2022-06-09 20:54:23,2022-06-10 15:37:51
13373,3577,49,0,2022-06-09 20:54:23,2022-06-10 15:37:51
13374,3577,54,0,2022-06-09 20:54:23,2022-06-10 15:37:51
13375,3577,103,0,2022-06-09 20:54:23,2022-06-10 15:37:51
13376,3577,104,0,2022-06-09 20:54:23,2022-06-10 15:37:51
13377,3577,106,0,2022-06-09 20:54:23,2022-06-10 15:37:51
13378,3577,109,0,2022-06-09 20:54:23,2022-06-10 15:37:51
13379,3578,103,0,2022-06-09 20:54:23,2022-06-10 15:37:51
13380,3578,105,0,2022-06-09 20:54:23,2022-06-10 15:37:51
13381,3578,111,0,2022-06-09 20:54:23,2022-06-10 15:37:51
13382,3578,117,0,2022-06-09 20:54:23,2022-06-10 15:37:51
13383,3579,111,0,2022-06-09 20:54:23,2022-06-10 15:37:51
13384,3579,113,0,2022-06-09 20:54:23,2022-06-10 15:37:51
13385,3579,117,0,2022-06-09 20:54:23,2022-06-10 15:37:51
13386,3580,59,0,2022-06-09 20:54:23,2022-06-10 15:37:51
13387,3580,60,0,2022-06-09 20:54:23,2022-06-10 15:37:51
13388,3580,85,0,2022-06-09 20:54:23,2022-06-10 15:37:51
13389,3580,103,0,2022-06-09 20:54:23,2022-06-10 15:37:51
13390,3580,107,0,2022-06-09 20:54:23,2022-06-10 15:37:51
13391,3580,108,0,2022-06-09 20:54:23,2022-06-10 15:37:51
13392,3580,109,0,2022-06-09 20:54:23,2022-06-10 15:37:51
13393,3580,135,0,2022-06-09 20:54:23,2022-06-10 15:37:51
13394,3581,59,0,2022-06-09 20:54:23,2022-06-10 15:37:51
13395,3581,62,0,2022-06-09 20:54:23,2022-06-10 15:37:51
13396,3582,103,0,2022-06-09 20:54:23,2022-06-10 15:37:51
13397,3582,107,0,2022-06-09 20:54:23,2022-06-10 15:37:51
13398,3582,140,0,2022-06-09 20:54:23,2022-06-10 15:37:51
13399,3583,74,0,2022-06-09 20:54:23,2022-06-10 15:37:51
13400,3583,131,0,2022-06-09 20:54:23,2022-06-10 15:37:51
13401,3584,85,0,2022-06-09 20:54:23,2022-06-10 15:37:51
13402,3584,103,0,2022-06-09 20:54:23,2022-06-10 15:37:51
13403,3584,106,0,2022-06-09 20:54:23,2022-06-10 15:37:51
13404,3584,108,0,2022-06-09 20:54:23,2022-06-10 15:37:51
13405,3584,111,0,2022-06-09 20:54:23,2022-06-10 15:37:51
13406,3584,112,0,2022-06-09 20:54:23,2022-06-10 15:37:51
13407,3584,113,0,2022-06-09 20:54:23,2022-06-10 15:37:51
13408,3584,117,0,2022-06-09 20:54:23,2022-06-10 15:37:51
13409,3584,118,0,2022-06-09 20:54:23,2022-06-10 15:37:51
13410,3584,142,0,2022-06-09 20:54:23,2022-06-10 15:37:51
13411,3585,93,0,2022-06-09 20:54:23,2022-06-10 15:37:51
13412,3585,138,0,2022-06-09 20:54:23,2022-06-10 15:37:51
13413,3586,111,0,2022-06-09 20:54:23,2022-06-10 15:37:51
13414,3586,112,0,2022-06-09 20:54:23,2022-06-10 15:37:51
13415,3586,113,0,2022-06-09 20:54:23,2022-06-10 15:37:51
13416,3586,114,0,2022-06-09 20:54:23,2022-06-10 15:37:51
13417,3586,117,0,2022-06-09 20:54:23,2022-06-10 15:37:51
13418,3586,119,0,2022-06-09 20:54:23,2022-06-10 15:37:51
13419,3586,121,0,2022-06-09 20:54:23,2022-06-10 15:37:51
13420,3587,111,0,2022-06-09 20:54:23,2022-06-10 15:37:51
13421,3587,114,0,2022-06-09 20:54:23,2022-06-10 15:37:51
13422,3587,117,0,2022-06-09 20:54:23,2022-06-10 15:37:51
13423,3588,111,0,2022-06-09 20:54:24,2022-06-10 15:37:51
13424,3588,112,0,2022-06-09 20:54:24,2022-06-10 15:37:51
13425,3588,114,0,2022-06-09 20:54:24,2022-06-10 15:37:51
13426,3588,116,0,2022-06-09 20:54:24,2022-06-10 15:37:51
13427,3588,117,0,2022-06-09 20:54:24,2022-06-10 15:37:51
13428,3589,15,0,2022-06-09 20:54:24,2022-06-10 15:37:51
13429,3589,17,0,2022-06-09 20:54:24,2022-06-10 15:37:51
13430,3589,19,0,2022-06-09 20:54:24,2022-06-10 15:37:51
13431,3589,20,0,2022-06-09 20:54:24,2022-06-10 15:37:51
13432,3589,21,0,2022-06-09 20:54:24,2022-06-10 15:37:51
13433,3590,103,0,2022-06-09 20:54:24,2022-06-10 15:37:51
13434,3590,105,0,2022-06-09 20:54:24,2022-06-10 15:37:51
13435,3591,67,0,2022-06-09 20:54:24,2022-06-10 15:37:51
13436,3591,68,0,2022-06-09 20:54:24,2022-06-10 15:37:51
13437,3591,70,0,2022-06-09 20:54:24,2022-06-10 15:37:51
13438,3591,103,0,2022-06-09 20:54:24,2022-06-10 15:37:51
13439,3591,107,0,2022-06-09 20:54:24,2022-06-10 15:37:51
13440,3591,140,0,2022-06-09 20:54:24,2022-06-10 15:37:51
13441,3592,103,0,2022-06-09 20:54:24,2022-06-10 15:37:51
13442,3592,104,0,2022-06-09 20:54:24,2022-06-10 15:37:51
13443,3592,110,0,2022-06-09 20:54:24,2022-06-10 15:37:51
13444,3593,103,0,2022-06-09 20:54:24,2022-06-10 15:37:51
13445,3593,107,0,2022-06-09 20:54:24,2022-06-10 15:37:51
13446,3594,15,0,2022-06-09 20:54:24,2022-06-10 15:37:51
13447,3594,16,0,2022-06-09 20:54:24,2022-06-10 15:37:51
13448,3594,18,0,2022-06-09 20:54:24,2022-06-10 15:37:51
13449,3594,25,0,2022-06-09 20:54:24,2022-06-10 15:37:51
13450,3594,49,0,2022-06-09 20:54:24,2022-06-10 15:37:51
13451,3594,54,0,2022-06-09 20:54:24,2022-06-10 15:37:51
13452,3594,93,0,2022-06-09 20:54:24,2022-06-10 15:37:51
13453,3594,100,0,2022-06-09 20:54:24,2022-06-10 15:37:51
13454,3594,124,0,2022-06-09 20:54:24,2022-06-10 15:37:51
13455,3595,49,0,2022-06-09 20:54:24,2022-06-10 15:37:51
13456,3595,51,0,2022-06-09 20:54:24,2022-06-10 15:37:51
13457,3596,74,0,2022-06-09 20:54:24,2022-06-10 15:37:51
13458,3596,85,0,2022-06-09 20:54:24,2022-06-10 15:37:51
13459,3596,111,0,2022-06-09 20:54:24,2022-06-10 15:37:51
13460,3596,117,0,2022-06-09 20:54:24,2022-06-10 15:37:51
13461,3596,132,0,2022-06-09 20:54:24,2022-06-10 15:37:51
13462,3597,49,0,2022-06-09 20:54:24,2022-06-10 15:37:51
13463,3597,50,0,2022-06-09 20:54:24,2022-06-10 15:37:51
13464,3598,15,0,2022-06-09 20:54:24,2022-06-10 15:37:51
13465,3598,21,0,2022-06-09 20:54:24,2022-06-10 15:37:51
13466,3599,49,0,2022-06-09 20:54:24,2022-06-10 15:37:51
13467,3599,74,0,2022-06-09 20:54:24,2022-06-10 15:37:51
13468,3599,111,0,2022-06-09 20:54:24,2022-06-10 15:37:51
13469,3599,112,0,2022-06-09 20:54:24,2022-06-10 15:37:51
13470,3599,113,0,2022-06-09 20:54:24,2022-06-10 15:37:51
13471,3599,114,0,2022-06-09 20:54:24,2022-06-10 15:37:51
13472,3599,115,0,2022-06-09 20:54:24,2022-06-10 15:37:51
13473,3599,117,0,2022-06-09 20:54:24,2022-06-10 15:37:51
13474,3599,132,0,2022-06-09 20:54:24,2022-06-10 15:37:51
13475,3600,15,0,2022-06-09 20:54:24,2022-06-10 15:37:51
13476,3600,16,0,2022-06-09 20:54:24,2022-06-10 15:37:51
13477,3600,22,0,2022-06-09 20:54:24,2022-06-10 15:37:51
13478,3600,23,0,2022-06-09 20:54:24,2022-06-10 15:37:51
13479,3600,74,0,2022-06-09 20:54:24,2022-06-10 15:37:51
13480,3600,129,0,2022-06-09 20:54:24,2022-06-10 15:37:51
13481,3601,15,0,2022-06-09 20:54:24,2022-06-10 15:37:51
13482,3601,21,0,2022-06-09 20:54:24,2022-06-10 15:37:51
13483,3601,74,0,2022-06-09 20:54:24,2022-06-10 15:37:51
13484,3601,77,0,2022-06-09 20:54:24,2022-06-10 15:37:51
13485,3601,78,0,2022-06-09 20:54:24,2022-06-10 15:37:51
13486,3602,49,0,2022-06-09 20:54:24,2022-06-10 15:37:51
13487,3602,55,0,2022-06-09 20:54:24,2022-06-10 15:37:51
13488,3602,59,0,2022-06-09 20:54:24,2022-06-10 15:37:51
13489,3602,60,0,2022-06-09 20:54:24,2022-06-10 15:37:51
13490,3602,62,0,2022-06-09 20:54:24,2022-06-10 15:37:51
13491,3602,85,0,2022-06-09 20:54:24,2022-06-10 15:37:51
13492,3603,93,0,2022-06-09 20:54:24,2022-06-10 15:37:51
13493,3603,103,0,2022-06-09 20:54:24,2022-06-10 15:37:51
13494,3603,107,0,2022-06-09 20:54:24,2022-06-10 15:37:51
13495,3603,138,0,2022-06-09 20:54:24,2022-06-10 15:37:51
13496,3604,85,0,2022-06-09 20:54:24,2022-06-10 15:37:51
13497,3604,88,0,2022-06-09 20:54:24,2022-06-10 15:37:51
13498,3604,93,0,2022-06-09 20:54:24,2022-06-10 15:37:51
13499,3604,99,0,2022-06-09 20:54:24,2022-06-10 15:37:51
13500,3604,142,0,2022-06-09 20:54:24,2022-06-10 15:37:51
13501,3605,15,0,2022-06-09 20:54:24,2022-06-10 15:37:51
13502,3605,17,0,2022-06-09 20:54:24,2022-06-10 15:37:51
13503,3605,18,0,2022-06-09 20:54:24,2022-06-10 15:37:51
13504,3605,19,0,2022-06-09 20:54:24,2022-06-10 15:37:51
13505,3605,22,0,2022-06-09 20:54:24,2022-06-10 15:37:51
13506,3605,67,0,2022-06-09 20:54:24,2022-06-10 15:37:51
13507,3605,68,0,2022-06-09 20:54:24,2022-06-10 15:37:51
13508,3606,15,0,2022-06-09 20:54:24,2022-06-10 15:37:51
13509,3606,20,0,2022-06-09 20:54:24,2022-06-10 15:37:51
13510,3606,111,0,2022-06-09 20:54:24,2022-06-10 15:37:51
13511,3606,118,0,2022-06-09 20:54:24,2022-06-10 15:37:51
13512,3607,74,0,2022-06-09 20:54:24,2022-06-10 15:37:51
13513,3607,79,0,2022-06-09 20:54:24,2022-06-10 15:37:51
13514,3608,111,0,2022-06-09 20:54:24,2022-06-10 15:37:51
13515,3608,112,0,2022-06-09 20:54:24,2022-06-10 15:37:51
13516,3608,113,0,2022-06-09 20:54:24,2022-06-10 15:37:51
13517,3608,114,0,2022-06-09 20:54:24,2022-06-10 15:37:51
13518,3608,115,0,2022-06-09 20:54:24,2022-06-10 15:37:51
13519,3608,117,0,2022-06-09 20:54:24,2022-06-10 15:37:51
13520,3609,111,0,2022-06-09 20:54:24,2022-06-10 15:37:51
13521,3609,112,0,2022-06-09 20:54:24,2022-06-10 15:37:51
13522,3609,113,0,2022-06-09 20:54:24,2022-06-10 15:37:51
13523,3609,114,0,2022-06-09 20:54:24,2022-06-10 15:37:51
13524,3609,121,0,2022-06-09 20:54:24,2022-06-10 15:37:51
13525,3610,74,0,2022-06-09 20:54:24,2022-06-10 15:37:51
13526,3610,81,0,2022-06-09 20:54:24,2022-06-10 15:37:51
13527,3610,103,0,2022-06-09 20:54:24,2022-06-10 15:37:51
13528,3610,107,0,2022-06-09 20:54:24,2022-06-10 15:37:51
13529,3611,93,0,2022-06-09 20:54:24,2022-06-10 15:37:51
13530,3611,138,0,2022-06-09 20:54:24,2022-06-10 15:37:51
13531,3612,111,0,2022-06-09 20:54:24,2022-06-10 15:37:51
13532,3612,112,0,2022-06-09 20:54:24,2022-06-10 15:37:51
13533,3612,113,0,2022-06-09 20:54:24,2022-06-10 15:37:51
13534,3612,114,0,2022-06-09 20:54:24,2022-06-10 15:37:51
13535,3612,115,0,2022-06-09 20:54:24,2022-06-10 15:37:51
13536,3612,117,0,2022-06-09 20:54:24,2022-06-10 15:37:51
13537,3613,40,0,2022-06-09 20:54:24,2022-06-10 15:37:51
13538,3613,47,0,2022-06-09 20:54:24,2022-06-10 15:37:51
13539,3614,15,0,2022-06-09 20:54:24,2022-06-10 15:37:51
13540,3614,18,0,2022-06-09 20:54:24,2022-06-10 15:37:51
13541,3615,59,0,2022-06-09 20:54:24,2022-06-10 15:37:51
13542,3615,61,0,2022-06-09 20:54:24,2022-06-10 15:37:51
13543,3616,40,0,2022-06-09 20:54:24,2022-06-10 15:37:51
13544,3616,48,0,2022-06-09 20:54:24,2022-06-10 15:37:51
13545,3617,103,0,2022-06-09 20:54:24,2022-06-10 15:37:51
13546,3617,110,0,2022-06-09 20:54:24,2022-06-10 15:37:51
13547,3617,139,0,2022-06-09 20:54:24,2022-06-10 15:37:51
13548,3618,40,0,2022-06-09 20:54:24,2022-06-10 15:37:51
13549,3618,46,0,2022-06-09 20:54:24,2022-06-10 15:37:51
13550,3618,93,0,2022-06-09 20:54:24,2022-06-10 15:37:51
13551,3618,100,0,2022-06-09 20:54:24,2022-06-10 15:37:51
13552,3619,103,0,2022-06-09 20:54:24,2022-06-10 15:37:51
13553,3619,110,0,2022-06-09 20:54:24,2022-06-10 15:37:51
13554,3619,139,0,2022-06-09 20:54:24,2022-06-10 15:37:51
13555,3620,85,0,2022-06-09 20:54:24,2022-06-10 15:37:51
13556,3620,103,0,2022-06-09 20:54:24,2022-06-10 15:37:51
13557,3620,108,0,2022-06-09 20:54:24,2022-06-10 15:37:51
13558,3620,109,0,2022-06-09 20:54:24,2022-06-10 15:37:51
13559,3621,93,0,2022-06-09 20:54:24,2022-06-10 15:37:51
13560,3621,138,0,2022-06-09 20:54:24,2022-06-10 15:37:51
13561,3622,103,0,2022-06-09 20:54:24,2022-06-10 15:37:51
13562,3622,108,0,2022-06-09 20:54:24,2022-06-10 15:37:51
13563,3623,103,0,2022-06-09 20:54:24,2022-06-10 15:37:51
13564,3623,107,0,2022-06-09 20:54:24,2022-06-10 15:37:51
13565,3623,140,0,2022-06-09 20:54:24,2022-06-10 15:37:51
13566,3624,111,0,2022-06-09 20:54:24,2022-06-10 15:37:51
13567,3624,117,0,2022-06-09 20:54:24,2022-06-10 15:37:51
13568,3625,49,0,2022-06-09 20:54:24,2022-06-10 15:37:51
13569,3625,51,0,2022-06-09 20:54:24,2022-06-10 15:37:51
13570,3625,55,0,2022-06-09 20:54:24,2022-06-10 15:37:51
13571,3625,56,0,2022-06-09 20:54:24,2022-06-10 15:37:51
13572,3625,85,0,2022-06-09 20:54:24,2022-06-10 15:37:51
13573,3625,86,0,2022-06-09 20:54:24,2022-06-10 15:37:51
13574,3625,93,0,2022-06-09 20:54:24,2022-06-10 15:37:51
13575,3625,94,0,2022-06-09 20:54:24,2022-06-10 15:37:51
13576,3625,103,0,2022-06-09 20:54:24,2022-06-10 15:37:51
13577,3625,107,0,2022-06-09 20:54:24,2022-06-10 15:37:51
13578,3625,108,0,2022-06-09 20:54:24,2022-06-10 15:37:51
13579,3625,126,0,2022-06-09 20:54:24,2022-06-10 15:37:51
13580,3625,135,0,2022-06-09 20:54:24,2022-06-10 15:37:51
13581,3625,140,0,2022-06-09 20:54:24,2022-06-10 15:37:51
13582,3626,49,0,2022-06-09 20:54:24,2022-06-10 15:37:51
13583,3626,53,0,2022-06-09 20:54:24,2022-06-10 15:37:51
13584,3626,55,0,2022-06-09 20:54:24,2022-06-10 15:37:51
13585,3626,56,0,2022-06-09 20:54:24,2022-06-10 15:37:51
13586,3626,103,0,2022-06-09 20:54:24,2022-06-10 15:37:51
13587,3626,140,0,2022-06-09 20:54:24,2022-06-10 15:37:51
13588,3627,59,0,2022-06-09 20:54:24,2022-06-10 15:37:51
13589,3627,63,0,2022-06-09 20:54:24,2022-06-10 15:37:51
13590,3627,127,0,2022-06-09 20:54:24,2022-06-10 15:37:51
13591,3628,74,0,2022-06-09 20:54:24,2022-06-10 15:37:51
13592,3628,81,0,2022-06-09 20:54:24,2022-06-10 15:37:51
13593,3628,111,0,2022-06-09 20:54:24,2022-06-10 15:37:51
13594,3628,112,0,2022-06-09 20:54:24,2022-06-10 15:37:51
13595,3628,113,0,2022-06-09 20:54:24,2022-06-10 15:37:51
13596,3628,114,0,2022-06-09 20:54:24,2022-06-10 15:37:51
13597,3628,115,0,2022-06-09 20:54:24,2022-06-10 15:37:51
13598,3628,116,0,2022-06-09 20:54:24,2022-06-10 15:37:51
13599,3628,117,0,2022-06-09 20:54:24,2022-06-10 15:37:51
13600,3628,121,0,2022-06-09 20:54:24,2022-06-10 15:37:51
13601,3628,132,0,2022-06-09 20:54:24,2022-06-10 15:37:51
13602,3629,40,0,2022-06-09 20:54:24,2022-06-10 15:37:51
13603,3629,41,0,2022-06-09 20:54:24,2022-06-10 15:37:51
13604,3629,43,0,2022-06-09 20:54:24,2022-06-10 15:37:51
13605,3629,47,0,2022-06-09 20:54:24,2022-06-10 15:37:51
13606,3630,103,0,2022-06-09 20:54:24,2022-06-10 15:37:51
13607,3630,105,0,2022-06-09 20:54:24,2022-06-10 15:37:51
13608,3631,15,0,2022-06-09 20:54:24,2022-06-10 15:37:51
13609,3631,17,0,2022-06-09 20:54:24,2022-06-10 15:37:51
13610,3631,67,0,2022-06-09 20:54:24,2022-06-10 15:37:51
13611,3631,68,0,2022-06-09 20:54:24,2022-06-10 15:37:51
13612,3631,74,0,2022-06-09 20:54:24,2022-06-10 15:37:51
13613,3631,81,0,2022-06-09 20:54:24,2022-06-10 15:37:51
13614,3632,15,0,2022-06-09 20:54:24,2022-06-10 15:37:51
13615,3632,16,0,2022-06-09 20:54:24,2022-06-10 15:37:51
13616,3632,17,0,2022-06-09 20:54:24,2022-06-10 15:37:51
13617,3632,19,0,2022-06-09 20:54:24,2022-06-10 15:37:51
13618,3632,21,0,2022-06-09 20:54:24,2022-06-10 15:37:51
13619,3632,23,0,2022-06-09 20:54:24,2022-06-10 15:37:51
13620,3632,32,0,2022-06-09 20:54:24,2022-06-10 15:37:51
13621,3632,34,0,2022-06-09 20:54:24,2022-06-10 15:37:51
13622,3632,67,0,2022-06-09 20:54:24,2022-06-10 15:37:51
13623,3632,68,0,2022-06-09 20:54:24,2022-06-10 15:37:51
13624,3633,40,0,2022-06-09 20:54:24,2022-06-10 15:37:51
13625,3633,41,0,2022-06-09 20:54:24,2022-06-10 15:37:51
13626,3633,43,0,2022-06-09 20:54:24,2022-06-10 15:37:51
13627,3633,47,0,2022-06-09 20:54:24,2022-06-10 15:37:51
13628,3633,48,0,2022-06-09 20:54:24,2022-06-10 15:37:51
13629,3634,74,0,2022-06-09 20:54:24,2022-06-10 15:37:51
13630,3634,81,0,2022-06-09 20:54:24,2022-06-10 15:37:51
13631,3634,111,0,2022-06-09 20:54:24,2022-06-10 15:37:51
13632,3634,112,0,2022-06-09 20:54:24,2022-06-10 15:37:51
13633,3634,113,0,2022-06-09 20:54:24,2022-06-10 15:37:51
13634,3634,114,0,2022-06-09 20:54:24,2022-06-10 15:37:51
13635,3634,115,0,2022-06-09 20:54:24,2022-06-10 15:37:51
13636,3634,117,0,2022-06-09 20:54:24,2022-06-10 15:37:51
13637,3635,103,0,2022-06-09 20:54:24,2022-06-10 15:37:51
13638,3635,105,0,2022-06-09 20:54:24,2022-06-10 15:37:51
13639,3635,108,0,2022-06-09 20:54:24,2022-06-10 15:37:51
13640,3636,74,0,2022-06-09 20:54:24,2022-06-10 15:37:51
13641,3636,93,0,2022-06-09 20:54:24,2022-06-10 15:37:51
13642,3636,99,0,2022-06-09 20:54:24,2022-06-10 15:37:51
13643,3637,59,0,2022-06-09 20:54:24,2022-06-10 15:37:51
13644,3637,63,0,2022-06-09 20:54:24,2022-06-10 15:37:51
13645,3637,127,0,2022-06-09 20:54:24,2022-06-10 15:37:51
13646,3638,74,0,2022-06-09 20:54:24,2022-06-10 15:37:51
13647,3638,81,0,2022-06-09 20:54:24,2022-06-10 15:37:51
13648,3639,59,0,2022-06-09 20:54:24,2022-06-10 15:37:51
13649,3639,61,0,2022-06-09 20:54:24,2022-06-10 15:37:51
13650,3639,103,0,2022-06-09 20:54:24,2022-06-10 15:37:51
13651,3639,107,0,2022-06-09 20:54:24,2022-06-10 15:37:51
13652,3640,49,0,2022-06-09 20:54:24,2022-06-10 15:37:51
13653,3640,52,0,2022-06-09 20:54:24,2022-06-10 15:37:51
13654,3640,126,0,2022-06-09 20:54:24,2022-06-10 15:37:51
13655,3641,49,0,2022-06-09 20:54:24,2022-06-10 15:37:51
13656,3641,50,0,2022-06-09 20:54:24,2022-06-10 15:37:51
13657,3641,51,0,2022-06-09 20:54:24,2022-06-10 15:37:51
13658,3641,52,0,2022-06-09 20:54:24,2022-06-10 15:37:51
13659,3641,93,0,2022-06-09 20:54:24,2022-06-10 15:37:51
13660,3641,100,0,2022-06-09 20:54:24,2022-06-10 15:37:51
13661,3642,93,0,2022-06-09 20:54:24,2022-06-10 15:37:51
13662,3642,94,0,2022-06-09 20:54:24,2022-06-10 15:37:51
13663,3643,49,0,2022-06-09 20:54:24,2022-06-10 15:37:51
13664,3643,51,0,2022-06-09 20:54:24,2022-06-10 15:37:51
13665,3643,85,0,2022-06-09 20:54:24,2022-06-10 15:37:51
13666,3643,88,0,2022-06-09 20:54:24,2022-06-10 15:37:51
13667,3644,49,0,2022-06-09 20:54:24,2022-06-10 15:37:51
13668,3644,51,0,2022-06-09 20:54:24,2022-06-10 15:37:51
13669,3644,85,0,2022-06-09 20:54:24,2022-06-10 15:37:51
13670,3644,88,0,2022-06-09 20:54:24,2022-06-10 15:37:51
13671,3645,4,0,2022-06-09 20:54:24,2022-06-10 15:37:51
13672,3645,11,0,2022-06-09 20:54:24,2022-06-10 15:37:51
13673,3646,59,0,2022-06-09 20:54:24,2022-06-10 15:37:51
13674,3646,63,0,2022-06-09 20:54:24,2022-06-10 15:37:51
13675,3647,49,0,2022-06-09 20:54:24,2022-06-10 15:37:51
13676,3647,54,0,2022-06-09 20:54:24,2022-06-10 15:37:51
13677,3648,111,0,2022-06-09 20:54:24,2022-06-10 15:37:51
13678,3648,113,0,2022-06-09 20:54:24,2022-06-10 15:37:51
13679,3648,114,0,2022-06-09 20:54:24,2022-06-10 15:37:51
13680,3648,117,0,2022-06-09 20:54:24,2022-06-10 15:37:51
13681,3648,118,0,2022-06-09 20:54:24,2022-06-10 15:37:51
13682,3649,49,0,2022-06-09 20:54:24,2022-06-10 15:37:51
13683,3649,53,0,2022-06-09 20:54:24,2022-06-10 15:37:51
13684,3649,54,0,2022-06-09 20:54:24,2022-06-10 15:37:51
13685,3649,55,0,2022-06-09 20:54:24,2022-06-10 15:37:51
13686,3649,56,0,2022-06-09 20:54:24,2022-06-10 15:37:51
13687,3650,49,0,2022-06-09 20:54:24,2022-06-10 15:37:51
13688,3650,54,0,2022-06-09 20:54:24,2022-06-10 15:37:51
13689,3651,111,0,2022-06-09 20:54:24,2022-06-10 15:37:51
13690,3651,117,0,2022-06-09 20:54:24,2022-06-10 15:37:51
13691,3652,15,0,2022-06-09 20:54:24,2022-06-10 15:37:51
13692,3652,17,0,2022-06-09 20:54:24,2022-06-10 15:37:51
13693,3652,19,0,2022-06-09 20:54:24,2022-06-10 15:37:51
13694,3652,20,0,2022-06-09 20:54:24,2022-06-10 15:37:51
13695,3652,21,0,2022-06-09 20:54:24,2022-06-10 15:37:51
13696,3652,49,0,2022-06-09 20:54:24,2022-06-10 15:37:51
13697,3652,50,0,2022-06-09 20:54:24,2022-06-10 15:37:51
13698,3653,85,0,2022-06-09 20:54:25,2022-06-10 15:37:51
13699,3653,111,0,2022-06-09 20:54:25,2022-06-10 15:37:51
13700,3653,119,0,2022-06-09 20:54:25,2022-06-10 15:37:51
13701,3653,137,0,2022-06-09 20:54:25,2022-06-10 15:37:51
13702,3654,103,0,2022-06-09 20:54:25,2022-06-10 15:37:51
13703,3654,104,0,2022-06-09 20:54:25,2022-06-10 15:37:51
13704,3655,111,0,2022-06-09 20:54:25,2022-06-10 15:37:51
13705,3655,113,0,2022-06-09 20:54:25,2022-06-10 15:37:51
13706,3655,119,0,2022-06-09 20:54:25,2022-06-10 15:37:51
13707,3656,111,0,2022-06-09 20:54:25,2022-06-10 15:37:51
13708,3656,118,0,2022-06-09 20:54:25,2022-06-10 15:37:51
13709,3657,40,0,2022-06-09 20:54:25,2022-06-10 15:37:51
13710,3657,41,0,2022-06-09 20:54:25,2022-06-10 15:37:51
13711,3657,48,0,2022-06-09 20:54:25,2022-06-10 15:37:51
13712,3658,85,0,2022-06-09 20:54:25,2022-06-10 15:37:51
13713,3658,142,0,2022-06-09 20:54:25,2022-06-10 15:37:51
13714,3659,111,0,2022-06-09 20:54:25,2022-06-10 15:37:51
13715,3659,118,0,2022-06-09 20:54:25,2022-06-10 15:37:51
13716,3660,74,0,2022-06-09 20:54:25,2022-06-10 15:37:51
13717,3660,85,0,2022-06-09 20:54:25,2022-06-10 15:37:51
13718,3660,131,0,2022-06-09 20:54:25,2022-06-10 15:37:51
13719,3660,142,0,2022-06-09 20:54:25,2022-06-10 15:37:51
13720,3661,111,0,2022-06-09 20:54:25,2022-06-10 15:37:51
13721,3661,121,0,2022-06-09 20:54:25,2022-06-10 15:37:51
13722,3662,15,0,2022-06-09 20:54:25,2022-06-10 15:37:51
13723,3662,22,0,2022-06-09 20:54:25,2022-06-10 15:37:51
13724,3662,74,0,2022-06-09 20:54:25,2022-06-10 15:37:51
13725,3662,131,0,2022-06-09 20:54:25,2022-06-10 15:37:51
13726,3663,93,0,2022-06-09 20:54:25,2022-06-10 15:37:51
13727,3663,100,0,2022-06-09 20:54:25,2022-06-10 15:37:51
13728,3664,93,0,2022-06-09 20:54:25,2022-06-10 15:37:51
13729,3664,99,0,2022-06-09 20:54:25,2022-06-10 15:37:51
13730,3665,93,0,2022-06-09 20:54:25,2022-06-10 15:37:51
13731,3665,94,0,2022-06-09 20:54:25,2022-06-10 15:37:51
13732,3666,93,0,2022-06-09 20:54:25,2022-06-10 15:37:51
13733,3666,94,0,2022-06-09 20:54:25,2022-06-10 15:37:51
13734,3667,59,0,2022-06-09 20:54:25,2022-06-10 15:37:51
13735,3667,128,0,2022-06-09 20:54:25,2022-06-10 15:37:51
13736,3668,32,0,2022-06-09 20:54:25,2022-06-10 15:37:51
13737,3668,34,0,2022-06-09 20:54:25,2022-06-10 15:37:51
13738,3668,36,0,2022-06-09 20:54:25,2022-06-10 15:37:51
13739,3669,49,0,2022-06-09 20:54:25,2022-06-10 15:37:51
13740,3669,54,0,2022-06-09 20:54:25,2022-06-10 15:37:51
13741,3669,85,0,2022-06-09 20:54:25,2022-06-10 15:37:51
13742,3669,142,0,2022-06-09 20:54:25,2022-06-10 15:37:51
13743,3670,103,0,2022-06-09 20:54:25,2022-06-10 15:37:51
13744,3670,140,0,2022-06-09 20:54:25,2022-06-10 15:37:51
13745,3671,85,0,2022-06-09 20:54:25,2022-06-10 15:37:51
13746,3671,86,0,2022-06-09 20:54:25,2022-06-10 15:37:51
13747,3671,111,0,2022-06-09 20:54:25,2022-06-10 15:37:51
13748,3671,112,0,2022-06-09 20:54:25,2022-06-10 15:37:51
13749,3672,49,0,2022-06-09 20:54:25,2022-06-10 15:37:51
13750,3672,50,0,2022-06-09 20:54:25,2022-06-10 15:37:51
13751,3672,58,0,2022-06-09 20:54:25,2022-06-10 15:37:51
13752,3672,67,0,2022-06-09 20:54:25,2022-06-10 15:37:51
13753,3672,68,0,2022-06-09 20:54:25,2022-06-10 15:37:51
13754,3673,93,0,2022-06-09 20:54:25,2022-06-10 15:37:51
13755,3673,94,0,2022-06-09 20:54:25,2022-06-10 15:37:51
13756,3674,103,0,2022-06-09 20:54:25,2022-06-10 15:37:51
13757,3674,141,0,2022-06-09 20:54:25,2022-06-10 15:37:51
13758,3675,103,0,2022-06-09 20:54:25,2022-06-10 15:37:51
13759,3675,140,0,2022-06-09 20:54:25,2022-06-10 15:37:51
13760,3675,141,0,2022-06-09 20:54:25,2022-06-10 15:37:51
13761,3676,59,0,2022-06-09 20:54:25,2022-06-10 15:37:51
13762,3676,63,0,2022-06-09 20:54:25,2022-06-10 15:37:51
13763,3677,103,0,2022-06-09 20:54:25,2022-06-10 15:37:51
13764,3677,105,0,2022-06-09 20:54:25,2022-06-10 15:37:51
13765,3678,15,0,2022-06-09 20:54:25,2022-06-10 15:37:51
13766,3678,122,0,2022-06-09 20:54:25,2022-06-10 15:37:51
13767,3679,111,0,2022-06-09 20:54:25,2022-06-10 15:37:51
13768,3679,112,0,2022-06-09 20:54:25,2022-06-10 15:37:51
13769,3679,113,0,2022-06-09 20:54:25,2022-06-10 15:37:51
13770,3679,114,0,2022-06-09 20:54:25,2022-06-10 15:37:51
13771,3679,115,0,2022-06-09 20:54:25,2022-06-10 15:37:51
13772,3679,117,0,2022-06-09 20:54:25,2022-06-10 15:37:51
13773,3679,119,0,2022-06-09 20:54:25,2022-06-10 15:37:51
13774,3679,121,0,2022-06-09 20:54:25,2022-06-10 15:37:51
13775,3680,103,0,2022-06-09 20:54:25,2022-06-10 15:37:51
13776,3680,140,0,2022-06-09 20:54:25,2022-06-10 15:37:51
13777,3681,74,0,2022-06-09 20:54:25,2022-06-10 15:37:51
13778,3681,81,0,2022-06-09 20:54:25,2022-06-10 15:37:51
13779,3681,111,0,2022-06-09 20:54:25,2022-06-10 15:37:51
13780,3681,113,0,2022-06-09 20:54:25,2022-06-10 15:37:51
13781,3681,114,0,2022-06-09 20:54:25,2022-06-10 15:37:51
13782,3681,117,0,2022-06-09 20:54:25,2022-06-10 15:37:51
13783,3682,111,0,2022-06-09 20:54:25,2022-06-10 15:37:51
13784,3682,112,0,2022-06-09 20:54:25,2022-06-10 15:37:51
13785,3682,117,0,2022-06-09 20:54:25,2022-06-10 15:37:51
13786,3683,74,0,2022-06-09 20:54:25,2022-06-10 15:37:51
13787,3683,81,0,2022-06-09 20:54:25,2022-06-10 15:37:51
13788,3683,111,0,2022-06-09 20:54:25,2022-06-10 15:37:51
13789,3683,113,0,2022-06-09 20:54:25,2022-06-10 15:37:51
13790,3683,114,0,2022-06-09 20:54:25,2022-06-10 15:37:51
13791,3683,116,0,2022-06-09 20:54:25,2022-06-10 15:37:51
13792,3684,103,0,2022-06-09 20:54:25,2022-06-10 15:37:51
13793,3684,104,0,2022-06-09 20:54:25,2022-06-10 15:37:51
13794,3684,105,0,2022-06-09 20:54:25,2022-06-10 15:37:51
13795,3684,108,0,2022-06-09 20:54:25,2022-06-10 15:37:51
13796,3684,109,0,2022-06-09 20:54:25,2022-06-10 15:37:51
13797,3685,103,0,2022-06-09 20:54:25,2022-06-10 15:37:51
13798,3685,105,0,2022-06-09 20:54:25,2022-06-10 15:37:51
13799,3686,103,0,2022-06-09 20:54:25,2022-06-10 15:37:51
13800,3686,105,0,2022-06-09 20:54:25,2022-06-10 15:37:51
13801,3687,59,0,2022-06-09 20:54:25,2022-06-10 15:37:51
13802,3687,63,0,2022-06-09 20:54:25,2022-06-10 15:37:51
13803,3688,103,0,2022-06-09 20:54:25,2022-06-10 15:37:51
13804,3688,106,0,2022-06-09 20:54:25,2022-06-10 15:37:51
13805,3689,111,0,2022-06-09 20:54:25,2022-06-10 15:37:51
13806,3689,117,0,2022-06-09 20:54:25,2022-06-10 15:37:51
13807,3690,111,0,2022-06-09 20:54:25,2022-06-10 15:37:51
13808,3690,112,0,2022-06-09 20:54:25,2022-06-10 15:37:51
13809,3690,113,0,2022-06-09 20:54:25,2022-06-10 15:37:51
13810,3690,117,0,2022-06-09 20:54:25,2022-06-10 15:37:51
13811,3690,118,0,2022-06-09 20:54:25,2022-06-10 15:37:51
13812,3690,120,0,2022-06-09 20:54:25,2022-06-10 15:37:51
13813,3691,67,0,2022-06-09 20:54:25,2022-06-10 15:37:51
13814,3691,68,0,2022-06-09 20:54:25,2022-06-10 15:37:51
13815,3692,103,0,2022-06-09 20:54:25,2022-06-10 15:37:51
13816,3692,107,0,2022-06-09 20:54:25,2022-06-10 15:37:51
13817,3692,141,0,2022-06-09 20:54:25,2022-06-10 15:37:51
13818,3693,111,0,2022-06-09 20:54:25,2022-06-10 15:37:51
13819,3693,114,0,2022-06-09 20:54:25,2022-06-10 15:37:51
13820,3693,117,0,2022-06-09 20:54:25,2022-06-10 15:37:51
13821,3694,59,0,2022-06-09 20:54:25,2022-06-10 15:37:51
13822,3694,60,0,2022-06-09 20:54:25,2022-06-10 15:37:51
13823,3694,85,0,2022-06-09 20:54:25,2022-06-10 15:37:51
13824,3694,89,0,2022-06-09 20:54:25,2022-06-10 15:37:51
13825,3695,49,0,2022-06-09 20:54:25,2022-06-10 15:37:51
13826,3695,50,0,2022-06-09 20:54:25,2022-06-10 15:37:51
13827,3695,54,0,2022-06-09 20:54:25,2022-06-10 15:37:51
13828,3696,93,0,2022-06-09 20:54:25,2022-06-10 15:37:51
13829,3696,100,0,2022-06-09 20:54:25,2022-06-10 15:37:51
13830,3697,111,0,2022-06-09 20:54:25,2022-06-10 15:37:51
13831,3697,115,0,2022-06-09 20:54:25,2022-06-10 15:37:51
13832,3697,117,0,2022-06-09 20:54:25,2022-06-10 15:37:51
13833,3698,93,0,2022-06-09 20:54:25,2022-06-10 15:37:51
13834,3698,94,0,2022-06-09 20:54:25,2022-06-10 15:37:51
13835,3699,59,0,2022-06-09 20:54:25,2022-06-10 15:37:51
13836,3699,62,0,2022-06-09 20:54:25,2022-06-10 15:37:51
13837,3700,111,0,2022-06-09 20:54:25,2022-06-10 15:37:51
13838,3700,112,0,2022-06-09 20:54:25,2022-06-10 15:37:51
13839,3700,113,0,2022-06-09 20:54:25,2022-06-10 15:37:51
13840,3700,114,0,2022-06-09 20:54:25,2022-06-10 15:37:51
13841,3700,115,0,2022-06-09 20:54:25,2022-06-10 15:37:51
13842,3700,116,0,2022-06-09 20:54:25,2022-06-10 15:37:51
13843,3700,117,0,2022-06-09 20:54:25,2022-06-10 15:37:51
13844,3700,121,0,2022-06-09 20:54:25,2022-06-10 15:37:51
13845,3701,4,0,2022-06-09 20:54:25,2022-06-10 15:37:51
13846,3701,10,0,2022-06-09 20:54:25,2022-06-10 15:37:51
13847,3702,59,0,2022-06-09 20:54:25,2022-06-10 15:37:51
13848,3702,61,0,2022-06-09 20:54:25,2022-06-10 15:37:51
13849,3703,93,0,2022-06-09 20:54:25,2022-06-10 15:37:51
13850,3703,138,0,2022-06-09 20:54:25,2022-06-10 15:37:51
13851,3704,103,0,2022-06-09 20:54:25,2022-06-10 15:37:51
13852,3704,105,0,2022-06-09 20:54:25,2022-06-10 15:37:51
13853,3705,111,0,2022-06-09 20:54:26,2022-06-10 15:37:51
13854,3705,117,0,2022-06-09 20:54:26,2022-06-10 15:37:51
13855,3706,103,0,2022-06-09 20:54:26,2022-06-10 15:37:51
13856,3706,141,0,2022-06-09 20:54:26,2022-06-10 15:37:51
13857,3707,93,0,2022-06-09 20:54:26,2022-06-10 15:37:51
13858,3707,98,0,2022-06-09 20:54:26,2022-06-10 15:37:51
13859,3708,85,0,2022-06-09 20:54:26,2022-06-10 15:37:51
13860,3708,103,0,2022-06-09 20:54:26,2022-06-10 15:37:51
13861,3708,104,0,2022-06-09 20:54:26,2022-06-10 15:37:51
13862,3708,105,0,2022-06-09 20:54:26,2022-06-10 15:37:51
13863,3708,106,0,2022-06-09 20:54:26,2022-06-10 15:37:51
13864,3708,108,0,2022-06-09 20:54:26,2022-06-10 15:37:51
13865,3708,109,0,2022-06-09 20:54:26,2022-06-10 15:37:51
13866,3708,111,0,2022-06-09 20:54:26,2022-06-10 15:37:51
13867,3708,117,0,2022-06-09 20:54:26,2022-06-10 15:37:51
13868,3709,85,0,2022-06-09 20:54:26,2022-06-10 15:37:51
13869,3709,90,0,2022-06-09 20:54:26,2022-06-10 15:37:51
13870,3709,142,0,2022-06-09 20:54:26,2022-06-10 15:37:51
13871,3710,93,0,2022-06-09 20:54:26,2022-06-10 15:37:51
13872,3710,95,0,2022-06-09 20:54:26,2022-06-10 15:37:51
13873,3711,15,0,2022-06-09 20:54:26,2022-06-10 15:37:51
13874,3711,22,0,2022-06-09 20:54:26,2022-06-10 15:37:51
13875,3712,49,0,2022-06-09 20:54:26,2022-06-10 15:37:51
13876,3712,53,0,2022-06-09 20:54:26,2022-06-10 15:37:51
13877,3712,57,0,2022-06-09 20:54:26,2022-06-10 15:37:51
13878,3713,49,0,2022-06-09 20:54:26,2022-06-10 15:37:51
13879,3713,50,0,2022-06-09 20:54:26,2022-06-10 15:37:51
13880,3713,51,0,2022-06-09 20:54:26,2022-06-10 15:37:51
13881,3713,52,0,2022-06-09 20:54:26,2022-06-10 15:37:51
13882,3713,55,0,2022-06-09 20:54:26,2022-06-10 15:37:51
13883,3713,67,0,2022-06-09 20:54:26,2022-06-10 15:37:51
13884,3713,68,0,2022-06-09 20:54:26,2022-06-10 15:37:51
13885,3713,74,0,2022-06-09 20:54:26,2022-06-10 15:37:51
13886,3713,126,0,2022-06-09 20:54:26,2022-06-10 15:37:51
13887,3713,131,0,2022-06-09 20:54:26,2022-06-10 15:37:51
13888,3714,40,0,2022-06-09 20:54:26,2022-06-10 15:37:51
13889,3714,41,0,2022-06-09 20:54:26,2022-06-10 15:37:51
13890,3714,47,0,2022-06-09 20:54:26,2022-06-10 15:37:51
13891,3715,40,0,2022-06-09 20:54:26,2022-06-10 15:37:51
13892,3715,41,0,2022-06-09 20:54:26,2022-06-10 15:37:51
13893,3716,85,0,2022-06-09 20:54:26,2022-06-10 15:37:51
13894,3716,111,0,2022-06-09 20:54:26,2022-06-10 15:37:51
13895,3716,112,0,2022-06-09 20:54:26,2022-06-10 15:37:51
13896,3716,113,0,2022-06-09 20:54:26,2022-06-10 15:37:51
13897,3716,114,0,2022-06-09 20:54:26,2022-06-10 15:37:51
13898,3716,115,0,2022-06-09 20:54:26,2022-06-10 15:37:51
13899,3717,59,0,2022-06-09 20:54:26,2022-06-10 15:37:51
13900,3717,61,0,2022-06-09 20:54:26,2022-06-10 15:37:51
13901,3717,62,0,2022-06-09 20:54:26,2022-06-10 15:37:51
13902,3717,74,0,2022-06-09 20:54:26,2022-06-10 15:37:51
13903,3717,128,0,2022-06-09 20:54:26,2022-06-10 15:37:51
13904,3717,133,0,2022-06-09 20:54:26,2022-06-10 15:37:51
13905,3718,49,0,2022-06-09 20:54:26,2022-06-10 15:37:51
13906,3718,51,0,2022-06-09 20:54:26,2022-06-10 15:37:51
13907,3718,52,0,2022-06-09 20:54:26,2022-06-10 15:37:51
13908,3719,111,0,2022-06-09 20:54:26,2022-06-10 15:37:51
13909,3719,119,0,2022-06-09 20:54:26,2022-06-10 15:37:51
13910,3720,49,0,2022-06-09 20:54:26,2022-06-10 15:37:51
13911,3720,54,0,2022-06-09 20:54:26,2022-06-10 15:37:51
13912,3720,58,0,2022-06-09 20:54:26,2022-06-10 15:37:51
13913,3720,103,0,2022-06-09 20:54:26,2022-06-10 15:37:51
13914,3720,111,0,2022-06-09 20:54:26,2022-06-10 15:37:51
13915,3720,117,0,2022-06-09 20:54:26,2022-06-10 15:37:51
13916,3720,140,0,2022-06-09 20:54:26,2022-06-10 15:37:51
13917,3721,103,0,2022-06-09 20:54:26,2022-06-10 15:37:51
13918,3721,107,0,2022-06-09 20:54:26,2022-06-10 15:37:51
13919,3721,140,0,2022-06-09 20:54:26,2022-06-10 15:37:51
13920,3721,141,0,2022-06-09 20:54:26,2022-06-10 15:37:51
13921,3722,103,0,2022-06-09 20:54:26,2022-06-10 15:37:51
13922,3722,140,0,2022-06-09 20:54:26,2022-06-10 15:37:51
13923,3723,103,0,2022-06-09 20:54:26,2022-06-10 15:37:51
13924,3723,141,0,2022-06-09 20:54:26,2022-06-10 15:37:51
13925,3724,93,0,2022-06-09 20:54:26,2022-06-10 15:37:51
13926,3724,95,0,2022-06-09 20:54:26,2022-06-10 15:37:51
13927,3724,100,0,2022-06-09 20:54:26,2022-06-10 15:37:51
13928,3725,67,0,2022-06-09 20:54:26,2022-06-10 15:37:51
13929,3725,68,0,2022-06-09 20:54:26,2022-06-10 15:37:51
13930,3726,93,0,2022-06-09 20:54:26,2022-06-10 15:37:51
13931,3726,138,0,2022-06-09 20:54:26,2022-06-10 15:37:51
13932,3727,93,0,2022-06-09 20:54:26,2022-06-10 15:37:51
13933,3727,94,0,2022-06-09 20:54:26,2022-06-10 15:37:51
13934,3728,93,0,2022-06-09 20:54:26,2022-06-10 15:37:51
13935,3728,99,0,2022-06-09 20:54:26,2022-06-10 15:37:51
13936,3729,93,0,2022-06-09 20:54:26,2022-06-10 15:37:51
13937,3729,103,0,2022-06-09 20:54:26,2022-06-10 15:37:51
13938,3729,138,0,2022-06-09 20:54:26,2022-06-10 15:37:51
13939,3729,140,0,2022-06-09 20:54:26,2022-06-10 15:37:51
13940,3730,59,0,2022-06-09 20:54:26,2022-06-10 15:37:51
13941,3730,127,0,2022-06-09 20:54:26,2022-06-10 15:37:51
13942,3731,111,0,2022-06-09 20:54:26,2022-06-10 15:37:51
13943,3731,113,0,2022-06-09 20:54:26,2022-06-10 15:37:51
13944,3732,15,0,2022-06-09 20:54:26,2022-06-10 15:37:51
13945,3732,18,0,2022-06-09 20:54:26,2022-06-10 15:37:51
13946,3732,74,0,2022-06-09 20:54:26,2022-06-10 15:37:51
13947,3732,83,0,2022-06-09 20:54:26,2022-06-10 15:37:51
13948,3732,84,0,2022-06-09 20:54:26,2022-06-10 15:37:51
13949,3732,85,0,2022-06-09 20:54:26,2022-06-10 15:37:51
13950,3732,89,0,2022-06-09 20:54:26,2022-06-10 15:37:51
13951,3733,74,0,2022-06-09 20:54:26,2022-06-10 15:37:51
13952,3733,81,0,2022-06-09 20:54:26,2022-06-10 15:37:51
13953,3734,59,0,2022-06-09 20:54:26,2022-06-10 15:37:51
13954,3734,61,0,2022-06-09 20:54:26,2022-06-10 15:37:51
13955,3734,63,0,2022-06-09 20:54:26,2022-06-10 15:37:51
13956,3735,59,0,2022-06-09 20:54:26,2022-06-10 15:37:51
13957,3735,60,0,2022-06-09 20:54:26,2022-06-10 15:37:51
13958,3735,85,0,2022-06-09 20:54:26,2022-06-10 15:37:51
13959,3736,59,0,2022-06-09 20:54:26,2022-06-10 15:37:51
13960,3736,61,0,2022-06-09 20:54:26,2022-06-10 15:37:51
13961,3736,128,0,2022-06-09 20:54:26,2022-06-10 15:37:51
13962,3737,111,0,2022-06-09 20:54:26,2022-06-10 15:37:51
13963,3737,112,0,2022-06-09 20:54:26,2022-06-10 15:37:51
13964,3737,113,0,2022-06-09 20:54:26,2022-06-10 15:37:51
13965,3737,114,0,2022-06-09 20:54:26,2022-06-10 15:37:51
13966,3737,117,0,2022-06-09 20:54:26,2022-06-10 15:37:51
13967,3737,121,0,2022-06-09 20:54:26,2022-06-10 15:37:51
13968,3738,103,0,2022-06-09 20:54:26,2022-06-10 15:37:51
13969,3738,105,0,2022-06-09 20:54:26,2022-06-10 15:37:51
13970,3738,111,0,2022-06-09 20:54:26,2022-06-10 15:37:51
13971,3738,113,0,2022-06-09 20:54:26,2022-06-10 15:37:51
13972,3739,93,0,2022-06-09 20:54:26,2022-06-10 15:37:51
13973,3739,103,0,2022-06-09 20:54:26,2022-06-10 15:37:51
13974,3739,107,0,2022-06-09 20:54:26,2022-06-10 15:37:51
13975,3739,138,0,2022-06-09 20:54:26,2022-06-10 15:37:51
13976,3740,49,0,2022-06-09 20:54:26,2022-06-10 15:37:51
13977,3740,103,0,2022-06-09 20:54:26,2022-06-10 15:37:51
13978,3740,107,0,2022-06-09 20:54:26,2022-06-10 15:37:51
13979,3740,126,0,2022-06-09 20:54:26,2022-06-10 15:37:51
13980,3740,140,0,2022-06-09 20:54:26,2022-06-10 15:37:51
13981,3741,74,0,2022-06-09 20:54:26,2022-06-10 15:37:51
13982,3741,75,0,2022-06-09 20:54:26,2022-06-10 15:37:51
13983,3742,74,0,2022-06-09 20:54:26,2022-06-10 15:37:51
13984,3742,76,0,2022-06-09 20:54:26,2022-06-10 15:37:51
13985,3742,85,0,2022-06-09 20:54:26,2022-06-10 15:37:51
13986,3742,89,0,2022-06-09 20:54:26,2022-06-10 15:37:51
13987,3742,93,0,2022-06-09 20:54:26,2022-06-10 15:37:51
13988,3742,99,0,2022-06-09 20:54:26,2022-06-10 15:37:51
13989,3742,137,0,2022-06-09 20:54:26,2022-06-10 15:37:51
13990,3742,142,0,2022-06-09 20:54:26,2022-06-10 15:37:51
13991,3743,103,0,2022-06-09 20:54:26,2022-06-10 15:37:51
13992,3743,140,0,2022-06-09 20:54:26,2022-06-10 15:37:51
13993,3744,49,0,2022-06-09 20:54:26,2022-06-10 15:37:51
13994,3744,50,0,2022-06-09 20:54:26,2022-06-10 15:37:51
13995,3744,51,0,2022-06-09 20:54:26,2022-06-10 15:37:51
13996,3744,52,0,2022-06-09 20:54:26,2022-06-10 15:37:51
13997,3745,49,0,2022-06-09 20:54:26,2022-06-10 15:37:51
13998,3745,51,0,2022-06-09 20:54:26,2022-06-10 15:37:51
13999,3745,53,0,2022-06-09 20:54:26,2022-06-10 15:37:51
14000,3745,54,0,2022-06-09 20:54:26,2022-06-10 15:37:51
14001,3745,55,0,2022-06-09 20:54:26,2022-06-10 15:37:51
14002,3745,58,0,2022-06-09 20:54:26,2022-06-10 15:37:51
14003,3745,85,0,2022-06-09 20:54:26,2022-06-10 15:37:51
14004,3745,88,0,2022-06-09 20:54:26,2022-06-10 15:37:51
14005,3745,89,0,2022-06-09 20:54:26,2022-06-10 15:37:51
14006,3745,91,0,2022-06-09 20:54:26,2022-06-10 15:37:51
14007,3745,93,0,2022-06-09 20:54:26,2022-06-10 15:37:51
14008,3745,94,0,2022-06-09 20:54:26,2022-06-10 15:37:51
14009,3745,99,0,2022-06-09 20:54:26,2022-06-10 15:37:51
14010,3745,103,0,2022-06-09 20:54:26,2022-06-10 15:37:51
14011,3745,104,0,2022-06-09 20:54:26,2022-06-10 15:37:51
14012,3745,105,0,2022-06-09 20:54:26,2022-06-10 15:37:51
14013,3745,106,0,2022-06-09 20:54:26,2022-06-10 15:37:51
14014,3745,107,0,2022-06-09 20:54:26,2022-06-10 15:37:51
14015,3745,108,0,2022-06-09 20:54:26,2022-06-10 15:37:51
14016,3745,109,0,2022-06-09 20:54:26,2022-06-10 15:37:51
14017,3745,111,0,2022-06-09 20:54:26,2022-06-10 15:37:51
14018,3745,112,0,2022-06-09 20:54:26,2022-06-10 15:37:51
14019,3745,113,0,2022-06-09 20:54:26,2022-06-10 15:37:51
14020,3745,114,0,2022-06-09 20:54:26,2022-06-10 15:37:51
14021,3745,115,0,2022-06-09 20:54:26,2022-06-10 15:37:51
14022,3745,117,0,2022-06-09 20:54:26,2022-06-10 15:37:51
14023,3745,118,0,2022-06-09 20:54:26,2022-06-10 15:37:51
14024,3745,119,0,2022-06-09 20:54:26,2022-06-10 15:37:51
14025,3745,135,0,2022-06-09 20:54:26,2022-06-10 15:37:51
14026,3745,137,0,2022-06-09 20:54:26,2022-06-10 15:37:51
14027,3745,142,0,2022-06-09 20:54:26,2022-06-10 15:37:51
14028,3746,85,0,2022-06-09 20:54:26,2022-06-10 15:37:51
14029,3746,111,0,2022-06-09 20:54:26,2022-06-10 15:37:51
14030,3746,112,0,2022-06-09 20:54:26,2022-06-10 15:37:51
14031,3746,114,0,2022-06-09 20:54:26,2022-06-10 15:37:51
14032,3746,117,0,2022-06-09 20:54:26,2022-06-10 15:37:51
14033,3746,118,0,2022-06-09 20:54:26,2022-06-10 15:37:51
14034,3746,137,0,2022-06-09 20:54:26,2022-06-10 15:37:51
14035,3747,49,0,2022-06-09 20:54:26,2022-06-10 15:37:51
14036,3747,50,0,2022-06-09 20:54:26,2022-06-10 15:37:51
14037,3747,51,0,2022-06-09 20:54:26,2022-06-10 15:37:51
14038,3747,53,0,2022-06-09 20:54:26,2022-06-10 15:37:51
14039,3747,54,0,2022-06-09 20:54:26,2022-06-10 15:37:51
14040,3747,55,0,2022-06-09 20:54:26,2022-06-10 15:37:51
14041,3747,56,0,2022-06-09 20:54:26,2022-06-10 15:37:51
14042,3747,57,0,2022-06-09 20:54:26,2022-06-10 15:37:51
14043,3747,58,0,2022-06-09 20:54:26,2022-06-10 15:37:51
14044,3747,67,0,2022-06-09 20:54:26,2022-06-10 15:37:51
14045,3747,68,0,2022-06-09 20:54:26,2022-06-10 15:37:51
14046,3747,81,0,2022-06-09 20:54:26,2022-06-10 15:37:51
14047,3748,74,0,2022-06-09 20:54:26,2022-06-10 15:37:51
14048,3748,81,0,2022-06-09 20:54:26,2022-06-10 15:37:51
14049,3748,111,0,2022-06-09 20:54:26,2022-06-10 15:37:51
14050,3748,112,0,2022-06-09 20:54:26,2022-06-10 15:37:51
14051,3748,113,0,2022-06-09 20:54:26,2022-06-10 15:37:51
14052,3748,114,0,2022-06-09 20:54:26,2022-06-10 15:37:51
14053,3748,116,0,2022-06-09 20:54:26,2022-06-10 15:37:51
14054,3749,49,0,2022-06-09 20:54:26,2022-06-10 15:37:51
14055,3749,51,0,2022-06-09 20:54:26,2022-06-10 15:37:51
14056,3749,54,0,2022-06-09 20:54:26,2022-06-10 15:37:51
14057,3750,67,0,2022-06-09 20:54:26,2022-06-10 15:37:51
14058,3750,68,0,2022-06-09 20:54:26,2022-06-10 15:37:51
14059,3751,49,0,2022-06-09 20:54:26,2022-06-10 15:37:51
14060,3751,126,0,2022-06-09 20:54:26,2022-06-10 15:37:51
14061,3752,93,0,2022-06-09 20:54:26,2022-06-10 15:37:51
14062,3752,99,0,2022-06-09 20:54:26,2022-06-10 15:37:51
14063,3753,85,0,2022-06-09 20:54:26,2022-06-10 15:37:51
14064,3753,93,0,2022-06-09 20:54:26,2022-06-10 15:37:51
14065,3754,111,0,2022-06-09 20:54:26,2022-06-10 15:37:51
14066,3754,112,0,2022-06-09 20:54:26,2022-06-10 15:37:51
14067,3754,114,0,2022-06-09 20:54:26,2022-06-10 15:37:51
14068,3754,117,0,2022-06-09 20:54:26,2022-06-10 15:37:51
14069,3755,15,0,2022-06-09 20:54:26,2022-06-09 20:54:18
14070,3755,20,0,2022-06-09 20:54:26,2022-06-09 20:54:18
14071,3755,49,0,2022-06-09 20:54:26,2022-06-09 20:54:18
14072,3755,51,0,2022-06-09 20:54:26,2022-06-09 20:54:18
14073,3755,55,0,2022-06-09 20:54:26,2022-06-09 20:54:18
14074,3755,85,0,2022-06-09 20:54:26,2022-06-09 20:54:18
14075,3755,103,0,2022-06-09 20:54:26,2022-06-09 20:54:18
14076,3755,104,0,2022-06-09 20:54:26,2022-06-09 20:54:18
14077,3755,105,0,2022-06-09 20:54:26,2022-06-09 20:54:18
14078,3755,109,0,2022-06-09 20:54:26,2022-06-09 20:54:18
14079,3755,111,0,2022-06-09 20:54:26,2022-06-09 20:54:18
14080,3755,118,0,2022-06-09 20:54:26,2022-06-09 20:54:18
14081,3755,135,0,2022-06-09 20:54:26,2022-06-09 20:54:18
14082,3755,137,0,2022-06-09 20:54:26,2022-06-09 20:54:18
14083,3755,141,0,2022-06-09 20:54:26,2022-06-09 20:54:18
14084,3756,85,0,2022-06-09 20:54:26,2022-06-10 15:37:51
14085,3756,111,0,2022-06-09 20:54:26,2022-06-10 15:37:51
14086,3756,118,0,2022-06-09 20:54:26,2022-06-10 15:37:51
14087,3756,136,0,2022-06-09 20:54:26,2022-06-10 15:37:51
14088,3757,59,0,2022-06-09 20:54:26,2022-06-10 15:37:51
14089,3757,62,0,2022-06-09 20:54:26,2022-06-10 15:37:51
14090,3758,15,0,2022-06-09 20:54:26,2022-06-10 15:37:51
14091,3758,17,0,2022-06-09 20:54:26,2022-06-10 15:37:51
14092,3758,19,0,2022-06-09 20:54:26,2022-06-10 15:37:51
14093,3759,111,0,2022-06-09 20:54:26,2022-06-10 15:37:51
14094,3759,112,0,2022-06-09 20:54:26,2022-06-10 15:37:51
14095,3759,113,0,2022-06-09 20:54:26,2022-06-10 15:37:51
14096,3759,114,0,2022-06-09 20:54:26,2022-06-10 15:37:51
14097,3759,115,0,2022-06-09 20:54:26,2022-06-10 15:37:51
14098,3759,117,0,2022-06-09 20:54:26,2022-06-10 15:37:51
14099,3759,119,0,2022-06-09 20:54:26,2022-06-10 15:37:51
14100,3760,111,0,2022-06-09 20:54:26,2022-06-10 15:37:51
14101,3760,118,0,2022-06-09 20:54:26,2022-06-10 15:37:51
14102,3761,93,0,2022-06-09 20:54:26,2022-06-10 15:37:51
14103,3761,103,0,2022-06-09 20:54:26,2022-06-10 15:37:51
14104,3761,138,0,2022-06-09 20:54:26,2022-06-10 15:37:51
14105,3761,141,0,2022-06-09 20:54:26,2022-06-10 15:37:51
14106,3762,111,0,2022-06-09 20:54:26,2022-06-10 15:37:51
14107,3762,112,0,2022-06-09 20:54:26,2022-06-10 15:37:51
14108,3763,103,0,2022-06-09 20:54:26,2022-06-10 15:37:51
14109,3763,104,0,2022-06-09 20:54:26,2022-06-10 15:37:51
14110,3763,139,0,2022-06-09 20:54:26,2022-06-10 15:37:51
14111,3763,140,0,2022-06-09 20:54:26,2022-06-10 15:37:51
14112,3764,4,0,2022-06-09 20:54:26,2022-06-10 15:37:51
14113,3764,11,0,2022-06-09 20:54:26,2022-06-10 15:37:51
14114,3764,40,0,2022-06-09 20:54:26,2022-06-10 15:37:51
14115,3764,43,0,2022-06-09 20:54:26,2022-06-10 15:37:51
14116,3764,47,0,2022-06-09 20:54:26,2022-06-10 15:37:51
14117,3765,15,0,2022-06-09 20:54:26,2022-06-10 15:37:51
14118,3765,20,0,2022-06-09 20:54:26,2022-06-10 15:37:51
14119,3765,49,0,2022-06-09 20:54:26,2022-06-10 15:37:51
14120,3765,51,0,2022-06-09 20:54:26,2022-06-10 15:37:51
14121,3765,54,0,2022-06-09 20:54:26,2022-06-10 15:37:51
14122,3765,55,0,2022-06-09 20:54:26,2022-06-10 15:37:51
14123,3765,56,0,2022-06-09 20:54:26,2022-06-10 15:37:51
14124,3765,58,0,2022-06-09 20:54:26,2022-06-10 15:37:51
14125,3765,85,0,2022-06-09 20:54:26,2022-06-10 15:37:51
14126,3765,103,0,2022-06-09 20:54:26,2022-06-10 15:37:51
14127,3765,135,0,2022-06-09 20:54:26,2022-06-10 15:37:51
14128,3765,137,0,2022-06-09 20:54:26,2022-06-10 15:37:51
14129,3765,140,0,2022-06-09 20:54:26,2022-06-10 15:37:51
14130,3766,103,0,2022-06-09 20:54:26,2022-06-10 15:37:51
14131,3766,141,0,2022-06-09 20:54:26,2022-06-10 15:37:51
14132,3767,74,0,2022-06-09 20:54:26,2022-06-10 15:37:51
14133,3767,85,0,2022-06-09 20:54:26,2022-06-10 15:37:51
14134,3767,90,0,2022-06-09 20:54:26,2022-06-10 15:37:51
14135,3767,93,0,2022-06-09 20:54:26,2022-06-10 15:37:51
14136,3767,100,0,2022-06-09 20:54:26,2022-06-10 15:37:51
14137,3767,111,0,2022-06-09 20:54:26,2022-06-10 15:37:51
14138,3767,112,0,2022-06-09 20:54:26,2022-06-10 15:37:51
14139,3767,113,0,2022-06-09 20:54:26,2022-06-10 15:37:51
14140,3767,114,0,2022-06-09 20:54:26,2022-06-10 15:37:51
14141,3767,117,0,2022-06-09 20:54:26,2022-06-10 15:37:51
14142,3767,129,0,2022-06-09 20:54:26,2022-06-10 15:37:51
14143,3768,49,0,2022-06-09 20:54:26,2022-06-10 15:37:51
14144,3768,55,0,2022-06-09 20:54:26,2022-06-10 15:37:51
14145,3768,56,0,2022-06-09 20:54:26,2022-06-10 15:37:51
14146,3769,49,0,2022-06-09 20:54:26,2022-06-10 15:37:51
14147,3769,51,0,2022-06-09 20:54:26,2022-06-10 15:37:51
14148,3769,54,0,2022-06-09 20:54:26,2022-06-10 15:37:51
14149,3769,55,0,2022-06-09 20:54:26,2022-06-10 15:37:51
14150,3769,62,0,2022-06-09 20:54:26,2022-06-10 15:37:51
14151,3769,85,0,2022-06-09 20:54:26,2022-06-10 15:37:51
14152,3769,86,0,2022-06-09 20:54:26,2022-06-10 15:37:51
14153,3769,111,0,2022-06-09 20:54:26,2022-06-10 15:37:51
14154,3769,117,0,2022-06-09 20:54:26,2022-06-10 15:37:51
14155,3769,118,0,2022-06-09 20:54:26,2022-06-10 15:37:51
14156,3769,134,0,2022-06-09 20:54:26,2022-06-10 15:37:51
14157,3769,135,0,2022-06-09 20:54:26,2022-06-10 15:37:51
14158,3770,49,0,2022-06-09 20:54:26,2022-06-10 15:37:51
14159,3770,51,0,2022-06-09 20:54:26,2022-06-10 15:37:51
14160,3771,93,0,2022-06-09 20:54:26,2022-06-10 15:37:51
14161,3771,138,0,2022-06-09 20:54:26,2022-06-10 15:37:51
14162,3772,93,0,2022-06-09 20:54:26,2022-06-10 15:37:51
14163,3772,100,0,2022-06-09 20:54:26,2022-06-10 15:37:51
14164,3772,111,0,2022-06-09 20:54:26,2022-06-10 15:37:51
14165,3772,112,0,2022-06-09 20:54:26,2022-06-10 15:37:51
14166,3772,114,0,2022-06-09 20:54:26,2022-06-10 15:37:51
14167,3772,117,0,2022-06-09 20:54:26,2022-06-10 15:37:51
14168,3773,103,0,2022-06-09 20:54:26,2022-06-10 15:37:51
14169,3773,140,0,2022-06-09 20:54:26,2022-06-10 15:37:51
14170,3774,74,0,2022-06-09 20:54:26,2022-06-10 15:37:51
14171,3774,93,0,2022-06-09 20:54:26,2022-06-10 15:37:51
14172,3774,94,0,2022-06-09 20:54:26,2022-06-10 15:37:51
14173,3774,111,0,2022-06-09 20:54:26,2022-06-10 15:37:51
14174,3774,118,0,2022-06-09 20:54:26,2022-06-10 15:37:51
14175,3774,129,0,2022-06-09 20:54:26,2022-06-10 15:37:51
14176,3775,15,0,2022-06-09 20:54:27,2022-06-10 15:37:51
14177,3775,20,0,2022-06-09 20:54:27,2022-06-10 15:37:51
14178,3776,49,0,2022-06-09 20:54:27,2022-06-10 15:37:51
14179,3776,50,0,2022-06-09 20:54:27,2022-06-10 15:37:51
14180,3776,51,0,2022-06-09 20:54:27,2022-06-10 15:37:51
14181,3776,52,0,2022-06-09 20:54:27,2022-06-10 15:37:51
14182,3776,54,0,2022-06-09 20:54:27,2022-06-10 15:37:51
14183,3776,55,0,2022-06-09 20:54:27,2022-06-10 15:37:51
14184,3776,56,0,2022-06-09 20:54:27,2022-06-10 15:37:51
14185,3776,93,0,2022-06-09 20:54:27,2022-06-10 15:37:51
14186,3776,100,0,2022-06-09 20:54:27,2022-06-10 15:37:51
14187,3776,111,0,2022-06-09 20:54:27,2022-06-10 15:37:51
14188,3776,117,0,2022-06-09 20:54:27,2022-06-10 15:37:51
14189,3776,125,0,2022-06-09 20:54:27,2022-06-10 15:37:51
14190,3777,93,0,2022-06-09 20:54:27,2022-06-10 15:37:51
14191,3777,94,0,2022-06-09 20:54:27,2022-06-10 15:37:51
14192,3778,67,0,2022-06-09 20:54:27,2022-06-10 15:37:51
14193,3778,68,0,2022-06-09 20:54:27,2022-06-10 15:37:51
14194,3779,103,0,2022-06-09 20:54:27,2022-06-10 15:37:51
14195,3779,111,0,2022-06-09 20:54:27,2022-06-10 15:37:51
14196,3779,117,0,2022-06-09 20:54:27,2022-06-10 15:37:51
14197,3779,140,0,2022-06-09 20:54:27,2022-06-10 15:37:51
14198,3780,103,0,2022-06-09 20:54:27,2022-06-10 15:37:51
14199,3780,140,0,2022-06-09 20:54:27,2022-06-10 15:37:51
14200,3780,141,0,2022-06-09 20:54:27,2022-06-10 15:37:51
14201,3781,32,0,2022-06-09 20:54:27,2022-06-10 15:37:51
14202,3781,36,0,2022-06-09 20:54:27,2022-06-10 15:37:51
14203,3781,93,0,2022-06-09 20:54:27,2022-06-10 15:37:51
14204,3781,101,0,2022-06-09 20:54:27,2022-06-10 15:37:51
14205,3782,59,0,2022-06-09 20:54:27,2022-06-10 15:37:51
14206,3782,60,0,2022-06-09 20:54:27,2022-06-10 15:37:51
14207,3782,85,0,2022-06-09 20:54:27,2022-06-10 15:37:51
14208,3782,93,0,2022-06-09 20:54:27,2022-06-10 15:37:51
14209,3782,101,0,2022-06-09 20:54:27,2022-06-10 15:37:51
14210,3782,137,0,2022-06-09 20:54:27,2022-06-10 15:37:51
14211,3783,103,0,2022-06-09 20:54:27,2022-06-10 15:37:51
14212,3783,140,0,2022-06-09 20:54:27,2022-06-10 15:37:51
14213,3783,141,0,2022-06-09 20:54:27,2022-06-10 15:37:51
14214,3784,74,0,2022-06-09 20:54:27,2022-06-10 15:37:51
14215,3784,79,0,2022-06-09 20:54:27,2022-06-10 15:37:51
14216,3785,93,0,2022-06-09 20:54:27,2022-06-10 15:37:51
14217,3785,100,0,2022-06-09 20:54:27,2022-06-10 15:37:51
14218,3786,25,0,2022-06-09 20:54:27,2022-06-10 15:37:51
14219,3786,30,0,2022-06-09 20:54:27,2022-06-10 15:37:51
14220,3787,25,0,2022-06-09 20:54:27,2022-06-10 15:37:51
14221,3787,30,0,2022-06-09 20:54:27,2022-06-10 15:37:51
14222,3788,15,0,2022-06-09 20:54:27,2022-06-10 15:37:51
14223,3788,17,0,2022-06-09 20:54:27,2022-06-10 15:37:51
14224,3788,20,0,2022-06-09 20:54:27,2022-06-10 15:37:51
14225,3789,74,0,2022-06-09 20:54:27,2022-06-10 15:37:51
14226,3789,79,0,2022-06-09 20:54:27,2022-06-10 15:37:51
14227,3790,74,0,2022-06-09 20:54:27,2022-06-10 15:37:51
14228,3790,79,0,2022-06-09 20:54:27,2022-06-10 15:37:51
14229,3791,74,0,2022-06-09 20:54:27,2022-06-10 15:37:51
14230,3791,85,0,2022-06-09 20:54:27,2022-06-10 15:37:51
14231,3791,89,0,2022-06-09 20:54:27,2022-06-10 15:37:51
14232,3791,129,0,2022-06-09 20:54:27,2022-06-10 15:37:51
14233,3792,111,0,2022-06-09 20:54:27,2022-06-10 15:37:51
14234,3792,112,0,2022-06-09 20:54:27,2022-06-10 15:37:51
14235,3792,113,0,2022-06-09 20:54:27,2022-06-10 15:37:51
14236,3792,114,0,2022-06-09 20:54:27,2022-06-10 15:37:51
14237,3792,115,0,2022-06-09 20:54:27,2022-06-10 15:37:51
14238,3792,117,0,2022-06-09 20:54:27,2022-06-10 15:37:51
14239,3793,59,0,2022-06-09 20:54:27,2022-06-10 15:37:51
14240,3794,111,0,2022-06-09 20:54:27,2022-06-10 15:37:51
14241,3794,113,0,2022-06-09 20:54:27,2022-06-10 15:37:51
14242,3794,119,0,2022-06-09 20:54:27,2022-06-10 15:37:51
14243,3794,121,0,2022-06-09 20:54:27,2022-06-10 15:37:51
14244,3795,85,0,2022-06-09 20:54:27,2022-06-10 15:37:51
14245,3795,89,0,2022-06-09 20:54:27,2022-06-10 15:37:51
14246,3795,93,0,2022-06-09 20:54:27,2022-06-10 15:37:51
14247,3795,101,0,2022-06-09 20:54:27,2022-06-10 15:37:51
14248,3795,137,0,2022-06-09 20:54:27,2022-06-10 15:37:51
14249,3796,103,0,2022-06-09 20:54:27,2022-06-10 15:37:51
14250,3796,140,0,2022-06-09 20:54:27,2022-06-10 15:37:51
14251,3796,141,0,2022-06-09 20:54:27,2022-06-10 15:37:51
14252,3797,49,0,2022-06-09 20:54:27,2022-06-10 15:37:51
14253,3797,51,0,2022-06-09 20:54:27,2022-06-10 15:37:51
14254,3797,55,0,2022-06-09 20:54:27,2022-06-10 15:37:51
14255,3797,58,0,2022-06-09 20:54:27,2022-06-10 15:37:51
14256,3797,67,0,2022-06-09 20:54:27,2022-06-10 15:37:51
14257,3797,68,0,2022-06-09 20:54:27,2022-06-10 15:37:51
14258,3798,85,0,2022-06-09 20:54:27,2022-06-10 15:37:51
14259,3798,103,0,2022-06-09 20:54:27,2022-06-10 15:37:51
14260,3798,108,0,2022-06-09 20:54:27,2022-06-10 15:37:51
14261,3798,109,0,2022-06-09 20:54:27,2022-06-10 15:37:51
14262,3798,135,0,2022-06-09 20:54:27,2022-06-10 15:37:51
14263,3798,137,0,2022-06-09 20:54:27,2022-06-10 15:37:51
14264,3799,25,0,2022-06-09 20:54:27,2022-06-10 15:37:51
14265,3799,29,0,2022-06-09 20:54:27,2022-06-10 15:37:51
14266,3799,124,0,2022-06-09 20:54:27,2022-06-10 15:37:51
14267,3800,49,0,2022-06-09 20:54:27,2022-06-10 15:37:51
14268,3800,54,0,2022-06-09 20:54:27,2022-06-10 15:37:51
14269,3801,49,0,2022-06-09 20:54:27,2022-06-10 15:37:51
14270,3801,54,0,2022-06-09 20:54:27,2022-06-10 15:37:51
14271,3801,85,0,2022-06-09 20:54:27,2022-06-10 15:37:51
14272,3801,93,0,2022-06-09 20:54:27,2022-06-10 15:37:51
14273,3801,94,0,2022-06-09 20:54:27,2022-06-10 15:37:51
14274,3801,111,0,2022-06-09 20:54:27,2022-06-10 15:37:51
14275,3801,114,0,2022-06-09 20:54:27,2022-06-10 15:37:51
14276,3801,118,0,2022-06-09 20:54:27,2022-06-10 15:37:51
14277,3801,120,0,2022-06-09 20:54:27,2022-06-10 15:37:51
14278,3801,137,0,2022-06-09 20:54:27,2022-06-10 15:37:51
14279,3802,15,0,2022-06-09 20:54:27,2022-06-10 15:37:51
14280,3802,16,0,2022-06-09 20:54:27,2022-06-10 15:37:51
14281,3803,93,0,2022-06-09 20:54:27,2022-06-10 15:37:51
14282,3803,138,0,2022-06-09 20:54:27,2022-06-10 15:37:51
14283,3804,111,0,2022-06-09 20:54:27,2022-06-10 15:37:51
14284,3804,113,0,2022-06-09 20:54:27,2022-06-10 15:37:51
14285,3804,114,0,2022-06-09 20:54:27,2022-06-10 15:37:51
14286,3804,115,0,2022-06-09 20:54:27,2022-06-10 15:37:51
14287,3804,119,0,2022-06-09 20:54:27,2022-06-10 15:37:51
14288,3805,103,0,2022-06-09 20:54:27,2022-06-10 15:37:51
14289,3805,108,0,2022-06-09 20:54:27,2022-06-10 15:37:51
14290,3806,49,0,2022-06-09 20:54:27,2022-06-10 15:37:51
14291,3806,50,0,2022-06-09 20:54:27,2022-06-10 15:37:51
14292,3806,51,0,2022-06-09 20:54:27,2022-06-10 15:37:51
14293,3806,53,0,2022-06-09 20:54:27,2022-06-10 15:37:51
14294,3806,54,0,2022-06-09 20:54:27,2022-06-10 15:37:51
14295,3806,55,0,2022-06-09 20:54:27,2022-06-10 15:37:51
14296,3806,56,0,2022-06-09 20:54:27,2022-06-10 15:37:51
14297,3806,57,0,2022-06-09 20:54:27,2022-06-10 15:37:51
14298,3806,58,0,2022-06-09 20:54:27,2022-06-10 15:37:51
14299,3806,85,0,2022-06-09 20:54:27,2022-06-10 15:37:51
14300,3806,135,0,2022-06-09 20:54:27,2022-06-10 15:37:51
14301,3806,137,0,2022-06-09 20:54:27,2022-06-10 15:37:51
14302,3807,49,0,2022-06-09 20:54:27,2022-06-10 15:37:51
14303,3807,52,0,2022-06-09 20:54:27,2022-06-10 15:37:51
14304,3807,56,0,2022-06-09 20:54:27,2022-06-10 15:37:51
14305,3807,126,0,2022-06-09 20:54:27,2022-06-10 15:37:51
14306,3808,103,0,2022-06-09 20:54:27,2022-06-10 15:37:51
14307,3808,104,0,2022-06-09 20:54:27,2022-06-10 15:37:51
14308,3808,108,0,2022-06-09 20:54:27,2022-06-10 15:37:51
14309,3808,140,0,2022-06-09 20:54:27,2022-06-10 15:37:51
14310,3808,141,0,2022-06-09 20:54:27,2022-06-10 15:37:51
14311,3809,111,0,2022-06-09 20:54:27,2022-06-10 15:37:51
14312,3809,112,0,2022-06-09 20:54:27,2022-06-10 15:37:51
14313,3809,113,0,2022-06-09 20:54:27,2022-06-10 15:37:51
14314,3809,114,0,2022-06-09 20:54:27,2022-06-10 15:37:51
14315,3809,115,0,2022-06-09 20:54:27,2022-06-10 15:37:51
14316,3809,117,0,2022-06-09 20:54:27,2022-06-10 15:37:51
14317,3810,103,0,2022-06-09 20:54:27,2022-06-10 15:37:51
14318,3810,104,0,2022-06-09 20:54:27,2022-06-10 15:37:51
14319,3810,109,0,2022-06-09 20:54:27,2022-06-10 15:37:51
14320,3811,111,0,2022-06-09 20:54:27,2022-06-10 15:37:51
14321,3811,117,0,2022-06-09 20:54:27,2022-06-10 15:37:51
14322,3812,15,0,2022-06-09 20:54:27,2022-06-10 15:37:51
14323,3812,16,0,2022-06-09 20:54:27,2022-06-10 15:37:51
14324,3812,74,0,2022-06-09 20:54:27,2022-06-10 15:37:51
14325,3812,82,0,2022-06-09 20:54:27,2022-06-10 15:37:51
14326,3812,93,0,2022-06-09 20:54:27,2022-06-10 15:37:51
14327,3812,100,0,2022-06-09 20:54:27,2022-06-10 15:37:51
14328,3812,103,0,2022-06-09 20:54:27,2022-06-10 15:37:51
14329,3812,111,0,2022-06-09 20:54:27,2022-06-10 15:37:51
14330,3812,112,0,2022-06-09 20:54:27,2022-06-10 15:37:51
14331,3812,113,0,2022-06-09 20:54:27,2022-06-10 15:37:51
14332,3812,114,0,2022-06-09 20:54:27,2022-06-10 15:37:51
14333,3812,116,0,2022-06-09 20:54:27,2022-06-10 15:37:51
14334,3812,117,0,2022-06-09 20:54:27,2022-06-10 15:37:51
14335,3812,121,0,2022-06-09 20:54:27,2022-06-10 15:37:51
14336,3812,129,0,2022-06-09 20:54:27,2022-06-10 15:37:51
14337,3812,141,0,2022-06-09 20:54:27,2022-06-10 15:37:51
14338,3813,103,0,2022-06-09 20:54:27,2022-06-10 15:37:51
14339,3813,108,0,2022-06-09 20:54:27,2022-06-10 15:37:51
14340,3814,15,0,2022-06-09 20:54:27,2022-06-10 15:37:51
14341,3814,21,0,2022-06-09 20:54:27,2022-06-10 15:37:51
14342,3814,74,0,2022-06-09 20:54:27,2022-06-10 15:37:51
14343,3814,77,0,2022-06-09 20:54:27,2022-06-10 15:37:51
14344,3815,15,0,2022-06-09 20:54:27,2022-06-10 15:37:51
14345,3815,17,0,2022-06-09 20:54:27,2022-06-10 15:37:51
14346,3816,49,0,2022-06-09 20:54:27,2022-06-10 15:37:51
14347,3816,54,0,2022-06-09 20:54:27,2022-06-10 15:37:51
14348,3817,111,0,2022-06-09 20:54:27,2022-06-10 15:37:51
14349,3817,112,0,2022-06-09 20:54:27,2022-06-10 15:37:51
14350,3818,59,0,2022-06-09 20:54:27,2022-06-10 15:37:51
14351,3818,62,0,2022-06-09 20:54:27,2022-06-10 15:37:51
14352,3819,111,0,2022-06-09 20:54:27,2022-06-10 15:37:51
14353,3819,112,0,2022-06-09 20:54:27,2022-06-10 15:37:51
14354,3819,116,0,2022-06-09 20:54:27,2022-06-10 15:37:51
14355,3820,49,0,2022-06-09 20:54:27,2022-06-10 15:37:51
14356,3820,50,0,2022-06-09 20:54:27,2022-06-10 15:37:51
14357,3820,67,0,2022-06-09 20:54:27,2022-06-10 15:37:51
14358,3820,68,0,2022-06-09 20:54:27,2022-06-10 15:37:51
14359,3821,111,0,2022-06-09 20:54:27,2022-06-10 15:37:51
14360,3821,112,0,2022-06-09 20:54:27,2022-06-10 15:37:51
14361,3821,116,0,2022-06-09 20:54:27,2022-06-10 15:37:51
14362,3822,111,0,2022-06-09 20:54:27,2022-06-10 15:37:51
14363,3822,112,0,2022-06-09 20:54:27,2022-06-10 15:37:51
14364,3823,49,0,2022-06-09 20:54:27,2022-06-10 15:37:51
14365,3823,51,0,2022-06-09 20:54:27,2022-06-10 15:37:51
14366,3823,85,0,2022-06-09 20:54:27,2022-06-10 15:37:51
14367,3823,88,0,2022-06-09 20:54:27,2022-06-10 15:37:51
14368,3824,103,0,2022-06-09 20:54:27,2022-06-10 15:37:51
14369,3824,108,0,2022-06-09 20:54:27,2022-06-10 15:37:51
14370,3825,103,0,2022-06-09 20:54:27,2022-06-10 15:37:51
14371,3825,141,0,2022-06-09 20:54:27,2022-06-10 15:37:51
14372,3826,93,0,2022-06-09 20:54:27,2022-06-10 15:37:51
14373,3826,99,0,2022-06-09 20:54:27,2022-06-10 15:37:51
14374,3827,49,0,2022-06-09 20:54:27,2022-06-10 15:37:51
14375,3827,55,0,2022-06-09 20:54:27,2022-06-10 15:37:51
14376,3828,59,0,2022-06-09 20:54:27,2022-06-10 15:37:51
14377,3828,103,0,2022-06-09 20:54:27,2022-06-10 15:37:51
14378,3828,141,0,2022-06-09 20:54:27,2022-06-10 15:37:51
14379,3829,111,0,2022-06-09 20:54:27,2022-06-10 15:37:51
14380,3829,112,0,2022-06-09 20:54:27,2022-06-10 15:37:51
14381,3830,111,0,2022-06-09 20:54:27,2022-06-10 15:37:51
14382,3830,112,0,2022-06-09 20:54:27,2022-06-10 15:37:51
14383,3831,111,0,2022-06-09 20:54:27,2022-06-10 15:37:51
14384,3831,112,0,2022-06-09 20:54:27,2022-06-10 15:37:51
14385,3831,115,0,2022-06-09 20:54:27,2022-06-10 15:37:51
14386,3831,121,0,2022-06-09 20:54:27,2022-06-10 15:37:51
14387,3832,93,0,2022-06-09 20:54:27,2022-06-10 15:37:51
14388,3832,100,0,2022-06-09 20:54:27,2022-06-10 15:37:51
14389,3833,59,0,2022-06-09 20:54:27,2022-06-10 15:37:51
14390,3833,62,0,2022-06-09 20:54:27,2022-06-10 15:37:51
14391,3834,49,0,2022-06-09 20:54:27,2022-06-10 15:37:51
14392,3834,56,0,2022-06-09 20:54:27,2022-06-10 15:37:51
14393,3835,67,0,2022-06-09 20:54:27,2022-06-10 15:37:51
14394,3835,68,0,2022-06-09 20:54:27,2022-06-10 15:37:51
14395,3836,111,0,2022-06-09 20:54:27,2022-06-10 15:37:51
14396,3836,116,0,2022-06-09 20:54:27,2022-06-10 15:37:51
14397,3837,103,0,2022-06-09 20:54:28,2022-06-10 15:37:51
14398,3837,109,0,2022-06-09 20:54:28,2022-06-10 15:37:51
14399,3837,140,0,2022-06-09 20:54:28,2022-06-10 15:37:51
14400,3838,105,0,2022-06-09 20:54:28,2022-06-10 15:37:51
14401,3839,74,0,2022-06-09 20:54:28,2022-06-10 15:37:51
14402,3840,32,0,2022-06-09 20:54:28,2022-06-10 15:37:51
14403,3840,38,0,2022-06-09 20:54:28,2022-06-10 15:37:51
14404,3841,15,0,2022-06-09 20:54:28,2022-06-10 15:37:51
14405,3841,16,0,2022-06-09 20:54:28,2022-06-10 15:37:51
14406,3841,17,0,2022-06-09 20:54:28,2022-06-10 15:37:51
14407,3841,18,0,2022-06-09 20:54:28,2022-06-10 15:37:51
14408,3841,19,0,2022-06-09 20:54:28,2022-06-10 15:37:51
14409,3841,20,0,2022-06-09 20:54:28,2022-06-10 15:37:51
14410,3841,21,0,2022-06-09 20:54:28,2022-06-10 15:37:51
14411,3841,32,0,2022-06-09 20:54:28,2022-06-10 15:37:51
14412,3841,35,0,2022-06-09 20:54:28,2022-06-10 15:37:51
14413,3841,49,0,2022-06-09 20:54:28,2022-06-10 15:37:51
14414,3841,50,0,2022-06-09 20:54:28,2022-06-10 15:37:51
14415,3841,51,0,2022-06-09 20:54:28,2022-06-10 15:37:51
14416,3841,54,0,2022-06-09 20:54:28,2022-06-10 15:37:51
14417,3841,55,0,2022-06-09 20:54:28,2022-06-10 15:37:51
14418,3841,56,0,2022-06-09 20:54:28,2022-06-10 15:37:51
14419,3841,67,0,2022-06-09 20:54:28,2022-06-10 15:37:51
14420,3841,68,0,2022-06-09 20:54:28,2022-06-10 15:37:51
14421,3841,74,0,2022-06-09 20:54:28,2022-06-10 15:37:51
14422,3841,76,0,2022-06-09 20:54:28,2022-06-10 15:37:51
14423,3841,77,0,2022-06-09 20:54:28,2022-06-10 15:37:51
14424,3841,78,0,2022-06-09 20:54:28,2022-06-10 15:37:51
14425,3841,81,0,2022-06-09 20:54:28,2022-06-10 15:37:51
14426,3841,83,0,2022-06-09 20:54:28,2022-06-10 15:37:51
14427,3841,84,0,2022-06-09 20:54:28,2022-06-10 15:37:51
14428,3841,85,0,2022-06-09 20:54:28,2022-06-10 15:37:51
14429,3841,89,0,2022-06-09 20:54:28,2022-06-10 15:37:51
14430,3841,93,0,2022-06-09 20:54:28,2022-06-10 15:37:51
14431,3841,94,0,2022-06-09 20:54:28,2022-06-10 15:37:51
14432,3841,100,0,2022-06-09 20:54:28,2022-06-10 15:37:51
14433,3841,103,0,2022-06-09 20:54:28,2022-06-10 15:37:51
14434,3841,104,0,2022-06-09 20:54:28,2022-06-10 15:37:51
14435,3841,105,0,2022-06-09 20:54:28,2022-06-10 15:37:51
14436,3841,106,0,2022-06-09 20:54:28,2022-06-10 15:37:51
14437,3841,108,0,2022-06-09 20:54:28,2022-06-10 15:37:51
14438,3841,109,0,2022-06-09 20:54:28,2022-06-10 15:37:51
14439,3841,111,0,2022-06-09 20:54:28,2022-06-10 15:37:51
14440,3841,112,0,2022-06-09 20:54:28,2022-06-10 15:37:51
14441,3841,113,0,2022-06-09 20:54:28,2022-06-10 15:37:51
14442,3841,114,0,2022-06-09 20:54:28,2022-06-10 15:37:51
14443,3841,115,0,2022-06-09 20:54:28,2022-06-10 15:37:51
14444,3841,117,0,2022-06-09 20:54:28,2022-06-10 15:37:51
14445,3841,119,0,2022-06-09 20:54:28,2022-06-10 15:37:51
14446,3841,125,0,2022-06-09 20:54:28,2022-06-10 15:37:51
14447,3841,126,0,2022-06-09 20:54:28,2022-06-10 15:37:51
14448,3841,129,0,2022-06-09 20:54:28,2022-06-10 15:37:51
14449,3841,139,0,2022-06-09 20:54:28,2022-06-10 15:37:51
14450,3842,32,0,2022-06-09 20:54:28,2022-06-10 15:37:51
14451,3842,36,0,2022-06-09 20:54:28,2022-06-10 15:37:51
14452,3842,39,0,2022-06-09 20:54:28,2022-06-10 15:37:51
14453,3843,74,0,2022-06-09 20:54:28,2022-06-10 15:37:51
14454,3843,82,0,2022-06-09 20:54:28,2022-06-10 15:37:51
14455,3843,129,0,2022-06-09 20:54:28,2022-06-10 15:37:51
14456,3843,132,0,2022-06-09 20:54:28,2022-06-10 15:37:51
14457,3844,4,0,2022-06-09 20:54:28,2022-06-10 15:37:51
14458,3844,11,0,2022-06-09 20:54:28,2022-06-10 15:37:51
14459,3845,93,0,2022-06-09 20:54:28,2022-06-10 15:37:51
14460,3845,100,0,2022-06-09 20:54:28,2022-06-10 15:37:51
14461,3846,67,0,2022-06-09 20:54:28,2022-06-10 15:37:51
14462,3846,71,0,2022-06-09 20:54:28,2022-06-10 15:37:51
14463,3847,74,0,2022-06-09 20:54:28,2022-06-10 15:37:51
14464,3847,111,0,2022-06-09 20:54:28,2022-06-10 15:37:51
14465,3847,116,0,2022-06-09 20:54:28,2022-06-10 15:37:51
14466,3847,129,0,2022-06-09 20:54:28,2022-06-10 15:37:51
14467,3848,49,0,2022-06-09 20:54:28,2022-06-10 15:37:51
14468,3848,50,0,2022-06-09 20:54:28,2022-06-10 15:37:51
14469,3848,51,0,2022-06-09 20:54:28,2022-06-10 15:37:51
14470,3848,55,0,2022-06-09 20:54:28,2022-06-10 15:37:51
14471,3848,56,0,2022-06-09 20:54:28,2022-06-10 15:37:51
14472,3849,85,0,2022-06-09 20:54:28,2022-06-10 15:37:51
14473,3849,137,0,2022-06-09 20:54:28,2022-06-10 15:37:51
14474,3850,111,0,2022-06-09 20:54:28,2022-06-10 15:37:51
14475,3850,113,0,2022-06-09 20:54:28,2022-06-10 15:37:51
14476,3850,114,0,2022-06-09 20:54:28,2022-06-10 15:37:51
14477,3850,115,0,2022-06-09 20:54:28,2022-06-10 15:37:51
14478,3850,119,0,2022-06-09 20:54:28,2022-06-10 15:37:51
14479,3851,49,0,2022-06-09 20:54:28,2022-06-10 15:37:51
14480,3851,50,0,2022-06-09 20:54:28,2022-06-10 15:37:51
14481,3851,54,0,2022-06-09 20:54:28,2022-06-10 15:37:51
14482,3852,49,0,2022-06-09 20:54:28,2022-06-10 15:37:51
14483,3852,51,0,2022-06-09 20:54:28,2022-06-10 15:37:51
14484,3852,54,0,2022-06-09 20:54:28,2022-06-10 15:37:51
14485,3853,103,0,2022-06-09 20:54:28,2022-06-10 15:37:51
14486,3853,104,0,2022-06-09 20:54:28,2022-06-10 15:37:51
14487,3853,105,0,2022-06-09 20:54:28,2022-06-10 15:37:51
14488,3853,106,0,2022-06-09 20:54:28,2022-06-10 15:37:51
14489,3853,108,0,2022-06-09 20:54:28,2022-06-10 15:37:51
14490,3853,109,0,2022-06-09 20:54:28,2022-06-10 15:37:51
14491,3853,139,0,2022-06-09 20:54:28,2022-06-10 15:37:51
14492,3854,111,0,2022-06-09 20:54:28,2022-06-10 15:37:51
14493,3854,113,0,2022-06-09 20:54:28,2022-06-10 15:37:51
14494,3855,103,0,2022-06-09 20:54:28,2022-06-10 15:37:51
14495,3855,140,0,2022-06-09 20:54:28,2022-06-10 15:37:51
14496,3856,103,0,2022-06-09 20:54:28,2022-06-10 15:37:51
14497,3856,107,0,2022-06-09 20:54:28,2022-06-10 15:37:51
14498,3856,140,0,2022-06-09 20:54:28,2022-06-10 15:37:51
14499,3857,49,0,2022-06-09 20:54:28,2022-06-10 15:37:51
14500,3857,126,0,2022-06-09 20:54:28,2022-06-10 15:37:51
14501,3858,49,0,2022-06-09 20:54:28,2022-06-10 15:37:51
14502,3858,52,0,2022-06-09 20:54:28,2022-06-10 15:37:51
14503,3858,126,0,2022-06-09 20:54:28,2022-06-10 15:37:51
14504,3859,67,0,2022-06-09 20:54:28,2022-06-10 15:37:51
14505,3859,68,0,2022-06-09 20:54:28,2022-06-10 15:37:51
14506,3860,,0,2022-06-09 20:54:28,2022-06-10 15:37:51
14507,3861,93,0,2022-06-09 20:54:28,2022-06-10 15:37:51
14508,3861,99,0,2022-06-09 20:54:28,2022-06-10 15:37:51
14509,3861,100,0,2022-06-09 20:54:28,2022-06-10 15:37:51
14510,3862,59,0,2022-06-09 20:54:28,2022-06-10 15:37:51
14511,3862,62,0,2022-06-09 20:54:28,2022-06-10 15:37:51
14512,3863,59,0,2022-06-09 20:54:28,2022-06-10 15:37:51
14513,3863,61,0,2022-06-09 20:54:28,2022-06-10 15:37:51
14514,3863,128,0,2022-06-09 20:54:28,2022-06-10 15:37:51
14515,3864,103,0,2022-06-09 20:54:28,2022-06-10 15:37:51
14516,3864,104,0,2022-06-09 20:54:28,2022-06-10 15:37:51
14517,3864,105,0,2022-06-09 20:54:28,2022-06-10 15:37:51
14518,3864,108,0,2022-06-09 20:54:28,2022-06-10 15:37:51
14519,3864,109,0,2022-06-09 20:54:28,2022-06-10 15:37:51
14520,3865,85,0,2022-06-09 20:54:28,2022-06-10 15:37:51
14521,3865,89,0,2022-06-09 20:54:28,2022-06-10 15:37:51
14522,3865,111,0,2022-06-09 20:54:28,2022-06-10 15:37:51
14523,3865,115,0,2022-06-09 20:54:28,2022-06-10 15:37:51
14524,3866,49,0,2022-06-09 20:54:28,2022-06-10 15:37:51
14525,3866,54,0,2022-06-09 20:54:28,2022-06-10 15:37:51
14526,3866,58,0,2022-06-09 20:54:28,2022-06-10 15:37:51
14527,3866,85,0,2022-06-09 20:54:28,2022-06-10 15:37:51
14528,3866,103,0,2022-06-09 20:54:28,2022-06-10 15:37:51
14529,3866,106,0,2022-06-09 20:54:28,2022-06-10 15:37:51
14530,3866,135,0,2022-06-09 20:54:28,2022-06-10 15:37:51
14531,3867,93,0,2022-06-09 20:54:28,2022-06-10 15:37:51
14532,3867,94,0,2022-06-09 20:54:28,2022-06-10 15:37:51
14533,3868,103,0,2022-06-09 20:54:28,2022-06-10 15:37:51
14534,3868,140,0,2022-06-09 20:54:28,2022-06-10 15:37:51
14535,3869,15,0,2022-06-09 20:54:28,2022-06-10 15:37:51
14536,3869,19,0,2022-06-09 20:54:28,2022-06-10 15:37:51
14537,3869,20,0,2022-06-09 20:54:28,2022-06-10 15:37:51
14538,3870,85,0,2022-06-09 20:54:28,2022-06-10 15:37:51
14539,3870,113,0,2022-06-09 20:54:28,2022-06-10 15:37:51
14540,3870,114,0,2022-06-09 20:54:28,2022-06-10 15:37:51
14541,3870,115,0,2022-06-09 20:54:28,2022-06-10 15:37:51
14542,3870,137,0,2022-06-09 20:54:28,2022-06-10 15:37:51
14543,3871,4,0,2022-06-09 20:54:28,2022-06-10 15:37:51
14544,3871,6,0,2022-06-09 20:54:28,2022-06-10 15:37:51
14545,3871,8,0,2022-06-09 20:54:28,2022-06-10 15:37:51
14546,3871,9,0,2022-06-09 20:54:28,2022-06-10 15:37:51
14547,3871,12,0,2022-06-09 20:54:28,2022-06-10 15:37:51
14548,3871,15,0,2022-06-09 20:54:28,2022-06-10 15:37:51
14549,3871,17,0,2022-06-09 20:54:28,2022-06-10 15:37:51
14550,3871,18,0,2022-06-09 20:54:28,2022-06-10 15:37:51
14551,3871,19,0,2022-06-09 20:54:28,2022-06-10 15:37:51
14552,3871,20,0,2022-06-09 20:54:28,2022-06-10 15:37:51
14553,3871,21,0,2022-06-09 20:54:28,2022-06-10 15:37:51
14554,3871,32,0,2022-06-09 20:54:28,2022-06-10 15:37:51
14555,3871,37,0,2022-06-09 20:54:28,2022-06-10 15:37:51
14556,3871,49,0,2022-06-09 20:54:28,2022-06-10 15:37:51
14557,3871,50,0,2022-06-09 20:54:28,2022-06-10 15:37:51
14558,3871,55,0,2022-06-09 20:54:28,2022-06-10 15:37:51
14559,3872,59,0,2022-06-09 20:54:28,2022-06-10 15:37:51
14560,3872,60,0,2022-06-09 20:54:28,2022-06-10 15:37:51
14561,3872,62,0,2022-06-09 20:54:28,2022-06-10 15:37:51
14562,3873,103,0,2022-06-09 20:54:28,2022-06-10 15:37:51
14563,3873,106,0,2022-06-09 20:54:28,2022-06-10 15:37:51
14564,3873,139,0,2022-06-09 20:54:28,2022-06-10 15:37:51
14565,3874,49,0,2022-06-09 20:54:28,2022-06-10 15:37:51
14566,3874,54,0,2022-06-09 20:54:28,2022-06-10 15:37:51
14567,3874,85,0,2022-06-09 20:54:28,2022-06-10 15:37:51
14568,3874,137,0,2022-06-09 20:54:28,2022-06-10 15:37:51
14569,3875,59,0,2022-06-09 20:54:28,2022-06-10 15:37:51
14570,3875,62,0,2022-06-09 20:54:28,2022-06-10 15:37:51
14571,3875,63,0,2022-06-09 20:54:28,2022-06-10 15:37:51
14572,3875,127,0,2022-06-09 20:54:28,2022-06-10 15:37:51
14573,3876,103,0,2022-06-09 20:54:28,2022-06-10 15:37:51
14574,3876,140,0,2022-06-09 20:54:28,2022-06-10 15:37:51
14575,3876,141,0,2022-06-09 20:54:28,2022-06-10 15:37:51
14576,3877,111,0,2022-06-09 20:54:28,2022-06-10 15:37:51
14577,3877,113,0,2022-06-09 20:54:28,2022-06-10 15:37:51
14578,3877,119,0,2022-06-09 20:54:28,2022-06-10 15:37:51
14579,3877,120,0,2022-06-09 20:54:28,2022-06-10 15:37:51
14580,3878,74,0,2022-06-09 20:54:28,2022-06-10 15:37:51
14581,3878,81,0,2022-06-09 20:54:28,2022-06-10 15:37:51
14582,3879,40,0,2022-06-09 20:54:28,2022-06-10 15:37:51
14583,3879,41,0,2022-06-09 20:54:28,2022-06-10 15:37:51
14584,3879,43,0,2022-06-09 20:54:28,2022-06-10 15:37:51
14585,3879,46,0,2022-06-09 20:54:28,2022-06-10 15:37:51
14586,3879,47,0,2022-06-09 20:54:28,2022-06-10 15:37:51
14587,3879,74,0,2022-06-09 20:54:28,2022-06-10 15:37:51
14588,3879,82,0,2022-06-09 20:54:28,2022-06-10 15:37:51
14589,3880,40,0,2022-06-09 20:54:28,2022-06-10 15:37:51
14590,3880,47,0,2022-06-09 20:54:28,2022-06-10 15:37:51
14591,3880,74,0,2022-06-09 20:54:28,2022-06-10 15:37:51
14592,3880,75,0,2022-06-09 20:54:28,2022-06-10 15:37:51
14593,3880,82,0,2022-06-09 20:54:28,2022-06-10 15:37:51
14594,3881,111,0,2022-06-09 20:54:28,2022-06-10 15:37:51
14595,3881,118,0,2022-06-09 20:54:28,2022-06-10 15:37:51
14596,3882,103,0,2022-06-09 20:54:28,2022-06-10 15:37:51
14597,3882,107,0,2022-06-09 20:54:28,2022-06-10 15:37:51
14598,3882,140,0,2022-06-09 20:54:28,2022-06-10 15:37:51
14599,3883,40,0,2022-06-09 20:54:28,2022-06-10 15:37:51
14600,3883,42,0,2022-06-09 20:54:28,2022-06-10 15:37:51
14601,3883,47,0,2022-06-09 20:54:28,2022-06-10 15:37:51
14602,3883,74,0,2022-06-09 20:54:28,2022-06-10 15:37:51
14603,3883,82,0,2022-06-09 20:54:28,2022-06-10 15:37:51
14604,3883,129,0,2022-06-09 20:54:28,2022-06-10 15:37:51
14605,3884,74,0,2022-06-09 20:54:28,2022-06-10 15:37:51
14606,3884,81,0,2022-06-09 20:54:28,2022-06-10 15:37:51
14607,3884,129,0,2022-06-09 20:54:28,2022-06-10 15:37:51
14608,3885,67,0,2022-06-09 20:54:28,2022-06-10 15:37:51
14609,3885,71,0,2022-06-09 20:54:28,2022-06-10 15:37:51
14610,3886,15,0,2022-06-09 20:54:28,2022-06-10 15:37:51
14611,3886,18,0,2022-06-09 20:54:28,2022-06-10 15:37:51
14612,3886,19,0,2022-06-09 20:54:28,2022-06-10 15:37:51
14613,3886,20,0,2022-06-09 20:54:28,2022-06-10 15:37:51
14614,3887,49,0,2022-06-09 20:54:28,2022-06-10 15:37:51
14615,3887,55,0,2022-06-09 20:54:28,2022-06-10 15:37:51
14616,3887,57,0,2022-06-09 20:54:28,2022-06-10 15:37:51
14617,3887,58,0,2022-06-09 20:54:28,2022-06-10 15:37:51
14618,3888,49,0,2022-06-09 20:54:28,2022-06-10 15:37:51
14619,3888,55,0,2022-06-09 20:54:28,2022-06-10 15:37:51
14620,3888,56,0,2022-06-09 20:54:28,2022-06-10 15:37:51
14621,3888,57,0,2022-06-09 20:54:28,2022-06-10 15:37:51
14622,3888,93,0,2022-06-09 20:54:28,2022-06-10 15:37:51
14623,3888,100,0,2022-06-09 20:54:28,2022-06-10 15:37:51
14624,3888,103,0,2022-06-09 20:54:28,2022-06-10 15:37:51
14625,3888,140,0,2022-06-09 20:54:28,2022-06-10 15:37:51
14626,3889,103,0,2022-06-09 20:54:28,2022-06-10 15:37:51
14627,3889,140,0,2022-06-09 20:54:28,2022-06-10 15:37:51
14628,3889,141,0,2022-06-09 20:54:28,2022-06-10 15:37:51
14629,3890,49,0,2022-06-09 20:54:28,2022-06-10 15:37:51
14630,3890,126,0,2022-06-09 20:54:28,2022-06-10 15:37:51
14631,3891,49,0,2022-06-09 20:54:28,2022-06-10 15:37:51
14632,3891,55,0,2022-06-09 20:54:28,2022-06-10 15:37:51
14633,3891,59,0,2022-06-09 20:54:28,2022-06-10 15:37:51
14634,3891,60,0,2022-06-09 20:54:28,2022-06-10 15:37:51
14635,3891,63,0,2022-06-09 20:54:28,2022-06-10 15:37:51
14636,3891,103,0,2022-06-09 20:54:28,2022-06-10 15:37:51
14637,3891,106,0,2022-06-09 20:54:28,2022-06-10 15:37:51
14638,3891,127,0,2022-06-09 20:54:28,2022-06-10 15:37:51
14639,3891,140,0,2022-06-09 20:54:28,2022-06-10 15:37:51
14640,3892,103,0,2022-06-09 20:54:28,2022-06-10 15:37:51
14641,3892,108,0,2022-06-09 20:54:28,2022-06-10 15:37:51
14642,3893,103,0,2022-06-09 20:54:28,2022-06-10 15:37:51
14643,3893,140,0,2022-06-09 20:54:28,2022-06-10 15:37:51
14644,3894,74,0,2022-06-09 20:54:28,2022-06-10 15:37:51
14645,3894,129,0,2022-06-09 20:54:28,2022-06-10 15:37:51
14646,3895,111,0,2022-06-09 20:54:28,2022-06-10 15:37:51
14647,3895,112,0,2022-06-09 20:54:28,2022-06-10 15:37:51
14648,3895,113,0,2022-06-09 20:54:28,2022-06-10 15:37:51
14649,3895,114,0,2022-06-09 20:54:28,2022-06-10 15:37:51
14650,3895,115,0,2022-06-09 20:54:28,2022-06-10 15:37:51
14651,3895,116,0,2022-06-09 20:54:28,2022-06-10 15:37:51
14652,3895,117,0,2022-06-09 20:54:28,2022-06-10 15:37:51
14653,3895,119,0,2022-06-09 20:54:28,2022-06-10 15:37:51
14654,3895,121,0,2022-06-09 20:54:28,2022-06-10 15:37:51
14655,3896,59,0,2022-06-09 20:54:28,2022-06-10 15:37:51
14656,3896,62,0,2022-06-09 20:54:28,2022-06-10 15:37:51
14657,3896,93,0,2022-06-09 20:54:28,2022-06-10 15:37:51
14658,3896,101,0,2022-06-09 20:54:28,2022-06-10 15:37:51
14659,3897,85,0,2022-06-09 20:54:28,2022-06-10 15:37:51
14660,3897,91,0,2022-06-09 20:54:28,2022-06-10 15:37:51
14661,3898,111,0,2022-06-09 20:54:28,2022-06-10 15:37:51
14662,3898,113,0,2022-06-09 20:54:28,2022-06-10 15:37:51
14663,3898,119,0,2022-06-09 20:54:28,2022-06-10 15:37:51
14664,3898,121,0,2022-06-09 20:54:28,2022-06-10 15:37:51
14665,3899,49,0,2022-06-09 20:54:28,2022-06-10 15:37:51
14666,3899,125,0,2022-06-09 20:54:28,2022-06-10 15:37:51
14667,3900,103,0,2022-06-09 20:54:28,2022-06-10 15:37:51
14668,3900,106,0,2022-06-09 20:54:28,2022-06-10 15:37:51
14669,3901,111,0,2022-06-09 20:54:28,2022-06-10 15:37:51
14670,3901,112,0,2022-06-09 20:54:28,2022-06-10 15:37:51
14671,3901,113,0,2022-06-09 20:54:28,2022-06-10 15:37:51
14672,3901,114,0,2022-06-09 20:54:28,2022-06-10 15:37:51
14673,3901,117,0,2022-06-09 20:54:28,2022-06-10 15:37:51
14674,3901,121,0,2022-06-09 20:54:28,2022-06-10 15:37:51
14675,3902,49,0,2022-06-09 20:54:29,2022-06-10 15:37:51
14676,3902,53,0,2022-06-09 20:54:29,2022-06-10 15:37:51
14677,3902,55,0,2022-06-09 20:54:29,2022-06-10 15:37:51
14678,3902,56,0,2022-06-09 20:54:29,2022-06-10 15:37:51
14679,3902,57,0,2022-06-09 20:54:29,2022-06-10 15:37:51
14680,3902,58,0,2022-06-09 20:54:29,2022-06-10 15:37:51
14681,3903,85,0,2022-06-09 20:54:29,2022-06-10 15:37:51
14682,3903,86,0,2022-06-09 20:54:29,2022-06-10 15:37:51
14683,3903,135,0,2022-06-09 20:54:29,2022-06-10 15:37:51
14684,3903,137,0,2022-06-09 20:54:29,2022-06-10 15:37:51
14685,3904,15,0,2022-06-09 20:54:29,2022-06-10 15:37:51
14686,3904,17,0,2022-06-09 20:54:29,2022-06-10 15:37:51
14687,3904,19,0,2022-06-09 20:54:29,2022-06-10 15:37:51
14688,3904,23,0,2022-06-09 20:54:29,2022-06-10 15:37:51
14689,3904,67,0,2022-06-09 20:54:29,2022-06-10 15:37:51
14690,3904,68,0,2022-06-09 20:54:29,2022-06-10 15:37:51
14691,3904,71,0,2022-06-09 20:54:29,2022-06-10 15:37:51
14692,3904,122,0,2022-06-09 20:54:29,2022-06-10 15:37:51
14693,3905,111,0,2022-06-09 20:54:29,2022-06-10 15:37:51
14694,3905,115,0,2022-06-09 20:54:29,2022-06-10 15:37:51
14695,3906,93,0,2022-06-09 20:54:29,2022-06-10 15:37:51
14696,3906,138,0,2022-06-09 20:54:29,2022-06-10 15:37:51
14697,3907,111,0,2022-06-09 20:54:29,2022-06-10 15:37:51
14698,3907,113,0,2022-06-09 20:54:29,2022-06-10 15:37:51
14699,3907,119,0,2022-06-09 20:54:29,2022-06-10 15:37:51
14700,3908,49,0,2022-06-09 20:54:29,2022-06-10 15:37:51
14701,3908,85,0,2022-06-09 20:54:29,2022-06-10 15:37:51
14702,3908,88,0,2022-06-09 20:54:29,2022-06-10 15:37:51
14703,3909,103,0,2022-06-09 20:54:29,2022-06-10 15:37:51
14704,3909,107,0,2022-06-09 20:54:29,2022-06-10 15:37:51
14705,3909,140,0,2022-06-09 20:54:29,2022-06-10 15:37:51
14706,3909,141,0,2022-06-09 20:54:29,2022-06-10 15:37:51
14707,3910,111,0,2022-06-09 20:54:29,2022-06-10 15:37:51
14708,3910,118,0,2022-06-09 20:54:29,2022-06-10 15:37:51
14709,3911,40,0,2022-06-09 20:54:29,2022-06-10 15:37:51
14710,3911,41,0,2022-06-09 20:54:29,2022-06-10 15:37:51
14711,3911,43,0,2022-06-09 20:54:29,2022-06-10 15:37:51
14712,3911,47,0,2022-06-09 20:54:29,2022-06-10 15:37:51
14713,3912,40,0,2022-06-09 20:54:29,2022-06-10 15:37:51
14714,3912,43,0,2022-06-09 20:54:29,2022-06-10 15:37:51
14715,3912,46,0,2022-06-09 20:54:29,2022-06-10 15:37:51
14716,3912,48,0,2022-06-09 20:54:29,2022-06-10 15:37:51
14717,3913,59,0,2022-06-09 20:54:29,2022-06-10 15:37:51
14718,3913,60,0,2022-06-09 20:54:29,2022-06-10 15:37:51
14719,3914,49,0,2022-06-09 20:54:29,2022-06-10 15:37:51
14720,3914,50,0,2022-06-09 20:54:29,2022-06-10 15:37:51
14721,3914,54,0,2022-06-09 20:54:29,2022-06-10 15:37:51
14722,3914,57,0,2022-06-09 20:54:29,2022-06-10 15:37:51
14723,3914,58,0,2022-06-09 20:54:29,2022-06-10 15:37:51
14724,3915,40,0,2022-06-09 20:54:29,2022-06-10 15:37:51
14725,3915,47,0,2022-06-09 20:54:29,2022-06-10 15:37:51
14726,3916,32,0,2022-06-09 20:54:29,2022-06-10 15:37:51
14727,3916,36,0,2022-06-09 20:54:29,2022-06-10 15:37:51
14728,3917,103,0,2022-06-09 20:54:29,2022-06-10 15:37:51
14729,3917,141,0,2022-06-09 20:54:29,2022-06-10 15:37:51
14730,3918,111,0,2022-06-09 20:54:29,2022-06-10 15:37:51
14731,3918,117,0,2022-06-09 20:54:29,2022-06-10 15:37:51
14732,3919,85,0,2022-06-09 20:54:29,2022-06-10 15:37:51
14733,3919,103,0,2022-06-09 20:54:29,2022-06-10 15:37:51
14734,3919,104,0,2022-06-09 20:54:29,2022-06-10 15:37:51
14735,3919,105,0,2022-06-09 20:54:29,2022-06-10 15:37:51
14736,3919,106,0,2022-06-09 20:54:29,2022-06-10 15:37:51
14737,3919,108,0,2022-06-09 20:54:29,2022-06-10 15:37:51
14738,3919,135,0,2022-06-09 20:54:29,2022-06-10 15:37:51
14739,3919,140,0,2022-06-09 20:54:29,2022-06-10 15:37:51
14740,3920,32,0,2022-06-09 20:54:29,2022-06-10 15:37:51
14741,3920,36,0,2022-06-09 20:54:29,2022-06-10 15:37:51
14742,3921,93,0,2022-06-09 20:54:29,2022-06-10 15:37:51
14743,3921,138,0,2022-06-09 20:54:29,2022-06-10 15:37:51
14744,3922,103,0,2022-06-09 20:54:29,2022-06-10 15:37:51
14745,3922,108,0,2022-06-09 20:54:29,2022-06-10 15:37:51
14746,3923,85,0,2022-06-09 20:54:29,2022-06-10 15:37:51
14747,3923,103,0,2022-06-09 20:54:29,2022-06-10 15:37:51
14748,3923,108,0,2022-06-09 20:54:29,2022-06-10 15:37:51
14749,3923,137,0,2022-06-09 20:54:29,2022-06-10 15:37:51
14750,3924,85,0,2022-06-09 20:54:29,2022-06-10 15:37:51
14751,3924,103,0,2022-06-09 20:54:29,2022-06-10 15:37:51
14752,3924,108,0,2022-06-09 20:54:29,2022-06-10 15:37:51
14753,3924,109,0,2022-06-09 20:54:29,2022-06-10 15:37:51
14754,3924,135,0,2022-06-09 20:54:29,2022-06-10 15:37:51
14755,3925,15,0,2022-06-09 20:54:29,2022-06-10 15:37:51
14756,3925,16,0,2022-06-09 20:54:29,2022-06-10 15:37:51
14757,3926,93,0,2022-06-09 20:54:29,2022-06-10 15:37:51
14758,3926,138,0,2022-06-09 20:54:29,2022-06-10 15:37:51
14759,3927,111,0,2022-06-09 20:54:29,2022-06-10 15:37:51
14760,3927,112,0,2022-06-09 20:54:29,2022-06-10 15:37:51
14761,3927,113,0,2022-06-09 20:54:29,2022-06-10 15:37:51
14762,3927,114,0,2022-06-09 20:54:29,2022-06-10 15:37:51
14763,3927,117,0,2022-06-09 20:54:29,2022-06-10 15:37:51
14764,3928,59,0,2022-06-09 20:54:29,2022-06-10 15:37:51
14765,3928,62,0,2022-06-09 20:54:29,2022-06-10 15:37:51
14766,3929,49,0,2022-06-09 20:54:29,2022-06-10 15:37:51
14767,3929,50,0,2022-06-09 20:54:29,2022-06-10 15:37:51
14768,3930,49,0,2022-06-09 20:54:29,2022-06-10 15:37:51
14769,3930,50,0,2022-06-09 20:54:29,2022-06-10 15:37:51
14770,3930,51,0,2022-06-09 20:54:29,2022-06-10 15:37:51
14771,3930,52,0,2022-06-09 20:54:29,2022-06-10 15:37:51
14772,3930,54,0,2022-06-09 20:54:29,2022-06-10 15:37:51
14773,3930,55,0,2022-06-09 20:54:29,2022-06-10 15:37:51
14774,3930,74,0,2022-06-09 20:54:29,2022-06-10 15:37:51
14775,3930,84,0,2022-06-09 20:54:29,2022-06-10 15:37:51
14776,3930,85,0,2022-06-09 20:54:29,2022-06-10 15:37:51
14777,3930,89,0,2022-06-09 20:54:29,2022-06-10 15:37:51
14778,3930,90,0,2022-06-09 20:54:29,2022-06-10 15:37:51
14779,3931,103,0,2022-06-09 20:54:29,2022-06-10 15:37:51
14780,3931,105,0,2022-06-09 20:54:29,2022-06-10 15:37:51
14781,3931,108,0,2022-06-09 20:54:29,2022-06-10 15:37:51
14782,3932,15,0,2022-06-09 20:54:29,2022-06-10 15:37:51
14783,3932,17,0,2022-06-09 20:54:29,2022-06-10 15:37:51
14784,3932,18,0,2022-06-09 20:54:29,2022-06-10 15:37:51
14785,3932,19,0,2022-06-09 20:54:29,2022-06-10 15:37:51
14786,3933,103,0,2022-06-09 20:54:29,2022-06-10 15:37:51
14787,3933,105,0,2022-06-09 20:54:29,2022-06-10 15:37:51
14788,3934,103,0,2022-06-09 20:54:29,2022-06-10 15:37:51
14789,3934,110,0,2022-06-09 20:54:29,2022-06-10 15:37:51
14790,3934,139,0,2022-06-09 20:54:29,2022-06-10 15:37:51
14791,3935,111,0,2022-06-09 20:54:29,2022-06-10 15:37:51
14792,3935,112,0,2022-06-09 20:54:29,2022-06-10 15:37:51
14793,3935,114,0,2022-06-09 20:54:29,2022-06-10 15:37:51
14794,3935,117,0,2022-06-09 20:54:29,2022-06-10 15:37:51
14795,3935,119,0,2022-06-09 20:54:29,2022-06-10 15:37:51
14796,3936,111,0,2022-06-09 20:54:29,2022-06-10 15:37:51
14797,3936,112,0,2022-06-09 20:54:29,2022-06-10 15:37:51
14798,3936,113,0,2022-06-09 20:54:29,2022-06-10 15:37:51
14799,3936,114,0,2022-06-09 20:54:29,2022-06-10 15:37:51
14800,3936,116,0,2022-06-09 20:54:29,2022-06-10 15:37:51
14801,3936,117,0,2022-06-09 20:54:29,2022-06-10 15:37:51
14802,3937,103,0,2022-06-09 20:54:29,2022-06-10 15:37:51
14803,3937,140,0,2022-06-09 20:54:29,2022-06-10 15:37:51
14804,3938,111,0,2022-06-09 20:54:29,2022-06-10 15:37:51
14805,3938,118,0,2022-06-09 20:54:29,2022-06-10 15:37:51
14806,3939,74,0,2022-06-09 20:54:29,2022-06-10 15:37:51
14807,3939,81,0,2022-06-09 20:54:29,2022-06-10 15:37:51
14808,3939,111,0,2022-06-09 20:54:29,2022-06-10 15:37:51
14809,3939,113,0,2022-06-09 20:54:29,2022-06-10 15:37:51
14810,3939,116,0,2022-06-09 20:54:29,2022-06-10 15:37:51
14811,3939,119,0,2022-06-09 20:54:29,2022-06-10 15:37:51
14812,3940,103,0,2022-06-09 20:54:29,2022-06-10 15:37:51
14813,3940,106,0,2022-06-09 20:54:29,2022-06-10 15:37:51
14814,3941,74,0,2022-06-09 20:54:29,2022-06-10 15:37:51
14815,3941,84,0,2022-06-09 20:54:29,2022-06-10 15:37:51
14816,3941,93,0,2022-06-09 20:54:29,2022-06-10 15:37:51
14817,3942,49,0,2022-06-09 20:54:29,2022-06-10 15:37:51
14818,3942,50,0,2022-06-09 20:54:29,2022-06-10 15:37:51
14819,3942,51,0,2022-06-09 20:54:29,2022-06-10 15:37:51
14820,3942,52,0,2022-06-09 20:54:29,2022-06-10 15:37:51
14821,3942,55,0,2022-06-09 20:54:29,2022-06-10 15:37:51
14822,3943,103,0,2022-06-09 20:54:29,2022-06-10 15:37:51
14823,3943,109,0,2022-06-09 20:54:29,2022-06-10 15:37:51
14824,3944,25,0,2022-06-09 20:54:29,2022-06-10 15:37:51
14825,3944,26,0,2022-06-09 20:54:29,2022-06-10 15:37:51
14826,3944,27,0,2022-06-09 20:54:29,2022-06-10 15:37:51
14827,3944,29,0,2022-06-09 20:54:29,2022-06-10 15:37:51
14828,3944,30,0,2022-06-09 20:54:29,2022-06-10 15:37:51
14829,3944,124,0,2022-06-09 20:54:29,2022-06-10 15:37:51
14830,3945,111,0,2022-06-09 20:54:29,2022-06-10 15:37:51
14831,3945,116,0,2022-06-09 20:54:29,2022-06-10 15:37:51
14832,3945,118,0,2022-06-09 20:54:29,2022-06-10 15:37:51
14833,3946,74,0,2022-06-09 20:54:29,2022-06-10 15:37:51
14834,3946,81,0,2022-06-09 20:54:29,2022-06-10 15:37:51
14835,3946,103,0,2022-06-09 20:54:29,2022-06-10 15:37:51
14836,3946,141,0,2022-06-09 20:54:29,2022-06-10 15:37:51
14837,3947,111,0,2022-06-09 20:54:29,2022-06-10 15:37:51
14838,3947,114,0,2022-06-09 20:54:29,2022-06-10 15:37:51
14839,3947,116,0,2022-06-09 20:54:29,2022-06-10 15:37:51
14840,3947,117,0,2022-06-09 20:54:29,2022-06-10 15:37:51
14841,3947,119,0,2022-06-09 20:54:29,2022-06-10 15:37:51
14842,3948,111,0,2022-06-09 20:54:29,2022-06-10 15:37:51
14843,3948,114,0,2022-06-09 20:54:29,2022-06-10 15:37:51
14844,3948,119,0,2022-06-09 20:54:29,2022-06-10 15:37:51
14845,3948,121,0,2022-06-09 20:54:29,2022-06-10 15:37:51
14846,3949,59,0,2022-06-09 20:54:29,2022-06-10 15:37:51
14847,3949,85,0,2022-06-09 20:54:29,2022-06-10 15:37:51
14848,3949,135,0,2022-06-09 20:54:29,2022-06-10 15:37:51
14849,3950,49,0,2022-06-09 20:54:29,2022-06-10 15:37:51
14850,3950,50,0,2022-06-09 20:54:29,2022-06-10 15:37:51
14851,3950,52,0,2022-06-09 20:54:29,2022-06-10 15:37:51
14852,3951,85,0,2022-06-09 20:54:29,2022-06-10 15:37:51
14853,3951,111,0,2022-06-09 20:54:29,2022-06-10 15:37:51
14854,3951,113,0,2022-06-09 20:54:29,2022-06-10 15:37:51
14855,3951,119,0,2022-06-09 20:54:29,2022-06-10 15:37:51
14856,3951,137,0,2022-06-09 20:54:29,2022-06-10 15:37:51
14857,3952,49,0,2022-06-09 20:54:29,2022-06-10 15:37:51
14858,3952,50,0,2022-06-09 20:54:29,2022-06-10 15:37:51
14859,3952,51,0,2022-06-09 20:54:29,2022-06-10 15:37:51
14860,3952,53,0,2022-06-09 20:54:29,2022-06-10 15:37:51
14861,3952,54,0,2022-06-09 20:54:29,2022-06-10 15:37:51
14862,3952,55,0,2022-06-09 20:54:29,2022-06-10 15:37:51
14863,3952,56,0,2022-06-09 20:54:29,2022-06-10 15:37:51
14864,3952,57,0,2022-06-09 20:54:29,2022-06-10 15:37:51
14865,3952,58,0,2022-06-09 20:54:29,2022-06-10 15:37:51
14866,3953,49,0,2022-06-09 20:54:29,2022-06-10 15:37:51
14867,3953,50,0,2022-06-09 20:54:29,2022-06-10 15:37:51
14868,3953,51,0,2022-06-09 20:54:29,2022-06-10 15:37:51
14869,3953,52,0,2022-06-09 20:54:29,2022-06-10 15:37:51
14870,3953,126,0,2022-06-09 20:54:29,2022-06-10 15:37:51
14871,3954,103,0,2022-06-09 20:54:29,2022-06-10 15:37:51
14872,3954,140,0,2022-06-09 20:54:29,2022-06-10 15:37:51
14873,3954,141,0,2022-06-09 20:54:29,2022-06-10 15:37:51
14874,3955,59,0,2022-06-09 20:54:29,2022-06-10 15:37:51
14875,3955,127,0,2022-06-09 20:54:29,2022-06-10 15:37:51
14876,3956,49,0,2022-06-09 20:54:29,2022-06-10 15:37:51
14877,3956,54,0,2022-06-09 20:54:29,2022-06-10 15:37:51
14878,3956,85,0,2022-06-09 20:54:29,2022-06-10 15:37:51
14879,3956,89,0,2022-06-09 20:54:29,2022-06-10 15:37:51
14880,3957,85,0,2022-06-09 20:54:29,2022-06-10 15:37:51
14881,3957,135,0,2022-06-09 20:54:29,2022-06-10 15:37:51
14882,3957,136,0,2022-06-09 20:54:29,2022-06-10 15:37:51
14883,3957,137,0,2022-06-09 20:54:29,2022-06-10 15:37:51
14884,3957,142,0,2022-06-09 20:54:29,2022-06-10 15:37:51
14885,3958,25,0,2022-06-09 20:54:29,2022-06-10 15:37:51
14886,3958,32,0,2022-06-09 20:54:29,2022-06-10 15:37:51
14887,3958,36,0,2022-06-09 20:54:29,2022-06-10 15:37:51
14888,3958,124,0,2022-06-09 20:54:29,2022-06-10 15:37:51
14889,3959,111,0,2022-06-09 20:54:29,2022-06-10 15:37:51
14890,3959,112,0,2022-06-09 20:54:29,2022-06-10 15:37:51
14891,3959,113,0,2022-06-09 20:54:29,2022-06-10 15:37:51
14892,3959,114,0,2022-06-09 20:54:29,2022-06-10 15:37:51
14893,3959,115,0,2022-06-09 20:54:29,2022-06-10 15:37:51
14894,3959,116,0,2022-06-09 20:54:29,2022-06-10 15:37:51
14895,3959,117,0,2022-06-09 20:54:29,2022-06-10 15:37:51
14896,3959,118,0,2022-06-09 20:54:29,2022-06-10 15:37:51
14897,3959,119,0,2022-06-09 20:54:29,2022-06-10 15:37:51
14898,3959,120,0,2022-06-09 20:54:29,2022-06-10 15:37:51
14899,3959,121,0,2022-06-09 20:54:29,2022-06-10 15:37:51
14900,3960,32,0,2022-06-09 20:54:29,2022-06-10 15:37:51
14901,3960,36,0,2022-06-09 20:54:29,2022-06-10 15:37:51
14902,3960,59,0,2022-06-09 20:54:29,2022-06-10 15:37:51
14903,3960,61,0,2022-06-09 20:54:29,2022-06-10 15:37:51
14904,3960,127,0,2022-06-09 20:54:29,2022-06-10 15:37:51
14905,3961,49,0,2022-06-09 20:54:29,2022-06-10 15:37:51
14906,3961,56,0,2022-06-09 20:54:29,2022-06-10 15:37:51
14907,3961,126,0,2022-06-09 20:54:29,2022-06-10 15:37:51
14908,3962,85,0,2022-06-09 20:54:29,2022-06-10 15:37:51
14909,3962,111,0,2022-06-09 20:54:29,2022-06-10 15:37:51
14910,3962,117,0,2022-06-09 20:54:29,2022-06-10 15:37:51
14911,3962,118,0,2022-06-09 20:54:29,2022-06-10 15:37:51
14912,3962,135,0,2022-06-09 20:54:29,2022-06-10 15:37:51
14913,3963,15,0,2022-06-09 20:54:29,2022-06-10 15:37:51
14914,3963,16,0,2022-06-09 20:54:29,2022-06-10 15:37:51
14915,3963,19,0,2022-06-09 20:54:29,2022-06-10 15:37:51
14916,3963,20,0,2022-06-09 20:54:29,2022-06-10 15:37:51
14917,3963,21,0,2022-06-09 20:54:29,2022-06-10 15:37:51
14918,3963,22,0,2022-06-09 20:54:29,2022-06-10 15:37:51
14919,3963,24,0,2022-06-09 20:54:29,2022-06-10 15:37:51
14920,3963,32,0,2022-06-09 20:54:29,2022-06-10 15:37:51
14921,3963,33,0,2022-06-09 20:54:29,2022-06-10 15:37:51
14922,3963,35,0,2022-06-09 20:54:29,2022-06-10 15:37:51
14923,3963,38,0,2022-06-09 20:54:29,2022-06-10 15:37:51
14924,3964,111,0,2022-06-09 20:54:29,2022-06-10 15:37:51
14925,3964,113,0,2022-06-09 20:54:29,2022-06-10 15:37:51
14926,3965,93,0,2022-06-09 20:54:29,2022-06-10 15:37:51
14927,3965,94,0,2022-06-09 20:54:29,2022-06-10 15:37:51
14928,3966,49,0,2022-06-09 20:54:29,2022-06-10 15:37:51
14929,3966,54,0,2022-06-09 20:54:29,2022-06-10 15:37:51
14930,3966,55,0,2022-06-09 20:54:29,2022-06-10 15:37:51
14931,3966,67,0,2022-06-09 20:54:29,2022-06-10 15:37:51
14932,3966,68,0,2022-06-09 20:54:29,2022-06-10 15:37:51
14933,3966,85,0,2022-06-09 20:54:29,2022-06-10 15:37:51
14934,3966,103,0,2022-06-09 20:54:29,2022-06-10 15:37:51
14935,3966,106,0,2022-06-09 20:54:29,2022-06-10 15:37:51
14936,3966,109,0,2022-06-09 20:54:29,2022-06-10 15:37:51
14937,3966,111,0,2022-06-09 20:54:29,2022-06-10 15:37:51
14938,3966,117,0,2022-06-09 20:54:29,2022-06-10 15:37:51
14939,3966,135,0,2022-06-09 20:54:29,2022-06-10 15:37:51
14940,3967,15,0,2022-06-09 20:54:29,2022-06-10 15:37:51
14941,3967,20,0,2022-06-09 20:54:29,2022-06-10 15:37:51
14942,3967,49,0,2022-06-09 20:54:29,2022-06-10 15:37:51
14943,3967,50,0,2022-06-09 20:54:29,2022-06-10 15:37:51
14944,3967,55,0,2022-06-09 20:54:29,2022-06-10 15:37:51
14945,3967,56,0,2022-06-09 20:54:29,2022-06-10 15:37:51
14946,3967,57,0,2022-06-09 20:54:29,2022-06-10 15:37:51
14947,3967,67,0,2022-06-09 20:54:29,2022-06-10 15:37:51
14948,3967,68,0,2022-06-09 20:54:29,2022-06-10 15:37:51
14949,3967,85,0,2022-06-09 20:54:29,2022-06-10 15:37:51
14950,3967,89,0,2022-06-09 20:54:29,2022-06-10 15:37:51
14951,3967,93,0,2022-06-09 20:54:29,2022-06-10 15:37:51
14952,3967,100,0,2022-06-09 20:54:29,2022-06-10 15:37:51
14953,3967,111,0,2022-06-09 20:54:29,2022-06-10 15:37:51
14954,3967,112,0,2022-06-09 20:54:29,2022-06-10 15:37:51
14955,3967,113,0,2022-06-09 20:54:29,2022-06-10 15:37:51
14956,3967,114,0,2022-06-09 20:54:29,2022-06-10 15:37:51
14957,3967,115,0,2022-06-09 20:54:29,2022-06-10 15:37:51
14958,3967,116,0,2022-06-09 20:54:29,2022-06-10 15:37:51
14959,3967,117,0,2022-06-09 20:54:29,2022-06-10 15:37:51
14960,3967,118,0,2022-06-09 20:54:29,2022-06-10 15:37:51
14961,3967,121,0,2022-06-09 20:54:29,2022-06-10 15:37:51
14962,3968,93,0,2022-06-09 20:54:29,2022-06-10 15:37:51
14963,3968,94,0,2022-06-09 20:54:29,2022-06-10 15:37:51
14964,3969,40,0,2022-06-09 20:54:29,2022-06-10 15:37:51
14965,3969,41,0,2022-06-09 20:54:29,2022-06-10 15:37:51
14966,3969,47,0,2022-06-09 20:54:29,2022-06-10 15:37:51
14967,3970,59,0,2022-06-09 20:54:29,2022-06-10 15:37:51
14968,3970,85,0,2022-06-09 20:54:29,2022-06-10 15:37:51
14969,3970,128,0,2022-06-09 20:54:29,2022-06-10 15:37:51
14970,3970,137,0,2022-06-09 20:54:29,2022-06-10 15:37:51
14971,3971,111,0,2022-06-09 20:54:29,2022-06-10 15:37:51
14972,3971,113,0,2022-06-09 20:54:29,2022-06-10 15:37:51
14973,3971,114,0,2022-06-09 20:54:29,2022-06-10 15:37:51
14974,3971,119,0,2022-06-09 20:54:29,2022-06-10 15:37:51
14975,3971,121,0,2022-06-09 20:54:29,2022-06-10 15:37:51
14976,3972,4,0,2022-06-09 20:54:30,2022-06-10 15:37:51
14977,3972,5,0,2022-06-09 20:54:30,2022-06-10 15:37:51
14978,3973,49,0,2022-06-09 20:54:30,2022-06-10 15:37:51
14979,3973,50,0,2022-06-09 20:54:30,2022-06-10 15:37:51
14980,3973,126,0,2022-06-09 20:54:30,2022-06-10 15:37:51
14981,3974,85,0,2022-06-09 20:54:30,2022-06-10 15:37:51
14982,3974,89,0,2022-06-09 20:54:30,2022-06-10 15:37:51
14983,3974,137,0,2022-06-09 20:54:30,2022-06-10 15:37:51
14984,3975,49,0,2022-06-09 20:54:30,2022-06-10 15:37:51
14985,3975,54,0,2022-06-09 20:54:30,2022-06-10 15:37:51
14986,3975,103,0,2022-06-09 20:54:30,2022-06-10 15:37:51
14987,3975,106,0,2022-06-09 20:54:30,2022-06-10 15:37:51
14988,3976,103,0,2022-06-09 20:54:30,2022-06-10 15:37:51
14989,3976,140,0,2022-06-09 20:54:30,2022-06-10 15:37:51
14990,3976,141,0,2022-06-09 20:54:30,2022-06-10 15:37:51
14991,3977,49,0,2022-06-09 20:54:30,2022-06-10 15:37:51
14992,3977,56,0,2022-06-09 20:54:30,2022-06-10 15:37:51
14993,3978,15,0,2022-06-09 20:54:30,2022-06-10 15:37:51
14994,3978,122,0,2022-06-09 20:54:30,2022-06-10 15:37:51
14995,3979,93,0,2022-06-09 20:54:30,2022-06-10 15:37:51
14996,3979,98,0,2022-06-09 20:54:30,2022-06-10 15:37:51
14997,3979,111,0,2022-06-09 20:54:30,2022-06-10 15:37:51
14998,3979,113,0,2022-06-09 20:54:30,2022-06-10 15:37:51
14999,3979,114,0,2022-06-09 20:54:30,2022-06-10 15:37:51
15000,3979,117,0,2022-06-09 20:54:30,2022-06-10 15:37:51
15001,3979,119,0,2022-06-09 20:54:30,2022-06-10 15:37:51
15002,3980,40,0,2022-06-09 20:54:30,2022-06-10 15:37:51
15003,3980,41,0,2022-06-09 20:54:30,2022-06-10 15:37:51
15004,3980,42,0,2022-06-09 20:54:30,2022-06-10 15:37:51
15005,3980,43,0,2022-06-09 20:54:30,2022-06-10 15:37:51
15006,3980,47,0,2022-06-09 20:54:30,2022-06-10 15:37:51
15007,3981,40,0,2022-06-09 20:54:30,2022-06-10 15:37:51
15008,3981,41,0,2022-06-09 20:54:30,2022-06-10 15:37:51
15009,3981,43,0,2022-06-09 20:54:30,2022-06-10 15:37:51
15010,3981,46,0,2022-06-09 20:54:30,2022-06-10 15:37:51
15011,3981,47,0,2022-06-09 20:54:30,2022-06-10 15:37:51
15012,3982,111,0,2022-06-09 20:54:30,2022-06-10 15:37:51
15013,3982,112,0,2022-06-09 20:54:30,2022-06-10 15:37:51
15014,3982,113,0,2022-06-09 20:54:30,2022-06-10 15:37:51
15015,3982,114,0,2022-06-09 20:54:30,2022-06-10 15:37:51
15016,3982,115,0,2022-06-09 20:54:30,2022-06-10 15:37:51
15017,3982,116,0,2022-06-09 20:54:30,2022-06-10 15:37:51
15018,3982,119,0,2022-06-09 20:54:30,2022-06-10 15:37:51
15019,3983,15,0,2022-06-09 20:54:30,2022-06-10 15:37:51
15020,3983,17,0,2022-06-09 20:54:30,2022-06-10 15:37:51
15021,3983,18,0,2022-06-09 20:54:30,2022-06-10 15:37:51
15022,3983,19,0,2022-06-09 20:54:30,2022-06-10 15:37:51
15023,3983,20,0,2022-06-09 20:54:30,2022-06-10 15:37:51
15024,3983,74,0,2022-06-09 20:54:30,2022-06-10 15:37:51
15025,3983,83,0,2022-06-09 20:54:30,2022-06-10 15:37:51
15026,3984,15,0,2022-06-09 20:54:30,2022-06-10 15:37:51
15027,3984,20,0,2022-06-09 20:54:30,2022-06-10 15:37:51
15028,3985,103,0,2022-06-09 20:54:30,2022-06-10 15:37:51
15029,3985,108,0,2022-06-09 20:54:30,2022-06-10 15:37:51
15030,3985,140,0,2022-06-09 20:54:30,2022-06-10 15:37:51
15031,3986,103,0,2022-06-09 20:54:30,2022-06-10 15:37:51
15032,3986,107,0,2022-06-09 20:54:30,2022-06-10 15:37:51
15033,3986,108,0,2022-06-09 20:54:30,2022-06-10 15:37:51
15034,3986,109,0,2022-06-09 20:54:30,2022-06-10 15:37:51
15035,3986,110,0,2022-06-09 20:54:30,2022-06-10 15:37:51
15036,3986,139,0,2022-06-09 20:54:30,2022-06-10 15:37:51
15037,3986,140,0,2022-06-09 20:54:30,2022-06-10 15:37:51
15038,3986,141,0,2022-06-09 20:54:30,2022-06-10 15:37:51
15039,3987,40,0,2022-06-09 20:54:30,2022-06-10 15:37:51
15040,3987,41,0,2022-06-09 20:54:30,2022-06-10 15:37:51
15041,3988,103,0,2022-06-09 20:54:30,2022-06-10 15:37:51
15042,3988,107,0,2022-06-09 20:54:30,2022-06-10 15:37:51
15043,3988,108,0,2022-06-09 20:54:30,2022-06-10 15:37:51
15044,3988,109,0,2022-06-09 20:54:30,2022-06-10 15:37:51
15045,3989,15,0,2022-06-09 20:54:30,2022-06-10 15:37:51
15046,3989,20,0,2022-06-09 20:54:30,2022-06-10 15:37:51
15047,3990,74,0,2022-06-09 20:54:30,2022-06-10 15:37:51
15048,3990,79,0,2022-06-09 20:54:30,2022-06-10 15:37:51
15049,3990,83,0,2022-06-09 20:54:30,2022-06-10 15:37:51
15050,3990,84,0,2022-06-09 20:54:30,2022-06-10 15:37:51
15051,3991,93,0,2022-06-09 20:54:30,2022-06-10 15:37:51
15052,3991,94,0,2022-06-09 20:54:30,2022-06-10 15:37:51
15053,3992,103,0,2022-06-09 20:54:30,2022-06-10 15:37:51
15054,3992,104,0,2022-06-09 20:54:30,2022-06-10 15:37:51
15055,3992,105,0,2022-06-09 20:54:30,2022-06-10 15:37:51
15056,3992,108,0,2022-06-09 20:54:30,2022-06-10 15:37:51
15057,3992,139,0,2022-06-09 20:54:30,2022-06-10 15:37:51
15058,3993,49,0,2022-06-09 20:54:30,2022-06-10 15:37:51
15059,3993,50,0,2022-06-09 20:54:30,2022-06-10 15:37:51
15060,3993,51,0,2022-06-09 20:54:30,2022-06-10 15:37:51
15061,3993,52,0,2022-06-09 20:54:30,2022-06-10 15:37:51
15062,3993,56,0,2022-06-09 20:54:30,2022-06-10 15:37:51
15063,3993,67,0,2022-06-09 20:54:30,2022-06-10 15:37:51
15064,3993,68,0,2022-06-09 20:54:30,2022-06-10 15:37:51
15065,3993,71,0,2022-06-09 20:54:30,2022-06-10 15:37:51
15066,3993,72,0,2022-06-09 20:54:30,2022-06-10 15:37:51
15067,3993,74,0,2022-06-09 20:54:30,2022-06-10 15:37:51
15068,3993,93,0,2022-06-09 20:54:30,2022-06-10 15:37:51
15069,3993,94,0,2022-06-09 20:54:30,2022-06-10 15:37:51
15070,3993,100,0,2022-06-09 20:54:30,2022-06-10 15:37:51
15071,3993,111,0,2022-06-09 20:54:30,2022-06-10 15:37:51
15072,3993,116,0,2022-06-09 20:54:30,2022-06-10 15:37:51
15073,3993,125,0,2022-06-09 20:54:30,2022-06-10 15:37:51
15074,3993,126,0,2022-06-09 20:54:30,2022-06-10 15:37:51
15075,3993,129,0,2022-06-09 20:54:30,2022-06-10 15:37:51
15076,3994,15,0,2022-06-09 20:54:30,2022-06-10 15:37:51
15077,3994,20,0,2022-06-09 20:54:30,2022-06-10 15:37:51
15078,3995,93,0,2022-06-09 20:54:30,2022-06-10 15:37:51
15079,3995,100,0,2022-06-09 20:54:30,2022-06-10 15:37:51
15080,3995,111,0,2022-06-09 20:54:30,2022-06-10 15:37:51
15081,3995,116,0,2022-06-09 20:54:30,2022-06-10 15:37:51
15082,3995,117,0,2022-06-09 20:54:30,2022-06-10 15:37:51
15083,3996,103,0,2022-06-09 20:54:30,2022-06-10 15:37:51
15084,3996,140,0,2022-06-09 20:54:30,2022-06-10 15:37:51
15085,3997,59,0,2022-06-09 20:54:30,2022-06-10 15:37:51
15086,3997,60,0,2022-06-09 20:54:30,2022-06-10 15:37:51
15087,3997,127,0,2022-06-09 20:54:30,2022-06-10 15:37:51
15088,3997,128,0,2022-06-09 20:54:30,2022-06-10 15:37:51
15089,3998,93,0,2022-06-09 20:54:30,2022-06-10 15:37:51
15090,3998,138,0,2022-06-09 20:54:30,2022-06-10 15:37:51
15091,3999,49,0,2022-06-09 20:54:30,2022-06-10 15:37:51
15092,3999,54,0,2022-06-09 20:54:30,2022-06-10 15:37:51
15093,4000,93,0,2022-06-09 20:54:30,2022-06-10 15:37:51
15094,4000,103,0,2022-06-09 20:54:30,2022-06-10 15:37:51
15095,4000,138,0,2022-06-09 20:54:30,2022-06-10 15:37:51
15096,4000,141,0,2022-06-09 20:54:30,2022-06-10 15:37:51
15097,4001,93,0,2022-06-09 20:54:30,2022-06-10 15:37:51
15098,4001,94,0,2022-06-09 20:54:30,2022-06-10 15:37:51
15099,4002,49,0,2022-06-09 20:54:30,2022-06-10 15:37:51
15100,4002,50,0,2022-06-09 20:54:30,2022-06-10 15:37:51
15101,4002,57,0,2022-06-09 20:54:30,2022-06-10 15:37:51
15102,4002,111,0,2022-06-09 20:54:30,2022-06-10 15:37:51
15103,4002,112,0,2022-06-09 20:54:30,2022-06-10 15:37:51
15104,4003,103,0,2022-06-09 20:54:30,2022-06-10 15:37:51
15105,4003,107,0,2022-06-09 20:54:30,2022-06-10 15:37:51
15106,4003,109,0,2022-06-09 20:54:30,2022-06-10 15:37:51
15107,4003,139,0,2022-06-09 20:54:30,2022-06-10 15:37:51
15108,4004,49,0,2022-06-09 20:54:30,2022-06-10 15:37:51
15109,4004,54,0,2022-06-09 20:54:30,2022-06-10 15:37:51
15110,4004,74,0,2022-06-09 20:54:30,2022-06-10 15:37:51
15111,4004,81,0,2022-06-09 20:54:30,2022-06-10 15:37:51
15112,4004,111,0,2022-06-09 20:54:30,2022-06-10 15:37:51
15113,4004,113,0,2022-06-09 20:54:30,2022-06-10 15:37:51
15114,4004,114,0,2022-06-09 20:54:30,2022-06-10 15:37:51
15115,4004,117,0,2022-06-09 20:54:30,2022-06-10 15:37:51
15116,4004,118,0,2022-06-09 20:54:30,2022-06-10 15:37:51
15117,4005,111,0,2022-06-09 20:54:30,2022-06-10 15:37:51
15118,4005,113,0,2022-06-09 20:54:30,2022-06-10 15:37:51
15119,4006,103,0,2022-06-09 20:54:30,2022-06-10 15:37:51
15120,4006,141,0,2022-06-09 20:54:30,2022-06-10 15:37:51
15121,4007,103,0,2022-06-09 20:54:30,2022-06-10 15:37:51
15122,4007,105,0,2022-06-09 20:54:30,2022-06-10 15:37:51
15123,4007,140,0,2022-06-09 20:54:30,2022-06-10 15:37:51
15124,4007,141,0,2022-06-09 20:54:30,2022-06-10 15:37:51
15125,4008,40,0,2022-06-09 20:54:30,2022-06-10 15:37:51
15126,4008,41,0,2022-06-09 20:54:30,2022-06-10 15:37:51
15127,4008,47,0,2022-06-09 20:54:30,2022-06-10 15:37:51
15128,4009,111,0,2022-06-09 20:54:30,2022-06-10 15:37:51
15129,4009,113,0,2022-06-09 20:54:30,2022-06-10 15:37:51
15130,4009,119,0,2022-06-09 20:54:30,2022-06-10 15:37:51
15131,4009,121,0,2022-06-09 20:54:30,2022-06-10 15:37:51
15132,4010,93,0,2022-06-09 20:54:30,2022-06-10 15:37:51
15133,4010,103,0,2022-06-09 20:54:30,2022-06-10 15:37:51
15134,4010,107,0,2022-06-09 20:54:30,2022-06-10 15:37:51
15135,4011,74,0,2022-06-09 20:54:30,2022-06-10 15:37:51
15136,4011,77,0,2022-06-09 20:54:30,2022-06-10 15:37:51
15137,4012,40,0,2022-06-09 20:54:30,2022-06-10 15:37:51
15138,4012,41,0,2022-06-09 20:54:30,2022-06-10 15:37:51
15139,4012,47,0,2022-06-09 20:54:30,2022-06-10 15:37:51
15140,4012,59,0,2022-06-09 20:54:30,2022-06-10 15:37:51
15141,4012,74,0,2022-06-09 20:54:30,2022-06-10 15:37:51
15142,4012,75,0,2022-06-09 20:54:30,2022-06-10 15:37:51
15143,4012,133,0,2022-06-09 20:54:30,2022-06-10 15:37:51
15144,4013,93,0,2022-06-09 20:54:30,2022-06-10 15:37:51
15145,4013,138,0,2022-06-09 20:54:30,2022-06-10 15:37:51
15146,4014,111,0,2022-06-09 20:54:30,2022-06-10 15:37:51
15147,4014,112,0,2022-06-09 20:54:30,2022-06-10 15:37:51
15148,4014,113,0,2022-06-09 20:54:30,2022-06-10 15:37:51
15149,4014,114,0,2022-06-09 20:54:30,2022-06-10 15:37:51
15150,4014,115,0,2022-06-09 20:54:30,2022-06-10 15:37:51
15151,4014,116,0,2022-06-09 20:54:30,2022-06-10 15:37:51
15152,4014,117,0,2022-06-09 20:54:30,2022-06-10 15:37:51
15153,4014,118,0,2022-06-09 20:54:30,2022-06-10 15:37:51
15154,4014,119,0,2022-06-09 20:54:30,2022-06-10 15:37:51
15155,4014,121,0,2022-06-09 20:54:30,2022-06-10 15:37:51
15156,4015,59,0,2022-06-09 20:54:30,2022-06-10 15:37:51
15157,4015,60,0,2022-06-09 20:54:30,2022-06-10 15:37:51
15158,4015,128,0,2022-06-09 20:54:30,2022-06-10 15:37:51
15159,4016,15,0,2022-06-09 20:54:30,2022-06-10 15:37:51
15160,4016,22,0,2022-06-09 20:54:30,2022-06-10 15:37:51
15161,4016,49,0,2022-06-09 20:54:30,2022-06-10 15:37:51
15162,4016,54,0,2022-06-09 20:54:30,2022-06-10 15:37:51
15163,4016,85,0,2022-06-09 20:54:30,2022-06-10 15:37:51
15164,4016,91,0,2022-06-09 20:54:30,2022-06-10 15:37:51
15165,4016,135,0,2022-06-09 20:54:30,2022-06-10 15:37:51
15166,4017,15,0,2022-06-09 20:54:30,2022-06-10 15:37:51
15167,4017,17,0,2022-06-09 20:54:30,2022-06-10 15:37:51
15168,4017,18,0,2022-06-09 20:54:30,2022-06-10 15:37:51
15169,4017,19,0,2022-06-09 20:54:30,2022-06-10 15:37:51
15170,4018,103,0,2022-06-09 20:54:30,2022-06-10 15:37:51
15171,4018,105,0,2022-06-09 20:54:30,2022-06-10 15:37:51
15172,4019,103,0,2022-06-09 20:54:30,2022-06-10 15:37:51
15173,4019,104,0,2022-06-09 20:54:30,2022-06-10 15:37:51
15174,4019,105,0,2022-06-09 20:54:30,2022-06-10 15:37:51
15175,4020,111,0,2022-06-09 20:54:30,2022-06-10 15:37:51
15176,4020,113,0,2022-06-09 20:54:30,2022-06-10 15:37:51
15177,4020,114,0,2022-06-09 20:54:30,2022-06-10 15:37:51
15178,4020,115,0,2022-06-09 20:54:30,2022-06-10 15:37:51
15179,4020,117,0,2022-06-09 20:54:30,2022-06-10 15:37:51
15180,4021,74,0,2022-06-09 20:54:30,2022-06-10 15:37:51
15181,4021,82,0,2022-06-09 20:54:30,2022-06-10 15:37:51
15182,4021,84,0,2022-06-09 20:54:30,2022-06-10 15:37:51
15183,4021,133,0,2022-06-09 20:54:30,2022-06-10 15:37:51
15184,4022,111,0,2022-06-09 20:54:30,2022-06-10 15:37:51
15185,4022,112,0,2022-06-09 20:54:30,2022-06-10 15:37:51
15186,4022,113,0,2022-06-09 20:54:30,2022-06-10 15:37:51
15187,4022,114,0,2022-06-09 20:54:30,2022-06-10 15:37:51
15188,4022,115,0,2022-06-09 20:54:30,2022-06-10 15:37:51
15189,4022,117,0,2022-06-09 20:54:30,2022-06-10 15:37:51
15190,4023,15,0,2022-06-09 20:54:30,2022-06-10 15:37:51
15191,4023,16,0,2022-06-09 20:54:30,2022-06-10 15:37:51
15192,4023,17,0,2022-06-09 20:54:30,2022-06-10 15:37:51
15193,4023,18,0,2022-06-09 20:54:30,2022-06-10 15:37:51
15194,4023,19,0,2022-06-09 20:54:30,2022-06-10 15:37:51
15195,4023,20,0,2022-06-09 20:54:30,2022-06-10 15:37:51
15196,4023,21,0,2022-06-09 20:54:30,2022-06-10 15:37:51
15197,4023,22,0,2022-06-09 20:54:30,2022-06-10 15:37:51
15198,4023,24,0,2022-06-09 20:54:30,2022-06-10 15:37:51
15199,4023,49,0,2022-06-09 20:54:30,2022-06-10 15:37:51
15200,4023,50,0,2022-06-09 20:54:30,2022-06-10 15:37:51
15201,4023,51,0,2022-06-09 20:54:30,2022-06-10 15:37:51
15202,4023,54,0,2022-06-09 20:54:30,2022-06-10 15:37:51
15203,4023,55,0,2022-06-09 20:54:30,2022-06-10 15:37:51
15204,4023,56,0,2022-06-09 20:54:30,2022-06-10 15:37:51
15205,4023,57,0,2022-06-09 20:54:30,2022-06-10 15:37:51
15206,4023,74,0,2022-06-09 20:54:30,2022-06-10 15:37:51
15207,4023,85,0,2022-06-09 20:54:30,2022-06-10 15:37:51
15208,4023,89,0,2022-06-09 20:54:30,2022-06-10 15:37:51
15209,4023,93,0,2022-06-09 20:54:30,2022-06-10 15:37:51
15210,4023,94,0,2022-06-09 20:54:30,2022-06-10 15:37:51
15211,4023,100,0,2022-06-09 20:54:30,2022-06-10 15:37:51
15212,4023,103,0,2022-06-09 20:54:30,2022-06-10 15:37:51
15213,4023,104,0,2022-06-09 20:54:30,2022-06-10 15:37:51
15214,4023,111,0,2022-06-09 20:54:30,2022-06-10 15:37:51
15215,4023,112,0,2022-06-09 20:54:30,2022-06-10 15:37:51
15216,4023,113,0,2022-06-09 20:54:30,2022-06-10 15:37:51
15217,4023,114,0,2022-06-09 20:54:30,2022-06-10 15:37:51
15218,4023,117,0,2022-06-09 20:54:30,2022-06-10 15:37:51
15219,4023,118,0,2022-06-09 20:54:30,2022-06-10 15:37:51
15220,4023,125,0,2022-06-09 20:54:30,2022-06-10 15:37:51
15221,4023,126,0,2022-06-09 20:54:30,2022-06-10 15:37:51
15222,4023,129,0,2022-06-09 20:54:30,2022-06-10 15:37:51
15223,4023,140,0,2022-06-09 20:54:30,2022-06-10 15:37:51
15224,4024,111,0,2022-06-09 20:54:30,2022-06-10 15:37:51
15225,4024,112,0,2022-06-09 20:54:30,2022-06-10 15:37:51
15226,4024,113,0,2022-06-09 20:54:30,2022-06-10 15:37:51
15227,4024,114,0,2022-06-09 20:54:30,2022-06-10 15:37:51
15228,4025,59,0,2022-06-09 20:54:30,2022-06-10 15:37:51
15229,4025,128,0,2022-06-09 20:54:30,2022-06-10 15:37:51
15230,4026,93,0,2022-06-09 20:54:30,2022-06-10 15:37:51
15231,4026,99,0,2022-06-09 20:54:30,2022-06-10 15:37:51
15232,4026,101,0,2022-06-09 20:54:30,2022-06-10 15:37:51
15233,4027,111,0,2022-06-09 20:54:30,2022-06-10 15:37:51
15234,4027,117,0,2022-06-09 20:54:30,2022-06-10 15:37:51
15235,4028,113,0,2022-06-09 20:54:30,2022-06-10 15:37:51
15236,4028,114,0,2022-06-09 20:54:30,2022-06-10 15:37:51
15237,4028,116,0,2022-06-09 20:54:30,2022-06-10 15:37:51
15238,4029,74,0,2022-06-09 20:54:30,2022-06-10 15:37:51
15239,4029,111,0,2022-06-09 20:54:30,2022-06-10 15:37:51
15240,4029,114,0,2022-06-09 20:54:30,2022-06-10 15:37:51
15241,4029,116,0,2022-06-09 20:54:30,2022-06-10 15:37:51
15242,4029,117,0,2022-06-09 20:54:30,2022-06-10 15:37:51
15243,4029,129,0,2022-06-09 20:54:30,2022-06-10 15:37:51
15244,4029,132,0,2022-06-09 20:54:30,2022-06-10 15:37:51
15245,4030,67,0,2022-06-09 20:54:30,2022-06-10 15:37:51
15246,4030,68,0,2022-06-09 20:54:30,2022-06-10 15:37:51
15247,4030,72,0,2022-06-09 20:54:30,2022-06-10 15:37:51
15248,4031,93,0,2022-06-09 20:54:30,2022-06-10 15:37:51
15249,4031,94,0,2022-06-09 20:54:30,2022-06-10 15:37:51
15250,4032,103,0,2022-06-09 20:54:30,2022-06-10 15:37:51
15251,4032,107,0,2022-06-09 20:54:30,2022-06-10 15:37:51
15252,4032,140,0,2022-06-09 20:54:30,2022-06-10 15:37:51
15253,4033,49,0,2022-06-09 20:54:30,2022-06-10 15:37:51
15254,4033,50,0,2022-06-09 20:54:30,2022-06-10 15:37:51
15255,4033,55,0,2022-06-09 20:54:30,2022-06-10 15:37:51
15256,4033,56,0,2022-06-09 20:54:30,2022-06-10 15:37:51
15257,4033,126,0,2022-06-09 20:54:30,2022-06-10 15:37:51
15258,4034,40,0,2022-06-09 20:54:31,2022-06-10 15:37:51
15259,4034,41,0,2022-06-09 20:54:31,2022-06-10 15:37:51
15260,4035,49,0,2022-06-09 20:54:31,2022-06-10 15:37:51
15261,4035,50,0,2022-06-09 20:54:31,2022-06-10 15:37:51
15262,4035,54,0,2022-06-09 20:54:31,2022-06-10 15:37:51
15263,4036,59,0,2022-06-09 20:54:31,2022-06-10 15:37:51
15264,4036,62,0,2022-06-09 20:54:31,2022-06-10 15:37:51
15265,4037,93,0,2022-06-09 20:54:31,2022-06-10 15:37:51
15266,4037,98,0,2022-06-09 20:54:31,2022-06-10 15:37:51
15267,4038,103,0,2022-06-09 20:54:31,2022-06-10 15:37:51
15268,4038,141,0,2022-06-09 20:54:31,2022-06-10 15:37:51
15269,4039,103,0,2022-06-09 20:54:31,2022-06-10 15:37:51
15270,4039,141,0,2022-06-09 20:54:31,2022-06-10 15:37:51
15271,4040,93,0,2022-06-09 20:54:31,2022-06-10 15:37:51
15272,4040,95,0,2022-06-09 20:54:31,2022-06-10 15:37:51
15273,4041,111,0,2022-06-09 20:54:31,2022-06-10 15:37:51
15274,4041,117,0,2022-06-09 20:54:31,2022-06-10 15:37:51
15275,4042,32,0,2022-06-09 20:54:31,2022-06-10 15:37:51
15276,4042,36,0,2022-06-09 20:54:31,2022-06-10 15:37:51
15277,4042,67,0,2022-06-09 20:54:31,2022-06-10 15:37:51
15278,4042,71,0,2022-06-09 20:54:31,2022-06-10 15:37:51
15279,4043,4,0,2022-06-09 20:54:31,2022-06-10 15:37:51
15280,4043,5,0,2022-06-09 20:54:31,2022-06-10 15:37:51
15281,4043,6,0,2022-06-09 20:54:31,2022-06-10 15:37:51
15282,4043,93,0,2022-06-09 20:54:31,2022-06-10 15:37:51
15283,4043,100,0,2022-06-09 20:54:31,2022-06-10 15:37:51
15284,4044,93,0,2022-06-09 20:54:31,2022-06-10 15:37:51
15285,4044,94,0,2022-06-09 20:54:31,2022-06-10 15:37:51
15286,4045,59,0,2022-06-09 20:54:31,2022-06-10 15:37:51
15287,4045,61,0,2022-06-09 20:54:31,2022-06-10 15:37:51
15288,4045,63,0,2022-06-09 20:54:31,2022-06-10 15:37:51
15289,4045,127,0,2022-06-09 20:54:31,2022-06-10 15:37:51
15290,4046,49,0,2022-06-09 20:54:31,2022-06-10 15:37:51
15291,4046,54,0,2022-06-09 20:54:31,2022-06-10 15:37:51
15292,4046,55,0,2022-06-09 20:54:31,2022-06-10 15:37:51
15293,4047,49,0,2022-06-09 20:54:31,2022-06-10 15:37:51
15294,4047,50,0,2022-06-09 20:54:31,2022-06-10 15:37:51
15295,4047,52,0,2022-06-09 20:54:31,2022-06-10 15:37:51
15296,4047,54,0,2022-06-09 20:54:31,2022-06-10 15:37:51
15297,4047,126,0,2022-06-09 20:54:31,2022-06-10 15:37:51
15298,4048,59,0,2022-06-09 20:54:31,2022-06-10 15:37:51
15299,4048,60,0,2022-06-09 20:54:31,2022-06-10 15:37:51
15300,4048,85,0,2022-06-09 20:54:31,2022-06-10 15:37:51
15301,4048,86,0,2022-06-09 20:54:31,2022-06-10 15:37:51
15302,4048,93,0,2022-06-09 20:54:31,2022-06-10 15:37:51
15303,4048,101,0,2022-06-09 20:54:31,2022-06-10 15:37:51
15304,4048,128,0,2022-06-09 20:54:31,2022-06-10 15:37:51
15305,4048,135,0,2022-06-09 20:54:31,2022-06-10 15:37:51
15306,4048,137,0,2022-06-09 20:54:31,2022-06-10 15:37:51
15307,4049,40,0,2022-06-09 20:54:31,2022-06-10 15:37:51
15308,4049,41,0,2022-06-09 20:54:31,2022-06-10 15:37:51
15309,4049,43,0,2022-06-09 20:54:31,2022-06-10 15:37:51
15310,4049,46,0,2022-06-09 20:54:31,2022-06-10 15:37:51
15311,4049,47,0,2022-06-09 20:54:31,2022-06-10 15:37:51
15312,4050,111,0,2022-06-09 20:54:31,2022-06-10 15:37:51
15313,4050,115,0,2022-06-09 20:54:31,2022-06-10 15:37:51
15314,4051,49,0,2022-06-09 20:54:31,2022-06-10 15:37:51
15315,4051,50,0,2022-06-09 20:54:31,2022-06-10 15:37:51
15316,4051,53,0,2022-06-09 20:54:31,2022-06-10 15:37:51
15317,4051,57,0,2022-06-09 20:54:31,2022-06-10 15:37:51
15318,4052,93,0,2022-06-09 20:54:31,2022-06-10 15:37:51
15319,4052,94,0,2022-06-09 20:54:31,2022-06-10 15:37:51
15320,4053,93,0,2022-06-09 20:54:31,2022-06-10 15:37:51
15321,4054,15,0,2022-06-09 20:54:31,2022-06-10 15:37:51
15322,4054,18,0,2022-06-09 20:54:31,2022-06-10 15:37:51
15323,4054,19,0,2022-06-09 20:54:31,2022-06-10 15:37:51
15324,4054,20,0,2022-06-09 20:54:31,2022-06-10 15:37:51
15325,4054,74,0,2022-06-09 20:54:31,2022-06-10 15:37:51
15326,4054,84,0,2022-06-09 20:54:31,2022-06-10 15:37:51
15327,4055,50,0,2022-06-09 20:54:31,2022-06-10 15:37:51
15328,4055,54,0,2022-06-09 20:54:31,2022-06-10 15:37:51
15329,4055,55,0,2022-06-09 20:54:31,2022-06-10 15:37:51
15330,4055,59,0,2022-06-09 20:54:31,2022-06-10 15:37:51
15331,4055,62,0,2022-06-09 20:54:31,2022-06-10 15:37:51
15332,4055,85,0,2022-06-09 20:54:31,2022-06-10 15:37:51
15333,4055,103,0,2022-06-09 20:54:31,2022-06-10 15:37:51
15334,4055,108,0,2022-06-09 20:54:31,2022-06-10 15:37:51
15335,4055,109,0,2022-06-09 20:54:31,2022-06-10 15:37:51
15336,4055,111,0,2022-06-09 20:54:31,2022-06-10 15:37:51
15337,4055,112,0,2022-06-09 20:54:31,2022-06-10 15:37:51
15338,4055,113,0,2022-06-09 20:54:31,2022-06-10 15:37:51
15339,4055,114,0,2022-06-09 20:54:31,2022-06-10 15:37:51
15340,4055,117,0,2022-06-09 20:54:31,2022-06-10 15:37:51
15341,4055,118,0,2022-06-09 20:54:31,2022-06-10 15:37:51
15342,4055,142,0,2022-06-09 20:54:31,2022-06-10 15:37:51
15343,4056,59,0,2022-06-09 20:54:31,2022-06-10 15:37:51
15344,4056,60,0,2022-06-09 20:54:31,2022-06-10 15:37:51
15345,4056,61,0,2022-06-09 20:54:31,2022-06-10 15:37:51
15346,4056,62,0,2022-06-09 20:54:31,2022-06-10 15:37:51
15347,4056,103,0,2022-06-09 20:54:31,2022-06-10 15:37:51
15348,4056,127,0,2022-06-09 20:54:31,2022-06-10 15:37:51
15349,4056,141,0,2022-06-09 20:54:31,2022-06-10 15:37:51
15350,4057,49,0,2022-06-09 20:54:31,2022-06-10 15:37:51
15351,4057,50,0,2022-06-09 20:54:31,2022-06-10 15:37:51
15352,4057,58,0,2022-06-09 20:54:31,2022-06-10 15:37:51
15353,4058,49,0,2022-06-09 20:54:31,2022-06-10 15:37:51
15354,4058,55,0,2022-06-09 20:54:31,2022-06-10 15:37:51
15355,4059,49,0,2022-06-09 20:54:31,2022-06-10 15:37:51
15356,4059,50,0,2022-06-09 20:54:31,2022-06-10 15:37:51
15357,4059,51,0,2022-06-09 20:54:31,2022-06-10 15:37:51
15358,4059,52,0,2022-06-09 20:54:31,2022-06-10 15:37:51
15359,4059,54,0,2022-06-09 20:54:31,2022-06-10 15:37:51
15360,4059,55,0,2022-06-09 20:54:31,2022-06-10 15:37:51
15361,4059,57,0,2022-06-09 20:54:31,2022-06-10 15:37:51
15362,4059,59,0,2022-06-09 20:54:31,2022-06-10 15:37:51
15363,4059,60,0,2022-06-09 20:54:31,2022-06-10 15:37:51
15364,4059,62,0,2022-06-09 20:54:31,2022-06-10 15:37:51
15365,4059,85,0,2022-06-09 20:54:31,2022-06-10 15:37:51
15366,4059,103,0,2022-06-09 20:54:31,2022-06-10 15:37:51
15367,4059,108,0,2022-06-09 20:54:31,2022-06-10 15:37:51
15368,4059,109,0,2022-06-09 20:54:31,2022-06-10 15:37:51
15369,4059,111,0,2022-06-09 20:54:31,2022-06-10 15:37:51
15370,4059,113,0,2022-06-09 20:54:31,2022-06-10 15:37:51
15371,4059,114,0,2022-06-09 20:54:31,2022-06-10 15:37:51
15372,4059,117,0,2022-06-09 20:54:31,2022-06-10 15:37:51
15373,4059,118,0,2022-06-09 20:54:31,2022-06-10 15:37:51
15374,4059,127,0,2022-06-09 20:54:31,2022-06-10 15:37:51
15375,4059,135,0,2022-06-09 20:54:31,2022-06-10 15:37:51
15376,4059,141,0,2022-06-09 20:54:31,2022-06-10 15:37:51
15377,4060,103,0,2022-06-09 20:54:31,2022-06-10 15:37:51
15378,4060,107,0,2022-06-09 20:54:31,2022-06-10 15:37:51
15379,4060,140,0,2022-06-09 20:54:31,2022-06-10 15:37:51
15380,4061,40,0,2022-06-09 20:54:31,2022-06-10 15:37:51
15381,4061,41,0,2022-06-09 20:54:31,2022-06-10 15:37:51
15382,4061,47,0,2022-06-09 20:54:31,2022-06-10 15:37:51
15383,4062,117,0,2022-06-09 20:54:31,2022-06-10 15:37:51
15384,4062,118,0,2022-06-09 20:54:31,2022-06-10 15:37:51
15385,4063,40,0,2022-06-09 20:54:31,2022-06-10 15:37:51
15386,4063,41,0,2022-06-09 20:54:31,2022-06-10 15:37:51
15387,4063,47,0,2022-06-09 20:54:31,2022-06-10 15:37:51
15388,4064,59,0,2022-06-09 20:54:31,2022-06-10 15:37:51
15389,4064,60,0,2022-06-09 20:54:31,2022-06-10 15:37:51
15390,4064,93,0,2022-06-09 20:54:31,2022-06-10 15:37:51
15391,4064,101,0,2022-06-09 20:54:31,2022-06-10 15:37:51
15392,4064,128,0,2022-06-09 20:54:31,2022-06-10 15:37:51
15393,4065,111,0,2022-06-09 20:54:31,2022-06-10 15:37:51
15394,4065,112,0,2022-06-09 20:54:31,2022-06-10 15:37:51
15395,4065,113,0,2022-06-09 20:54:31,2022-06-10 15:37:51
15396,4065,114,0,2022-06-09 20:54:31,2022-06-10 15:37:51
15397,4065,117,0,2022-06-09 20:54:31,2022-06-10 15:37:51
15398,4066,49,0,2022-06-09 20:54:31,2022-06-10 15:37:51
15399,4066,53,0,2022-06-09 20:54:31,2022-06-10 15:37:51
15400,4066,57,0,2022-06-09 20:54:31,2022-06-10 15:37:51
15401,4067,111,0,2022-06-09 20:54:31,2022-06-10 15:37:51
15402,4067,116,0,2022-06-09 20:54:31,2022-06-10 15:37:51
15403,4068,111,0,2022-06-09 20:54:31,2022-06-10 15:37:51
15404,4068,113,0,2022-06-09 20:54:31,2022-06-10 15:37:51
15405,4068,119,0,2022-06-09 20:54:31,2022-06-10 15:37:51
15406,4069,15,0,2022-06-09 20:54:31,2022-06-10 15:37:51
15407,4069,19,0,2022-06-09 20:54:31,2022-06-10 15:37:51
15408,4069,20,0,2022-06-09 20:54:31,2022-06-10 15:37:51
15409,4069,32,0,2022-06-09 20:54:31,2022-06-10 15:37:51
15410,4069,35,0,2022-06-09 20:54:31,2022-06-10 15:37:51
15411,4069,38,0,2022-06-09 20:54:31,2022-06-10 15:37:51
15412,4070,111,0,2022-06-09 20:54:31,2022-06-10 15:37:51
15413,4070,118,0,2022-06-09 20:54:31,2022-06-10 15:37:51
15414,4071,49,0,2022-06-09 20:54:31,2022-06-10 15:37:51
15415,4071,50,0,2022-06-09 20:54:31,2022-06-10 15:37:51
15416,4071,54,0,2022-06-09 20:54:31,2022-06-10 15:37:51
15417,4072,111,0,2022-06-09 20:54:31,2022-06-10 15:37:51
15418,4072,117,0,2022-06-09 20:54:31,2022-06-10 15:37:51
15419,4073,15,0,2022-06-09 20:54:31,2022-06-10 15:37:51
15420,4073,17,0,2022-06-09 20:54:31,2022-06-10 15:37:51
15421,4073,19,0,2022-06-09 20:54:31,2022-06-10 15:37:51
15422,4074,103,0,2022-06-09 20:54:31,2022-06-10 15:37:51
15423,4074,104,0,2022-06-09 20:54:31,2022-06-10 15:37:51
15424,4074,105,0,2022-06-09 20:54:31,2022-06-10 15:37:51
15425,4074,108,0,2022-06-09 20:54:31,2022-06-10 15:37:51
15426,4074,109,0,2022-06-09 20:54:31,2022-06-10 15:37:51
15427,4074,140,0,2022-06-09 20:54:31,2022-06-10 15:37:51
15428,4075,93,0,2022-06-09 20:54:31,2022-06-10 15:37:51
15429,4075,94,0,2022-06-09 20:54:31,2022-06-10 15:37:51
15430,4076,59,0,2022-06-09 20:54:31,2022-06-10 15:37:51
15431,4076,60,0,2022-06-09 20:54:31,2022-06-10 15:37:51
15432,4077,93,0,2022-06-09 20:54:31,2022-06-10 15:37:51
15433,4077,98,0,2022-06-09 20:54:31,2022-06-10 15:37:51
15434,4078,85,0,2022-06-09 20:54:31,2022-06-10 15:37:51
15435,4078,111,0,2022-06-09 20:54:31,2022-06-10 15:37:51
15436,4078,112,0,2022-06-09 20:54:31,2022-06-10 15:37:51
15437,4078,117,0,2022-06-09 20:54:31,2022-06-10 15:37:51
15438,4078,135,0,2022-06-09 20:54:31,2022-06-10 15:37:51
15439,4079,15,0,2022-06-09 20:54:31,2022-06-10 15:37:51
15440,4079,16,0,2022-06-09 20:54:31,2022-06-10 15:37:51
15441,4079,32,0,2022-06-09 20:54:31,2022-06-10 15:37:51
15442,4079,36,0,2022-06-09 20:54:31,2022-06-10 15:37:51
15443,4079,122,0,2022-06-09 20:54:31,2022-06-10 15:37:51
15444,4080,111,0,2022-06-09 20:54:31,2022-06-10 15:37:51
15445,4080,117,0,2022-06-09 20:54:31,2022-06-10 15:37:51
15446,4081,111,0,2022-06-09 20:54:31,2022-06-10 15:37:51
15447,4081,112,0,2022-06-09 20:54:31,2022-06-10 15:37:51
15448,4081,113,0,2022-06-09 20:54:31,2022-06-10 15:37:51
15449,4081,117,0,2022-06-09 20:54:31,2022-06-10 15:37:51
15450,4081,118,0,2022-06-09 20:54:31,2022-06-10 15:37:51
15451,4081,119,0,2022-06-09 20:54:31,2022-06-10 15:37:51
15452,4081,120,0,2022-06-09 20:54:31,2022-06-10 15:37:51
15453,4081,121,0,2022-06-09 20:54:31,2022-06-10 15:37:51
15454,4082,111,0,2022-06-09 20:54:31,2022-06-10 15:37:51
15455,4082,118,0,2022-06-09 20:54:31,2022-06-10 15:37:51
15456,4083,111,0,2022-06-09 20:54:31,2022-06-10 15:37:51
15457,4083,112,0,2022-06-09 20:54:31,2022-06-10 15:37:51
15458,4083,113,0,2022-06-09 20:54:31,2022-06-10 15:37:51
15459,4083,114,0,2022-06-09 20:54:31,2022-06-10 15:37:51
15460,4083,117,0,2022-06-09 20:54:31,2022-06-10 15:37:51
15461,4083,118,0,2022-06-09 20:54:31,2022-06-10 15:37:51
15462,4083,119,0,2022-06-09 20:54:31,2022-06-10 15:37:51
15463,4083,120,0,2022-06-09 20:54:31,2022-06-10 15:37:51
15464,4083,121,0,2022-06-09 20:54:31,2022-06-10 15:37:51
15465,4084,111,0,2022-06-09 20:54:31,2022-06-10 15:37:51
15466,4084,112,0,2022-06-09 20:54:31,2022-06-10 15:37:51
15467,4084,113,0,2022-06-09 20:54:31,2022-06-10 15:37:51
15468,4084,114,0,2022-06-09 20:54:31,2022-06-10 15:37:51
15469,4084,117,0,2022-06-09 20:54:31,2022-06-10 15:37:51
15470,4084,118,0,2022-06-09 20:54:31,2022-06-10 15:37:51
15471,4084,119,0,2022-06-09 20:54:31,2022-06-10 15:37:51
15472,4084,120,0,2022-06-09 20:54:31,2022-06-10 15:37:51
15473,4084,121,0,2022-06-09 20:54:31,2022-06-10 15:37:51
15474,4085,111,0,2022-06-09 20:54:31,2022-06-10 15:37:51
15475,4085,118,0,2022-06-09 20:54:31,2022-06-10 15:37:51
15476,4086,49,0,2022-06-09 20:54:31,2022-06-10 15:37:51
15477,4086,50,0,2022-06-09 20:54:31,2022-06-10 15:37:51
15478,4086,56,0,2022-06-09 20:54:31,2022-06-10 15:37:51
15479,4086,126,0,2022-06-09 20:54:31,2022-06-10 15:37:51
15480,4087,49,0,2022-06-09 20:54:31,2022-06-10 15:37:51
15481,4087,51,0,2022-06-09 20:54:31,2022-06-10 15:37:51
15482,4087,85,0,2022-06-09 20:54:31,2022-06-10 15:37:51
15483,4087,88,0,2022-06-09 20:54:31,2022-06-10 15:37:51
15484,4088,15,0,2022-06-09 20:54:31,2022-06-10 15:37:51
15485,4088,18,0,2022-06-09 20:54:31,2022-06-10 15:37:51
15486,4088,74,0,2022-06-09 20:54:31,2022-06-10 15:37:51
15487,4088,76,0,2022-06-09 20:54:31,2022-06-10 15:37:51
15488,4088,84,0,2022-06-09 20:54:31,2022-06-10 15:37:51
15489,4088,85,0,2022-06-09 20:54:31,2022-06-10 15:37:51
15490,4088,89,0,2022-06-09 20:54:31,2022-06-10 15:37:51
15491,4088,90,0,2022-06-09 20:54:31,2022-06-10 15:37:51
15492,4089,111,0,2022-06-09 20:54:31,2022-06-10 15:37:51
15493,4089,118,0,2022-06-09 20:54:31,2022-06-10 15:37:51
15494,4090,103,0,2022-06-09 20:54:31,2022-06-10 15:37:51
15495,4090,104,0,2022-06-09 20:54:31,2022-06-10 15:37:51
15496,4090,108,0,2022-06-09 20:54:31,2022-06-10 15:37:51
15497,4090,111,0,2022-06-09 20:54:31,2022-06-10 15:37:51
15498,4090,113,0,2022-06-09 20:54:31,2022-06-10 15:37:51
15499,4090,114,0,2022-06-09 20:54:31,2022-06-10 15:37:51
15500,4090,115,0,2022-06-09 20:54:31,2022-06-10 15:37:51
15501,4090,117,0,2022-06-09 20:54:31,2022-06-10 15:37:51
15502,4090,118,0,2022-06-09 20:54:31,2022-06-10 15:37:51
15503,4091,74,0,2022-06-09 20:54:31,2022-06-10 15:37:51
15504,4091,81,0,2022-06-09 20:54:31,2022-06-10 15:37:51
15505,4091,103,0,2022-06-09 20:54:31,2022-06-10 15:37:51
15506,4091,141,0,2022-06-09 20:54:31,2022-06-10 15:37:51
15507,4092,59,0,2022-06-09 20:54:31,2022-06-10 15:37:51
15508,4092,62,0,2022-06-09 20:54:31,2022-06-10 15:37:51
15509,4093,59,0,2022-06-09 20:54:32,2022-06-10 15:37:51
15510,4093,60,0,2022-06-09 20:54:32,2022-06-10 15:37:51
15511,4093,128,0,2022-06-09 20:54:32,2022-06-10 15:37:51
15512,4094,49,0,2022-06-09 20:54:32,2022-06-10 15:37:51
15513,4094,50,0,2022-06-09 20:54:32,2022-06-10 15:37:51
15514,4094,52,0,2022-06-09 20:54:32,2022-06-10 15:37:51
15515,4094,126,0,2022-06-09 20:54:32,2022-06-10 15:37:51
15516,4095,59,0,2022-06-09 20:54:32,2022-06-10 15:37:51
15517,4095,60,0,2022-06-09 20:54:32,2022-06-10 15:37:51
15518,4095,85,0,2022-06-09 20:54:32,2022-06-10 15:37:51
15519,4095,86,0,2022-06-09 20:54:32,2022-06-10 15:37:51
15520,4095,135,0,2022-06-09 20:54:32,2022-06-10 15:37:51
15521,4095,137,0,2022-06-09 20:54:32,2022-06-10 15:37:51
15522,4095,142,0,2022-06-09 20:54:32,2022-06-10 15:37:51
15523,4096,103,0,2022-06-09 20:54:32,2022-06-10 15:37:51
15524,4096,104,0,2022-06-09 20:54:32,2022-06-10 15:37:51
15525,4096,105,0,2022-06-09 20:54:32,2022-06-10 15:37:51
15526,4096,108,0,2022-06-09 20:54:32,2022-06-10 15:37:51
15527,4096,111,0,2022-06-09 20:54:32,2022-06-10 15:37:51
15528,4096,112,0,2022-06-09 20:54:32,2022-06-10 15:37:51
15529,4096,113,0,2022-06-09 20:54:32,2022-06-10 15:37:51
15530,4096,117,0,2022-06-09 20:54:32,2022-06-10 15:37:51
15531,4096,120,0,2022-06-09 20:54:32,2022-06-10 15:37:51
15532,4097,49,0,2022-06-09 20:54:32,2022-06-10 15:37:51
15533,4097,54,0,2022-06-09 20:54:32,2022-06-10 15:37:51
15534,4097,93,0,2022-06-09 20:54:32,2022-06-10 15:37:51
15535,4097,101,0,2022-06-09 20:54:32,2022-06-10 15:37:51
15536,4097,103,0,2022-06-09 20:54:32,2022-06-10 15:37:51
15537,4097,107,0,2022-06-09 20:54:32,2022-06-10 15:37:51
15538,4098,103,0,2022-06-09 20:54:32,2022-06-10 15:37:51
15539,4098,105,0,2022-06-09 20:54:32,2022-06-10 15:37:51
15540,4098,108,0,2022-06-09 20:54:32,2022-06-10 15:37:51
15541,4098,109,0,2022-06-09 20:54:32,2022-06-10 15:37:51
15542,4098,139,0,2022-06-09 20:54:32,2022-06-10 15:37:51
15543,4099,111,0,2022-06-09 20:54:32,2022-06-10 15:37:51
15544,4099,118,0,2022-06-09 20:54:32,2022-06-10 15:37:51
15545,4100,111,0,2022-06-09 20:54:32,2022-06-10 15:37:51
15546,4100,118,0,2022-06-09 20:54:32,2022-06-10 15:37:51
15547,4101,103,0,2022-06-09 20:54:32,2022-06-10 15:37:51
15548,4101,141,0,2022-06-09 20:54:32,2022-06-10 15:37:51
15549,4102,25,0,2022-06-09 20:54:32,2022-06-10 15:37:51
15550,4102,27,0,2022-06-09 20:54:32,2022-06-10 15:37:51
15551,4102,32,0,2022-06-09 20:54:32,2022-06-10 15:37:51
15552,4102,36,0,2022-06-09 20:54:32,2022-06-10 15:37:51
15553,4102,124,0,2022-06-09 20:54:32,2022-06-10 15:37:51
15554,4103,74,0,2022-06-09 20:54:32,2022-06-10 15:37:51
15555,4103,81,0,2022-06-09 20:54:32,2022-06-10 15:37:51
15556,4104,111,0,2022-06-09 20:54:32,2022-06-10 15:37:51
15557,4104,113,0,2022-06-09 20:54:32,2022-06-10 15:37:51
15558,4104,114,0,2022-06-09 20:54:32,2022-06-10 15:37:51
15559,4105,15,0,2022-06-09 20:54:32,2022-06-10 15:37:51
15560,4105,23,0,2022-06-09 20:54:32,2022-06-10 15:37:51
15561,4105,49,0,2022-06-09 20:54:32,2022-06-10 15:37:51
15562,4105,54,0,2022-06-09 20:54:32,2022-06-10 15:37:51
15563,4105,85,0,2022-06-09 20:54:32,2022-06-10 15:37:51
15564,4105,86,0,2022-06-09 20:54:32,2022-06-10 15:37:51
15565,4105,135,0,2022-06-09 20:54:32,2022-06-10 15:37:51
15566,4105,137,0,2022-06-09 20:54:32,2022-06-10 15:37:51
15567,4106,40,0,2022-06-09 20:54:32,2022-06-10 15:37:51
15568,4106,41,0,2022-06-09 20:54:32,2022-06-10 15:37:51
15569,4107,111,0,2022-06-09 20:54:32,2022-06-10 15:37:51
15570,4107,112,0,2022-06-09 20:54:32,2022-06-10 15:37:51
15571,4107,113,0,2022-06-09 20:54:32,2022-06-10 15:37:51
15572,4107,117,0,2022-06-09 20:54:32,2022-06-10 15:37:51
15573,4107,118,0,2022-06-09 20:54:32,2022-06-10 15:37:51
15574,4107,120,0,2022-06-09 20:54:32,2022-06-10 15:37:51
15575,4108,32,0,2022-06-09 20:54:32,2022-06-10 15:37:51
15576,4108,36,0,2022-06-09 20:54:32,2022-06-10 15:37:51
15577,4108,67,0,2022-06-09 20:54:32,2022-06-10 15:37:51
15578,4108,71,0,2022-06-09 20:54:32,2022-06-10 15:37:51
15579,4109,4,0,2022-06-09 20:54:32,2022-06-10 15:37:51
15580,4109,8,0,2022-06-09 20:54:32,2022-06-10 15:37:51
15581,4110,49,0,2022-06-09 20:54:32,2022-06-10 15:37:51
15582,4110,54,0,2022-06-09 20:54:32,2022-06-10 15:37:51
15583,4111,111,0,2022-06-09 20:54:32,2022-06-10 15:37:51
15584,4111,112,0,2022-06-09 20:54:32,2022-06-10 15:37:51
15585,4112,49,0,2022-06-09 20:54:32,2022-06-10 15:37:51
15586,4112,50,0,2022-06-09 20:54:32,2022-06-10 15:37:51
15587,4112,54,0,2022-06-09 20:54:32,2022-06-10 15:37:51
15588,4113,111,0,2022-06-09 20:54:32,2022-06-10 15:37:51
15589,4113,113,0,2022-06-09 20:54:32,2022-06-10 15:37:51
15590,4113,114,0,2022-06-09 20:54:32,2022-06-10 15:37:51
15591,4114,85,0,2022-06-09 20:54:32,2022-06-10 15:37:51
15592,4114,111,0,2022-06-09 20:54:32,2022-06-10 15:37:51
15593,4114,113,0,2022-06-09 20:54:32,2022-06-10 15:37:51
15594,4114,117,0,2022-06-09 20:54:32,2022-06-10 15:37:51
15595,4114,135,0,2022-06-09 20:54:32,2022-06-10 15:37:51
15596,4115,59,0,2022-06-09 20:54:32,2022-06-10 15:37:51
15597,4115,60,0,2022-06-09 20:54:32,2022-06-10 15:37:51
15598,4115,62,0,2022-06-09 20:54:32,2022-06-10 15:37:51
15599,4115,63,0,2022-06-09 20:54:32,2022-06-10 15:37:51
15600,4115,93,0,2022-06-09 20:54:32,2022-06-10 15:37:51
15601,4115,101,0,2022-06-09 20:54:32,2022-06-10 15:37:51
15602,4115,127,0,2022-06-09 20:54:32,2022-06-10 15:37:51
15603,4116,111,0,2022-06-09 20:54:32,2022-06-10 15:37:51
15604,4116,116,0,2022-06-09 20:54:32,2022-06-10 15:37:51
15605,4117,59,0,2022-06-09 20:54:32,2022-06-10 15:37:51
15606,4117,60,0,2022-06-09 20:54:32,2022-06-10 15:37:51
15607,4118,85,0,2022-06-09 20:54:32,2022-06-10 15:37:51
15608,4118,89,0,2022-06-09 20:54:32,2022-06-10 15:37:51
15609,4119,93,0,2022-06-09 20:54:32,2022-06-10 15:37:51
15610,4119,101,0,2022-06-09 20:54:32,2022-06-10 15:37:51
15611,4119,103,0,2022-06-09 20:54:32,2022-06-10 15:37:51
15612,4119,108,0,2022-06-09 20:54:32,2022-06-10 15:37:51
15613,4120,74,0,2022-06-09 20:54:32,2022-06-10 15:37:51
15614,4120,129,0,2022-06-09 20:54:32,2022-06-10 15:37:51
15615,4121,59,0,2022-06-09 20:54:32,2022-06-10 15:37:51
15616,4121,60,0,2022-06-09 20:54:32,2022-06-10 15:37:51
15617,4121,61,0,2022-06-09 20:54:32,2022-06-10 15:37:51
15618,4121,62,0,2022-06-09 20:54:32,2022-06-10 15:37:51
15619,4121,127,0,2022-06-09 20:54:32,2022-06-10 15:37:51
15620,4121,128,0,2022-06-09 20:54:32,2022-06-10 15:37:51
15621,4122,111,0,2022-06-09 20:54:32,2022-06-10 15:37:51
15622,4122,113,0,2022-06-09 20:54:32,2022-06-10 15:37:51
15623,4122,114,0,2022-06-09 20:54:32,2022-06-10 15:37:51
15624,4123,49,0,2022-06-09 20:54:32,2022-06-10 15:37:51
15625,4123,53,0,2022-06-09 20:54:32,2022-06-10 15:37:51
15626,4123,54,0,2022-06-09 20:54:32,2022-06-10 15:37:51
15627,4124,74,0,2022-06-09 20:54:32,2022-06-10 15:37:51
15628,4124,76,0,2022-06-09 20:54:32,2022-06-10 15:37:51
15629,4125,103,0,2022-06-09 20:54:32,2022-06-10 15:37:51
15630,4125,140,0,2022-06-09 20:54:32,2022-06-10 15:37:51
15631,4126,93,0,2022-06-09 20:54:32,2022-06-10 15:37:51
15632,4126,94,0,2022-06-09 20:54:32,2022-06-10 15:37:51
15633,4127,40,0,2022-06-09 20:54:32,2022-06-10 15:37:51
15634,4127,43,0,2022-06-09 20:54:32,2022-06-10 15:37:51
15635,4128,93,0,2022-06-09 20:54:32,2022-06-10 15:37:51
15636,4128,100,0,2022-06-09 20:54:32,2022-06-10 15:37:51
15637,4129,103,0,2022-06-09 20:54:32,2022-06-10 15:37:51
15638,4129,140,0,2022-06-09 20:54:32,2022-06-10 15:37:51
15639,4130,59,0,2022-06-09 20:54:32,2022-06-10 15:37:51
15640,4130,127,0,2022-06-09 20:54:32,2022-06-10 15:37:51
15641,4131,59,0,2022-06-09 20:54:32,2022-06-10 15:37:51
15642,4131,62,0,2022-06-09 20:54:32,2022-06-10 15:37:51
15643,4132,111,0,2022-06-09 20:54:32,2022-06-10 15:37:51
15644,4132,112,0,2022-06-09 20:54:32,2022-06-10 15:37:51
15645,4132,113,0,2022-06-09 20:54:32,2022-06-10 15:37:51
15646,4132,120,0,2022-06-09 20:54:32,2022-06-10 15:37:51
15647,4133,103,0,2022-06-09 20:54:32,2022-06-10 15:37:51
15648,4133,140,0,2022-06-09 20:54:32,2022-06-10 15:37:51
15649,4134,25,0,2022-06-09 20:54:32,2022-06-10 15:37:51
15650,4134,67,0,2022-06-09 20:54:32,2022-06-10 15:37:51
15651,4134,71,0,2022-06-09 20:54:32,2022-06-10 15:37:51
15652,4134,124,0,2022-06-09 20:54:32,2022-06-10 15:37:51
15653,4135,32,0,2022-06-09 20:54:32,2022-06-10 15:37:51
15654,4135,35,0,2022-06-09 20:54:32,2022-06-10 15:37:51
15655,4136,59,0,2022-06-09 20:54:32,2022-06-10 15:37:51
15656,4136,62,0,2022-06-09 20:54:32,2022-06-10 15:37:51
15657,4137,111,0,2022-06-09 20:54:32,2022-06-10 15:37:51
15658,4137,113,0,2022-06-09 20:54:32,2022-06-10 15:37:51
15659,4137,115,0,2022-06-09 20:54:32,2022-06-10 15:37:51
15660,4137,116,0,2022-06-09 20:54:32,2022-06-10 15:37:51
15661,4137,120,0,2022-06-09 20:54:32,2022-06-10 15:37:51
15662,4138,49,0,2022-06-09 20:54:32,2022-06-10 15:37:51
15663,4138,126,0,2022-06-09 20:54:32,2022-06-10 15:37:51
15664,4139,32,0,2022-06-09 20:54:32,2022-06-10 15:37:51
15665,4139,38,0,2022-06-09 20:54:32,2022-06-10 15:37:51
15666,4139,49,0,2022-06-09 20:54:32,2022-06-10 15:37:51
15667,4139,54,0,2022-06-09 20:54:32,2022-06-10 15:37:51
15668,4139,85,0,2022-06-09 20:54:32,2022-06-10 15:37:51
15669,4139,91,0,2022-06-09 20:54:32,2022-06-10 15:37:51
15670,4140,32,0,2022-06-09 20:54:32,2022-06-10 15:37:51
15671,4140,36,0,2022-06-09 20:54:32,2022-06-10 15:37:51
15672,4141,67,0,2022-06-09 20:54:32,2022-06-10 15:37:51
15673,4141,69,0,2022-06-09 20:54:32,2022-06-10 15:37:51
15674,4142,32,0,2022-06-09 20:54:32,2022-06-10 15:37:51
15675,4142,38,0,2022-06-09 20:54:32,2022-06-10 15:37:51
15676,4142,85,0,2022-06-09 20:54:32,2022-06-10 15:37:51
15677,4142,111,0,2022-06-09 20:54:32,2022-06-10 15:37:51
15678,4142,112,0,2022-06-09 20:54:32,2022-06-10 15:37:51
15679,4142,114,0,2022-06-09 20:54:32,2022-06-10 15:37:51
15680,4142,115,0,2022-06-09 20:54:32,2022-06-10 15:37:51
15681,4142,117,0,2022-06-09 20:54:32,2022-06-10 15:37:51
15682,4142,119,0,2022-06-09 20:54:32,2022-06-10 15:37:51
15683,4142,135,0,2022-06-09 20:54:32,2022-06-10 15:37:51
15684,4143,85,0,2022-06-09 20:54:32,2022-06-10 15:37:51
15685,4143,88,0,2022-06-09 20:54:32,2022-06-10 15:37:51
15686,4144,59,0,2022-06-09 20:54:32,2022-06-10 15:37:51
15687,4144,60,0,2022-06-09 20:54:32,2022-06-10 15:37:51
15688,4144,61,0,2022-06-09 20:54:32,2022-06-10 15:37:51
15689,4145,59,0,2022-06-09 20:54:32,2022-06-10 15:37:51
15690,4145,60,0,2022-06-09 20:54:32,2022-06-10 15:37:51
15691,4146,103,0,2022-06-09 20:54:32,2022-06-10 15:37:51
15692,4146,104,0,2022-06-09 20:54:32,2022-06-10 15:37:51
15693,4146,105,0,2022-06-09 20:54:32,2022-06-10 15:37:51
15694,4146,106,0,2022-06-09 20:54:32,2022-06-10 15:37:51
15695,4146,107,0,2022-06-09 20:54:32,2022-06-10 15:37:51
15696,4146,108,0,2022-06-09 20:54:32,2022-06-10 15:37:51
15697,4146,109,0,2022-06-09 20:54:32,2022-06-10 15:37:51
15698,4146,110,0,2022-06-09 20:54:32,2022-06-10 15:37:51
15699,4147,103,0,2022-06-09 20:54:32,2022-06-10 15:37:51
15700,4147,104,0,2022-06-09 20:54:32,2022-06-10 15:37:51
15701,4147,105,0,2022-06-09 20:54:32,2022-06-10 15:37:51
15702,4147,108,0,2022-06-09 20:54:32,2022-06-10 15:37:51
15703,4147,111,0,2022-06-09 20:54:32,2022-06-10 15:37:51
15704,4147,112,0,2022-06-09 20:54:32,2022-06-10 15:37:51
15705,4147,113,0,2022-06-09 20:54:32,2022-06-10 15:37:51
15706,4147,117,0,2022-06-09 20:54:32,2022-06-10 15:37:51
15707,4147,118,0,2022-06-09 20:54:32,2022-06-10 15:37:51
15708,4147,120,0,2022-06-09 20:54:32,2022-06-10 15:37:51
15709,4147,121,0,2022-06-09 20:54:32,2022-06-10 15:37:51
15710,4147,140,0,2022-06-09 20:54:32,2022-06-10 15:37:51
15711,4148,103,0,2022-06-09 20:54:32,2022-06-10 15:37:51
15712,4148,140,0,2022-06-09 20:54:32,2022-06-10 15:37:51
15713,4148,141,0,2022-06-09 20:54:32,2022-06-10 15:37:51
15714,4149,59,0,2022-06-09 20:54:32,2022-06-10 15:37:51
15715,4149,62,0,2022-06-09 20:54:32,2022-06-10 15:37:51
15716,4150,49,0,2022-06-09 20:54:32,2022-06-10 15:37:51
15717,4150,50,0,2022-06-09 20:54:32,2022-06-10 15:37:51
15718,4150,51,0,2022-06-09 20:54:32,2022-06-10 15:37:51
15719,4150,54,0,2022-06-09 20:54:32,2022-06-10 15:37:51
15720,4150,55,0,2022-06-09 20:54:32,2022-06-10 15:37:51
15721,4151,49,0,2022-06-09 20:54:32,2022-06-10 15:37:51
15722,4151,50,0,2022-06-09 20:54:32,2022-06-10 15:37:51
15723,4151,53,0,2022-06-09 20:54:32,2022-06-10 15:37:51
15724,4151,54,0,2022-06-09 20:54:32,2022-06-10 15:37:51
15725,4151,55,0,2022-06-09 20:54:32,2022-06-10 15:37:51
15726,4151,56,0,2022-06-09 20:54:32,2022-06-10 15:37:51
15727,4151,57,0,2022-06-09 20:54:32,2022-06-10 15:37:51
15728,4151,58,0,2022-06-09 20:54:32,2022-06-10 15:37:51
15729,4151,126,0,2022-06-09 20:54:32,2022-06-10 15:37:51
15730,4152,103,0,2022-06-09 20:54:32,2022-06-10 15:37:51
15731,4152,107,0,2022-06-09 20:54:32,2022-06-10 15:37:51
15732,4152,140,0,2022-06-09 20:54:32,2022-06-10 15:37:51
15733,4153,59,0,2022-06-09 20:54:32,2022-06-10 15:37:51
15734,4153,62,0,2022-06-09 20:54:32,2022-06-10 15:37:51
15735,4154,111,0,2022-06-09 20:54:32,2022-06-10 15:37:51
15736,4154,118,0,2022-06-09 20:54:32,2022-06-10 15:37:51
15737,4155,74,0,2022-06-09 20:54:32,2022-06-10 15:37:51
15738,4155,76,0,2022-06-09 20:54:32,2022-06-10 15:37:51
15739,4156,32,0,2022-06-09 20:54:32,2022-06-10 15:37:51
15740,4156,39,0,2022-06-09 20:54:32,2022-06-10 15:37:51
15741,4157,74,0,2022-06-09 20:54:33,2022-06-10 15:37:51
15742,4157,75,0,2022-06-09 20:54:33,2022-06-10 15:37:51
15743,4157,80,0,2022-06-09 20:54:33,2022-06-10 15:37:51
15744,4157,133,0,2022-06-09 20:54:33,2022-06-10 15:37:51
15745,4158,59,0,2022-06-09 20:54:33,2022-06-10 15:37:51
15746,4158,61,0,2022-06-09 20:54:33,2022-06-10 15:37:51
15747,4158,93,0,2022-06-09 20:54:33,2022-06-10 15:37:51
15748,4158,101,0,2022-06-09 20:54:33,2022-06-10 15:37:51
15749,4158,128,0,2022-06-09 20:54:33,2022-06-10 15:37:51
15750,4159,103,0,2022-06-09 20:54:33,2022-06-10 15:37:51
15751,4159,108,0,2022-06-09 20:54:33,2022-06-10 15:37:51
15752,4160,103,0,2022-06-09 20:54:33,2022-06-10 15:37:51
15753,4160,108,0,2022-06-09 20:54:33,2022-06-10 15:37:51
15754,4161,15,0,2022-06-09 20:54:33,2022-06-10 15:37:51
15755,4161,16,0,2022-06-09 20:54:33,2022-06-10 15:37:51
15756,4161,17,0,2022-06-09 20:54:33,2022-06-10 15:37:51
15757,4161,19,0,2022-06-09 20:54:33,2022-06-10 15:37:51
15758,4161,21,0,2022-06-09 20:54:33,2022-06-10 15:37:51
15759,4161,32,0,2022-06-09 20:54:33,2022-06-10 15:37:51
15760,4161,35,0,2022-06-09 20:54:33,2022-06-10 15:37:51
15761,4161,38,0,2022-06-09 20:54:33,2022-06-10 15:37:51
15762,4161,49,0,2022-06-09 20:54:33,2022-06-10 15:37:51
15763,4161,50,0,2022-06-09 20:54:33,2022-06-10 15:37:51
15764,4161,53,0,2022-06-09 20:54:33,2022-06-10 15:37:51
15765,4161,54,0,2022-06-09 20:54:33,2022-06-10 15:37:51
15766,4161,55,0,2022-06-09 20:54:33,2022-06-10 15:37:51
15767,4161,56,0,2022-06-09 20:54:33,2022-06-10 15:37:51
15768,4161,57,0,2022-06-09 20:54:33,2022-06-10 15:37:51
15769,4161,59,0,2022-06-09 20:54:33,2022-06-10 15:37:51
15770,4161,74,0,2022-06-09 20:54:33,2022-06-10 15:37:51
15771,4161,76,0,2022-06-09 20:54:33,2022-06-10 15:37:51
15772,4161,83,0,2022-06-09 20:54:33,2022-06-10 15:37:51
15773,4161,84,0,2022-06-09 20:54:33,2022-06-10 15:37:51
15774,4161,85,0,2022-06-09 20:54:33,2022-06-10 15:37:51
15775,4161,89,0,2022-06-09 20:54:33,2022-06-10 15:37:51
15776,4161,93,0,2022-06-09 20:54:33,2022-06-10 15:37:51
15777,4161,100,0,2022-06-09 20:54:33,2022-06-10 15:37:51
15778,4161,103,0,2022-06-09 20:54:33,2022-06-10 15:37:51
15779,4161,104,0,2022-06-09 20:54:33,2022-06-10 15:37:51
15780,4161,105,0,2022-06-09 20:54:33,2022-06-10 15:37:51
15781,4161,106,0,2022-06-09 20:54:33,2022-06-10 15:37:51
15782,4161,107,0,2022-06-09 20:54:33,2022-06-10 15:37:51
15783,4161,108,0,2022-06-09 20:54:33,2022-06-10 15:37:51
15784,4161,109,0,2022-06-09 20:54:33,2022-06-10 15:37:51
15785,4161,111,0,2022-06-09 20:54:33,2022-06-10 15:37:51
15786,4161,112,0,2022-06-09 20:54:33,2022-06-10 15:37:51
15787,4161,113,0,2022-06-09 20:54:33,2022-06-10 15:37:51
15788,4161,114,0,2022-06-09 20:54:33,2022-06-10 15:37:51
15789,4161,116,0,2022-06-09 20:54:33,2022-06-10 15:37:51
15790,4161,117,0,2022-06-09 20:54:33,2022-06-10 15:37:51
15791,4161,118,0,2022-06-09 20:54:33,2022-06-10 15:37:51
15792,4161,135,0,2022-06-09 20:54:33,2022-06-10 15:37:51
15793,4161,139,0,2022-06-09 20:54:33,2022-06-10 15:37:51
15794,4161,140,0,2022-06-09 20:54:33,2022-06-10 15:37:51
15795,4161,141,0,2022-06-09 20:54:33,2022-06-10 15:37:51
15796,4162,111,0,2022-06-09 20:54:33,2022-06-10 15:37:51
15797,4162,112,0,2022-06-09 20:54:33,2022-06-10 15:37:51
15798,4162,113,0,2022-06-09 20:54:33,2022-06-10 15:37:51
15799,4162,116,0,2022-06-09 20:54:33,2022-06-10 15:37:51
15800,4162,117,0,2022-06-09 20:54:33,2022-06-10 15:37:51
15801,4162,119,0,2022-06-09 20:54:33,2022-06-10 15:37:51
15802,4162,121,0,2022-06-09 20:54:33,2022-06-10 15:37:51
15803,4163,111,0,2022-06-09 20:54:33,2022-06-10 15:37:51
15804,4163,112,0,2022-06-09 20:54:33,2022-06-10 15:37:51
15805,4163,113,0,2022-06-09 20:54:33,2022-06-10 15:37:51
15806,4163,114,0,2022-06-09 20:54:33,2022-06-10 15:37:51
15807,4163,115,0,2022-06-09 20:54:33,2022-06-10 15:37:51
15808,4163,116,0,2022-06-09 20:54:33,2022-06-10 15:37:51
15809,4163,117,0,2022-06-09 20:54:33,2022-06-10 15:37:51
15810,4163,119,0,2022-06-09 20:54:33,2022-06-10 15:37:51
15811,4163,121,0,2022-06-09 20:54:33,2022-06-10 15:37:51
15812,4164,111,0,2022-06-09 20:54:33,2022-06-10 15:37:51
15813,4164,112,0,2022-06-09 20:54:33,2022-06-10 15:37:51
15814,4164,114,0,2022-06-09 20:54:33,2022-06-10 15:37:51
15815,4164,115,0,2022-06-09 20:54:33,2022-06-10 15:37:51
15816,4165,85,0,2022-06-09 20:54:33,2022-06-10 15:37:51
15817,4165,111,0,2022-06-09 20:54:33,2022-06-10 15:37:51
15818,4165,112,0,2022-06-09 20:54:33,2022-06-10 15:37:51
15819,4165,113,0,2022-06-09 20:54:33,2022-06-10 15:37:51
15820,4165,114,0,2022-06-09 20:54:33,2022-06-10 15:37:51
15821,4165,115,0,2022-06-09 20:54:33,2022-06-10 15:37:51
15822,4165,137,0,2022-06-09 20:54:33,2022-06-10 15:37:51
15823,4166,59,0,2022-06-09 20:54:33,2022-06-10 15:37:51
15824,4166,62,0,2022-06-09 20:54:33,2022-06-10 15:37:51
15825,4167,103,0,2022-06-09 20:54:33,2022-06-10 15:37:51
15826,4167,105,0,2022-06-09 20:54:33,2022-06-10 15:37:51
15827,4167,108,0,2022-06-09 20:54:33,2022-06-10 15:37:51
15828,4167,109,0,2022-06-09 20:54:33,2022-06-10 15:37:51
15829,4167,140,0,2022-06-09 20:54:33,2022-06-10 15:37:51
15830,4168,103,0,2022-06-09 20:54:33,2022-06-10 15:37:51
15831,4168,107,0,2022-06-09 20:54:33,2022-06-10 15:37:51
15832,4168,108,0,2022-06-09 20:54:33,2022-06-10 15:37:51
15833,4168,110,0,2022-06-09 20:54:33,2022-06-10 15:37:51
15834,4168,140,0,2022-06-09 20:54:33,2022-06-10 15:37:51
15835,4169,74,0,2022-06-09 20:54:33,2022-06-10 15:37:51
15836,4169,82,0,2022-06-09 20:54:33,2022-06-10 15:37:51
15837,4169,111,0,2022-06-09 20:54:33,2022-06-10 15:37:51
15838,4169,112,0,2022-06-09 20:54:33,2022-06-10 15:37:51
15839,4169,113,0,2022-06-09 20:54:33,2022-06-10 15:37:51
15840,4169,114,0,2022-06-09 20:54:33,2022-06-10 15:37:51
15841,4169,115,0,2022-06-09 20:54:33,2022-06-10 15:37:51
15842,4169,116,0,2022-06-09 20:54:33,2022-06-10 15:37:51
15843,4170,49,0,2022-06-09 20:54:33,2022-06-10 15:37:51
15844,4170,50,0,2022-06-09 20:54:33,2022-06-10 15:37:51
15845,4170,53,0,2022-06-09 20:54:33,2022-06-10 15:37:51
15846,4171,32,0,2022-06-09 20:54:33,2022-06-10 15:37:51
15847,4171,38,0,2022-06-09 20:54:33,2022-06-10 15:37:51
15848,4172,4,0,2022-06-09 20:54:33,2022-06-10 15:37:51
15849,4172,6,0,2022-06-09 20:54:33,2022-06-10 15:37:51
15850,4173,93,0,2022-06-09 20:54:33,2022-06-10 15:37:51
15851,4173,100,0,2022-06-09 20:54:33,2022-06-10 15:37:51
15852,4174,111,0,2022-06-09 20:54:33,2022-06-10 15:37:51
15853,4174,118,0,2022-06-09 20:54:33,2022-06-10 15:37:51
15854,4175,103,0,2022-06-09 20:54:33,2022-06-10 15:37:51
15855,4175,141,0,2022-06-09 20:54:33,2022-06-10 15:37:51
15856,4176,103,0,2022-06-09 20:54:33,2022-06-10 15:37:51
15857,4176,105,0,2022-06-09 20:54:33,2022-06-10 15:37:51
15858,4177,74,0,2022-06-09 20:54:33,2022-06-10 15:37:51
15859,4177,76,0,2022-06-09 20:54:33,2022-06-10 15:37:51
15860,4178,49,0,2022-06-09 20:54:33,2022-06-10 15:37:51
15861,4178,50,0,2022-06-09 20:54:33,2022-06-10 15:37:51
15862,4179,103,0,2022-06-09 20:54:33,2022-06-10 15:37:51
15863,4179,107,0,2022-06-09 20:54:33,2022-06-10 15:37:51
15864,4179,140,0,2022-06-09 20:54:33,2022-06-10 15:37:51
15865,4180,93,0,2022-06-09 20:54:33,2022-06-10 15:37:51
15866,4180,98,0,2022-06-09 20:54:33,2022-06-10 15:37:51
15867,4180,138,0,2022-06-09 20:54:33,2022-06-10 15:37:51
15868,4181,59,0,2022-06-09 20:54:33,2022-06-10 15:37:51
15869,4181,62,0,2022-06-09 20:54:33,2022-06-10 15:37:51
15870,4182,59,0,2022-06-09 20:54:33,2022-06-10 15:37:51
15871,4182,62,0,2022-06-09 20:54:33,2022-06-10 15:37:51
15872,4183,15,0,2022-06-09 20:54:33,2022-06-10 15:37:51
15873,4183,16,0,2022-06-09 20:54:33,2022-06-10 15:37:51
15874,4183,17,0,2022-06-09 20:54:33,2022-06-10 15:37:51
15875,4183,18,0,2022-06-09 20:54:33,2022-06-10 15:37:51
15876,4183,19,0,2022-06-09 20:54:33,2022-06-10 15:37:51
15877,4184,85,0,2022-06-09 20:54:33,2022-06-10 15:37:51
15878,4184,88,0,2022-06-09 20:54:33,2022-06-10 15:37:51
15879,4185,49,0,2022-06-09 20:54:33,2022-06-10 15:37:51
15880,4185,50,0,2022-06-09 20:54:33,2022-06-10 15:37:51
15881,4185,51,0,2022-06-09 20:54:33,2022-06-10 15:37:51
15882,4185,52,0,2022-06-09 20:54:33,2022-06-10 15:37:51
15883,4185,54,0,2022-06-09 20:54:33,2022-06-10 15:37:51
15884,4185,55,0,2022-06-09 20:54:33,2022-06-10 15:37:51
15885,4185,56,0,2022-06-09 20:54:33,2022-06-10 15:37:51
15886,4185,57,0,2022-06-09 20:54:33,2022-06-10 15:37:51
15887,4185,126,0,2022-06-09 20:54:33,2022-06-10 15:37:51
15888,4186,32,0,2022-06-09 20:54:33,2022-06-10 15:37:51
15889,4186,33,0,2022-06-09 20:54:33,2022-06-10 15:37:51
15890,4186,34,0,2022-06-09 20:54:33,2022-06-10 15:37:51
15891,4186,36,0,2022-06-09 20:54:33,2022-06-10 15:37:51
15892,4186,37,0,2022-06-09 20:54:33,2022-06-10 15:37:51
15893,4187,49,0,2022-06-09 20:54:33,2022-06-10 15:37:51
15894,4187,50,0,2022-06-09 20:54:33,2022-06-10 15:37:51
15895,4187,53,0,2022-06-09 20:54:33,2022-06-10 15:37:51
15896,4187,54,0,2022-06-09 20:54:33,2022-06-10 15:37:51
15897,4187,55,0,2022-06-09 20:54:33,2022-06-10 15:37:51
15898,4187,56,0,2022-06-09 20:54:33,2022-06-10 15:37:51
15899,4187,57,0,2022-06-09 20:54:33,2022-06-10 15:37:51
15900,4187,58,0,2022-06-09 20:54:33,2022-06-10 15:37:51
15901,4188,93,0,2022-06-09 20:54:33,2022-06-10 15:37:51
15902,4188,98,0,2022-06-09 20:54:33,2022-06-10 15:37:51
15903,4189,32,0,2022-06-09 20:54:33,2022-06-10 15:37:51
15904,4189,33,0,2022-06-09 20:54:33,2022-06-10 15:37:51
15905,4189,34,0,2022-06-09 20:54:33,2022-06-10 15:37:51
15906,4190,59,0,2022-06-09 20:54:33,2022-06-10 15:37:51
15907,4190,93,0,2022-06-09 20:54:33,2022-06-10 15:37:51
15908,4190,101,0,2022-06-09 20:54:33,2022-06-10 15:37:51
15909,4190,128,0,2022-06-09 20:54:33,2022-06-10 15:37:51
15910,4191,49,0,2022-06-09 20:54:33,2022-06-10 15:37:51
15911,4191,50,0,2022-06-09 20:54:33,2022-06-10 15:37:51
15912,4191,51,0,2022-06-09 20:54:33,2022-06-10 15:37:51
15913,4191,55,0,2022-06-09 20:54:33,2022-06-10 15:37:51
15914,4191,126,0,2022-06-09 20:54:33,2022-06-10 15:37:51
15915,4192,111,0,2022-06-09 20:54:33,2022-06-10 15:37:51
15916,4192,113,0,2022-06-09 20:54:33,2022-06-10 15:37:51
15917,4192,114,0,2022-06-09 20:54:33,2022-06-10 15:37:51
15918,4192,116,0,2022-06-09 20:54:33,2022-06-10 15:37:51
15919,4192,119,0,2022-06-09 20:54:33,2022-06-10 15:37:51
15920,4193,15,0,2022-06-09 20:54:33,2022-06-10 15:37:51
15921,4193,17,0,2022-06-09 20:54:33,2022-06-10 15:37:51
15922,4193,19,0,2022-06-09 20:54:33,2022-06-10 15:37:51
15923,4193,49,0,2022-06-09 20:54:33,2022-06-10 15:37:51
15924,4193,50,0,2022-06-09 20:54:33,2022-06-10 15:37:51
15925,4193,55,0,2022-06-09 20:54:33,2022-06-10 15:37:51
15926,4193,56,0,2022-06-09 20:54:33,2022-06-10 15:37:51
15927,4193,59,0,2022-06-09 20:54:33,2022-06-10 15:37:51
15928,4193,61,0,2022-06-09 20:54:33,2022-06-10 15:37:51
15929,4193,74,0,2022-06-09 20:54:33,2022-06-10 15:37:51
15930,4193,93,0,2022-06-09 20:54:33,2022-06-10 15:37:51
15931,4193,103,0,2022-06-09 20:54:33,2022-06-10 15:37:51
15932,4193,105,0,2022-06-09 20:54:33,2022-06-10 15:37:51
15933,4193,111,0,2022-06-09 20:54:33,2022-06-10 15:37:51
15934,4193,112,0,2022-06-09 20:54:33,2022-06-10 15:37:51
15935,4193,113,0,2022-06-09 20:54:33,2022-06-10 15:37:51
15936,4193,114,0,2022-06-09 20:54:33,2022-06-10 15:37:51
15937,4193,127,0,2022-06-09 20:54:33,2022-06-10 15:37:51
15938,4193,128,0,2022-06-09 20:54:33,2022-06-10 15:37:51
15939,4193,129,0,2022-06-09 20:54:33,2022-06-10 15:37:51
15940,4193,140,0,2022-06-09 20:54:33,2022-06-10 15:37:51
15941,4193,141,0,2022-06-09 20:54:33,2022-06-10 15:37:51
15942,4194,93,0,2022-06-09 20:54:33,2022-06-10 15:37:51
15943,4194,94,0,2022-06-09 20:54:33,2022-06-10 15:37:51
15944,4195,111,0,2022-06-09 20:54:33,2022-06-10 15:37:51
15945,4195,116,0,2022-06-09 20:54:33,2022-06-10 15:37:51
15946,4196,93,0,2022-06-09 20:54:33,2022-06-10 15:37:51
15947,4197,74,0,2022-06-09 20:54:33,2022-06-10 15:37:51
15948,4197,81,0,2022-06-09 20:54:33,2022-06-10 15:37:51
15949,4198,103,0,2022-06-09 20:54:33,2022-06-10 15:37:51
15950,4198,105,0,2022-06-09 20:54:33,2022-06-10 15:37:51
15951,4199,85,0,2022-06-09 20:54:33,2022-06-10 15:37:51
15952,4199,88,0,2022-06-09 20:54:33,2022-06-10 15:37:51
15953,4199,135,0,2022-06-09 20:54:33,2022-06-10 15:37:51
15954,4200,103,0,2022-06-09 20:54:33,2022-06-10 15:37:51
15955,4200,107,0,2022-06-09 20:54:33,2022-06-10 15:37:51
15956,4200,110,0,2022-06-09 20:54:33,2022-06-10 15:37:51
15957,4201,15,0,2022-06-09 20:54:33,2022-06-10 15:37:51
15958,4201,49,0,2022-06-09 20:54:33,2022-06-10 15:37:51
15959,4201,50,0,2022-06-09 20:54:33,2022-06-10 15:37:51
15960,4201,54,0,2022-06-09 20:54:33,2022-06-10 15:37:51
15961,4201,55,0,2022-06-09 20:54:33,2022-06-10 15:37:51
15962,4201,56,0,2022-06-09 20:54:33,2022-06-10 15:37:51
15963,4201,59,0,2022-06-09 20:54:33,2022-06-10 15:37:51
15964,4201,60,0,2022-06-09 20:54:33,2022-06-10 15:37:51
15965,4201,61,0,2022-06-09 20:54:33,2022-06-10 15:37:51
15966,4201,62,0,2022-06-09 20:54:33,2022-06-10 15:37:51
15967,4201,74,0,2022-06-09 20:54:33,2022-06-10 15:37:51
15968,4201,84,0,2022-06-09 20:54:33,2022-06-10 15:37:51
15969,4201,93,0,2022-06-09 20:54:33,2022-06-10 15:37:51
15970,4201,94,0,2022-06-09 20:54:33,2022-06-10 15:37:51
15971,4201,103,0,2022-06-09 20:54:33,2022-06-10 15:37:51
15972,4201,104,0,2022-06-09 20:54:33,2022-06-10 15:37:51
15973,4201,105,0,2022-06-09 20:54:33,2022-06-10 15:37:51
15974,4201,107,0,2022-06-09 20:54:33,2022-06-10 15:37:51
15975,4201,108,0,2022-06-09 20:54:33,2022-06-10 15:37:51
15976,4201,109,0,2022-06-09 20:54:33,2022-06-10 15:37:51
15977,4201,110,0,2022-06-09 20:54:33,2022-06-10 15:37:51
15978,4201,128,0,2022-06-09 20:54:33,2022-06-10 15:37:51
15979,4201,129,0,2022-06-09 20:54:33,2022-06-10 15:37:51
15980,4201,139,0,2022-06-09 20:54:33,2022-06-10 15:37:51
15981,4201,140,0,2022-06-09 20:54:33,2022-06-10 15:37:51
15982,4202,85,0,2022-06-09 20:54:33,2022-06-10 15:37:51
15983,4202,111,0,2022-06-09 20:54:33,2022-06-10 15:37:51
15984,4202,118,0,2022-06-09 20:54:33,2022-06-10 15:37:51
15985,4202,136,0,2022-06-09 20:54:33,2022-06-10 15:37:51
15986,4203,85,0,2022-06-09 20:54:33,2022-06-10 15:37:51
15987,4203,111,0,2022-06-09 20:54:33,2022-06-10 15:37:51
15988,4203,118,0,2022-06-09 20:54:33,2022-06-10 15:37:51
15989,4203,136,0,2022-06-09 20:54:33,2022-06-10 15:37:51
15990,4204,49,0,2022-06-09 20:54:33,2022-06-10 15:37:51
15991,4204,50,0,2022-06-09 20:54:33,2022-06-10 15:37:51
15992,4204,54,0,2022-06-09 20:54:33,2022-06-10 15:37:51
15993,4204,55,0,2022-06-09 20:54:33,2022-06-10 15:37:51
15994,4204,56,0,2022-06-09 20:54:33,2022-06-10 15:37:51
15995,4204,57,0,2022-06-09 20:54:33,2022-06-10 15:37:51
15996,4204,58,0,2022-06-09 20:54:33,2022-06-10 15:37:51
15997,4205,49,0,2022-06-09 20:54:33,2022-06-10 15:37:51
15998,4205,50,0,2022-06-09 20:54:33,2022-06-10 15:37:51
15999,4205,93,0,2022-06-09 20:54:33,2022-06-10 15:37:51
16000,4206,103,0,2022-06-09 20:54:33,2022-06-10 15:37:51
16001,4206,140,0,2022-06-09 20:54:33,2022-06-10 15:37:51
16002,4207,111,0,2022-06-09 20:54:33,2022-06-10 15:37:51
16003,4207,117,0,2022-06-09 20:54:33,2022-06-10 15:37:51
16004,4208,85,0,2022-06-09 20:54:33,2022-06-10 15:37:51
16005,4208,86,0,2022-06-09 20:54:33,2022-06-10 15:37:51
16006,4208,87,0,2022-06-09 20:54:33,2022-06-10 15:37:51
16007,4208,134,0,2022-06-09 20:54:33,2022-06-10 15:37:51
16008,4208,135,0,2022-06-09 20:54:33,2022-06-10 15:37:51
16009,4208,137,0,2022-06-09 20:54:33,2022-06-10 15:37:51
16010,4208,142,0,2022-06-09 20:54:33,2022-06-10 15:37:51
16011,4209,85,0,2022-06-09 20:54:33,2022-06-10 15:37:51
16012,4209,89,0,2022-06-09 20:54:33,2022-06-10 15:37:51
16013,4209,90,0,2022-06-09 20:54:33,2022-06-10 15:37:51
16014,4209,111,0,2022-06-09 20:54:33,2022-06-10 15:37:51
16015,4209,115,0,2022-06-09 20:54:33,2022-06-10 15:37:51
16016,4209,135,0,2022-06-09 20:54:33,2022-06-10 15:37:51
16017,4210,74,0,2022-06-09 20:54:33,2022-06-10 15:37:51
16018,4210,93,0,2022-06-09 20:54:33,2022-06-10 15:37:51
16019,4210,100,0,2022-06-09 20:54:33,2022-06-10 15:37:51
16020,4210,111,0,2022-06-09 20:54:33,2022-06-10 15:37:51
16021,4210,116,0,2022-06-09 20:54:33,2022-06-10 15:37:51
16022,4211,85,0,2022-06-09 20:54:33,2022-06-10 15:37:51
16023,4211,86,0,2022-06-09 20:54:33,2022-06-10 15:37:51
16024,4211,134,0,2022-06-09 20:54:33,2022-06-10 15:37:51
16025,4211,135,0,2022-06-09 20:54:33,2022-06-10 15:37:51
16026,4211,137,0,2022-06-09 20:54:33,2022-06-10 15:37:51
16027,4211,142,0,2022-06-09 20:54:33,2022-06-10 15:37:51
16028,4212,40,0,2022-06-09 20:54:33,2022-06-10 15:37:51
16029,4212,41,0,2022-06-09 20:54:33,2022-06-10 15:37:51
16030,4212,47,0,2022-06-09 20:54:33,2022-06-10 15:37:51
16031,4213,85,0,2022-06-09 20:54:33,2022-06-10 15:37:51
16032,4213,89,0,2022-06-09 20:54:33,2022-06-10 15:37:51
16033,4214,93,0,2022-06-09 20:54:33,2022-06-10 15:37:51
16034,4214,138,0,2022-06-09 20:54:33,2022-06-10 15:37:51
16035,4215,74,0,2022-06-09 20:54:33,2022-06-10 15:37:51
16036,4215,84,0,2022-06-09 20:54:33,2022-06-10 15:37:51
16037,4215,111,0,2022-06-09 20:54:33,2022-06-10 15:37:51
16038,4215,112,0,2022-06-09 20:54:33,2022-06-10 15:37:51
16039,4215,116,0,2022-06-09 20:54:33,2022-06-10 15:37:51
16040,4215,129,0,2022-06-09 20:54:33,2022-06-10 15:37:51
16041,4216,74,0,2022-06-09 20:54:33,2022-06-10 15:37:51
16042,4216,111,0,2022-06-09 20:54:33,2022-06-10 15:37:51
16043,4216,116,0,2022-06-09 20:54:33,2022-06-10 15:37:51
16044,4216,129,0,2022-06-09 20:54:33,2022-06-10 15:37:51
16045,4217,49,0,2022-06-09 20:54:33,2022-06-10 15:37:51
16046,4217,50,0,2022-06-09 20:54:33,2022-06-10 15:37:51
16047,4218,74,0,2022-06-09 20:54:33,2022-06-10 15:37:51
16048,4218,129,0,2022-06-09 20:54:33,2022-06-10 15:37:51
16049,4219,103,0,2022-06-09 20:54:33,2022-06-10 15:37:51
16050,4219,107,0,2022-06-09 20:54:33,2022-06-10 15:37:51
16051,4219,108,0,2022-06-09 20:54:33,2022-06-10 15:37:51
16052,4220,103,0,2022-06-09 20:54:33,2022-06-10 15:37:51
16053,4220,110,0,2022-06-09 20:54:33,2022-06-10 15:37:51
16054,4220,140,0,2022-06-09 20:54:33,2022-06-10 15:37:51
16055,4221,32,0,2022-06-09 20:54:34,2022-06-10 15:37:51
16056,4221,35,0,2022-06-09 20:54:34,2022-06-10 15:37:51
16057,4222,49,0,2022-06-09 20:54:34,2022-06-10 15:37:51
16058,4222,50,0,2022-06-09 20:54:34,2022-06-10 15:37:51
16059,4222,55,0,2022-06-09 20:54:34,2022-06-10 15:37:51
16060,4223,103,0,2022-06-09 20:54:34,2022-06-10 15:37:51
16061,4223,141,0,2022-06-09 20:54:34,2022-06-10 15:37:51
16062,4224,74,0,2022-06-09 20:54:34,2022-06-10 15:37:51
16063,4224,75,0,2022-06-09 20:54:34,2022-06-10 15:37:51
16064,4225,103,0,2022-06-09 20:54:34,2022-06-10 15:37:51
16065,4225,107,0,2022-06-09 20:54:34,2022-06-10 15:37:51
16066,4225,140,0,2022-06-09 20:54:34,2022-06-10 15:37:51
16067,4226,93,0,2022-06-09 20:54:34,2022-06-10 15:37:51
16068,4226,138,0,2022-06-09 20:54:34,2022-06-10 15:37:51
16069,4227,50,0,2022-06-09 20:54:34,2022-06-10 15:37:51
16070,4227,55,0,2022-06-09 20:54:34,2022-06-10 15:37:51
16071,4227,126,0,2022-06-09 20:54:34,2022-06-10 15:37:51
16072,4228,49,0,2022-06-09 20:54:34,2022-06-10 15:37:51
16073,4228,54,0,2022-06-09 20:54:34,2022-06-10 15:37:51
16074,4229,111,0,2022-06-09 20:54:34,2022-06-10 15:37:51
16075,4229,113,0,2022-06-09 20:54:34,2022-06-10 15:37:51
16076,4229,114,0,2022-06-09 20:54:34,2022-06-10 15:37:51
16077,4229,116,0,2022-06-09 20:54:34,2022-06-10 15:37:51
16078,4230,93,0,2022-06-09 20:54:34,2022-06-10 15:37:51
16079,4230,100,0,2022-06-09 20:54:34,2022-06-10 15:37:51
16080,4231,85,0,2022-06-09 20:54:34,2022-06-10 15:37:51
16081,4231,86,0,2022-06-09 20:54:34,2022-06-10 15:37:51
16082,4231,93,0,2022-06-09 20:54:34,2022-06-10 15:37:51
16083,4231,95,0,2022-06-09 20:54:34,2022-06-10 15:37:51
16084,4231,101,0,2022-06-09 20:54:34,2022-06-10 15:37:51
16085,4231,102,0,2022-06-09 20:54:34,2022-06-10 15:37:51
16086,4231,137,0,2022-06-09 20:54:34,2022-06-10 15:37:51
16087,4232,40,0,2022-06-09 20:54:34,2022-06-10 15:37:51
16088,4232,41,0,2022-06-09 20:54:34,2022-06-10 15:37:51
16089,4232,43,0,2022-06-09 20:54:34,2022-06-10 15:37:51
16090,4232,44,0,2022-06-09 20:54:34,2022-06-10 15:37:51
16091,4232,46,0,2022-06-09 20:54:34,2022-06-10 15:37:51
16092,4232,47,0,2022-06-09 20:54:34,2022-06-10 15:37:51
16093,4233,49,0,2022-06-09 20:54:34,2022-06-10 15:37:51
16094,4233,51,0,2022-06-09 20:54:34,2022-06-10 15:37:51
16095,4234,59,0,2022-06-09 20:54:34,2022-06-10 15:37:51
16096,4234,127,0,2022-06-09 20:54:34,2022-06-10 15:37:51
16097,4235,15,0,2022-06-09 20:54:34,2022-06-10 15:37:51
16098,4235,49,0,2022-06-09 20:54:34,2022-06-10 15:37:51
16099,4235,50,0,2022-06-09 20:54:34,2022-06-10 15:37:51
16100,4235,54,0,2022-06-09 20:54:34,2022-06-10 15:37:51
16101,4235,55,0,2022-06-09 20:54:34,2022-06-10 15:37:51
16102,4235,56,0,2022-06-09 20:54:34,2022-06-10 15:37:51
16103,4235,85,0,2022-06-09 20:54:34,2022-06-10 15:37:51
16104,4235,89,0,2022-06-09 20:54:34,2022-06-10 15:37:51
16105,4235,93,0,2022-06-09 20:54:34,2022-06-10 15:37:51
16106,4235,100,0,2022-06-09 20:54:34,2022-06-10 15:37:51
16107,4235,111,0,2022-06-09 20:54:34,2022-06-10 15:37:51
16108,4235,112,0,2022-06-09 20:54:34,2022-06-10 15:37:51
16109,4235,113,0,2022-06-09 20:54:34,2022-06-10 15:37:51
16110,4235,114,0,2022-06-09 20:54:34,2022-06-10 15:37:51
16111,4235,115,0,2022-06-09 20:54:34,2022-06-10 15:37:51
16112,4235,116,0,2022-06-09 20:54:34,2022-06-10 15:37:51
16113,4235,117,0,2022-06-09 20:54:34,2022-06-10 15:37:51
16114,4235,118,0,2022-06-09 20:54:34,2022-06-10 15:37:51
16115,4235,119,0,2022-06-09 20:54:34,2022-06-10 15:37:51
16116,4235,121,0,2022-06-09 20:54:34,2022-06-10 15:37:51
16117,4236,93,0,2022-06-09 20:54:34,2022-06-10 15:37:51
16118,4237,111,0,2022-06-09 20:54:34,2022-06-10 15:37:51
16119,4237,112,0,2022-06-09 20:54:34,2022-06-10 15:37:51
16120,4238,85,0,2022-06-09 20:54:34,2022-06-10 15:37:51
16121,4238,111,0,2022-06-09 20:54:34,2022-06-10 15:37:51
16122,4238,112,0,2022-06-09 20:54:34,2022-06-10 15:37:51
16123,4238,113,0,2022-06-09 20:54:34,2022-06-10 15:37:51
16124,4238,117,0,2022-06-09 20:54:34,2022-06-10 15:37:51
16125,4238,137,0,2022-06-09 20:54:34,2022-06-10 15:37:51
16126,4239,103,0,2022-06-09 20:54:34,2022-06-10 15:37:51
16127,4239,105,0,2022-06-09 20:54:34,2022-06-10 15:37:51
16128,4239,106,0,2022-06-09 20:54:34,2022-06-10 15:37:51
16129,4239,108,0,2022-06-09 20:54:34,2022-06-10 15:37:51
16130,4240,111,0,2022-06-09 20:54:34,2022-06-10 15:37:51
16131,4240,113,0,2022-06-09 20:54:34,2022-06-10 15:37:51
16132,4240,114,0,2022-06-09 20:54:34,2022-06-10 15:37:51
16133,4241,111,0,2022-06-09 20:54:34,2022-06-10 15:37:51
16134,4241,115,0,2022-06-09 20:54:34,2022-06-10 15:37:51
16135,4242,93,0,2022-06-09 20:54:34,2022-06-10 15:37:51
16136,4243,111,0,2022-06-09 20:54:34,2022-06-10 15:37:51
16137,4243,112,0,2022-06-09 20:54:34,2022-06-10 15:37:51
16138,4243,113,0,2022-06-09 20:54:34,2022-06-10 15:37:51
16139,4243,117,0,2022-06-09 20:54:34,2022-06-10 15:37:51
16140,4244,59,0,2022-06-09 20:54:34,2022-06-10 15:37:51
16141,4244,127,0,2022-06-09 20:54:34,2022-06-10 15:37:51
16142,4245,93,0,2022-06-09 20:54:35,2022-06-10 15:37:51
16143,4245,99,0,2022-06-09 20:54:35,2022-06-10 15:37:51
16144,4246,111,0,2022-06-09 20:54:35,2022-06-10 15:37:51
16145,4246,119,0,2022-06-09 20:54:35,2022-06-10 15:37:51
16146,4246,121,0,2022-06-09 20:54:35,2022-06-10 15:37:51
16147,4247,111,0,2022-06-09 20:54:35,2022-06-10 15:37:51
16148,4247,119,0,2022-06-09 20:54:35,2022-06-10 15:37:51
16149,4248,93,0,2022-06-09 20:54:35,2022-06-10 15:37:51
16150,4248,100,0,2022-06-09 20:54:35,2022-06-10 15:37:51
16151,4249,50,0,2022-06-09 20:54:35,2022-06-10 15:37:51
16152,4249,59,0,2022-06-09 20:54:35,2022-06-10 15:37:51
16153,4249,60,0,2022-06-09 20:54:35,2022-06-10 15:37:51
16154,4249,62,0,2022-06-09 20:54:35,2022-06-10 15:37:51
16155,4249,103,0,2022-06-09 20:54:35,2022-06-10 15:37:51
16156,4249,104,0,2022-06-09 20:54:35,2022-06-10 15:37:51
16157,4249,108,0,2022-06-09 20:54:35,2022-06-10 15:37:51
16158,4249,111,0,2022-06-09 20:54:35,2022-06-10 15:37:51
16159,4249,113,0,2022-06-09 20:54:35,2022-06-10 15:37:51
16160,4249,114,0,2022-06-09 20:54:35,2022-06-10 15:37:51
16161,4249,115,0,2022-06-09 20:54:35,2022-06-10 15:37:51
16162,4249,127,0,2022-06-09 20:54:35,2022-06-10 15:37:51
16163,4249,140,0,2022-06-09 20:54:35,2022-06-10 15:37:51
16164,4250,74,0,2022-06-09 20:54:35,2022-06-10 15:37:51
16165,4250,132,0,2022-06-09 20:54:35,2022-06-10 15:37:51
16166,4251,,0,2022-06-09 20:54:36,2022-06-10 15:37:51
16167,4252,103,0,2022-06-09 20:54:36,2022-06-10 15:37:51
16168,4252,108,0,2022-06-09 20:54:36,2022-06-10 15:37:51
16169,4253,25,0,2022-06-09 20:54:36,2022-06-10 15:37:51
16170,4254,85,0,2022-06-09 20:54:37,2022-06-10 15:37:51
16171,4254,89,0,2022-06-09 20:54:37,2022-06-10 15:37:51
16172,4255,59,0,2022-06-09 20:54:37,2022-06-10 15:37:51
16173,4255,62,0,2022-06-09 20:54:37,2022-06-10 15:37:51
16174,4256,74,0,2022-06-09 20:54:37,2022-06-10 15:37:51
16175,4256,81,0,2022-06-09 20:54:37,2022-06-10 15:37:51
16176,4256,111,0,2022-06-09 20:54:37,2022-06-10 15:37:51
16177,4256,116,0,2022-06-09 20:54:37,2022-06-10 15:37:51
16178,4257,103,0,2022-06-09 20:54:37,2022-06-10 15:37:51
16179,4257,106,0,2022-06-09 20:54:37,2022-06-10 15:37:51
16180,4258,103,0,2022-06-09 20:54:38,2022-06-10 15:37:51
16181,4258,141,0,2022-06-09 20:54:38,2022-06-10 15:37:51
16182,4259,49,0,2022-06-09 20:54:38,2022-06-10 15:37:51
16183,4259,53,0,2022-06-09 20:54:38,2022-06-10 15:37:51
16184,4260,93,0,2022-06-09 20:54:38,2022-06-10 15:37:51
16185,4260,97,0,2022-06-09 20:54:38,2022-06-10 15:37:51
16186,4260,111,0,2022-06-09 20:54:38,2022-06-10 15:37:51
16187,4260,118,0,2022-06-09 20:54:38,2022-06-10 15:37:51
16188,4261,49,0,2022-06-09 20:54:39,2022-06-10 15:37:51
16189,4261,54,0,2022-06-09 20:54:39,2022-06-10 15:37:51
16190,4261,57,0,2022-06-09 20:54:39,2022-06-10 15:37:51
16191,4261,58,0,2022-06-09 20:54:39,2022-06-10 15:37:51
16192,4261,85,0,2022-06-09 20:54:39,2022-06-10 15:37:51
16193,4261,91,0,2022-06-09 20:54:39,2022-06-10 15:37:51
16194,4262,85,0,2022-06-09 20:54:40,2022-06-10 15:37:51
16195,4262,135,0,2022-06-09 20:54:40,2022-06-10 15:37:51
16196,4262,142,0,2022-06-09 20:54:40,2022-06-10 15:37:51
16197,4263,,0,2022-06-09 20:54:40,2022-06-10 15:37:51
16198,4264,15,0,2022-06-09 20:54:42,2022-06-10 15:37:51
16199,4264,122,0,2022-06-09 20:54:42,2022-06-10 15:37:51
16200,4265,49,0,2022-06-09 20:54:42,2022-06-10 15:37:51
16201,4265,54,0,2022-06-09 20:54:42,2022-06-10 15:37:51
16202,4265,55,0,2022-06-09 20:54:42,2022-06-10 15:37:51
16203,4265,118,0,2022-06-09 20:54:42,2022-06-10 15:37:51
16204,4266,32,0,2022-06-09 20:54:42,2022-06-10 15:37:51
16205,4266,36,0,2022-06-09 20:54:42,2022-06-10 15:37:51
16206,4267,40,0,2022-06-09 20:54:46,2022-06-10 15:37:51
16207,4267,48,0,2022-06-09 20:54:46,2022-06-10 15:37:51
16208,4268,111,0,2022-06-09 20:54:47,2022-06-10 15:37:51
16209,4268,113,0,2022-06-09 20:54:47,2022-06-10 15:37:51
16210,4268,114,0,2022-06-09 20:54:47,2022-06-10 15:37:51
16211,4268,115,0,2022-06-09 20:54:47,2022-06-10 15:37:51
16212,4268,119,0,2022-06-09 20:54:47,2022-06-10 15:37:51
16213,4268,121,0,2022-06-09 20:54:47,2022-06-10 15:37:51
16214,4269,111,0,2022-06-09 20:54:48,2022-06-10 15:37:51
16215,4269,112,0,2022-06-09 20:54:48,2022-06-10 15:37:51
16216,4269,114,0,2022-06-09 20:54:48,2022-06-10 15:37:51
16217,4269,115,0,2022-06-09 20:54:48,2022-06-10 15:37:51
16218,4270,103,0,2022-06-09 20:54:49,2022-06-10 15:37:51
16219,4270,107,0,2022-06-09 20:54:49,2022-06-10 15:37:51
16220,4270,140,0,2022-06-09 20:54:49,2022-06-10 15:37:51
16221,4271,111,0,2022-06-09 20:54:51,2022-06-10 15:37:51
16222,4271,112,0,2022-06-09 20:54:51,2022-06-10 15:37:51
16223,4271,113,0,2022-06-09 20:54:51,2022-06-10 15:37:51
16224,4271,114,0,2022-06-09 20:54:51,2022-06-10 15:37:51
16225,4271,115,0,2022-06-09 20:54:51,2022-06-10 15:37:51
16226,4271,116,0,2022-06-09 20:54:51,2022-06-10 15:37:51
16227,4271,117,0,2022-06-09 20:54:51,2022-06-10 15:37:51
16228,4271,119,0,2022-06-09 20:54:51,2022-06-10 15:37:51
16229,4271,121,0,2022-06-09 20:54:51,2022-06-10 15:37:51
16230,4272,,0,2022-06-09 20:54:55,2022-06-10 15:37:51
16231,4273,,0,2022-06-09 20:54:57,2022-06-10 15:37:51
16232,4274,103,0,2022-06-09 20:54:57,2022-06-10 15:37:51
16233,4274,140,0,2022-06-09 20:54:57,2022-06-10 15:37:51
16234,4275,111,0,2022-06-09 20:54:57,2022-06-10 15:37:51
16235,4275,118,0,2022-06-09 20:54:57,2022-06-10 15:37:51
16236,4276,,0,2022-06-09 20:54:58,2022-06-10 15:37:51
16237,4277,59,0,2022-06-09 20:54:58,2022-06-10 15:37:51
16238,4277,60,0,2022-06-09 20:54:58,2022-06-10 15:37:51
16239,4278,,0,2022-06-09 20:54:59,2022-06-10 15:37:51
16240,4279,32,0,2022-06-09 20:55:05,2022-06-10 15:37:51
16241,4279,34,0,2022-06-09 20:55:05,2022-06-10 15:37:51
16242,4280,32,0,2022-06-09 20:55:07,2022-06-10 15:37:51
16243,4280,33,0,2022-06-09 20:55:07,2022-06-10 15:37:51
16244,4280,35,0,2022-06-09 20:55:07,2022-06-10 15:37:51
16245,4281,85,0,2022-06-09 20:55:07,2022-06-10 15:37:51
16246,4281,111,0,2022-06-09 20:55:07,2022-06-10 15:37:51
16247,4281,113,0,2022-06-09 20:55:07,2022-06-10 15:37:51
16248,4281,114,0,2022-06-09 20:55:07,2022-06-10 15:37:51
16249,4281,115,0,2022-06-09 20:55:07,2022-06-10 15:37:51
16250,4281,116,0,2022-06-09 20:55:07,2022-06-10 15:37:51
16251,4281,142,0,2022-06-09 20:55:07,2022-06-10 15:37:51
16252,4282,,0,2022-06-09 20:55:11,2022-06-10 15:37:51
16253,4283,85,0,2022-06-09 20:55:15,2022-06-10 15:37:51
16254,4283,91,0,2022-06-09 20:55:15,2022-06-10 15:37:51
16255,4284,,0,2022-06-09 20:55:17,2022-06-10 15:37:51
16256,4285,,0,2022-06-09 20:55:20,2022-06-10 15:37:51
16257,4286,59,0,2022-06-09 20:55:20,2022-06-10 15:37:51
16258,4286,61,0,2022-06-09 20:55:20,2022-06-10 15:37:51
16259,4287,32,0,2022-06-09 20:55:21,2022-06-10 15:37:51
16260,4287,33,0,2022-06-09 20:55:21,2022-06-10 15:37:51
16261,4287,34,0,2022-06-09 20:55:21,2022-06-10 15:37:51
16262,4288,,0,2022-06-09 20:55:21,2022-06-10 15:37:51
16263,4289,103,0,2022-06-09 20:55:23,2022-06-10 15:37:51
16264,4289,140,0,2022-06-09 20:55:23,2022-06-10 15:37:51
16265,4290,40,0,2022-06-09 20:55:24,2022-06-10 15:37:51
16266,4290,43,0,2022-06-09 20:55:24,2022-06-10 15:37:51
16267,4291,,0,2022-06-09 20:55:25,2022-06-10 15:37:51
16268,4292,103,0,2022-06-09 20:55:27,2022-06-10 15:37:51
16269,4292,104,0,2022-06-09 20:55:27,2022-06-10 15:37:51
16270,4292,105,0,2022-06-09 20:55:27,2022-06-10 15:37:51
16271,4292,108,0,2022-06-09 20:55:27,2022-06-10 15:37:51
16272,4292,109,0,2022-06-09 20:55:27,2022-06-10 15:37:51
16273,4293,59,0,2022-06-09 20:55:27,2022-06-10 15:37:51
16274,4293,62,0,2022-06-09 20:55:27,2022-06-10 15:37:51
16275,4294,,0,2022-06-09 20:55:27,2022-06-10 15:37:51
16276,4295,40,0,2022-06-09 20:55:28,2022-06-10 15:37:51
16277,4295,47,0,2022-06-09 20:55:28,2022-06-10 15:37:51
16278,4296,,0,2022-06-09 20:55:30,2022-06-10 15:37:51
16279,4297,2,0,2022-06-09 20:55:31,2022-06-10 15:37:51
16280,4298,3,0,2022-06-09 20:55:32,2022-06-10 15:37:51
16281,4299,93,0,2022-06-09 20:55:33,2022-06-10 15:37:51
16282,4299,95,0,2022-06-09 20:55:33,2022-06-10 15:37:51
16283,4299,111,0,2022-06-09 20:55:33,2022-06-10 15:37:51
16284,4299,112,0,2022-06-09 20:55:33,2022-06-10 15:37:51
16285,4299,113,0,2022-06-09 20:55:33,2022-06-10 15:37:51
16286,4299,117,0,2022-06-09 20:55:33,2022-06-10 15:37:51
16287,4300,49,0,2022-06-09 20:55:33,2022-06-10 15:37:51
16288,4300,51,0,2022-06-09 20:55:33,2022-06-10 15:37:51
16289,4300,54,0,2022-06-09 20:55:33,2022-06-10 15:37:51
16290,4300,93,0,2022-06-09 20:55:33,2022-06-10 15:37:51
16291,4300,94,0,2022-06-09 20:55:33,2022-06-10 15:37:51
16292,4300,111,0,2022-06-09 20:55:33,2022-06-10 15:37:51
16293,4300,113,0,2022-06-09 20:55:33,2022-06-10 15:37:51
16294,4300,114,0,2022-06-09 20:55:33,2022-06-10 15:37:51
16295,4300,115,0,2022-06-09 20:55:33,2022-06-10 15:37:51
16296,4301,15,0,2022-06-09 20:55:33,2022-06-10 15:37:51
16297,4301,16,0,2022-06-09 20:55:33,2022-06-10 15:37:51
16298,4301,18,0,2022-06-09 20:55:33,2022-06-10 15:37:51
16299,4301,19,0,2022-06-09 20:55:33,2022-06-10 15:37:51
16300,4301,20,0,2022-06-09 20:55:33,2022-06-10 15:37:51
16301,4301,21,0,2022-06-09 20:55:33,2022-06-10 15:37:51
16302,4301,24,0,2022-06-09 20:55:33,2022-06-10 15:37:51
16303,4301,32,0,2022-06-09 20:55:33,2022-06-10 15:37:51
16304,4301,35,0,2022-06-09 20:55:33,2022-06-10 15:37:51
16305,4301,38,0,2022-06-09 20:55:33,2022-06-10 15:37:51
16306,4302,32,0,2022-06-09 20:55:33,2022-06-10 15:37:51
16307,4302,33,0,2022-06-09 20:55:33,2022-06-10 15:37:51
16308,4302,34,0,2022-06-09 20:55:33,2022-06-10 15:37:51
16309,4302,35,0,2022-06-09 20:55:33,2022-06-10 15:37:51
16310,4302,36,0,2022-06-09 20:55:33,2022-06-10 15:37:51
16311,4303,111,0,2022-06-09 20:55:35,2022-06-10 15:37:51
16312,4303,116,0,2022-06-09 20:55:35,2022-06-10 15:37:51
16313,4304,32,0,2022-06-09 20:55:36,2022-06-10 15:37:51
16314,4304,34,0,2022-06-09 20:55:36,2022-06-10 15:37:51
16315,4304,59,0,2022-06-09 20:55:36,2022-06-10 15:37:51
16316,4304,103,0,2022-06-09 20:55:36,2022-06-10 15:37:51
16317,4304,105,0,2022-06-09 20:55:36,2022-06-10 15:37:51
16318,4304,141,0,2022-06-09 20:55:36,2022-06-10 15:37:51
16319,4305,40,0,2022-06-09 20:55:38,2022-06-10 15:37:51
16320,4305,43,0,2022-06-09 20:55:38,2022-06-10 15:37:51
16321,4305,44,0,2022-06-09 20:55:38,2022-06-10 15:37:51
16322,4305,47,0,2022-06-09 20:55:38,2022-06-10 15:37:51
16323,4306,,0,2022-06-09 20:55:39,2022-06-10 15:37:51
16324,4307,111,0,2022-06-09 20:55:39,2022-06-10 15:37:51
16325,4307,112,0,2022-06-09 20:55:39,2022-06-10 15:37:51
16326,4308,,0,2022-06-09 20:55:43,2022-06-10 15:37:51
16327,4309,111,0,2022-06-09 20:55:43,2022-06-10 15:37:51
16328,4309,113,0,2022-06-09 20:55:43,2022-06-10 15:37:51
16329,4309,114,0,2022-06-09 20:55:43,2022-06-10 15:37:51
16330,4309,117,0,2022-06-09 20:55:43,2022-06-10 15:37:51
16331,4310,,0,2022-06-09 20:55:43,2022-06-10 15:37:51
16332,4311,1,0,2022-06-09 20:55:44,2022-06-10 15:37:51
16333,4311,2,0,2022-06-09 20:55:44,2022-06-10 15:37:51
16334,4312,,0,2022-06-09 20:55:45,2022-06-10 15:37:51
16335,4313,93,0,2022-06-09 20:55:45,2022-06-10 15:37:51
16336,4313,94,0,2022-06-09 20:55:45,2022-06-10 15:37:51
16337,4314,,0,2022-06-09 20:55:47,2022-06-10 15:37:51
16338,4315,,0,2022-06-09 20:55:48,2022-06-10 15:37:51
16339,4316,,0,2022-06-09 20:55:49,2022-06-10 15:37:51
16340,4317,,0,2022-06-09 20:55:50,2022-06-10 15:37:51
16341,4318,,0,2022-06-09 20:55:50,2022-06-10 15:37:51
16342,4319,93,0,2022-06-09 20:55:50,2022-06-10 15:37:51
16343,4319,100,0,2022-06-09 20:55:50,2022-06-10 15:37:51
16344,4319,111,0,2022-06-09 20:55:50,2022-06-10 15:37:51
16345,4319,116,0,2022-06-09 20:55:50,2022-06-10 15:37:51
16346,4320,,0,2022-06-09 20:55:50,2022-06-10 15:37:51
16347,4321,,0,2022-06-09 20:55:56,2022-06-10 15:37:51
16348,4322,40,0,2022-06-09 20:55:57,2022-06-10 15:37:51
16349,4322,43,0,2022-06-09 20:55:57,2022-06-10 15:37:51
16350,4322,47,0,2022-06-09 20:55:57,2022-06-10 15:37:51
16351,4323,49,0,2022-06-10 13:00:11,2022-06-10 15:37:51
16352,4323,52,0,2022-06-10 13:00:11,2022-06-10 15:37:51
16353,4323,126,0,2022-06-10 13:00:11,2022-06-10 15:37:51
16354,4324,111,0,2022-06-10 13:00:12,2022-06-10 15:37:51
16355,4324,113,0,2022-06-10 13:00:12,2022-06-10 15:37:51
16356,4324,114,0,2022-06-10 13:00:12,2022-06-10 15:37:51
16357,4324,115,0,2022-06-10 13:00:12,2022-06-10 15:37:51
16358,4324,117,0,2022-06-10 13:00:12,2022-06-10 15:37:51
16359,4324,119,0,2022-06-10 13:00:12,2022-06-10 15:37:51
16360,4324,121,0,2022-06-10 13:00:12,2022-06-10 15:37:51
16361,4325,15,0,2022-06-10 15:20:49,2022-06-10 15:37:51
16362,4325,20,0,2022-06-10 15:20:49,2022-06-10 15:37:51
16363,4325,32,0,2022-06-10 15:20:49,2022-06-10 15:37:51
16364,4325,35,0,2022-06-10 15:20:49,2022-06-10 15:37:51
16365,4326,85,0,2022-06-11 20:38:52,2022-06-11 20:38:52
16366,4326,86,0,2022-06-11 20:38:52,2022-06-11 20:38:52
16367,4327,85,0,2022-06-11 21:20:36,2022-06-11 21:20:36
16368,4327,86,0,2022-06-11 21:20:36,2022-06-11 21:20:36
16369,4327,136,0,2022-06-11 21:20:36,2022-06-11 21:20:36
16370,4327,117,0,2022-06-11 21:20:36,2022-06-11 21:20:36
16371,4328,135,0,2022-06-11 22:03:45,2022-06-11 22:03:45
16372,4328,109,0,2022-06-11 22:03:45,2022-06-11 22:03:45
16373,4328,49,0,2022-06-11 22:03:45,2022-06-11 22:03:45
16374,4328,97,0,2022-06-11 22:03:45,2022-06-11 22:03:45
16375,4329,49,0,2022-06-11 22:19:43,2022-06-11 22:19:43
16376,4330,103,0,2022-06-12 17:42:12,2022-06-12 17:42:12
16377,4330,139,0,2022-06-12 17:42:12,2022-06-12 17:42:12
16378,4331,143,0,2022-06-15 11:04:13,2022-06-15 11:04:13
16379,4331,148,0,2022-06-15 11:04:13,2022-06-15 11:04:13
16380,4332,140,0,2022-06-15 12:23:14,2022-06-15 12:23:14
16381,4332,108,0,2022-06-15 12:23:14,2022-06-15 12:23:14
16382,4332,107,0,2022-06-15 12:23:14,2022-06-15 12:23:14
16383,4333,86,0,2022-06-15 13:37:49,2022-06-15 13:37:49
16384,4333,137,0,2022-06-15 13:37:49,2022-06-15 13:37:49
16385,4333,135,0,2022-06-15 13:37:49,2022-06-15 13:37:49
16386,4333,136,0,2022-06-15 13:37:49,2022-06-15 13:37:49
16387,4333,111,0,2022-06-15 13:37:49,2022-06-15 13:37:49
16388,4333,117,0,2022-06-15 13:37:49,2022-06-15 13:37:49
16389,4333,118,0,2022-06-15 13:37:49,2022-06-15 13:37:49
16390,4333,114,0,2022-06-15 13:37:49,2022-06-15 13:37:49
16391,4333,119,0,2022-06-15 13:37:49,2022-06-15 13:37:49
16392,4333,113,0,2022-06-15 13:37:49,2022-06-15 13:37:49
16393,4333,103,0,2022-06-15 13:37:49,2022-06-15 13:37:49
16394,4333,109,0,2022-06-15 13:37:49,2022-06-15 13:37:49
16395,4333,106,0,2022-06-15 13:37:49,2022-06-15 13:37:49
16396,4333,104,0,2022-06-15 13:37:49,2022-06-15 13:37:49
16397,4333,140,0,2022-06-15 13:37:49,2022-06-15 13:37:49
16398,4333,105,0,2022-06-15 13:37:49,2022-06-15 13:37:49
16399,4333,139,0,2022-06-15 13:37:49,2022-06-15 13:37:49
16400,4333,108,0,2022-06-15 13:37:49,2022-06-15 13:37:49
16401,4333,107,0,2022-06-15 13:37:49,2022-06-15 13:37:49
16402,4333,56,0,2022-06-15 13:37:49,2022-06-15 13:37:49
16403,4334,85,0,2022-06-15 15:03:51,2022-06-15 15:03:51
16404,4334,91,0,2022-06-15 15:03:51,2022-06-15 15:03:51
16405,4334,86,0,2022-06-15 15:03:51,2022-06-15 15:03:51
16406,4334,137,0,2022-06-15 15:03:51,2022-06-15 15:03:51
16407,4334,142,0,2022-06-15 15:03:51,2022-06-15 15:03:51
16408,4335,85,0,2022-06-15 15:22:56,2022-06-15 15:22:56
16409,4335,91,0,2022-06-15 15:22:56,2022-06-15 15:22:56
16410,4335,86,0,2022-06-15 15:22:56,2022-06-15 15:22:56
16411,4335,111,0,2022-06-15 15:22:56,2022-06-15 15:22:56
16412,4335,117,0,2022-06-15 15:22:56,2022-06-15 15:22:56
16413,4335,112,0,2022-06-15 15:22:56,2022-06-15 15:22:56
16414,4335,114,0,2022-06-15 15:22:56,2022-06-15 15:22:56
16415,4335,113,0,2022-06-15 15:22:56,2022-06-15 15:22:56
16416,4335,103,0,2022-06-15 15:22:56,2022-06-15 15:22:56
16417,4335,54,0,2022-06-15 15:22:56,2022-06-15 15:22:56
16418,4336,85,0,2022-06-15 15:50:56,2022-06-15 15:50:56
16419,4336,86,0,2022-06-15 15:50:56,2022-06-15 15:50:56
16420,4336,90,0,2022-06-15 15:50:56,2022-06-15 15:50:56
16421,4336,135,0,2022-06-15 15:50:56,2022-06-15 15:50:56
16422,4336,89,0,2022-06-15 15:50:56,2022-06-15 15:50:56
16423,4336,117,0,2022-06-15 15:50:56,2022-06-15 15:50:56
16424,4336,118,0,2022-06-15 15:50:56,2022-06-15 15:50:56
16425,4336,115,0,2022-06-15 15:50:56,2022-06-15 15:50:56
16426,4336,15,0,2022-06-15 15:50:56,2022-06-15 15:50:56
16427,4336,24,0,2022-06-15 15:50:56,2022-06-15 15:50:56
16428,4336,76,0,2022-06-15 15:50:56,2022-06-15 15:50:56
16429,4336,131,0,2022-06-15 15:50:56,2022-06-15 15:50:56
16430,4336,84,0,2022-06-15 15:50:56,2022-06-15 15:50:56
16431,4336,103,0,2022-06-15 15:50:56,2022-06-15 15:50:56
16432,4336,109,0,2022-06-15 15:50:56,2022-06-15 15:50:56
16433,4336,54,0,2022-06-15 15:50:56,2022-06-15 15:50:56
16434,4336,95,0,2022-06-15 15:50:56,2022-06-15 15:50:56
16435,4337,103,0,2022-06-15 16:57:47,2022-06-15 16:57:47
16436,4337,109,0,2022-06-15 16:57:47,2022-06-15 16:57:47
16437,4337,106,0,2022-06-15 16:57:47,2022-06-15 16:57:47
16438,4337,104,0,2022-06-15 16:57:47,2022-06-15 16:57:47
16439,4337,140,0,2022-06-15 16:57:47,2022-06-15 16:57:47
16440,4337,105,0,2022-06-15 16:57:47,2022-06-15 16:57:47
16441,4337,139,0,2022-06-15 16:57:47,2022-06-15 16:57:47
16442,4337,108,0,2022-06-15 16:57:47,2022-06-15 16:57:47
16443,4337,141,0,2022-06-15 16:57:47,2022-06-15 16:57:47
16444,4337,107,0,2022-06-15 16:57:47,2022-06-15 16:57:47
16445,4338,135,0,2022-06-15 18:21:40,2022-06-15 18:21:40
16446,4338,59,0,2022-06-15 18:21:40,2022-06-15 18:21:40
16447,4338,103,0,2022-06-15 18:21:40,2022-06-15 18:21:40
16448,4338,109,0,2022-06-15 18:21:40,2022-06-15 18:21:40
16449,4338,104,0,2022-06-15 18:21:40,2022-06-15 18:21:40
16450,4338,140,0,2022-06-15 18:21:40,2022-06-15 18:21:40
16451,4338,107,0,2022-06-15 18:21:40,2022-06-15 18:21:40
16452,4339,135,0,2022-06-15 18:44:42,2022-06-15 18:44:42
16453,4339,103,0,2022-06-15 18:44:42,2022-06-15 18:44:42
16454,4339,109,0,2022-06-15 18:44:42,2022-06-15 18:44:42
16455,4339,106,0,2022-06-15 18:44:42,2022-06-15 18:44:42
16456,4339,104,0,2022-06-15 18:44:42,2022-06-15 18:44:42
16457,4339,140,0,2022-06-15 18:44:42,2022-06-15 18:44:42
16458,4339,105,0,2022-06-15 18:44:42,2022-06-15 18:44:42
16459,4339,139,0,2022-06-15 18:44:42,2022-06-15 18:44:42
16460,4339,108,0,2022-06-15 18:44:42,2022-06-15 18:44:42
16461,4340,15,0,2022-06-15 20:38:52,2022-06-15 20:38:52
16462,4340,133,0,2022-06-15 20:38:52,2022-06-15 20:38:52
16463,4340,75,0,2022-06-15 20:38:52,2022-06-15 20:38:52
16464,4340,124,0,2022-06-15 20:38:52,2022-06-15 20:38:52
16465,4340,103,0,2022-06-15 20:38:52,2022-06-15 20:38:52
16466,4340,104,0,2022-06-15 20:38:52,2022-06-15 20:38:52
16467,4340,99,0,2022-06-15 20:38:52,2022-06-15 20:38:52
16468,4340,70,0,2022-06-15 20:38:52,2022-06-15 20:38:52
16469,4340,153,0,2022-06-15 20:38:52,2022-06-15 20:38:52
16470,4341,136,0,2022-06-15 20:54:46,2022-06-15 20:54:46
16471,4341,142,0,2022-06-15 20:54:46,2022-06-15 20:54:46
16472,4341,117,0,2022-06-15 20:54:46,2022-06-15 20:54:46
16473,4341,118,0,2022-06-15 20:54:46,2022-06-15 20:54:46
16474,4341,120,0,2022-06-15 20:54:46,2022-06-15 20:54:46
16475,4341,113,0,2022-06-15 20:54:46,2022-06-15 20:54:46
16476,4341,124,0,2022-06-15 20:54:46,2022-06-15 20:54:46
16477,4341,103,0,2022-06-15 20:54:46,2022-06-15 20:54:46
16478,4341,106,0,2022-06-15 20:54:46,2022-06-15 20:54:46
16479,4341,104,0,2022-06-15 20:54:46,2022-06-15 20:54:46
16480,4341,140,0,2022-06-15 20:54:46,2022-06-15 20:54:46
16481,4341,105,0,2022-06-15 20:54:46,2022-06-15 20:54:46
16482,4341,139,0,2022-06-15 20:54:46,2022-06-15 20:54:46
16483,4341,108,0,2022-06-15 20:54:46,2022-06-15 20:54:46
16484,4341,107,0,2022-06-15 20:54:46,2022-06-15 20:54:46
16485,4341,150,0,2022-06-15 20:54:46,2022-06-15 20:54:46
16486,4342,137,0,2022-06-15 21:24:18,2022-06-15 21:24:18
16487,4342,111,0,2022-06-15 21:24:18,2022-06-15 21:24:18
16488,4342,113,0,2022-06-15 21:24:18,2022-06-15 21:24:18
16489,4342,103,0,2022-06-15 21:24:18,2022-06-15 21:24:18
16490,4342,104,0,2022-06-15 21:24:18,2022-06-15 21:24:18
16491,4342,140,0,2022-06-15 21:24:18,2022-06-15 21:24:18
16492,4342,105,0,2022-06-15 21:24:18,2022-06-15 21:24:18
16493,4342,108,0,2022-06-15 21:24:18,2022-06-15 21:24:18
16494,4343,143,0,2022-06-15 22:11:45,2022-06-15 22:11:45
16495,4343,148,0,2022-06-15 22:11:45,2022-06-15 22:11:45
16496,4344,87,0,2022-06-15 22:39:48,2022-06-15 22:39:48
16497,4344,74,0,2022-06-15 22:39:48,2022-06-15 22:39:48
16498,4344,82,0,2022-06-15 22:39:48,2022-06-15 22:39:48
16499,4344,133,0,2022-06-15 22:39:48,2022-06-15 22:39:48
16500,4344,75,0,2022-06-15 22:39:48,2022-06-15 22:39:48
16501,4344,59,0,2022-06-15 22:39:48,2022-06-15 22:39:48
16502,4344,99,0,2022-06-15 22:39:48,2022-06-15 22:39:48
16503,4344,67,0,2022-06-15 22:39:48,2022-06-15 22:39:48
16504,4345,147,0,2022-06-15 23:19:55,2022-06-15 23:19:55
16505,4345,25,0,2022-06-15 23:19:55,2022-06-15 23:19:55
16506,4345,4,0,2022-06-15 23:19:55,2022-06-15 23:19:55
16507,4345,10,0,2022-06-15 23:19:55,2022-06-15 23:19:55
16508,4345,151,0,2022-06-15 23:19:55,2022-06-15 23:19:55
16509,4345,153,0,2022-06-15 23:19:55,2022-06-15 23:19:55
16510,4345,154,0,2022-06-15 23:19:55,2022-06-15 23:19:55
16511,4346,124,0,2022-06-18 01:16:42,2022-06-18 01:16:42
16512,4346,152,0,2022-06-18 01:16:42,2022-06-18 01:16:42
16513,4346,67,0,2022-06-18 01:16:42,2022-06-18 01:16:42
16514,4346,73,0,2022-06-18 01:16:42,2022-06-18 01:16:42
16515,4346,71,0,2022-06-18 01:16:42,2022-06-18 01:16:42
16516,4346,70,0,2022-06-18 01:16:42,2022-06-18 01:16:42
16517,4348,103,0,2022-06-18 07:49:41,2022-06-18 07:49:41
16518,4349,147,0,2022-06-18 08:22:00,2022-06-18 08:22:00
16519,4349,151,0,2022-06-18 08:22:00,2022-06-18 08:22:00
16520,4349,152,0,2022-06-18 08:22:00,2022-06-18 08:22:00
16521,4349,67,0,2022-06-18 08:22:00,2022-06-18 08:22:00
16522,4349,154,0,2022-06-18 08:22:00,2022-06-18 08:22:00
16523,4351,85,0,2022-06-18 08:42:56,2022-06-18 08:42:56
16524,4351,86,0,2022-06-18 08:42:56,2022-06-18 08:42:56
16525,4352,133,0,2022-06-18 08:49:51,2022-06-18 08:49:51
16526,4352,75,0,2022-06-18 08:49:51,2022-06-18 08:49:51
16527,4353,85,0,2022-06-18 08:57:17,2022-06-18 08:57:17
16528,4353,86,0,2022-06-18 08:57:17,2022-06-18 08:57:17
16529,4354,143,0,2022-06-18 09:15:11,2022-06-18 09:15:11
16530,4354,148,0,2022-06-18 09:15:11,2022-06-18 09:15:11
16531,4355,91,0,2022-06-18 09:22:08,2022-06-18 09:22:08
16532,4355,76,0,2022-06-18 09:22:08,2022-06-18 09:22:08
16533,4355,99,0,2022-06-18 09:22:08,2022-06-18 09:22:08
16534,4355,95,0,2022-06-18 09:22:08,2022-06-18 09:22:08
16535,4356,25,0,2022-06-18 10:58:44,2022-06-18 10:58:44
16536,4356,29,0,2022-06-18 10:58:44,2022-06-18 10:58:44
16537,4356,99,0,2022-06-18 10:58:44,2022-06-18 10:58:44
16538,4356,152,0,2022-06-18 10:58:44,2022-06-18 10:58:44
16539,4356,67,0,2022-06-18 10:58:44,2022-06-18 10:58:44
16540,4356,71,0,2022-06-18 10:58:44,2022-06-18 10:58:44
16541,4356,153,0,2022-06-18 10:58:44,2022-06-18 10:58:44
16542,4357,152,0,2022-06-18 12:22:36,2022-06-18 12:22:36
16543,4357,67,0,2022-06-18 12:22:36,2022-06-18 12:22:36
16544,4357,73,0,2022-06-18 12:22:36,2022-06-18 12:22:36
16545,4357,71,0,2022-06-18 12:22:36,2022-06-18 12:22:36
16546,4357,70,0,2022-06-18 12:22:36,2022-06-18 12:22:36
16547,4358,81,0,2022-06-18 12:56:54,2022-06-18 12:56:54
16548,4358,59,0,2022-06-18 12:56:54,2022-06-18 12:56:54
16549,4358,103,0,2022-06-18 12:56:54,2022-06-18 12:56:54
16550,4358,141,0,2022-06-18 12:56:54,2022-06-18 12:56:54
16551,4358,107,0,2022-06-18 12:56:54,2022-06-18 12:56:54
16552,4359,143,0,2022-06-20 16:10:50,2022-06-20 16:10:50
16553,4359,149,0,2022-06-20 16:10:50,2022-06-20 16:10:50
16554,4359,59,0,2022-06-20 16:10:50,2022-06-20 16:10:50
16555,4360,59,0,2022-06-21 14:57:10,2022-06-21 14:57:10
16556,4361,111,0,2022-06-22 17:45:09,2022-06-22 17:45:09
16557,4361,113,0,2022-06-22 17:45:09,2022-06-22 17:45:09
16558,4361,104,0,2022-06-22 17:45:09,2022-06-22 17:45:09
16559,4362,85,0,2022-06-22 18:21:03,2022-06-22 18:21:03
16560,4362,91,0,2022-06-22 18:21:03,2022-06-22 18:21:03
16561,4362,86,0,2022-06-22 18:21:03,2022-06-22 18:21:03
16562,4362,135,0,2022-06-22 18:21:03,2022-06-22 18:21:03
16563,4362,142,0,2022-06-22 18:21:03,2022-06-22 18:21:03
16564,4362,117,0,2022-06-22 18:21:03,2022-06-22 18:21:03
16565,4362,22,0,2022-06-22 18:21:03,2022-06-22 18:21:03
16566,4362,49,0,2022-06-22 18:21:03,2022-06-22 18:21:03
16567,4363,85,0,2022-06-22 22:13:49,2022-06-22 22:13:49
16568,4363,91,0,2022-06-22 22:13:49,2022-06-22 22:13:49
16569,4363,86,0,2022-06-22 22:13:49,2022-06-22 22:13:49
16570,4363,68,0,2022-06-22 22:13:49,2022-06-22 22:13:49
16571,4364,85,0,2022-06-23 01:47:34,2022-06-23 01:47:34
16572,4364,91,0,2022-06-23 01:47:34,2022-06-23 01:47:34
16573,4365,85,0,2022-06-25 14:14:37,2022-06-25 14:14:37
16574,4365,91,0,2022-06-25 14:14:37,2022-06-25 14:14:37
16575,4365,22,0,2022-06-25 14:14:37,2022-06-25 14:14:37
16576,4366,103,0,2022-06-25 15:57:57,2022-06-25 15:57:57
16577,4366,104,0,2022-06-25 15:57:57,2022-06-25 15:57:57
16578,4366,105,0,2022-06-25 15:57:57,2022-06-25 15:57:57
16579,4366,108,0,2022-06-25 15:57:57,2022-06-25 15:57:57
16580,4367,85,0,2022-06-25 20:38:17,2022-06-25 20:38:17
16581,4367,91,0,2022-06-25 20:38:17,2022-06-25 20:38:17
16582,4367,90,0,2022-06-25 20:38:17,2022-06-25 20:38:17
16583,4367,135,0,2022-06-25 20:38:17,2022-06-25 20:38:17
16584,4367,136,0,2022-06-25 20:38:17,2022-06-25 20:38:17
16585,4367,89,0,2022-06-25 20:38:17,2022-06-25 20:38:17
16586,4367,111,0,2022-06-25 20:38:17,2022-06-25 20:38:17
16587,4367,117,0,2022-06-25 20:38:17,2022-06-25 20:38:17
16588,4367,112,0,2022-06-25 20:38:17,2022-06-25 20:38:17
16589,4367,118,0,2022-06-25 20:38:17,2022-06-25 20:38:17
16590,4367,115,0,2022-06-25 20:38:17,2022-06-25 20:38:17
16591,4367,114,0,2022-06-25 20:38:17,2022-06-25 20:38:17
16592,4367,113,0,2022-06-25 20:38:17,2022-06-25 20:38:17
16593,4367,24,0,2022-06-25 20:38:17,2022-06-25 20:38:17
16594,4367,129,0,2022-06-25 20:38:17,2022-06-25 20:38:17
16595,4367,132,0,2022-06-25 20:38:17,2022-06-25 20:38:17
16596,4367,54,0,2022-06-25 20:38:17,2022-06-25 20:38:17
16597,4367,55,0,2022-06-25 20:38:17,2022-06-25 20:38:17
16598,4367,155,0,2022-06-25 20:38:17,2022-06-25 20:38:17
16599,4367,95,0,2022-06-25 20:38:17,2022-06-25 20:38:17
16600,4368,91,0,2022-06-30 00:55:47,2022-06-30 00:55:47
16601,4368,142,0,2022-06-30 00:55:47,2022-06-30 00:55:47
16602,4368,111,0,2022-06-30 00:55:47,2022-06-30 00:55:47
16603,4368,117,0,2022-06-30 00:55:47,2022-06-30 00:55:47
16604,4368,112,0,2022-06-30 00:55:47,2022-06-30 00:55:47
16605,4368,115,0,2022-06-30 00:55:47,2022-06-30 00:55:47
16606,4368,95,0,2022-06-30 00:55:47,2022-06-30 00:55:47
16607,4369,109,0,2022-07-02 14:01:29,2022-07-02 14:01:29
16608,4369,140,0,2022-07-02 14:01:29,2022-07-02 14:01:29
16609,4369,105,0,2022-07-02 14:01:29,2022-07-02 14:01:29
16610,4369,108,0,2022-07-02 14:01:29,2022-07-02 14:01:29
16611,4369,107,0,2022-07-02 14:01:29,2022-07-02 14:01:29
16612,4370,85,0,2022-07-02 16:23:11,2022-07-02 16:23:11
16613,4370,91,0,2022-07-02 16:23:11,2022-07-02 16:23:11
16614,4370,86,0,2022-07-02 16:23:11,2022-07-02 16:23:11
16615,4372,111,0,2022-07-02 18:07:43,2022-07-02 18:07:43
16616,4372,112,0,2022-07-02 18:07:43,2022-07-02 18:07:43
16617,4372,114,0,2022-07-02 18:07:43,2022-07-02 18:07:43
16618,4372,113,0,2022-07-02 18:07:43,2022-07-02 18:07:43
16619,4373,143,0,2022-07-02 18:38:19,2022-07-02 18:38:19
16620,4373,148,0,2022-07-02 18:38:19,2022-07-02 18:38:19
16621,4374,85,0,2022-07-02 18:40:34,2022-07-02 18:40:34
16622,4374,91,0,2022-07-02 18:40:34,2022-07-02 18:40:34
16623,4374,86,0,2022-07-02 18:40:34,2022-07-02 18:40:34
16624,4374,142,0,2022-07-02 18:40:34,2022-07-02 18:40:34
16625,4375,59,0,2022-07-02 19:10:09,2022-07-02 19:10:09
16626,4376,85,0,2022-07-02 19:39:54,2022-07-02 19:39:54
16627,4376,135,0,2022-07-02 19:39:54,2022-07-02 19:39:54
16628,4376,136,0,2022-07-02 19:39:54,2022-07-02 19:39:54
16629,4376,118,0,2022-07-02 19:39:54,2022-07-02 19:39:54
16630,4376,157,0,2022-07-02 19:39:54,2022-07-02 19:39:54
16631,4376,150,0,2022-07-02 19:39:54,2022-07-02 19:39:54
16632,4376,117,0,2022-07-02 19:39:54,2022-07-02 19:39:54
16633,4376,155,0,2022-07-02 19:39:54,2022-07-02 19:39:54
16634,4377,85,0,2022-07-02 19:57:20,2022-07-02 19:57:20
16635,4377,86,0,2022-07-02 19:57:20,2022-07-02 19:57:20
16636,4377,142,0,2022-07-02 19:57:20,2022-07-02 19:57:20
16637,4377,111,0,2022-07-02 19:57:20,2022-07-02 19:57:20
16638,4377,118,0,2022-07-02 19:57:20,2022-07-02 19:57:20
16639,4377,59,0,2022-07-02 19:57:20,2022-07-02 19:57:20
16640,4377,60,0,2022-07-02 19:57:20,2022-07-02 19:57:20
16641,4377,109,0,2022-07-02 19:57:20,2022-07-02 19:57:20
16642,4377,56,0,2022-07-02 19:57:20,2022-07-02 19:57:20
16643,4378,111,0,2022-07-02 22:01:51,2022-07-02 22:01:51
16644,4378,117,0,2022-07-02 22:01:51,2022-07-02 22:01:51
16645,4378,113,0,2022-07-02 22:01:51,2022-07-02 22:01:51
16646,4378,104,0,2022-07-02 22:01:51,2022-07-02 22:01:51
16647,4379,111,0,2022-07-03 09:59:46,2022-07-03 09:59:46
16648,4379,113,0,2022-07-03 09:59:46,2022-07-03 09:59:46
16649,4380,105,0,2022-07-03 10:53:51,2022-07-03 10:53:51
16650,4381,86,0,2022-07-04 23:23:28,2022-07-04 23:23:28
16651,4381,136,0,2022-07-04 23:23:28,2022-07-04 23:23:28
16652,4382,85,0,2022-07-09 20:06:30,2022-07-09 20:06:30
16653,4382,135,0,2022-07-09 20:06:30,2022-07-09 20:06:30
16654,4383,103,0,2022-08-01 18:45:34,2022-08-01 18:45:34
16655,4383,104,0,2022-08-01 18:45:34,2022-08-01 18:45:34
16656,4383,140,0,2022-08-01 18:45:34,2022-08-01 18:45:34
16657,4383,108,0,2022-08-01 18:45:34,2022-08-01 18:45:34
16658,4384,103,0,2022-08-01 21:48:36,2022-08-01 21:48:36
16659,4384,139,0,2022-08-01 21:48:36,2022-08-01 21:48:36
16660,4385,111,0,2022-08-02 19:34:56,2022-08-02 19:34:56
16661,4385,115,0,2022-08-02 19:34:56,2022-08-02 19:34:56
16662,4385,114,0,2022-08-02 19:34:56,2022-08-02 19:34:56
16663,4385,113,0,2022-08-02 19:34:56,2022-08-02 19:34:56
16664,4386,104,0,2022-08-03 19:16:55,2022-08-03 19:16:55
16665,4386,150,0,2022-08-03 19:16:55,2022-08-03 19:16:55
16666,4387,86,0,2022-08-03 20:08:59,2022-08-03 20:08:59
16667,4387,55,0,2022-08-03 20:08:59,2022-08-03 20:08:59
16668,4388,85,0,2022-08-03 20:17:04,2022-08-03 20:17:04
16669,4388,91,0,2022-08-03 20:17:04,2022-08-03 20:17:04
16670,4389,142,0,2022-08-03 20:40:10,2022-08-03 20:40:10
16671,4389,89,0,2022-08-03 20:40:10,2022-08-03 20:40:10
16672,4389,111,0,2022-08-03 20:40:10,2022-08-03 20:40:10
16673,4389,113,0,2022-08-03 20:40:10,2022-08-03 20:40:10
16674,4389,95,0,2022-08-03 20:40:10,2022-08-03 20:40:10
16675,4390,85,0,2022-08-03 21:00:58,2022-08-03 21:00:58
16676,4390,86,0,2022-08-03 21:00:58,2022-08-03 21:00:58
16677,4390,142,0,2022-08-03 21:00:58,2022-08-03 21:00:58
16678,4390,68,0,2022-08-03 21:00:58,2022-08-03 21:00:58
16679,4391,85,0,2022-08-03 21:40:19,2022-08-03 21:40:19
16680,4391,91,0,2022-08-03 21:40:19,2022-08-03 21:40:19
16681,4392,111,0,2022-08-03 23:19:55,2022-08-03 23:19:55
16682,4392,115,0,2022-08-03 23:19:55,2022-08-03 23:19:55
16683,4392,114,0,2022-08-03 23:19:55,2022-08-03 23:19:55
16684,4392,113,0,2022-08-03 23:19:55,2022-08-03 23:19:55
16685,4393,150,0,2022-08-04 19:46:11,2022-08-04 19:46:11
16686,4394,85,0,2022-08-04 22:51:16,2022-08-04 22:51:16
16687,4394,91,0,2022-08-04 22:51:16,2022-08-04 22:51:16
16688,4395,150,0,2022-08-05 13:56:07,2022-08-05 13:56:07
16689,4396,59,0,2022-08-06 08:27:47,2022-08-06 08:27:47
16690,4397,85,0,2022-08-10 19:01:09,2022-08-10 19:01:09
16691,4397,91,0,2022-08-10 19:01:09,2022-08-10 19:01:09
16692,4397,136,0,2022-08-10 19:01:09,2022-08-10 19:01:09
16693,4397,111,0,2022-08-10 19:01:09,2022-08-10 19:01:09
16694,4397,118,0,2022-08-10 19:01:09,2022-08-10 19:01:09
16695,4397,54,0,2022-08-10 19:01:09,2022-08-10 19:01:09
16696,4398,59,0,2022-08-10 20:14:49,2022-08-10 20:14:49
16697,4398,103,0,2022-08-10 20:14:49,2022-08-10 20:14:49
16698,4398,141,0,2022-08-10 20:14:49,2022-08-10 20:14:49
16699,4398,107,0,2022-08-10 20:14:49,2022-08-10 20:14:49
16700,4399,85,0,2022-08-10 21:14:58,2022-08-10 21:14:58
16701,4399,136,0,2022-08-10 21:14:58,2022-08-10 21:14:58
16702,4399,142,0,2022-08-10 21:14:58,2022-08-10 21:14:58
16703,4400,85,0,2022-08-10 21:49:59,2022-08-10 21:49:59
16704,4400,91,0,2022-08-10 21:49:59,2022-08-10 21:49:59
16705,4400,135,0,2022-08-10 21:49:59,2022-08-10 21:49:59
16706,4400,136,0,2022-08-10 21:49:59,2022-08-10 21:49:59
16707,4400,89,0,2022-08-10 21:49:59,2022-08-10 21:49:59
16708,4400,111,0,2022-08-10 21:49:59,2022-08-10 21:49:59
16709,4400,113,0,2022-08-10 21:49:59,2022-08-10 21:49:59
16710,4400,150,0,2022-08-10 21:49:59,2022-08-10 21:49:59
16711,4401,111,0,2022-08-10 23:39:45,2022-08-10 23:39:45
16712,4401,113,0,2022-08-10 23:39:45,2022-08-10 23:39:45
16713,4401,117,0,2022-08-10 23:39:45,2022-08-10 23:39:45
16714,4402,85,0,2022-08-10 23:49:33,2022-08-10 23:49:33
16715,4402,136,0,2022-08-10 23:49:33,2022-08-10 23:49:33
16716,4402,142,0,2022-08-10 23:49:33,2022-08-10 23:49:33
16717,4402,118,0,2022-08-10 23:49:33,2022-08-10 23:49:33
16718,4402,113,0,2022-08-10 23:49:33,2022-08-10 23:49:33
16719,4402,104,0,2022-08-10 23:49:33,2022-08-10 23:49:33
16720,4402,150,0,2022-08-10 23:49:33,2022-08-10 23:49:33
16721,4402,97,0,2022-08-10 23:49:33,2022-08-10 23:49:33
16722,4403,85,0,2022-08-10 23:55:40,2022-08-10 23:55:40
16723,4403,91,0,2022-08-10 23:55:40,2022-08-10 23:55:40
16724,4404,85,0,2022-08-11 00:01:29,2022-08-11 00:01:29
16725,4404,136,0,2022-08-11 00:01:29,2022-08-11 00:01:29
16726,4404,150,0,2022-08-11 00:01:29,2022-08-11 00:01:29
16727,4405,85,0,2022-08-11 00:13:43,2022-08-11 00:13:43
16728,4405,91,0,2022-08-11 00:13:43,2022-08-11 00:13:43
16729,4405,135,0,2022-08-11 00:13:43,2022-08-11 00:13:43
16730,4405,136,0,2022-08-11 00:13:43,2022-08-11 00:13:43
16731,4405,142,0,2022-08-11 00:13:43,2022-08-11 00:13:43
16732,4405,111,0,2022-08-11 00:13:43,2022-08-11 00:13:43
16733,4405,114,0,2022-08-11 00:13:43,2022-08-11 00:13:43
16734,4405,113,0,2022-08-11 00:13:43,2022-08-11 00:13:43
16735,4405,17,0,2022-08-11 00:13:43,2022-08-11 00:13:43
16736,4405,76,0,2022-08-11 00:13:43,2022-08-11 00:13:43
16737,4405,68,0,2022-08-11 00:13:43,2022-08-11 00:13:43
16738,4406,136,0,2022-08-11 00:19:40,2022-08-11 00:19:40
16739,4406,118,0,2022-08-11 00:19:40,2022-08-11 00:19:40
16740,4406,150,0,2022-08-11 00:19:40,2022-08-11 00:19:40
16741,4407,85,0,2022-08-11 00:34:12,2022-08-11 00:34:12
16742,4407,91,0,2022-08-11 00:34:12,2022-08-11 00:34:12
16743,4408,103,0,2022-08-14 22:02:21,2022-08-14 22:02:21
16744,4408,108,0,2022-08-14 22:02:21,2022-08-14 22:02:21
16745,4409,103,0,2022-08-14 22:45:06,2022-08-14 22:45:06
16746,4409,49,0,2022-08-14 22:45:06,2022-08-14 22:45:06
16747,4409,58,0,2022-08-14 22:45:06,2022-08-14 22:45:06
16748,4410,104,0,2022-08-15 00:26:46,2022-08-15 00:26:46
16749,4411,113,0,2022-08-15 00:47:40,2022-08-15 00:47:40
16750,4412,85,0,2022-08-18 18:36:54,2022-08-18 18:36:54
16751,4412,91,0,2022-08-18 18:36:54,2022-08-18 18:36:54
16752,4412,135,0,2022-08-18 18:36:54,2022-08-18 18:36:54
16753,4412,86,0,2022-08-18 18:36:54,2022-08-18 18:36:54
16754,4412,49,0,2022-08-18 18:36:54,2022-08-18 18:36:54
16755,4413,111,0,2022-08-19 16:39:39,2022-08-19 16:39:39
16756,4413,115,0,2022-08-19 16:39:39,2022-08-19 16:39:39
16757,4413,114,0,2022-08-19 16:39:39,2022-08-19 16:39:39
16758,4413,113,0,2022-08-19 16:39:39,2022-08-19 16:39:39
16759,4414,136,0,2022-08-19 20:50:06,2022-08-19 20:50:06
16760,4414,118,0,2022-08-19 20:50:06,2022-08-19 20:50:06
16761,4415,49,0,2022-08-19 21:27:24,2022-08-19 21:27:24
16762,4415,58,0,2022-08-19 21:27:24,2022-08-19 21:27:24
16763,4416,103,0,2022-08-19 21:59:27,2022-08-19 21:59:27
16764,4416,104,0,2022-08-19 21:59:27,2022-08-19 21:59:27
16765,4416,108,0,2022-08-19 21:59:27,2022-08-19 21:59:27
16766,4417,85,0,2022-08-19 22:10:14,2022-08-19 22:10:14
16767,4417,135,0,2022-08-19 22:10:14,2022-08-19 22:10:14
16768,4417,142,0,2022-08-19 22:10:14,2022-08-19 22:10:14
16769,4418,114,0,2022-08-19 22:22:19,2022-08-19 22:22:19
16770,4418,113,0,2022-08-19 22:22:19,2022-08-19 22:22:19
16771,4419,103,0,2022-08-19 22:33:39,2022-08-19 22:33:39
16772,4419,109,0,2022-08-19 22:33:39,2022-08-19 22:33:39
16773,4419,108,0,2022-08-19 22:33:39,2022-08-19 22:33:39
16774,4420,49,0,2022-08-19 22:55:55,2022-08-19 22:55:55
16775,4420,157,0,2022-08-19 22:55:55,2022-08-19 22:55:55
16776,4420,58,0,2022-08-19 22:55:55,2022-08-19 22:55:55
16777,4421,49,0,2022-08-20 13:30:32,2022-08-20 13:30:32
16778,4421,157,0,2022-08-20 13:30:32,2022-08-20 13:30:32
16779,4423,103,0,2022-08-20 16:23:08,2022-08-20 16:23:08
16780,4423,109,0,2022-08-20 16:23:08,2022-08-20 16:23:08
16781,4423,56,0,2022-08-20 16:23:08,2022-08-20 16:23:08
16782,4423,157,0,2022-08-20 16:23:08,2022-08-20 16:23:08
16783,4424,85,0,2022-08-20 17:25:36,2022-08-20 17:25:36
16784,4424,91,0,2022-08-20 17:25:36,2022-08-20 17:25:36
16785,4425,85,0,2022-08-20 18:38:59,2022-08-20 18:38:59
16786,4425,135,0,2022-08-20 18:38:59,2022-08-20 18:38:59
16787,4425,86,0,2022-08-20 18:38:59,2022-08-20 18:38:59
16788,4425,142,0,2022-08-20 18:38:59,2022-08-20 18:38:59
16789,4425,89,0,2022-08-20 18:38:59,2022-08-20 18:38:59
16790,4425,111,0,2022-08-20 18:38:59,2022-08-20 18:38:59
16791,4425,115,0,2022-08-20 18:38:59,2022-08-20 18:38:59
16792,4425,132,0,2022-08-20 18:38:59,2022-08-20 18:38:59
16793,4425,117,0,2022-08-20 18:38:59,2022-08-20 18:38:59
16794,4425,95,0,2022-08-20 18:38:59,2022-08-20 18:38:59
16795,4425,102,0,2022-08-20 18:38:59,2022-08-20 18:38:59
16796,4426,103,0,2022-08-20 19:44:38,2022-08-20 19:44:38
16797,4426,104,0,2022-08-20 19:44:38,2022-08-20 19:44:38
16798,4426,140,0,2022-08-20 19:44:38,2022-08-20 19:44:38
16799,4426,108,0,2022-08-20 19:44:38,2022-08-20 19:44:38
16800,4426,141,0,2022-08-20 19:44:38,2022-08-20 19:44:38
16801,4426,107,0,2022-08-20 19:44:38,2022-08-20 19:44:38
16802,4427,143,0,2022-08-20 21:09:20,2022-08-20 21:09:20
16803,4427,148,0,2022-08-20 21:09:20,2022-08-20 21:09:20
16804,4428,85,0,2022-08-20 22:47:30,2022-08-20 22:47:30
16805,4428,135,0,2022-08-20 22:47:30,2022-08-20 22:47:30
16806,4428,136,0,2022-08-20 22:47:30,2022-08-20 22:47:30
16807,4428,118,0,2022-08-20 22:47:30,2022-08-20 22:47:30
16808,4428,108,0,2022-08-20 22:47:30,2022-08-20 22:47:30
16809,4428,54,0,2022-08-20 22:47:30,2022-08-20 22:47:30
16810,4428,150,0,2022-08-20 22:47:30,2022-08-20 22:47:30
16811,4429,85,0,2022-08-20 23:17:36,2022-08-20 23:17:36
16812,4429,136,0,2022-08-20 23:17:36,2022-08-20 23:17:36
16813,4429,54,0,2022-08-20 23:17:36,2022-08-20 23:17:36
16814,4429,150,0,2022-08-20 23:17:36,2022-08-20 23:17:36
16815,4430,143,0,2022-08-21 13:05:06,2022-08-21 13:05:06
16816,4430,148,0,2022-08-21 13:05:06,2022-08-21 13:05:06
16817,4431,143,0,2022-08-21 13:12:56,2022-08-21 13:12:56
16818,4431,148,0,2022-08-21 13:12:56,2022-08-21 13:12:56
16819,4432,143,0,2022-08-21 13:18:04,2022-08-21 13:18:04
16820,4432,148,0,2022-08-21 13:18:04,2022-08-21 13:18:04
16821,4433,143,0,2022-08-21 14:49:53,2022-08-21 14:49:53
16822,4433,148,0,2022-08-21 14:49:53,2022-08-21 14:49:53
16823,4434,111,0,2022-08-21 15:28:00,2022-08-21 15:28:00
16824,4434,150,0,2022-08-21 15:28:00,2022-08-21 15:28:00
16825,4435,143,0,2022-08-21 15:48:52,2022-08-21 15:48:52
16826,4435,148,0,2022-08-21 15:48:52,2022-08-21 15:48:52
16827,4436,143,0,2022-08-21 16:05:28,2022-08-21 16:05:28
16828,4436,148,0,2022-08-21 16:05:28,2022-08-21 16:05:28
16829,4437,111,0,2022-08-21 17:02:19,2022-08-21 17:02:19
16830,4437,113,0,2022-08-21 17:02:19,2022-08-21 17:02:19
16831,4438,143,0,2022-08-21 17:08:05,2022-08-21 17:08:05
16832,4438,148,0,2022-08-21 17:08:05,2022-08-21 17:08:05
16833,4439,143,0,2022-08-21 17:31:36,2022-08-21 17:31:36
16834,4439,148,0,2022-08-21 17:31:36,2022-08-21 17:31:36
16835,4440,143,0,2022-08-21 21:14:51,2022-08-21 21:14:51
16836,4440,148,0,2022-08-21 21:14:51,2022-08-21 21:14:51
16837,4441,143,0,2022-08-21 21:56:07,2022-08-21 21:56:07
16838,4441,148,0,2022-08-21 21:56:07,2022-08-21 21:56:07
16839,4442,143,0,2022-08-21 22:14:42,2022-08-21 22:14:42
16840,4442,148,0,2022-08-21 22:14:42,2022-08-21 22:14:42
16841,4443,143,0,2022-08-21 22:31:11,2022-08-21 22:31:11
16842,4443,148,0,2022-08-21 22:31:11,2022-08-21 22:31:11
16843,4444,136,0,2022-08-22 13:11:23,2022-08-22 13:11:23
16844,4444,111,0,2022-08-22 13:11:23,2022-08-22 13:11:23
16845,4444,118,0,2022-08-22 13:11:23,2022-08-22 13:11:23
16846,4445,143,0,2022-08-22 15:16:59,2022-08-22 15:16:59
16847,4445,148,0,2022-08-22 15:16:59,2022-08-22 15:16:59
16848,4446,143,0,2022-08-22 15:23:13,2022-08-22 15:23:13
16849,4446,148,0,2022-08-22 15:23:13,2022-08-22 15:23:13
16850,4447,143,0,2022-08-22 15:48:37,2022-08-22 15:48:37
16851,4447,148,0,2022-08-22 15:48:37,2022-08-22 15:48:37
16852,4448,143,0,2022-08-23 19:57:08,2022-08-23 19:57:08
16853,4448,148,0,2022-08-23 19:57:08,2022-08-23 19:57:08
16854,4449,143,0,2022-08-23 20:17:31,2022-08-23 20:17:31
16855,4449,148,0,2022-08-23 20:17:31,2022-08-23 20:17:31
16856,4450,143,0,2022-08-23 20:31:27,2022-08-23 20:31:27
16857,4450,148,0,2022-08-23 20:31:27,2022-08-23 20:31:27
16858,4451,143,0,2022-08-23 20:44:18,2022-08-23 20:44:18
16859,4451,148,0,2022-08-23 20:44:18,2022-08-23 20:44:18
16860,4452,143,0,2022-08-23 20:52:16,2022-08-23 20:52:16
16861,4452,148,0,2022-08-23 20:52:16,2022-08-23 20:52:16
16862,4453,143,0,2022-08-23 21:04:04,2022-08-23 21:04:04
16863,4453,148,0,2022-08-23 21:04:04,2022-08-23 21:04:04
16864,4454,143,0,2022-08-23 21:21:09,2022-08-23 21:21:09
16865,4454,148,0,2022-08-23 21:21:09,2022-08-23 21:21:09
16866,4455,85,0,2022-08-24 14:07:27,2022-08-24 14:07:27
16867,4455,91,0,2022-08-24 14:07:27,2022-08-24 14:07:27
16868,4456,86,0,2022-08-24 15:19:45,2022-08-24 15:19:45
16869,4457,85,0,2022-08-24 15:40:32,2022-08-24 15:40:32
16870,4457,91,0,2022-08-24 15:40:32,2022-08-24 15:40:32
16871,4457,86,0,2022-08-24 15:40:32,2022-08-24 15:40:32
16872,4457,136,0,2022-08-24 15:40:32,2022-08-24 15:40:32
16873,4457,117,0,2022-08-24 15:40:32,2022-08-24 15:40:32
16874,4458,135,0,2022-08-24 15:41:15,2022-08-24 15:41:15
16875,4458,103,0,2022-08-24 15:41:15,2022-08-24 15:41:15
16876,4458,108,0,2022-08-24 15:41:15,2022-08-24 15:41:15
16877,4459,49,0,2022-08-24 15:52:45,2022-08-24 15:52:45
16878,4459,57,0,2022-08-24 15:52:45,2022-08-24 15:52:45
16879,4459,55,0,2022-08-24 15:52:45,2022-08-24 15:52:45
16880,4460,136,0,2022-08-24 15:57:17,2022-08-24 15:57:17
16881,4460,142,0,2022-08-24 15:57:17,2022-08-24 15:57:17
16882,4460,104,0,2022-08-24 15:57:17,2022-08-24 15:57:17
16883,4460,150,0,2022-08-24 15:57:17,2022-08-24 15:57:17
16884,4460,117,0,2022-08-24 15:57:17,2022-08-24 15:57:17
16885,4461,85,0,2022-08-24 16:08:35,2022-08-24 16:08:35
16886,4461,137,0,2022-08-24 16:08:35,2022-08-24 16:08:35
16887,4461,135,0,2022-08-24 16:08:35,2022-08-24 16:08:35
16888,4461,136,0,2022-08-24 16:08:35,2022-08-24 16:08:35
16889,4462,85,0,2022-08-24 16:19:15,2022-08-24 16:19:15
16890,4462,91,0,2022-08-24 16:19:15,2022-08-24 16:19:15
16891,4463,85,0,2022-08-24 16:25:51,2022-08-24 16:25:51
16892,4463,91,0,2022-08-24 16:25:51,2022-08-24 16:25:51
16893,4463,49,0,2022-08-24 16:25:51,2022-08-24 16:25:51
16894,4463,56,0,2022-08-24 16:25:51,2022-08-24 16:25:51
16895,4463,55,0,2022-08-24 16:25:51,2022-08-24 16:25:51
16896,4464,85,0,2022-08-24 16:43:14,2022-08-24 16:43:14
16897,4464,91,0,2022-08-24 16:43:14,2022-08-24 16:43:14
16898,4464,49,0,2022-08-24 16:43:14,2022-08-24 16:43:14
16899,4465,111,0,2022-08-24 16:46:05,2022-08-24 16:46:05
16900,4465,115,0,2022-08-24 16:46:05,2022-08-24 16:46:05
16901,4466,49,0,2022-08-24 17:02:33,2022-08-24 17:02:33
16902,4466,54,0,2022-08-24 17:02:33,2022-08-24 17:02:33
16903,4467,85,0,2022-08-24 17:22:30,2022-08-24 17:22:30
16904,4467,91,0,2022-08-24 17:22:30,2022-08-24 17:22:30
16905,4468,49,0,2022-08-24 17:33:22,2022-08-24 17:33:22
16906,4468,157,0,2022-08-24 17:33:22,2022-08-24 17:33:22
16907,4469,85,0,2022-08-24 17:38:55,2022-08-24 17:38:55
16908,4469,91,0,2022-08-24 17:38:55,2022-08-24 17:38:55
16909,4469,86,0,2022-08-24 17:38:55,2022-08-24 17:38:55
16910,4469,142,0,2022-08-24 17:38:55,2022-08-24 17:38:55
16911,4469,115,0,2022-08-24 17:38:55,2022-08-24 17:38:55
16912,4469,76,0,2022-08-24 17:38:55,2022-08-24 17:38:55
16913,4469,95,0,2022-08-24 17:38:55,2022-08-24 17:38:55
16914,4470,111,0,2022-08-24 17:45:30,2022-08-24 17:45:30
16915,4470,113,0,2022-08-24 17:45:30,2022-08-24 17:45:30
16916,4471,150,0,2022-08-24 18:08:23,2022-08-24 18:08:23
16917,4472,85,0,2022-08-24 20:37:06,2022-08-24 20:37:06
16918,4472,91,0,2022-08-24 20:37:06,2022-08-24 20:37:06
16919,4472,113,0,2022-08-24 20:37:06,2022-08-24 20:37:06
16920,4472,117,0,2022-08-24 20:37:06,2022-08-24 20:37:06
16921,4473,85,0,2022-08-24 22:24:07,2022-08-24 22:24:07
16922,4473,91,0,2022-08-24 22:24:07,2022-08-24 22:24:07
16923,4473,114,0,2022-08-24 22:24:07,2022-08-24 22:24:07
16924,4473,113,0,2022-08-24 22:24:07,2022-08-24 22:24:07
16925,4473,54,0,2022-08-24 22:24:07,2022-08-24 22:24:07
16926,4474,85,0,2022-08-25 00:18:44,2022-08-25 00:18:44
16927,4474,91,0,2022-08-25 00:18:44,2022-08-25 00:18:44
16928,4474,86,0,2022-08-25 00:18:44,2022-08-25 00:18:44
16929,4474,136,0,2022-08-25 00:18:44,2022-08-25 00:18:44
16930,4474,150,0,2022-08-25 00:18:44,2022-08-25 00:18:44
16931,4475,135,0,2022-08-25 20:53:52,2022-08-25 20:53:52
16932,4475,103,0,2022-08-25 20:53:52,2022-08-25 20:53:52
16933,4475,108,0,2022-08-25 20:53:52,2022-08-25 20:53:52
16934,4475,49,0,2022-08-25 20:53:52,2022-08-25 20:53:52
16935,4475,157,0,2022-08-25 20:53:52,2022-08-25 20:53:52
16936,4476,135,0,2022-08-25 21:05:40,2022-08-25 21:05:40
16937,4476,49,0,2022-08-25 21:05:40,2022-08-25 21:05:40
16938,4476,55,0,2022-08-25 21:05:40,2022-08-25 21:05:40
16939,4477,103,0,2022-08-25 21:26:29,2022-08-25 21:26:29
16940,4477,109,0,2022-08-25 21:26:29,2022-08-25 21:26:29
16941,4477,108,0,2022-08-25 21:26:29,2022-08-25 21:26:29
16942,4478,85,0,2022-08-25 21:43:11,2022-08-25 21:43:11
16943,4478,135,0,2022-08-25 21:43:11,2022-08-25 21:43:11
16944,4478,86,0,2022-08-25 21:43:11,2022-08-25 21:43:11
16945,4479,85,0,2022-08-25 21:54:58,2022-08-25 21:54:58
16946,4479,91,0,2022-08-25 21:54:58,2022-08-25 21:54:58
16947,4480,85,0,2022-08-25 22:06:11,2022-08-25 22:06:11
16948,4480,86,0,2022-08-25 22:06:11,2022-08-25 22:06:11
16949,4480,55,0,2022-08-25 22:06:11,2022-08-25 22:06:11
16950,4480,68,0,2022-08-25 22:06:11,2022-08-25 22:06:11
16951,4481,85,0,2022-08-25 22:29:51,2022-08-25 22:29:51
16952,4481,91,0,2022-08-25 22:29:51,2022-08-25 22:29:51
16953,4482,85,0,2022-08-25 22:50:13,2022-08-25 22:50:13
16954,4482,91,0,2022-08-25 22:50:13,2022-08-25 22:50:13
16955,4482,86,0,2022-08-25 22:50:13,2022-08-25 22:50:13
16956,4483,85,0,2022-08-25 23:03:02,2022-08-25 23:03:02
16957,4483,49,0,2022-08-25 23:03:02,2022-08-25 23:03:02
16958,4483,55,0,2022-08-25 23:03:02,2022-08-25 23:03:02
16959,4483,58,0,2022-08-25 23:03:02,2022-08-25 23:03:02
16960,4484,111,0,2022-08-25 23:07:40,2022-08-25 23:07:40
16961,4484,113,0,2022-08-25 23:07:40,2022-08-25 23:07:40
16962,4484,103,0,2022-08-25 23:07:40,2022-08-25 23:07:40
16963,4484,104,0,2022-08-25 23:07:40,2022-08-25 23:07:40
16964,4485,111,0,2022-08-25 23:16:08,2022-08-25 23:16:08
16965,4485,113,0,2022-08-25 23:16:08,2022-08-25 23:16:08
16966,4485,150,0,2022-08-25 23:16:08,2022-08-25 23:16:08
16967,4485,117,0,2022-08-25 23:16:08,2022-08-25 23:16:08
16968,4486,111,0,2022-08-25 23:32:35,2022-08-25 23:32:35
16969,4486,115,0,2022-08-25 23:32:35,2022-08-25 23:32:35
16970,4486,114,0,2022-08-25 23:32:35,2022-08-25 23:32:35
16971,4486,113,0,2022-08-25 23:32:35,2022-08-25 23:32:35
16972,4487,111,0,2022-08-25 23:41:15,2022-08-25 23:41:15
16973,4487,113,0,2022-08-25 23:41:15,2022-08-25 23:41:15
16974,4487,104,0,2022-08-25 23:41:15,2022-08-25 23:41:15
16975,4487,150,0,2022-08-25 23:41:15,2022-08-25 23:41:15
16976,4488,85,0,2022-08-25 23:47:54,2022-08-25 23:47:54
16977,4488,91,0,2022-08-25 23:47:54,2022-08-25 23:47:54
16978,4488,150,0,2022-08-25 23:47:54,2022-08-25 23:47:54
16979,4489,143,0,2022-08-26 21:30:27,2022-08-26 21:30:27
16980,4489,148,0,2022-08-26 21:30:27,2022-08-26 21:30:27
16981,4490,143,0,2022-08-26 22:32:51,2022-08-26 22:32:51
16982,4490,148,0,2022-08-26 22:32:51,2022-08-26 22:32:51
16983,4491,143,0,2022-08-26 22:52:10,2022-08-26 22:52:10
16984,4491,148,0,2022-08-26 22:52:10,2022-08-26 22:52:10
16985,4492,143,0,2022-08-26 23:08:45,2022-08-26 23:08:45
16986,4492,148,0,2022-08-26 23:08:45,2022-08-26 23:08:45
16987,4493,143,0,2022-08-26 23:22:21,2022-08-26 23:22:21
16988,4493,148,0,2022-08-26 23:22:21,2022-08-26 23:22:21
16989,4494,85,0,2022-08-27 00:13:17,2022-08-27 00:13:17
16990,4494,91,0,2022-08-27 00:13:17,2022-08-27 00:13:17
16991,4495,150,0,2022-08-27 00:22:15,2022-08-27 00:22:15
16992,4496,143,0,2022-08-27 13:04:34,2022-08-27 13:04:34
16993,4497,143,0,2022-08-27 13:27:10,2022-08-27 13:27:10
16994,4497,148,0,2022-08-27 13:27:10,2022-08-27 13:27:10
16995,4498,143,0,2022-08-27 14:02:23,2022-08-27 14:02:23
16996,4498,148,0,2022-08-27 14:02:23,2022-08-27 14:02:23
16997,4499,143,0,2022-08-27 14:20:20,2022-08-27 14:20:20
16998,4499,148,0,2022-08-27 14:20:20,2022-08-27 14:20:20
16999,4500,143,0,2022-08-27 14:33:57,2022-08-27 14:33:57
17000,4500,148,0,2022-08-27 14:33:57,2022-08-27 14:33:57
17001,4501,143,0,2022-08-27 14:53:15,2022-08-27 14:53:15
17002,4501,148,0,2022-08-27 14:53:15,2022-08-27 14:53:15
17003,4502,143,0,2022-08-27 17:54:43,2022-08-27 17:54:43
17004,4502,148,0,2022-08-27 17:54:43,2022-08-27 17:54:43
17005,4503,143,0,2022-08-27 18:39:02,2022-08-27 18:39:02
17006,4503,148,0,2022-08-27 18:39:02,2022-08-27 18:39:02
17007,4504,150,0,2022-08-28 13:00:59,2022-08-28 13:00:59
17008,4504,117,0,2022-08-28 13:00:59,2022-08-28 13:00:59
17009,4505,143,0,2022-08-28 13:17:54,2022-08-28 13:17:54
17010,4505,148,0,2022-08-28 13:17:54,2022-08-28 13:17:54
17011,4506,143,0,2022-08-28 13:48:52,2022-08-28 13:48:52
17012,4506,148,0,2022-08-28 13:48:52,2022-08-28 13:48:52
17013,4507,143,0,2022-08-28 13:57:30,2022-08-28 13:57:30
17014,4507,148,0,2022-08-28 13:57:30,2022-08-28 13:57:30
17015,4508,143,0,2022-08-28 14:16:26,2022-08-28 14:16:26
17016,4508,148,0,2022-08-28 14:16:26,2022-08-28 14:16:26
17017,4509,143,0,2022-08-28 14:23:00,2022-08-28 14:23:00
17018,4509,148,0,2022-08-28 14:23:00,2022-08-28 14:23:00
17019,4510,143,0,2022-08-28 14:38:15,2022-08-28 14:38:15
17020,4510,148,0,2022-08-28 14:38:15,2022-08-28 14:38:15
17021,4511,143,0,2022-08-28 15:03:41,2022-08-28 15:03:41
17022,4511,148,0,2022-08-28 15:03:41,2022-08-28 15:03:41
17023,4512,143,0,2022-08-28 15:12:24,2022-08-28 15:12:24
17024,4513,85,0,2022-08-28 16:28:56,2022-08-28 16:28:56
17025,4513,86,0,2022-08-28 16:28:56,2022-08-28 16:28:56
17026,4514,85,0,2022-08-28 17:11:21,2022-08-28 17:11:21
17027,4514,117,0,2022-08-28 17:11:21,2022-08-28 17:11:21
17028,4515,85,0,2022-08-28 17:35:55,2022-08-28 17:35:55
17029,4515,91,0,2022-08-28 17:35:55,2022-08-28 17:35:55
17030,4515,86,0,2022-08-28 17:35:55,2022-08-28 17:35:55
17031,4516,136,0,2022-08-28 18:39:09,2022-08-28 18:39:09
17032,4516,132,0,2022-08-28 18:39:09,2022-08-28 18:39:09
17033,4516,54,0,2022-08-28 18:39:09,2022-08-28 18:39:09
17034,4516,150,0,2022-08-28 18:39:09,2022-08-28 18:39:09
17035,4516,117,0,2022-08-28 18:39:09,2022-08-28 18:39:09
17036,4517,136,0,2022-08-28 19:14:18,2022-08-28 19:14:18
17037,4517,150,0,2022-08-28 19:14:18,2022-08-28 19:14:18
17038,4518,85,0,2022-08-28 22:59:09,2022-08-28 22:59:09
17039,4518,86,0,2022-08-28 22:59:09,2022-08-28 22:59:09
17040,4518,49,0,2022-08-28 22:59:09,2022-08-28 22:59:09
17041,4518,102,0,2022-08-28 22:59:09,2022-08-28 22:59:09
17042,4519,136,0,2022-08-29 13:57:42,2022-08-29 13:57:42
17043,4519,150,0,2022-08-29 13:57:42,2022-08-29 13:57:42
17044,4520,103,0,2022-08-29 14:12:58,2022-08-29 14:12:58
17045,4520,109,0,2022-08-29 14:12:58,2022-08-29 14:12:58
17046,4520,104,0,2022-08-29 14:12:58,2022-08-29 14:12:58
17047,4520,108,0,2022-08-29 14:12:58,2022-08-29 14:12:58
17048,4521,85,0,2022-08-29 14:23:50,2022-08-29 14:23:50
17049,4521,91,0,2022-08-29 14:23:50,2022-08-29 14:23:50
17050,4522,111,0,2022-08-29 14:30:10,2022-08-29 14:30:10
17051,4522,115,0,2022-08-29 14:30:10,2022-08-29 14:30:10
17052,4522,114,0,2022-08-29 14:30:10,2022-08-29 14:30:10
17053,4522,113,0,2022-08-29 14:30:10,2022-08-29 14:30:10
17054,4522,104,0,2022-08-29 14:30:10,2022-08-29 14:30:10
17055,4522,117,0,2022-08-29 14:30:10,2022-08-29 14:30:10
17056,4523,85,0,2022-08-29 15:53:55,2022-08-29 15:53:55
17057,4523,91,0,2022-08-29 15:53:55,2022-08-29 15:53:55
17058,4523,86,0,2022-08-29 15:53:55,2022-08-29 15:53:55
17059,4524,86,0,2022-08-29 16:42:42,2022-08-29 16:42:42
17060,4524,136,0,2022-08-29 16:42:42,2022-08-29 16:42:42
17061,4524,49,0,2022-08-29 16:42:42,2022-08-29 16:42:42
17062,4524,54,0,2022-08-29 16:42:42,2022-08-29 16:42:42
17063,4524,150,0,2022-08-29 16:42:42,2022-08-29 16:42:42
17064,4525,140,0,2022-08-29 16:56:27,2022-08-29 16:56:27
17065,4525,49,0,2022-08-29 16:56:27,2022-08-29 16:56:27
17066,4525,54,0,2022-08-29 16:56:27,2022-08-29 16:56:27
17067,4525,117,0,2022-08-29 16:56:27,2022-08-29 16:56:27
17068,4526,85,0,2022-08-29 17:13:10,2022-08-29 17:13:10
17069,4526,91,0,2022-08-29 17:13:10,2022-08-29 17:13:10
17070,4526,49,0,2022-08-29 17:13:10,2022-08-29 17:13:10
17071,4526,54,0,2022-08-29 17:13:10,2022-08-29 17:13:10
17072,4527,85,0,2022-08-29 18:10:55,2022-08-29 18:10:55
17073,4527,91,0,2022-08-29 18:10:55,2022-08-29 18:10:55
17074,4527,86,0,2022-08-29 18:10:55,2022-08-29 18:10:55
17075,4527,49,0,2022-08-29 18:10:55,2022-08-29 18:10:55
17076,4527,54,0,2022-08-29 18:10:55,2022-08-29 18:10:55
17077,4528,85,0,2022-08-29 19:17:17,2022-08-29 19:17:17
17078,4528,91,0,2022-08-29 19:17:17,2022-08-29 19:17:17
17079,4528,54,0,2022-08-29 19:17:17,2022-08-29 19:17:17
17080,4529,111,0,2022-08-29 19:28:14,2022-08-29 19:28:14
17081,4529,115,0,2022-08-29 19:28:14,2022-08-29 19:28:14
17082,4529,104,0,2022-08-29 19:28:14,2022-08-29 19:28:14
17083,4529,117,0,2022-08-29 19:28:14,2022-08-29 19:28:14
17084,4529,102,0,2022-08-29 19:28:14,2022-08-29 19:28:14
17085,4530,103,0,2022-08-29 20:12:28,2022-08-29 20:12:28
17086,4530,108,0,2022-08-29 20:12:28,2022-08-29 20:12:28
17087,4531,136,0,2022-08-29 20:30:34,2022-08-29 20:30:34
17088,4531,150,0,2022-08-29 20:30:34,2022-08-29 20:30:34
17089,4532,86,0,2022-08-29 20:39:22,2022-08-29 20:39:22
17090,4532,136,0,2022-08-29 20:39:22,2022-08-29 20:39:22
17091,4532,115,0,2022-08-29 20:39:22,2022-08-29 20:39:22
17092,4532,114,0,2022-08-29 20:39:22,2022-08-29 20:39:22
17093,4532,113,0,2022-08-29 20:39:22,2022-08-29 20:39:22
17094,4532,150,0,2022-08-29 20:39:22,2022-08-29 20:39:22
17095,4532,117,0,2022-08-29 20:39:22,2022-08-29 20:39:22
17096,4533,85,0,2022-08-29 20:51:08,2022-08-29 20:51:08
17097,4533,91,0,2022-08-29 20:51:08,2022-08-29 20:51:08
17098,4533,49,0,2022-08-29 20:51:08,2022-08-29 20:51:08
17099,4534,103,0,2022-08-31 10:16:08,2022-08-31 10:16:08
17100,4535,85,0,2022-08-31 18:14:26,2022-08-31 18:14:26
17101,4535,86,0,2022-08-31 18:14:26,2022-08-31 18:14:26
17102,4535,102,0,2022-08-31 18:14:26,2022-08-31 18:14:26
17103,4536,136,0,2022-08-31 18:29:09,2022-08-31 18:29:09
17104,4536,103,0,2022-08-31 18:29:09,2022-08-31 18:29:09
17105,4536,106,0,2022-08-31 18:29:09,2022-08-31 18:29:09
17106,4536,105,0,2022-08-31 18:29:09,2022-08-31 18:29:09
17107,4536,108,0,2022-08-31 18:29:09,2022-08-31 18:29:09
17108,4536,157,0,2022-08-31 18:29:09,2022-08-31 18:29:09
17109,4536,54,0,2022-08-31 18:29:09,2022-08-31 18:29:09
17110,4536,150,0,2022-08-31 18:29:09,2022-08-31 18:29:09
17111,4537,117,0,2022-08-31 18:49:03,2022-08-31 18:49:03
17112,4537,99,0,2022-08-31 18:49:03,2022-08-31 18:49:03
17113,4537,95,0,2022-08-31 18:49:03,2022-08-31 18:49:03
17114,4538,85,0,2022-08-31 21:53:36,2022-08-31 21:53:36
17115,4538,91,0,2022-08-31 21:53:36,2022-08-31 21:53:36
17116,4538,86,0,2022-08-31 21:53:36,2022-08-31 21:53:36
17117,4538,136,0,2022-08-31 21:53:36,2022-08-31 21:53:36
17118,4538,111,0,2022-08-31 21:53:36,2022-08-31 21:53:36
17119,4538,54,0,2022-08-31 21:53:36,2022-08-31 21:53:36
17120,4538,150,0,2022-08-31 21:53:36,2022-08-31 21:53:36
17121,4538,117,0,2022-08-31 21:53:36,2022-08-31 21:53:36
17122,4538,68,0,2022-08-31 21:53:36,2022-08-31 21:53:36
17123,4539,85,0,2022-08-31 22:41:50,2022-08-31 22:41:50
17124,4539,91,0,2022-08-31 22:41:50,2022-08-31 22:41:50
17125,4539,86,0,2022-08-31 22:41:50,2022-08-31 22:41:50
17126,4539,68,0,2022-08-31 22:41:50,2022-08-31 22:41:50
17127,4540,85,0,2022-08-31 23:15:55,2022-08-31 23:15:55
17128,4540,91,0,2022-08-31 23:15:55,2022-08-31 23:15:55
17129,4540,86,0,2022-08-31 23:15:55,2022-08-31 23:15:55
17130,4541,85,0,2022-08-31 23:24:05,2022-08-31 23:24:05
17131,4541,91,0,2022-08-31 23:24:05,2022-08-31 23:24:05
17132,4541,86,0,2022-08-31 23:24:05,2022-08-31 23:24:05
17133,4541,49,0,2022-08-31 23:24:05,2022-08-31 23:24:05
17134,4542,142,0,2022-09-01 01:21:28,2022-09-01 01:21:28
17135,4542,111,0,2022-09-01 01:21:28,2022-09-01 01:21:28
17136,4542,114,0,2022-09-01 01:21:28,2022-09-01 01:21:28
17137,4542,113,0,2022-09-01 01:21:28,2022-09-01 01:21:28
17138,4542,140,0,2022-09-01 01:21:28,2022-09-01 01:21:28
17139,4542,54,0,2022-09-01 01:21:28,2022-09-01 01:21:28
17140,4542,117,0,2022-09-01 01:21:28,2022-09-01 01:21:28
17141,4542,38,0,2022-09-01 01:21:28,2022-09-01 01:21:28
17142,4543,85,0,2022-09-01 01:28:50,2022-09-01 01:28:50
17143,4543,136,0,2022-09-01 01:28:50,2022-09-01 01:28:50
17144,4543,113,0,2022-09-01 01:28:50,2022-09-01 01:28:50
17145,4543,140,0,2022-09-01 01:28:50,2022-09-01 01:28:50
17146,4543,49,0,2022-09-01 01:28:50,2022-09-01 01:28:50
17147,4543,54,0,2022-09-01 01:28:50,2022-09-01 01:28:50
17148,4543,150,0,2022-09-01 01:28:50,2022-09-01 01:28:50
17149,4543,117,0,2022-09-01 01:28:50,2022-09-01 01:28:50
17150,4544,85,0,2022-09-01 01:34:14,2022-09-01 01:34:14
17151,4544,91,0,2022-09-01 01:34:14,2022-09-01 01:34:14
17152,4544,136,0,2022-09-01 01:34:14,2022-09-01 01:34:14
17153,4544,114,0,2022-09-01 01:34:14,2022-09-01 01:34:14
17154,4544,113,0,2022-09-01 01:34:14,2022-09-01 01:34:14
17155,4544,49,0,2022-09-01 01:34:14,2022-09-01 01:34:14
17156,4544,54,0,2022-09-01 01:34:14,2022-09-01 01:34:14
17157,4544,150,0,2022-09-01 01:34:14,2022-09-01 01:34:14
17158,4545,85,0,2022-09-01 01:42:51,2022-09-01 01:42:51
17159,4545,91,0,2022-09-01 01:42:51,2022-09-01 01:42:51
17160,4545,49,0,2022-09-01 01:42:51,2022-09-01 01:42:51
17161,4545,54,0,2022-09-01 01:42:51,2022-09-01 01:42:51
17162,4546,103,0,2022-09-01 01:51:15,2022-09-01 01:51:15
17163,4546,109,0,2022-09-01 01:51:15,2022-09-01 01:51:15
17164,4546,139,0,2022-09-01 01:51:15,2022-09-01 01:51:15
17165,4546,108,0,2022-09-01 01:51:15,2022-09-01 01:51:15
17166,4546,107,0,2022-09-01 01:51:15,2022-09-01 01:51:15
17167,4547,60,0,2022-09-01 01:59:29,2022-09-01 01:59:29
17168,4548,109,0,2022-09-01 02:05:53,2022-09-01 02:05:53
17169,4548,108,0,2022-09-01 02:05:53,2022-09-01 02:05:53
17170,4548,107,0,2022-09-01 02:05:53,2022-09-01 02:05:53
17171,4549,111,0,2022-09-01 17:42:12,2022-09-01 17:42:12
17172,4549,115,0,2022-09-01 17:42:12,2022-09-01 17:42:12
17173,4549,114,0,2022-09-01 17:42:12,2022-09-01 17:42:12
17174,4549,113,0,2022-09-01 17:42:12,2022-09-01 17:42:12
17175,4549,150,0,2022-09-01 17:42:12,2022-09-01 17:42:12
17176,4550,85,0,2022-09-03 15:46:05,2022-09-03 15:46:05
17177,4550,91,0,2022-09-03 15:46:05,2022-09-03 15:46:05
17178,4551,85,0,2022-09-03 17:22:12,2022-09-03 17:22:12
17179,4551,135,0,2022-09-03 17:22:12,2022-09-03 17:22:12
17180,4551,68,0,2022-09-03 17:22:12,2022-09-03 17:22:12
17181,4551,38,0,2022-09-03 17:22:12,2022-09-03 17:22:12
17182,4552,135,0,2022-09-03 17:51:05,2022-09-03 17:51:05
17183,4552,142,0,2022-09-03 17:51:05,2022-09-03 17:51:05
17184,4553,85,0,2022-09-03 17:58:53,2022-09-03 17:58:53
17185,4553,91,0,2022-09-03 17:58:53,2022-09-03 17:58:53
17186,4553,86,0,2022-09-03 17:58:53,2022-09-03 17:58:53
17187,4553,111,0,2022-09-03 17:58:53,2022-09-03 17:58:53
17188,4553,157,0,2022-09-03 17:58:53,2022-09-03 17:58:53
17189,4553,68,0,2022-09-03 17:58:53,2022-09-03 17:58:53
17190,4554,111,0,2022-09-03 18:07:59,2022-09-03 18:07:59
17191,4554,114,0,2022-09-03 18:07:59,2022-09-03 18:07:59
17192,4554,113,0,2022-09-03 18:07:59,2022-09-03 18:07:59
17193,4555,85,0,2022-09-03 18:14:57,2022-09-03 18:14:57
17194,4555,91,0,2022-09-03 18:14:57,2022-09-03 18:14:57
17195,4555,49,0,2022-09-03 18:14:57,2022-09-03 18:14:57
17196,4555,57,0,2022-09-03 18:14:57,2022-09-03 18:14:57
17197,4555,54,0,2022-09-03 18:14:57,2022-09-03 18:14:57
17198,4556,85,0,2022-09-03 18:23:03,2022-09-03 18:23:03
17199,4556,111,0,2022-09-03 18:23:03,2022-09-03 18:23:03
17200,4557,85,0,2022-09-03 18:28:21,2022-09-03 18:28:21
17201,4557,109,0,2022-09-03 18:28:21,2022-09-03 18:28:21
17202,4557,106,0,2022-09-03 18:28:21,2022-09-03 18:28:21
17203,4557,104,0,2022-09-03 18:28:21,2022-09-03 18:28:21
17204,4557,139,0,2022-09-03 18:28:21,2022-09-03 18:28:21
17205,4557,108,0,2022-09-03 18:28:21,2022-09-03 18:28:21
17206,4558,85,0,2022-09-03 19:09:10,2022-09-03 19:09:10
17207,4558,136,0,2022-09-03 19:09:10,2022-09-03 19:09:10
17208,4558,111,0,2022-09-03 19:09:10,2022-09-03 19:09:10
17209,4558,150,0,2022-09-03 19:09:10,2022-09-03 19:09:10
17210,4559,136,0,2022-09-03 19:18:04,2022-09-03 19:18:04
17211,4559,150,0,2022-09-03 19:18:04,2022-09-03 19:18:04
17212,4559,38,0,2022-09-03 19:18:04,2022-09-03 19:18:04
17213,4560,85,0,2022-09-03 19:40:24,2022-09-03 19:40:24
17214,4560,136,0,2022-09-03 19:40:24,2022-09-03 19:40:24
17215,4560,104,0,2022-09-03 19:40:24,2022-09-03 19:40:24
17216,4560,150,0,2022-09-03 19:40:24,2022-09-03 19:40:24
17217,4561,85,0,2022-09-03 20:09:17,2022-09-03 20:09:17
17218,4561,136,0,2022-09-03 20:09:17,2022-09-03 20:09:17
17219,4561,111,0,2022-09-03 20:09:17,2022-09-03 20:09:17
17220,4561,49,0,2022-09-03 20:09:17,2022-09-03 20:09:17
17221,4561,150,0,2022-09-03 20:09:17,2022-09-03 20:09:17
17222,4561,117,0,2022-09-03 20:09:17,2022-09-03 20:09:17
17223,4561,68,0,2022-09-03 20:09:17,2022-09-03 20:09:17
17224,4562,135,0,2022-09-06 18:52:04,2022-09-06 18:52:04
17225,4562,106,0,2022-09-06 18:52:04,2022-09-06 18:52:04
17226,4562,139,0,2022-09-06 18:52:04,2022-09-06 18:52:04
17227,4562,108,0,2022-09-06 18:52:04,2022-09-06 18:52:04
17228,4563,111,0,2022-09-06 20:37:55,2022-09-06 20:37:55
17229,4563,114,0,2022-09-06 20:37:55,2022-09-06 20:37:55
17230,4563,113,0,2022-09-06 20:37:55,2022-09-06 20:37:55
17231,4564,85,0,2022-09-06 21:49:23,2022-09-06 21:49:23
17232,4564,86,0,2022-09-06 21:49:23,2022-09-06 21:49:23
17233,4565,85,0,2022-09-06 22:03:18,2022-09-06 22:03:18
17234,4565,91,0,2022-09-06 22:03:18,2022-09-06 22:03:18
17235,4565,136,0,2022-09-06 22:03:18,2022-09-06 22:03:18
17236,4565,111,0,2022-09-06 22:03:18,2022-09-06 22:03:18
17237,4565,115,0,2022-09-06 22:03:18,2022-09-06 22:03:18
17238,4565,118,0,2022-09-06 22:03:18,2022-09-06 22:03:18
17239,4565,114,0,2022-09-06 22:03:18,2022-09-06 22:03:18
17240,4565,113,0,2022-09-06 22:03:18,2022-09-06 22:03:18
17241,4565,54,0,2022-09-06 22:03:18,2022-09-06 22:03:18
17242,4565,150,0,2022-09-06 22:03:18,2022-09-06 22:03:18
17243,4565,38,0,2022-09-06 22:03:18,2022-09-06 22:03:18
17244,4566,85,0,2022-09-06 22:18:55,2022-09-06 22:18:55
17245,4566,111,0,2022-09-06 22:18:55,2022-09-06 22:18:55
17246,4566,114,0,2022-09-06 22:18:55,2022-09-06 22:18:55
17247,4566,113,0,2022-09-06 22:18:55,2022-09-06 22:18:55
17248,4566,57,0,2022-09-06 22:18:55,2022-09-06 22:18:55
17249,4566,117,0,2022-09-06 22:18:55,2022-09-06 22:18:55
17250,4567,136,0,2022-09-07 20:46:28,2022-09-07 20:46:28
17251,4567,150,0,2022-09-07 20:46:28,2022-09-07 20:46:28
17252,4568,103,0,2022-09-07 20:57:14,2022-09-07 20:57:14
17253,4568,109,0,2022-09-07 20:57:14,2022-09-07 20:57:14
17254,4568,105,0,2022-09-07 20:57:14,2022-09-07 20:57:14
17255,4568,108,0,2022-09-07 20:57:14,2022-09-07 20:57:14
17256,4569,85,0,2022-09-07 21:08:04,2022-09-07 21:08:04
17257,4569,91,0,2022-09-07 21:08:04,2022-09-07 21:08:04
17258,4569,86,0,2022-09-07 21:08:04,2022-09-07 21:08:04
17259,4569,117,0,2022-09-07 21:08:04,2022-09-07 21:08:04
17260,4570,136,0,2022-09-07 21:22:55,2022-09-07 21:22:55
17261,4570,104,0,2022-09-07 21:22:55,2022-09-07 21:22:55
17262,4570,150,0,2022-09-07 21:22:55,2022-09-07 21:22:55
17263,4571,85,0,2022-09-07 21:39:13,2022-09-07 21:39:13
17264,4571,86,0,2022-09-07 21:39:13,2022-09-07 21:39:13
17265,4571,115,0,2022-09-07 21:39:13,2022-09-07 21:39:13
17266,4571,120,0,2022-09-07 21:39:13,2022-09-07 21:39:13
17267,4571,49,0,2022-09-07 21:39:13,2022-09-07 21:39:13
17268,4572,143,0,2022-09-10 12:44:49,2022-09-10 12:44:49
17269,4572,148,0,2022-09-10 12:44:49,2022-09-10 12:44:49
17270,4573,25,0,2022-09-10 13:24:22,2022-09-10 13:24:22
17271,4574,143,0,2022-09-10 19:11:10,2022-09-10 19:11:10
17272,4574,148,0,2022-09-10 19:11:10,2022-09-10 19:11:10
17273,4575,143,0,2022-09-11 00:10:14,2022-09-11 00:10:14
17274,4575,148,0,2022-09-11 00:10:14,2022-09-11 00:10:14
17275,4576,143,0,2022-09-11 00:32:57,2022-09-11 00:32:57
17276,4576,148,0,2022-09-11 00:32:57,2022-09-11 00:32:57
17277,4577,143,0,2022-09-14 15:23:19,2022-09-14 15:23:19
17278,4577,148,0,2022-09-14 15:23:19,2022-09-14 15:23:19
17279,4578,143,0,2022-09-14 15:52:34,2022-09-14 15:52:34
17280,4578,148,0,2022-09-14 15:52:34,2022-09-14 15:52:34
17281,4579,143,0,2022-09-14 16:31:18,2022-09-14 16:31:18
17282,4579,148,0,2022-09-14 16:31:18,2022-09-14 16:31:18
17283,4580,143,0,2022-09-14 16:56:49,2022-09-14 16:56:49
17284,4580,148,0,2022-09-14 16:56:49,2022-09-14 16:56:49
17285,4581,143,0,2022-09-14 17:32:58,2022-09-14 17:32:58
17286,4581,148,0,2022-09-14 17:32:58,2022-09-14 17:32:58
17287,4582,143,0,2022-09-14 19:24:10,2022-09-14 19:24:10
17288,4582,148,0,2022-09-14 19:24:10,2022-09-14 19:24:10
17289,4583,143,0,2022-09-14 20:15:51,2022-09-14 20:15:51
17290,4583,148,0,2022-09-14 20:15:51,2022-09-14 20:15:51
17291,4584,143,0,2022-09-14 20:35:23,2022-09-14 20:35:23
17292,4584,148,0,2022-09-14 20:35:23,2022-09-14 20:35:23
17293,4585,143,0,2022-09-17 13:19:29,2022-09-17 13:19:29
17294,4585,148,0,2022-09-17 13:19:29,2022-09-17 13:19:29
17295,4586,143,0,2022-09-17 13:39:33,2022-09-17 13:39:33
17296,4586,148,0,2022-09-17 13:39:33,2022-09-17 13:39:33
17297,4587,143,0,2022-09-17 14:13:29,2022-09-17 14:13:29
17298,4587,148,0,2022-09-17 14:13:29,2022-09-17 14:13:29
17299,4588,143,0,2022-09-17 14:31:00,2022-09-17 14:31:00
17300,4588,148,0,2022-09-17 14:31:00,2022-09-17 14:31:00
17301,4589,143,0,2022-09-17 14:56:42,2022-09-17 14:56:42
17302,4589,148,0,2022-09-17 14:56:42,2022-09-17 14:56:42
17303,4590,143,0,2022-09-17 15:07:34,2022-09-17 15:07:34
17304,4590,148,0,2022-09-17 15:07:34,2022-09-17 15:07:34
17305,4591,143,0,2022-09-17 15:21:18,2022-09-17 15:21:18
17306,4591,148,0,2022-09-17 15:21:18,2022-09-17 15:21:18
17307,4592,143,0,2022-09-17 15:31:10,2022-09-17 15:31:10
17308,4592,148,0,2022-09-17 15:31:10,2022-09-17 15:31:10
17309,4593,143,0,2022-09-19 13:46:30,2022-09-19 13:46:30
17310,4593,148,0,2022-09-19 13:46:30,2022-09-19 13:46:30
17311,4594,143,0,2022-09-19 14:10:56,2022-09-19 14:10:56
17312,4594,148,0,2022-09-19 14:10:56,2022-09-19 14:10:56
17313,4595,143,0,2022-09-19 15:50:43,2022-09-19 15:50:43
17314,4595,148,0,2022-09-19 15:50:43,2022-09-19 15:50:43
17315,4596,143,0,2022-09-19 17:18:29,2022-09-19 17:18:29
17316,4596,148,0,2022-09-19 17:18:29,2022-09-19 17:18:29
17317,4597,143,0,2022-09-19 18:29:19,2022-09-19 18:29:19
17318,4597,148,0,2022-09-19 18:29:19,2022-09-19 18:29:19
17319,4598,143,0,2022-09-19 19:53:29,2022-09-19 19:53:29
17320,4598,148,0,2022-09-19 19:53:29,2022-09-19 19:53:29
17321,4599,143,0,2022-09-19 20:35:57,2022-09-19 20:35:57
17322,4599,148,0,2022-09-19 20:35:57,2022-09-19 20:35:57
17323,4600,103,0,2022-09-20 14:47:43,2022-09-20 14:47:43
17324,4600,108,0,2022-09-20 14:47:43,2022-09-20 14:47:43
17325,4601,143,0,2022-09-24 13:01:14,2022-09-24 13:01:14
17326,4601,148,0,2022-09-24 13:01:14,2022-09-24 13:01:14
17327,4602,143,0,2022-09-24 19:55:09,2022-09-24 19:55:09
17328,4602,148,0,2022-09-24 19:55:09,2022-09-24 19:55:09
17329,4603,143,0,2022-09-24 21:42:57,2022-09-24 21:42:57
17330,4603,148,0,2022-09-24 21:42:57,2022-09-24 21:42:57
17331,4604,143,0,2022-09-24 23:26:38,2022-09-24 23:26:38
17332,4604,148,0,2022-09-24 23:26:38,2022-09-24 23:26:38
17333,4605,143,0,2022-09-25 13:45:44,2022-09-25 13:45:44
17334,4605,148,0,2022-09-25 13:45:44,2022-09-25 13:45:44
17335,4606,143,0,2022-09-25 16:34:42,2022-09-25 16:34:42
17336,4606,148,0,2022-09-25 16:34:42,2022-09-25 16:34:42
17337,4607,143,0,2022-09-25 16:59:17,2022-09-25 16:59:17
17338,4607,148,0,2022-09-25 16:59:17,2022-09-25 16:59:17
17339,4608,143,0,2022-09-25 18:30:19,2022-09-25 18:30:19
17340,4608,148,0,2022-09-25 18:30:19,2022-09-25 18:30:19
17341,4609,143,0,2022-09-25 21:08:02,2022-09-25 21:08:02
17342,4609,148,0,2022-09-25 21:08:02,2022-09-25 21:08:02
17343,4610,143,0,2022-09-25 21:50:35,2022-09-25 21:50:35
17344,4610,148,0,2022-09-25 21:50:35,2022-09-25 21:50:35
17345,4611,143,0,2022-10-09 23:45:28,2022-10-09 23:45:28
17346,4611,148,0,2022-10-09 23:45:28,2022-10-09 23:45:28
17347,4612,76,0,2022-10-10 14:26:51,2022-10-10 14:26:51
17348,4612,59,0,2022-10-10 14:26:51,2022-10-10 14:26:51
17349,4612,49,0,2022-10-10 14:26:51,2022-10-10 14:26:51
17350,4612,58,0,2022-10-10 14:26:51,2022-10-10 14:26:51
17351,4613,59,0,2022-10-10 14:56:07,2022-10-10 14:56:07
17352,4614,103,0,2022-10-16 15:01:37,2022-10-16 15:01:37
17353,4614,139,0,2022-10-16 15:01:37,2022-10-16 15:01:37
17354,4614,108,0,2022-10-16 15:01:37,2022-10-16 15:01:37
17355,4615,85,0,2022-10-16 15:40:55,2022-10-16 15:40:55
17356,4615,91,0,2022-10-16 15:40:55,2022-10-16 15:40:55
17357,4615,136,0,2022-10-16 15:40:55,2022-10-16 15:40:55
17358,4615,111,0,2022-10-16 15:40:55,2022-10-16 15:40:55
17359,4615,132,0,2022-10-16 15:40:55,2022-10-16 15:40:55
17360,4615,54,0,2022-10-16 15:40:55,2022-10-16 15:40:55
17361,4615,150,0,2022-10-16 15:40:55,2022-10-16 15:40:55
17362,4615,117,0,2022-10-16 15:40:55,2022-10-16 15:40:55
17363,4616,82,0,2022-10-16 17:56:52,2022-10-16 17:56:52
17364,4616,133,0,2022-10-16 17:56:52,2022-10-16 17:56:52
17365,4616,99,0,2022-10-16 17:56:52,2022-10-16 17:56:52
17366,4618,29,0,2022-10-16 19:00:57,2022-10-16 19:00:57
17367,4618,4,0,2022-10-16 19:00:57,2022-10-16 19:00:57
17368,4619,90,0,2022-10-18 23:58:55,2022-10-18 23:58:55
17369,4619,20,0,2022-10-18 23:58:55,2022-10-18 23:58:55
17370,4619,38,0,2022-10-18 23:58:55,2022-10-18 23:58:55
17371,4619,35,0,2022-10-18 23:58:55,2022-10-18 23:58:55
17372,4620,104,0,2022-10-19 00:00:24,2022-10-19 00:00:24
17373,4621,106,0,2022-10-19 01:06:08,2022-10-19 01:06:08
17374,4621,49,0,2022-10-19 01:06:08,2022-10-19 01:06:08
17375,4621,157,0,2022-10-19 01:06:08,2022-10-19 01:06:08
17376,4622,103,0,2022-10-21 11:23:54,2022-10-21 11:23:54
17377,4622,104,0,2022-10-21 11:23:54,2022-10-21 11:23:54
17378,4623,106,0,2022-10-21 14:31:34,2022-10-21 14:31:34
17379,4623,49,0,2022-10-21 14:31:34,2022-10-21 14:31:34
17380,4624,85,0,2022-10-21 15:41:33,2022-10-21 15:41:33
17381,4625,150,0,2022-10-21 16:13:56,2022-10-21 16:13:56
17382,4626,,0,2022-10-21 16:49:29,2022-10-21 16:49:29
17383,4627,4,0,2022-10-21 17:54:59,2022-10-21 17:54:59
17384,4628,40,0,2022-10-21 19:31:07,2022-10-21 19:31:07
17385,4629,150,0,2022-10-21 20:01:45,2022-10-21 20:01:45
17386,4629,117,0,2022-10-21 20:01:45,2022-10-21 20:01:45
17387,4630,76,0,2022-10-22 11:17:30,2022-10-22 11:17:30
17388,4630,133,0,2022-10-22 11:17:30,2022-10-22 11:17:30
17389,4631,76,0,2022-10-22 11:52:16,2022-10-22 11:52:16
17390,4631,133,0,2022-10-22 11:52:16,2022-10-22 11:52:16
17391,4632,140,0,2022-10-22 13:26:43,2022-10-22 13:26:43
17392,4632,141,0,2022-10-22 13:26:43,2022-10-22 13:26:43
17393,4632,107,0,2022-10-22 13:26:43,2022-10-22 13:26:43
17394,4633,103,0,2022-10-22 14:17:32,2022-10-22 14:17:32
17395,4633,104,0,2022-10-22 14:17:32,2022-10-22 14:17:32
17396,4633,105,0,2022-10-22 14:17:32,2022-10-22 14:17:32
17397,4633,150,0,2022-10-22 14:17:32,2022-10-22 14:17:32
17398,4634,89,0,2022-10-22 15:23:35,2022-10-22 15:23:35
17399,4634,111,0,2022-10-22 15:23:35,2022-10-22 15:23:35
17400,4634,115,0,2022-10-22 15:23:35,2022-10-22 15:23:35
17401,4634,76,0,2022-10-22 15:23:35,2022-10-22 15:23:35
17402,4634,133,0,2022-10-22 15:23:35,2022-10-22 15:23:35
17403,4634,84,0,2022-10-22 15:23:35,2022-10-22 15:23:35
17404,4634,55,0,2022-10-22 15:23:35,2022-10-22 15:23:35
17405,4634,99,0,2022-10-22 15:23:35,2022-10-22 15:23:35
17406,4635,81,0,2022-10-22 15:48:55,2022-10-22 15:48:55
17407,4635,129,0,2022-10-22 15:48:55,2022-10-22 15:48:55
17408,4636,106,0,2022-10-22 16:17:19,2022-10-22 16:17:19
17409,4636,157,0,2022-10-22 16:17:19,2022-10-22 16:17:19
17410,4637,31,0,2022-10-22 17:13:30,2022-10-22 17:13:30
17411,4637,152,0,2022-10-22 17:13:30,2022-10-22 17:13:30
17412,4637,153,0,2022-10-22 17:13:30,2022-10-22 17:13:30
17413,4638,99,0,2022-10-22 21:37:54,2022-10-22 21:37:54
17414,4638,70,0,2022-10-22 21:37:54,2022-10-22 21:37:54
17415,4638,153,0,2022-10-22 21:37:54,2022-10-22 21:37:54
17416,4639,111,0,2022-10-22 22:58:34,2022-10-22 22:58:34
17417,4639,114,0,2022-10-22 22:58:34,2022-10-22 22:58:34
17418,4639,113,0,2022-10-22 22:58:34,2022-10-22 22:58:34
17419,4640,143,0,2022-11-01 19:45:51,2022-11-01 19:45:51
17420,4640,148,0,2022-11-01 19:45:51,2022-11-01 19:45:51
17421,4641,143,0,2022-11-03 12:47:47,2022-11-03 12:47:47
17422,4641,148,0,2022-11-03 12:47:47,2022-11-03 12:47:47
17423,4642,143,0,2022-11-16 17:28:23,2022-11-16 17:28:23
17424,4642,148,0,2022-11-16 17:28:23,2022-11-16 17:28:23
17425,4643,143,0,2022-11-16 23:00:37,2022-11-16 23:00:37
17426,4643,148,0,2022-11-16 23:00:37,2022-11-16 23:00:37
17427,4644,143,0,2022-11-17 01:08:14,2022-11-17 01:08:14
17428,4644,148,0,2022-11-17 01:08:14,2022-11-17 01:08:14
17429,4645,143,0,2022-11-17 16:58:03,2022-11-17 16:58:03
17430,4645,148,0,2022-11-17 16:58:03,2022-11-17 16:58:03
17431,4646,143,0,2022-11-17 18:45:11,2022-11-17 18:45:11
17432,4646,148,0,2022-11-17 18:45:11,2022-11-17 18:45:11
17433,4647,143,0,2022-11-17 22:15:45,2022-11-17 22:15:45
17434,4647,148,0,2022-11-17 22:15:45,2022-11-17 22:15:45
17435,4648,143,0,2022-11-18 21:17:42,2022-11-18 21:17:42
17436,4648,148,0,2022-11-18 21:17:42,2022-11-18 21:17:42
17437,4649,143,0,2022-11-19 18:20:21,2022-11-19 18:20:21
17438,4649,148,0,2022-11-19 18:20:21,2022-11-19 18:20:21
17439,4650,143,0,2022-11-21 01:10:06,2022-11-21 01:10:06
17440,4650,148,0,2022-11-21 01:10:06,2022-11-21 01:10:06
17441,4651,143,0,2022-11-21 20:44:59,2022-11-21 20:44:59
17442,4651,148,0,2022-11-21 20:44:59,2022-11-21 20:44:59