id,store_id,user_id,network_id,conversion,commission_percentage,created_at,updated_at
1,3027,7,"1","No","0",2019-10-30 17:55:54,2019-10-30 17:55:54
2,3027,7,"1","No","0",2019-10-30 17:58:05,2019-10-30 17:58:05
3,3027,7,"1","No","0",2019-10-30 18:03:48,2019-10-30 18:03:48
4,3027,7,"1","No","0",2019-10-30 18:05:02,2019-10-30 18:05:02
5,3027,7,"1","No","0",2019-10-30 18:05:05,2019-10-30 18:05:05
6,3027,7,"1","No","0",2019-10-30 18:05:09,2019-10-30 18:05:09
7,3027,7,"1","No","0",2019-10-30 18:05:13,2019-10-30 18:05:13
8,3027,7,"1","No","0",2019-10-30 18:05:15,2019-10-30 18:05:15
9,3027,7,"1","No","0",2019-10-30 18:05:20,2019-10-30 18:05:20
10,3027,7,"1","No","0",2019-10-30 18:05:26,2019-10-30 18:05:26
11,3027,7,"1","No","0",2019-10-30 18:05:30,2019-10-30 18:05:30
12,1607,1,"1","No","0",2019-10-31 14:21:18,2019-10-31 14:21:18
13,3035,7,"1","No","0",2019-11-02 17:35:33,2019-11-02 17:35:33
14,1765,7,"1","No","0",2019-11-02 23:08:38,2019-11-02 23:08:38
15,1765,7,"1","No","0",2019-11-06 15:21:32,2019-11-06 15:21:32
16,1765,7,"1","No","0",2019-11-06 15:24:43,2019-11-06 15:24:43
17,1765,7,"1","No","0",2019-11-06 15:25:10,2019-11-06 15:25:10
18,1765,7,"1","No","0",2019-11-06 15:29:14,2019-11-06 15:29:14
19,1765,7,"1","No","0",2019-11-06 15:32:01,2019-11-06 15:32:01
20,1765,7,"1","Yes","0",2019-11-06 15:33:21,2022-06-23 16:21:15
21,1765,7,"1","No","0",2019-11-06 15:33:48,2019-11-06 15:33:48
22,1765,7,"1","No","0",2019-11-06 15:36:19,2019-11-06 15:36:19
23,1765,7,"1","No","0",2019-11-06 15:37:29,2019-11-06 15:37:29
24,1765,7,"1","No","0",2019-11-06 15:38:15,2019-11-06 15:38:15
25,1765,7,"1","No","0",2019-11-06 15:38:58,2019-11-06 15:38:58
26,1765,7,"1","No","0",2019-11-06 15:39:11,2019-11-06 15:39:11
27,1765,7,"1","No","0",2019-11-06 15:39:55,2019-11-06 15:39:55
28,1765,7,"1","No","0",2019-11-06 15:40:17,2019-11-06 15:40:17
29,1765,7,"1","No","0",2019-11-06 15:40:47,2019-11-06 15:40:47
30,2046,7,"1","No","0",2019-11-06 15:40:51,2019-11-06 15:40:51
31,140,,"1","No","0",2019-11-11 04:43:52,2019-11-11 04:43:52
32,2046,7,"1","No","0",2019-11-11 08:31:54,2019-11-11 08:31:54
33,3023,7,"1","No","0",2019-11-15 11:15:22,2019-11-15 11:15:22
34,3023,,"1","No","0",2019-11-15 11:15:32,2019-11-15 11:15:32
35,3023,,"1","No","0",2019-11-15 11:31:05,2019-11-15 11:31:05
36,3023,,"1","No","0",2019-11-15 11:31:16,2019-11-15 11:31:16
37,3023,,"1","No","0",2019-11-15 11:31:47,2019-11-15 11:31:47
38,3023,,"1","No","0",2019-11-15 11:32:52,2019-11-15 11:32:52
39,3023,,"1","No","0",2019-11-15 11:33:25,2019-11-15 11:33:25
40,3023,,"1","No","0",2019-11-15 11:34:25,2020-09-08 19:12:45
41,3023,,"1","No","0",2019-11-15 11:41:56,2019-11-15 11:41:56
42,3023,7,"1","No","0",2019-11-15 11:42:21,2019-11-15 11:42:21
43,3023,7,"1","No","0",2019-11-15 11:42:28,2019-11-15 11:42:28
44,3023,7,"1","No","0",2019-11-15 11:45:11,2019-11-15 11:45:11
45,3023,7,"1","No","0",2019-11-15 11:45:17,2019-11-15 11:45:17
46,3023,7,"1","No","0",2019-11-15 11:46:25,2019-11-15 11:46:25
47,3023,7,"1","No","0",2019-11-15 11:47:16,2019-11-15 11:47:16
48,3023,7,"1","No","0",2019-11-15 11:49:54,2019-11-15 11:49:54
49,3023,,"1","No","0",2019-11-15 11:57:07,2019-11-15 11:57:07
50,3023,7,"1","No","0",2019-11-15 11:59:55,2019-11-15 11:59:55
51,3023,7,"1","No","0",2019-11-15 12:02:27,2019-11-15 12:02:27
52,3023,,"1","No","0",2019-11-15 12:06:01,2019-11-15 12:06:01
53,3023,,"1","No","0",2019-11-15 12:06:58,2019-11-15 12:06:58
54,3023,,"1","No","0",2019-11-15 12:11:25,2019-11-15 12:11:25
55,3023,,"1","No","0",2019-11-15 12:12:27,2019-11-15 12:12:27
56,3023,,"1","No","0",2019-11-15 12:13:03,2019-11-15 12:13:03
57,3023,,"1","No","0",2019-11-15 12:55:08,2019-11-15 12:55:08
58,3023,,"1","No","0",2019-11-15 13:21:42,2019-11-15 13:21:42
59,3023,,"1","No","0",2019-11-15 13:26:04,2019-11-15 13:26:04
60,5,22,"1","No","0",2020-05-30 12:44:54,2020-05-30 12:44:54
61,5,22,"1","No","0",2020-06-01 10:55:38,2020-06-01 10:55:38
62,5,22,"1","No","0",2020-06-01 10:55:39,2020-06-01 10:55:39
63,5,22,"1","No","0",2020-06-01 10:55:42,2020-06-01 10:55:42
64,5,22,"1","No","0",2020-06-01 10:55:42,2020-06-01 10:55:42
65,5,22,"1","Yes","0",2020-06-01 10:55:45,2022-06-23 16:21:15
66,5,22,"1","No","0",2020-06-01 10:55:46,2020-06-01 10:55:46
67,5,22,"1","No","0",2020-06-01 10:55:49,2020-06-01 10:55:49
68,5,22,"1","No","0",2020-06-01 10:55:50,2020-06-01 10:55:50
69,5,22,"1","No","0",2020-06-01 10:55:53,2020-06-01 10:55:53
70,5,22,"1","No","0",2020-06-01 10:55:54,2020-06-01 10:55:54
71,7,22,"1","No","0",2020-06-01 10:55:55,2020-06-01 10:55:55
72,7,22,"1","No","0",2020-06-01 10:55:56,2020-06-01 10:55:56
73,5,22,"1","No","0",2020-06-01 10:55:57,2020-06-01 10:55:57
74,5,22,"1","No","0",2020-06-01 10:55:58,2020-06-01 10:55:58
75,7,22,"1","No","0",2020-06-01 10:55:59,2020-06-01 10:55:59
76,7,22,"1","No","0",2020-06-01 10:56:00,2020-06-01 10:56:00
77,5,22,"1","No","0",2020-06-01 10:56:01,2020-06-01 10:56:01
78,5,22,"1","No","0",2020-06-01 10:56:02,2020-06-01 10:56:02
79,7,22,"1","No","0",2020-06-01 10:56:03,2020-06-01 10:56:03
80,7,22,"1","No","0",2020-06-01 10:56:03,2020-06-01 10:56:03
81,5,22,"1","No","0",2020-06-01 10:56:05,2020-06-01 10:56:05
82,5,22,"1","No","0",2020-06-01 10:56:06,2020-06-01 10:56:06
83,7,22,"1","No","0",2020-06-01 10:56:06,2020-06-01 10:56:06
84,7,22,"1","No","0",2020-06-01 10:56:07,2020-06-01 10:56:07
85,5,22,"1","No","0",2020-06-01 10:56:09,2020-06-01 10:56:09
86,7,22,"1","No","0",2020-06-01 10:56:10,2020-06-01 10:56:10
87,5,22,"1","No","0",2020-06-01 10:56:10,2020-06-01 10:56:10
88,7,22,"1","No","0",2020-06-01 10:56:10,2020-06-01 10:56:10
89,5,22,"1","No","0",2020-06-01 10:56:13,2020-06-01 10:56:13
90,5,22,"1","No","0",2020-06-01 11:06:46,2020-06-01 11:06:46
91,5,22,"1","No","0",2020-06-01 11:06:47,2020-06-01 11:06:47
92,5,22,"1","No","0",2020-06-01 11:06:50,2020-06-01 11:06:50
93,5,22,"1","No","0",2020-06-01 11:06:51,2020-06-01 11:06:51
94,5,22,"1","No","0",2020-06-01 18:21:35,2020-06-01 18:21:35
95,5,22,"1","No","0",2020-06-01 18:21:36,2020-06-01 18:21:36
96,5,22,"1","No","0",2020-06-01 18:21:39,2020-06-01 18:21:39
97,5,22,"1","No","0",2020-06-01 18:21:40,2020-06-01 18:21:40
98,9,22,"1","No","0",2020-06-03 16:25:20,2020-06-03 16:25:20
99,9,22,"1","Yes","0",2020-06-03 16:25:21,2020-06-03 16:25:21
100,9,22,"1","No","0",2020-06-03 16:25:24,2020-06-03 16:25:24
101,9,22,"1","No","0",2020-06-03 16:25:24,2020-06-03 16:25:24
102,9,22,"1","No","0",2020-06-03 16:25:27,2020-06-03 16:25:27
103,9,22,"1","No","0",2020-06-03 16:25:28,2020-06-03 16:25:28
104,9,22,"1","No","0",2020-06-03 16:25:31,2020-06-03 16:25:31
105,9,22,"1","No","0",2020-06-03 16:25:31,2020-06-03 16:25:31
106,9,22,"1","No","0",2020-06-03 16:25:34,2020-06-03 16:25:34
107,9,22,"1","No","0",2020-06-03 16:25:35,2020-06-03 16:25:35
108,9,22,"1","No","0",2020-06-03 16:25:38,2020-06-03 16:25:38
109,9,22,"1","No","0",2020-06-03 16:25:38,2020-06-03 16:25:38
110,9,22,"1","No","0",2020-06-03 16:25:41,2020-06-03 16:25:41
111,9,22,"1","No","0",2020-06-03 16:25:42,2020-06-03 16:25:42
112,9,22,"1","No","0",2020-06-03 16:25:44,2020-06-03 16:25:44
113,9,22,"1","No","0",2020-06-03 16:25:45,2020-06-03 16:25:45
114,9,22,"1","No","0",2020-06-03 16:25:48,2020-06-03 16:25:48
115,9,22,"1","No","0",2020-06-03 16:25:49,2020-06-03 16:25:49
116,9,22,"1","No","0",2020-06-03 16:25:51,2020-06-03 16:25:51
117,9,22,"1","No","0",2020-06-03 16:25:52,2020-06-03 16:25:52
118,9,22,"1","No","0",2020-06-03 16:25:55,2020-06-03 16:25:55
119,9,22,"1","No","0",2020-06-03 16:25:56,2020-06-03 16:25:56
120,9,22,"1","No","0",2020-06-03 16:25:58,2020-06-03 16:25:58
121,9,22,"1","No","0",2020-06-03 16:25:59,2020-06-03 16:25:59
122,9,22,"1","No","0",2020-06-03 16:26:02,2020-06-03 16:26:02
123,9,22,"1","No","0",2020-06-03 16:26:03,2020-06-03 16:26:03
124,9,22,"1","No","0",2020-06-03 16:26:05,2020-06-03 16:26:05
125,9,22,"1","No","0",2020-06-03 16:26:06,2020-06-03 16:26:06
126,9,22,"1","No","0",2020-06-03 16:26:09,2020-06-03 16:26:09
127,9,22,"1","No","0",2020-06-03 16:26:09,2020-06-03 16:26:09
128,9,22,"1","No","0",2020-06-03 16:26:12,2020-06-03 16:26:12
129,9,22,"1","No","0",2020-06-03 16:26:13,2020-06-03 16:26:13
130,9,22,"1","No","0",2020-06-03 16:26:16,2020-06-03 16:26:16
131,9,22,"1","No","0",2020-06-03 16:26:16,2020-06-03 16:26:16
132,9,22,"1","No","0",2020-06-03 16:26:19,2020-06-03 16:26:19
133,9,22,"1","No","0",2020-06-03 16:26:20,2020-06-03 16:26:20
134,9,22,"1","No","0",2020-06-03 16:26:23,2020-06-03 16:26:23
135,9,22,"1","No","0",2020-06-03 16:26:23,2020-06-03 16:26:23
136,9,22,"1","No","0",2020-06-03 16:26:26,2020-06-03 16:26:26
137,9,22,"1","No","0",2020-06-03 16:26:27,2020-06-03 16:26:27
138,9,22,"1","No","0",2020-06-03 16:26:29,2020-06-03 16:26:29
139,9,22,"1","No","0",2020-06-03 16:26:30,2020-06-03 16:26:30
140,9,22,"1","No","0",2020-06-03 16:26:33,2020-06-03 16:26:33
141,9,22,"1","No","0",2020-06-03 16:26:33,2020-06-03 16:26:33
142,9,22,"1","No","0",2020-06-03 16:26:36,2020-06-03 16:26:36
143,9,22,"1","No","0",2020-06-03 16:26:37,2020-06-03 16:26:37
144,9,22,"1","No","0",2020-06-03 16:26:40,2020-06-03 16:26:40
145,9,22,"1","No","0",2020-06-03 16:26:40,2020-06-03 16:26:40
146,9,22,"1","No","0",2020-06-03 16:26:43,2020-06-03 16:26:43
147,9,22,"1","No","0",2020-06-03 16:26:44,2020-06-03 16:26:44
148,9,22,"1","No","0",2020-06-03 16:26:47,2020-06-03 16:26:47
149,9,22,"1","No","0",2020-06-03 16:26:47,2020-06-03 16:26:47
150,9,22,"1","No","0",2020-06-03 16:26:50,2020-06-03 16:26:50
151,9,22,"1","No","0",2020-06-03 16:26:51,2020-06-03 16:26:51
152,9,22,"1","No","0",2020-06-03 16:26:54,2020-06-03 16:26:54
153,9,22,"1","No","0",2020-06-03 16:26:54,2020-06-03 16:26:54
154,9,22,"1","No","0",2020-06-03 16:26:57,2020-06-03 16:26:57
155,9,22,"1","No","0",2020-06-03 16:26:58,2020-06-03 16:26:58
156,9,22,"1","Yes","0",2020-06-03 16:27:01,2022-06-23 16:21:15
157,9,22,"1","No","0",2020-06-03 16:27:01,2020-06-03 16:27:01
158,9,22,"1","No","0",2020-06-03 16:27:04,2020-06-03 16:27:04
159,9,22,"1","No","0",2020-06-03 16:27:05,2020-06-03 16:27:05
160,9,22,"1","No","0",2020-06-03 16:27:07,2020-06-03 16:27:07
161,9,22,"1","No","0",2020-06-03 16:27:08,2020-06-03 16:27:08
162,9,22,"1","No","0",2020-06-03 16:27:11,2020-06-03 16:27:11
163,9,22,"1","No","0",2020-06-03 16:27:11,2020-06-03 16:27:11
164,9,22,"1","No","0",2020-06-03 16:27:14,2020-06-03 16:27:14
165,9,22,"1","No","0",2020-06-03 16:27:15,2020-06-03 16:27:15
166,9,22,"1","No","0",2020-06-03 16:27:18,2020-06-03 16:27:18
167,9,22,"1","No","0",2020-06-03 16:27:19,2020-06-03 16:27:19
168,9,22,"1","No","0",2020-06-03 16:27:22,2020-06-03 16:27:22
169,9,22,"1","No","0",2020-06-03 16:27:24,2020-06-03 16:27:24
170,9,22,"1","No","0",2020-06-03 16:27:26,2020-06-03 16:27:26
171,9,22,"1","No","0",2020-06-03 16:27:28,2020-06-03 16:27:28
172,9,22,"1","No","0",2020-06-03 16:27:30,2020-06-03 16:27:30
173,9,22,"1","No","0",2020-06-03 16:27:32,2020-06-03 16:27:32
174,9,22,"1","No","0",2020-06-03 16:27:34,2020-06-03 16:27:34
175,9,22,"1","No","0",2020-06-03 16:27:35,2020-06-03 16:27:35
176,9,22,"1","No","0",2020-06-03 16:27:39,2020-06-03 16:27:39
177,9,22,"1","No","0",2020-06-03 16:27:40,2020-06-03 16:27:40
178,9,22,"1","No","0",2020-06-03 16:27:43,2020-06-03 16:27:43
179,9,22,"1","No","0",2020-06-03 16:27:44,2020-06-03 16:27:44
180,9,22,"1","No","0",2020-06-03 16:27:46,2020-06-03 16:27:46
181,9,22,"1","No","0",2020-06-03 16:27:47,2020-06-03 16:27:47
182,9,22,"1","No","0",2020-06-03 16:27:51,2020-06-03 16:27:51
183,9,22,"1","No","0",2020-06-03 16:27:52,2020-06-03 16:27:52
184,9,22,"1","No","0",2020-06-03 16:27:55,2020-06-03 16:27:55
185,9,22,"1","No","0",2020-06-03 16:27:57,2020-06-03 16:27:57
186,9,22,"1","No","0",2020-06-03 16:27:59,2020-06-03 16:27:59
187,9,22,"1","No","0",2020-06-03 16:28:01,2020-06-03 16:28:01
188,9,22,"1","No","0",2020-06-03 16:28:03,2020-06-03 16:28:03
189,9,22,"1","No","0",2020-06-03 16:28:04,2020-06-03 16:28:04
190,9,22,"1","No","0",2020-06-03 16:28:08,2020-06-03 16:28:08
191,9,22,"1","No","0",2020-06-03 16:28:09,2020-06-03 16:28:09
192,9,22,"1","No","0",2020-06-03 16:28:12,2020-06-03 16:28:12
193,9,22,"1","No","0",2020-06-03 16:28:14,2020-06-03 16:28:14
194,9,22,"1","No","0",2020-06-03 16:28:16,2020-06-03 16:28:16
195,9,22,"1","No","0",2020-06-03 16:28:16,2020-06-03 16:28:16
196,9,22,"1","No","0",2020-06-03 16:28:19,2020-06-03 16:28:19
197,9,22,"1","No","0",2020-06-03 16:28:21,2020-06-03 16:28:21
198,9,22,"1","No","0",2020-06-03 16:28:24,2020-06-03 16:28:24
199,9,22,"1","No","0",2020-06-03 16:28:26,2020-06-03 16:28:26
200,9,22,"1","No","0",2020-06-03 16:28:28,2020-06-03 16:28:28
201,9,22,"1","No","0",2020-06-03 16:28:29,2020-06-03 16:28:29
202,9,22,"1","No","0",2020-06-03 16:28:32,2020-06-03 16:28:32
203,9,22,"1","No","0",2020-06-03 16:28:34,2020-06-03 16:28:34
204,9,22,"1","No","0",2020-06-03 16:28:36,2020-06-03 16:28:36
205,9,22,"1","No","0",2020-06-03 16:28:38,2020-06-03 16:28:38
206,9,22,"1","No","0",2020-06-03 16:28:40,2020-06-03 16:28:40
207,9,22,"1","No","0",2020-06-03 16:28:42,2020-06-03 16:28:42
208,9,22,"1","No","0",2020-06-03 16:28:44,2020-06-03 16:28:44
209,9,22,"1","No","0",2020-06-03 16:28:45,2020-06-03 16:28:45
210,9,22,"1","No","0",2020-06-03 16:28:48,2020-06-03 16:28:48
211,9,22,"1","No","0",2020-06-03 16:28:50,2020-06-03 16:28:50
212,9,22,"1","No","0",2020-06-03 16:28:53,2020-06-03 16:28:53
213,9,22,"1","No","0",2020-06-03 16:28:54,2020-06-03 16:28:54
214,9,22,"1","No","0",2020-06-03 16:28:57,2020-06-03 16:28:57
215,9,22,"1","No","0",2020-06-03 16:28:59,2020-06-03 16:28:59
216,9,22,"1","No","0",2020-06-03 16:29:01,2020-06-03 16:29:01
217,9,22,"1","No","0",2020-06-03 16:29:01,2020-06-03 16:29:01
218,9,22,"1","No","0",2020-06-03 16:29:04,2020-06-03 16:29:04
219,9,22,"1","No","0",2020-06-03 16:29:06,2020-06-03 16:29:06
220,9,22,"1","No","0",2020-06-03 16:29:09,2020-06-03 16:29:09
221,9,22,"1","No","0",2020-06-03 16:29:11,2020-06-03 16:29:11
222,9,22,"1","No","0",2020-06-03 16:29:13,2020-06-03 16:29:13
223,9,22,"1","No","0",2020-06-03 16:29:15,2020-06-03 16:29:15
224,9,22,"1","No","0",2020-06-03 16:29:17,2020-06-03 16:29:17
225,9,22,"1","No","0",2020-06-03 16:29:19,2020-06-03 16:29:19
226,9,22,"1","No","0",2020-06-03 16:29:21,2020-06-03 16:29:21
227,9,22,"1","No","0",2020-06-03 16:29:23,2020-06-03 16:29:23
228,9,22,"1","No","0",2020-06-03 16:29:25,2020-06-03 16:29:25
229,9,22,"1","No","0",2020-06-03 16:29:27,2020-06-03 16:29:27
230,9,22,"1","No","0",2020-06-03 16:29:29,2020-06-03 16:29:29
231,9,22,"1","No","0",2020-06-03 16:29:30,2020-06-03 16:29:30
232,9,22,"1","No","0",2020-06-03 16:29:33,2020-06-03 16:29:33
233,9,22,"1","No","0",2020-06-03 16:29:35,2020-06-03 16:29:35
234,9,22,"1","No","0",2020-06-03 16:29:37,2020-06-03 16:29:37
235,9,22,"1","No","0",2020-06-03 16:29:39,2020-06-03 16:29:39
236,9,22,"1","No","0",2020-06-03 16:29:40,2020-06-03 16:29:40
237,9,22,"1","No","0",2020-06-03 16:29:42,2020-06-03 16:29:42
238,9,22,"1","No","0",2020-06-03 16:29:45,2020-06-03 16:29:45
239,9,22,"1","No","0",2020-06-03 16:29:47,2020-06-03 16:29:47
240,9,22,"1","No","0",2020-06-03 16:29:49,2020-06-03 16:29:49
241,9,22,"1","No","0",2020-06-03 16:29:51,2020-06-03 16:29:51
242,9,22,"1","No","0",2020-06-03 16:29:53,2020-06-03 16:29:53
243,9,22,"1","No","0",2020-06-03 16:29:55,2020-06-03 16:29:55
244,9,22,"1","No","0",2020-06-03 16:29:57,2020-06-03 16:29:57
245,9,22,"1","No","0",2020-06-03 16:29:58,2020-06-03 16:29:58
246,9,22,"1","No","0",2020-06-03 16:30:01,2020-06-03 16:30:01
247,9,22,"1","No","0",2020-06-03 16:30:02,2020-06-03 16:30:02
248,9,22,"1","No","0",2020-06-03 16:30:04,2020-06-03 16:30:04
249,9,22,"1","No","0",2020-06-03 16:30:06,2020-06-03 16:30:06
250,9,22,"1","No","0",2020-06-03 16:30:09,2020-06-03 16:30:09
251,9,22,"1","No","0",2020-06-03 16:30:11,2020-06-03 16:30:11
252,9,22,"1","No","0",2020-06-03 16:30:13,2020-06-03 16:30:13
253,9,22,"1","No","0",2020-06-03 16:30:14,2020-06-03 16:30:14
254,9,22,"1","No","0",2020-06-03 16:30:17,2020-06-03 16:30:17
255,9,22,"1","No","0",2020-06-03 16:30:19,2020-06-03 16:30:19
256,9,22,"1","Yes","0",2020-06-03 16:30:21,2022-06-23 16:21:15
257,9,22,"1","No","0",2020-06-03 16:30:23,2020-06-03 16:30:23
258,9,22,"1","No","0",2020-06-03 16:30:25,2020-06-03 16:30:25
259,9,22,"1","No","0",2020-06-03 16:30:27,2020-06-03 16:30:27
260,9,22,"1","No","0",2020-06-03 16:30:29,2020-06-03 16:30:29
261,9,22,"1","No","0",2020-06-03 16:30:31,2020-06-03 16:30:31
262,9,22,"1","No","0",2020-06-03 16:30:33,2020-06-03 16:30:33
263,9,22,"1","No","0",2020-06-03 16:30:35,2020-06-03 16:30:35
264,9,22,"1","No","0",2020-06-03 16:30:37,2020-06-03 16:30:37
265,9,22,"1","No","0",2020-06-03 16:30:39,2020-06-03 16:30:39
266,9,22,"1","No","0",2020-06-03 16:30:41,2020-06-03 16:30:41
267,9,22,"1","No","0",2020-06-03 16:30:43,2020-06-03 16:30:43
268,9,22,"1","No","0",2020-06-03 16:30:45,2020-06-03 16:30:45
269,9,22,"1","No","0",2020-06-03 16:30:47,2020-06-03 16:30:47
270,9,22,"1","No","0",2020-06-03 16:30:49,2020-06-03 16:30:49
271,9,22,"1","No","0",2020-06-03 16:30:50,2020-06-03 16:30:50
272,9,22,"1","No","0",2020-06-03 16:30:53,2020-06-03 16:30:53
273,9,22,"1","No","0",2020-06-03 16:30:55,2020-06-03 16:30:55
274,9,22,"1","No","0",2020-06-03 16:30:57,2020-06-03 16:30:57
275,9,22,"1","No","0",2020-06-03 16:30:59,2020-06-03 16:30:59
276,9,22,"1","No","0",2020-06-03 16:31:01,2020-06-03 16:31:01
277,9,22,"1","No","0",2020-06-03 16:31:03,2020-06-03 16:31:03
278,9,22,"1","No","0",2020-06-03 16:31:05,2020-06-03 16:31:05
279,9,22,"1","No","0",2020-06-03 16:31:07,2020-06-03 16:31:07
280,9,22,"1","No","0",2020-06-03 16:31:10,2020-06-03 16:31:10
281,9,22,"1","No","0",2020-06-03 16:31:11,2020-06-03 16:31:11
282,9,22,"1","No","0",2020-06-03 16:31:14,2020-06-03 16:31:14
283,9,22,"1","No","0",2020-06-03 16:31:14,2020-06-03 16:31:14
284,9,22,"1","No","0",2020-06-03 16:31:15,2020-06-03 16:31:15
285,9,22,"1","No","0",2020-06-03 16:31:18,2020-06-03 16:31:18
286,9,22,"1","No","0",2020-06-03 16:31:18,2020-06-03 16:31:18
287,9,22,"1","No","0",2020-06-03 16:31:19,2020-06-03 16:31:19
288,9,22,"1","No","0",2020-06-03 16:31:20,2020-06-03 16:31:20
289,9,22,"1","No","0",2020-06-03 16:31:22,2020-06-03 16:31:22
290,9,22,"1","No","0",2020-06-03 16:31:24,2020-06-03 16:31:24
291,9,22,"1","No","0",2020-06-03 16:31:26,2020-06-03 16:31:26
292,9,22,"1","No","0",2020-06-03 16:31:28,2020-06-03 16:31:28
293,9,22,"1","No","0",2020-06-03 16:31:30,2020-06-03 16:31:30
294,9,22,"1","No","0",2020-06-03 16:31:30,2020-06-03 16:31:30
295,9,22,"1","No","0",2020-06-03 16:31:30,2020-06-03 16:31:30
296,9,22,"1","No","0",2020-06-03 16:31:33,2020-06-03 16:31:33
297,9,22,"1","No","0",2020-06-03 16:31:35,2020-06-03 16:31:35
298,9,22,"1","No","0",2020-06-03 16:31:36,2020-06-03 16:31:36
299,9,22,"1","No","0",2020-06-03 16:31:37,2020-06-03 16:31:37
300,9,22,"1","No","0",2020-06-03 16:31:37,2020-06-03 16:31:37
301,9,22,"1","No","0",2020-06-03 16:31:39,2020-06-03 16:31:39
302,9,22,"1","No","0",2020-06-03 16:31:40,2020-06-03 16:31:40
303,9,22,"1","No","0",2020-06-03 16:31:41,2020-06-03 16:31:41
304,9,22,"1","No","0",2020-06-03 16:31:41,2020-06-03 16:31:41
305,9,22,"1","No","0",2020-06-03 16:31:41,2020-06-03 16:31:41
306,9,22,"1","Yes","0",2020-06-03 16:31:44,2022-06-23 16:21:15
307,9,22,"1","No","0",2020-06-03 16:31:44,2020-06-03 16:31:44
308,9,22,"1","No","0",2020-06-03 16:31:45,2020-06-03 16:31:45
309,9,22,"1","No","0",2020-06-03 16:31:45,2020-06-03 16:31:45
310,9,22,"1","No","0",2020-06-03 16:31:48,2020-06-03 16:31:48
311,9,22,"1","No","0",2020-06-03 16:31:50,2020-06-03 16:31:50
312,9,22,"1","No","0",2020-06-03 16:31:52,2020-06-03 16:31:52
313,9,22,"1","No","0",2020-06-03 16:31:53,2020-06-03 16:31:53
314,9,22,"1","No","0",2020-06-03 16:31:56,2020-06-03 16:31:56
315,9,22,"1","No","0",2020-06-03 16:31:58,2020-06-03 16:31:58
316,9,22,"1","Yes","0",2020-06-03 16:32:00,2022-06-23 16:21:15
317,9,22,"1","No","0",2020-06-03 16:32:00,2020-06-03 16:32:00
318,9,22,"1","No","0",2020-06-03 16:32:18,2020-06-03 16:32:18
319,9,22,"1","No","0",2020-06-03 16:32:19,2020-06-03 16:32:19
320,9,22,"1","No","0",2020-06-03 16:32:21,2020-06-03 16:32:21
321,9,22,"1","No","0",2020-06-03 16:32:22,2020-06-03 16:32:22
322,9,22,"1","No","0",2020-06-03 16:32:25,2020-06-03 16:32:25
323,9,22,"1","No","0",2020-06-03 16:32:26,2020-06-03 16:32:26
324,9,22,"1","No","0",2020-06-03 16:32:29,2020-06-03 16:32:29
325,9,22,"1","No","0",2020-06-03 16:32:29,2020-06-03 16:32:29
326,9,22,"1","No","0",2020-06-03 16:32:31,2020-06-03 16:32:31
327,9,22,"1","No","0",2020-06-03 16:32:32,2020-06-03 16:32:32
328,9,22,"1","No","0",2020-06-03 16:34:21,2020-06-03 16:34:21
329,9,22,"1","Yes","0",2020-06-03 16:34:22,2022-06-23 16:21:15
330,9,22,"1","No","0",2020-06-03 16:34:25,2020-06-03 16:34:25
331,9,22,"1","No","0",2020-06-03 16:34:25,2020-06-03 16:34:25
332,9,22,"1","No","0",2020-06-03 16:34:28,2020-06-03 16:34:28
333,9,22,"1","No","0",2020-06-03 16:34:29,2020-06-03 16:34:29
334,9,22,"1","No","0",2020-06-03 16:36:43,2020-06-03 16:36:43
335,9,22,"1","No","0",2020-06-03 16:36:44,2020-06-03 16:36:44
336,9,22,"1","No","0",2020-06-03 16:37:07,2020-06-03 16:37:07
337,9,22,"1","No","0",2020-06-03 16:37:08,2020-06-03 16:37:08
338,9,22,"1","No","0",2020-06-03 16:38:08,2020-06-03 16:38:08
339,9,22,"1","No","0",2020-06-03 16:38:09,2020-06-03 16:38:09
340,9,22,"1","No","0",2020-06-03 16:38:53,2020-06-03 16:38:53
341,9,22,"1","No","0",2020-06-03 16:38:54,2020-06-03 16:38:54
342,9,22,"1","No","0",2020-06-03 16:39:11,2020-06-03 16:39:11
343,9,22,"1","No","0",2020-06-03 16:39:12,2020-06-03 16:39:12
344,5,22,"1","No","0",2020-06-03 16:40:15,2020-06-03 16:40:15
345,5,22,"1","No","0",2020-06-03 16:40:16,2020-06-03 16:40:16
346,5,22,"1","No","0",2020-06-03 16:40:19,2020-06-03 16:40:19
347,5,22,"1","No","0",2020-06-03 16:40:20,2020-06-03 16:40:20
348,5,22,"1","No","0",2020-06-03 16:40:24,2020-06-03 16:40:24
349,5,22,"1","No","0",2020-06-03 16:40:25,2020-06-03 16:40:25
350,5,22,"1","No","0",2020-06-03 16:40:28,2020-06-03 16:40:28
351,5,22,"1","No","0",2020-06-03 16:40:29,2020-06-03 16:40:29
352,5,22,"1","No","0",2020-06-03 16:40:32,2020-06-03 16:40:32
353,5,22,"1","No","0",2020-06-03 16:40:33,2020-06-03 16:40:33
354,5,22,"1","No","0",2020-06-03 16:40:36,2020-06-03 16:40:36
355,5,22,"1","No","0",2020-06-03 16:40:37,2020-06-03 16:40:37
356,5,22,"1","Yes","0",2020-06-03 16:40:40,2022-06-23 16:21:15
357,5,22,"1","No","0",2020-06-03 16:40:42,2020-06-03 16:40:42
358,5,22,"1","No","0",2020-06-03 16:40:44,2020-06-03 16:40:44
359,5,22,"1","No","0",2020-06-03 16:40:45,2020-06-03 16:40:45
360,5,22,"1","No","0",2020-06-03 16:40:48,2020-06-03 16:40:48
361,5,22,"1","No","0",2020-06-03 16:40:50,2020-06-03 16:40:50
362,5,22,"1","No","0",2020-06-03 16:40:52,2020-06-03 16:40:52
363,5,22,"1","No","0",2020-06-03 16:40:53,2020-06-03 16:40:53
364,5,22,"1","No","0",2020-06-03 16:40:56,2020-06-03 16:40:56
365,5,22,"1","No","0",2020-06-03 16:40:57,2020-06-03 16:40:57
366,5,22,"1","No","0",2020-06-03 16:41:00,2020-06-03 16:41:00
367,5,22,"1","No","0",2020-06-03 16:41:01,2020-06-03 16:41:01
368,5,22,"1","No","0",2020-06-03 16:41:04,2020-06-03 16:41:04
369,5,22,"1","No","0",2020-06-03 16:41:06,2020-06-03 16:41:06
370,5,22,"1","No","0",2020-06-03 16:41:08,2020-06-03 16:41:08
371,5,22,"1","No","0",2020-06-03 16:41:09,2020-06-03 16:41:09
372,5,22,"1","No","0",2020-06-03 16:41:12,2020-06-03 16:41:12
373,5,22,"1","No","0",2020-06-03 16:41:13,2020-06-03 16:41:13
374,5,22,"1","No","0",2020-06-03 16:41:15,2020-06-03 16:41:15
375,5,22,"1","No","0",2020-06-03 16:41:16,2020-06-03 16:41:16
376,9,22,"1","No","0",2020-06-03 16:41:39,2020-06-03 16:41:39
377,9,22,"1","No","0",2020-06-03 16:41:40,2020-06-03 16:41:40
378,9,22,"1","No","0",2020-06-03 16:43:35,2020-06-03 16:43:35
379,9,22,"1","No","0",2020-06-03 16:43:36,2020-06-03 16:43:36
380,9,22,"1","No","0",2020-06-03 16:43:47,2020-06-03 16:43:47
381,9,22,"1","No","0",2020-06-03 16:43:47,2020-06-03 16:43:47
382,9,22,"1","No","0",2020-06-03 16:46:03,2020-06-03 16:46:03
383,9,22,"1","No","0",2020-06-03 16:46:04,2020-06-03 16:46:04
384,9,22,"1","No","0",2020-06-03 16:46:23,2020-06-03 16:46:23
385,9,22,"1","No","0",2020-06-03 16:46:24,2020-06-03 16:46:24
386,9,22,"1","No","0",2020-06-03 16:48:47,2020-06-03 16:48:47
387,9,22,"1","No","0",2020-06-03 16:48:48,2020-06-03 16:48:48
388,9,22,"1","No","0",2020-06-03 16:49:03,2020-06-03 16:49:03
389,9,22,"1","No","0",2020-06-03 16:49:04,2020-06-03 16:49:04
390,9,22,"1","No","0",2020-06-03 16:49:18,2020-06-03 16:49:18
391,9,22,"1","No","0",2020-06-03 16:49:19,2020-06-03 16:49:19
392,9,22,"1","No","0",2020-06-03 16:49:49,2020-06-03 16:49:49
393,9,22,"1","No","0",2020-06-03 16:49:50,2020-06-03 16:49:50
394,9,22,"1","No","0",2020-06-03 16:50:16,2020-06-03 16:50:16
395,9,22,"1","No","0",2020-06-03 16:50:16,2020-06-03 16:50:16
396,9,22,"1","No","0",2020-06-03 16:50:35,2020-06-03 16:50:35
397,9,22,"1","No","0",2020-06-03 16:50:36,2020-06-03 16:50:36
398,9,22,"1","No","0",2020-06-03 16:50:46,2020-06-03 16:50:46
399,9,22,"1","No","0",2020-06-03 16:50:46,2020-06-03 16:50:46
400,9,22,"1","No","0",2020-06-03 16:51:38,2020-06-03 16:51:38
401,9,22,"1","No","0",2020-06-03 16:51:39,2020-06-03 16:51:39
402,9,22,"1","No","0",2020-06-03 16:51:52,2020-06-03 16:51:52
403,9,22,"1","No","0",2020-06-03 16:51:53,2020-06-03 16:51:53
404,9,22,"1","No","0",2020-06-03 17:01:33,2020-06-03 17:01:33
405,9,22,"1","No","0",2020-06-03 17:01:34,2020-06-03 17:01:34
406,9,22,"1","No","0",2020-06-03 17:01:41,2020-06-03 17:01:41
407,9,22,"1","No","0",2020-06-03 17:01:42,2020-06-03 17:01:42
408,9,22,"1","No","0",2020-06-03 17:02:22,2020-06-03 17:02:22
409,9,22,"1","No","0",2020-06-03 17:02:23,2020-06-03 17:02:23
410,9,22,"1","No","0",2020-06-03 17:02:35,2020-06-03 17:02:35
411,9,22,"1","No","0",2020-06-03 17:02:36,2020-06-03 17:02:36
412,9,22,"1","No","0",2020-06-03 17:03:31,2020-06-03 17:03:31
413,9,22,"1","No","0",2020-06-03 17:03:32,2020-06-03 17:03:32
414,9,22,"1","No","0",2020-06-03 17:04:30,2020-06-03 17:04:30
415,9,22,"1","No","0",2020-06-03 17:04:32,2020-06-03 17:04:32
416,9,22,"1","No","0",2020-06-03 17:05:15,2020-06-03 17:05:15
417,9,22,"1","No","0",2020-06-03 17:05:16,2020-06-03 17:05:16
418,9,22,"1","No","0",2020-06-03 17:05:34,2020-06-03 17:05:34
419,9,22,"1","No","0",2020-06-03 17:05:36,2020-06-03 17:05:36
420,9,22,"1","No","0",2020-06-03 17:06:03,2020-06-03 17:06:03
421,9,22,"1","No","0",2020-06-03 17:06:05,2020-06-03 17:06:05
422,5,22,"1","No","0",2020-06-05 09:38:07,2020-06-05 09:38:07
423,5,22,"1","No","0",2020-06-05 09:38:11,2020-06-05 09:38:11
424,5,,"1","No","0",2020-06-05 09:38:15,2020-06-05 09:38:15
425,5,,"1","No","0",2020-06-05 09:38:20,2020-06-05 09:38:20
426,5,,"1","No","0",2020-06-05 09:38:24,2020-06-05 09:38:24
427,5,,"1","No","0",2020-06-05 09:38:28,2020-06-05 09:38:28
428,24,33,"1","No","0",2020-06-15 18:12:06,2020-06-15 18:12:06
429,16,33,"1","No","0",2020-06-17 12:04:08,2020-06-17 12:04:08
430,16,33,"1","No","0",2020-06-17 12:06:29,2020-06-17 12:06:29
431,17,33,"1","No","0",2020-06-17 12:50:41,2020-06-17 12:50:41
432,21,33,"1","No","0",2020-06-17 13:04:38,2020-06-17 13:04:38
433,22,33,"1","No","0",2020-06-17 22:05:22,2020-06-17 22:05:22
434,22,33,"1","No","0",2020-06-17 22:15:35,2020-06-17 22:15:35
435,19,33,"1","No","0",2020-06-17 22:16:20,2020-06-17 22:16:20
436,19,33,"1","No","0",2020-06-18 09:43:31,2020-06-18 09:43:31
437,18,33,"1","No","0",2020-06-18 12:10:36,2020-06-18 12:10:36
438,19,33,"1","No","0",2020-06-19 10:21:23,2020-06-19 10:21:23
439,19,33,"1","No","0",2020-06-19 10:21:33,2020-06-19 10:21:33
440,17,33,"1","No","0",2020-06-22 11:48:40,2020-06-22 11:48:40
441,17,33,"1","No","0",2020-06-22 11:49:14,2020-06-22 11:49:14
442,17,33,"1","No","0",2020-06-22 11:50:16,2020-06-22 11:50:16
443,17,33,"1","No","0",2020-06-22 11:57:45,2020-06-22 11:57:45
444,17,33,"1","No","0",2020-06-22 11:58:04,2020-06-22 11:58:04
445,17,33,"1","No","0",2020-06-22 11:59:08,2020-06-22 11:59:08
446,17,33,"1","No","0",2020-06-22 12:01:04,2020-06-22 12:01:04
447,17,33,"1","No","0",2020-06-22 12:03:29,2020-06-22 12:03:29
448,17,33,"1","No","0",2020-06-22 12:11:40,2020-06-22 12:11:40
449,24,33,"1","No","0",2020-06-24 06:05:16,2020-06-24 06:05:16
450,24,33,"1","No","0",2020-06-24 06:41:35,2020-06-24 06:41:35
451,24,33,"1","No","0",2020-06-24 06:41:38,2020-06-24 06:41:38
452,23,33,"1","No","0",2020-06-24 11:47:12,2020-06-24 11:47:12
453,37,33,"3","No","0",2020-06-26 14:31:26,2020-06-26 14:31:26
454,33,33,"3","No","0",2020-06-26 14:31:33,2020-06-26 14:31:33
455,33,55,"3","No","0",2020-05-01 22:04:51,2020-05-30 22:04:51
456,37,55,"3","No","0",2020-06-30 22:05:01,2020-06-30 22:05:01
457,43,55,"4","No","0",2020-06-30 22:09:49,2020-06-30 22:09:49
458,43,55,"4","No","0",2020-06-30 22:09:52,2020-06-30 22:09:52
459,43,55,"4","No","0",2020-06-30 22:09:56,2020-06-30 22:09:56
460,43,55,"4","No","0",2020-06-30 22:09:59,2020-06-30 22:09:59
461,43,55,"4","No","0",2020-06-30 22:10:02,2020-06-30 22:10:02
462,43,55,"4","No","0",2020-06-30 22:10:05,2020-06-30 22:10:05
463,29,55,"3","No","0",2020-07-01 10:15:27,2020-07-01 10:15:27
464,29,55,"3","No","0",2020-07-01 10:15:39,2020-07-01 10:15:39
465,33,55,"3","No","0",2020-07-02 14:43:08,2020-07-02 14:43:08
470,37,55,"3","No","100",2020-07-02 15:26:37,2020-07-02 15:26:37
471,37,55,"3","No","100",2020-07-02 15:27:29,2020-07-02 15:27:29
472,33,55,"3","No","55",2020-07-02 15:28:25,2020-07-02 15:28:25
473,33,55,"3","No","55",2020-07-02 15:34:10,2020-07-02 15:34:10
474,33,55,"3","No","50",2020-07-02 16:14:18,2020-07-02 16:14:18
475,34,55,"3","No","100",2020-07-02 18:37:24,2020-07-02 18:37:24
476,29,55,"3","No","100",2020-07-02 19:01:03,2020-07-02 19:01:03
477,44,55,"3","No","65",2020-07-02 23:54:04,2020-07-02 23:54:04
478,44,55,"3","No","64.5",2020-07-03 00:02:14,2020-07-03 00:02:14
479,29,55,"3","No","75",2020-07-05 15:10:24,2020-07-05 15:10:24
480,32,55,"3","No","75",2020-07-05 15:10:38,2020-07-05 15:10:38
481,33,55,"3","No","78.12",2020-07-05 15:10:49,2020-07-05 15:10:49
482,46,55,"3","No","83.33",2020-07-06 13:16:46,2020-07-06 13:16:46
483,30,55,"3","No","78.12",2020-07-06 19:04:26,2020-07-06 19:04:26
484,30,55,"3","No","78.12",2020-07-06 19:06:47,2020-07-06 19:06:47
485,30,,"3","No","78.12",2020-07-06 19:06:48,2020-07-06 19:06:48
486,29,65,"3","No","75",2020-07-07 13:26:43,2020-07-07 13:26:43
487,38,65,"3","No","80",2020-07-07 13:36:12,2020-07-07 13:36:12
488,71,65,"3","No","62.5",2020-07-07 15:37:18,2020-07-07 15:37:18
489,48,65,"3","No","78.12",2020-07-07 15:57:30,2020-07-07 15:57:30
490,58,65,"4","No","100",2020-07-07 16:43:49,2020-07-07 16:43:49
491,41,65,"3","No","83.33",2020-07-08 15:43:24,2020-07-08 15:43:24
492,65,65,"6","No","90",2020-07-08 16:33:32,2020-07-08 16:33:32
493,81,55,"3","No","100",2020-07-22 11:36:27,2020-07-22 11:36:27
494,43,65,"4","No","80",2020-07-27 14:13:59,2020-07-27 14:13:59
495,56,65,"3","No","83.33",2020-07-29 15:55:58,2020-07-29 15:55:58
496,45,65,"3","No","80",2020-07-29 15:59:00,2020-07-29 15:59:00
497,54,65,"3","No","66.67",2020-07-29 16:00:39,2020-07-29 16:00:39
498,54,65,"3","No","66.67",2020-07-29 16:02:59,2020-07-29 16:02:59
499,46,65,"3","No","83.33",2020-07-29 16:04:14,2020-07-29 16:04:14
500,38,65,"3","No","80",2020-07-29 16:06:08,2020-07-29 16:06:08
501,31,65,"3","No","62.5",2020-07-29 16:08:09,2020-07-29 16:08:09
502,60,65,"2","No","80",2020-07-29 16:09:38,2020-07-29 16:09:38
503,98,65,"2","No","90",2020-07-29 16:11:55,2020-07-29 16:11:55
504,95,65,"3","No","62.5",2020-07-29 16:12:55,2020-07-29 16:12:55
505,106,65,"3","No","62.5",2020-07-29 16:15:38,2020-07-29 16:15:38
506,39,65,"3","No","60",2020-07-29 16:23:21,2020-07-29 16:23:21
507,109,65,"3","No","78.12",2020-07-29 16:24:41,2020-07-29 16:24:41
508,109,65,"3","No","78.12",2020-07-29 16:25:25,2020-07-29 16:25:25
509,67,65,"6","No","87.5",2020-07-29 16:26:41,2020-07-29 16:26:41
510,103,65,"5","No","90",2020-07-29 16:27:37,2020-07-29 16:27:37
511,103,65,"5","No","90",2020-07-29 16:28:19,2020-07-29 16:28:19
512,103,65,"5","No","90",2020-07-29 16:28:40,2020-07-29 16:28:40
513,30,65,"3","No","78.12",2020-07-29 16:29:28,2020-07-29 16:29:28
514,110,65,"4","No","50",2020-07-29 16:29:54,2020-07-29 16:29:54
515,85,65,"3","No","75",2020-07-29 16:32:06,2020-07-29 16:32:06
516,112,65,"3","No","62.5",2020-07-29 16:33:19,2020-07-29 16:33:19
517,113,65,"4","No","100",2020-07-29 16:34:09,2020-07-29 16:34:09
518,115,65,"2","No","71.43",2020-07-29 16:35:39,2020-07-29 16:35:39
519,116,65,"5","No","100",2020-07-29 16:36:40,2020-07-29 16:36:40
520,100,65,"4","No","80",2020-07-29 16:37:37,2020-07-29 16:37:37
521,42,65,"3","No","24.04",2020-07-29 16:40:03,2020-07-29 16:40:03
522,62,65,"2","No","50",2020-07-29 16:40:55,2020-07-29 16:40:55
523,47,65,"3","No","62.5",2020-07-29 16:41:32,2020-07-29 16:41:32
524,88,65,"4","No","50",2020-07-29 16:43:17,2020-07-29 16:43:17
525,94,65,"3","No","87.5",2020-07-29 16:44:32,2020-07-29 16:44:32
526,36,65,"3","No","87.5",2020-07-29 16:45:38,2020-07-29 16:45:38
527,36,65,"3","No","87.5",2020-07-29 16:46:33,2020-07-29 16:46:33
528,36,65,"3","No","87.5",2020-07-29 16:47:52,2020-07-29 16:47:52
529,40,65,"4","No","66.67",2020-07-29 16:50:20,2020-07-29 16:50:20
530,29,65,"3","No","75",2020-07-29 16:51:13,2020-07-29 16:51:13
531,33,65,"3","No","62.5",2020-07-29 16:51:38,2020-07-29 16:51:38
532,105,65,"4","No","80",2020-07-29 16:52:33,2020-07-29 16:52:33
533,51,65,"3","No","62.5",2020-07-29 16:53:33,2020-07-29 16:53:33
534,90,65,"3","No","83.33",2020-07-29 16:55:27,2020-07-29 16:55:27
535,111,65,"3","No","83.33",2020-07-29 16:57:01,2020-07-29 16:57:01
536,58,65,"4","No","100",2020-07-29 16:59:01,2020-07-29 16:59:01
537,96,65,"2","No","50",2020-07-29 17:04:07,2020-07-29 17:04:07
538,83,65,"4","No","80",2020-07-29 17:04:29,2020-07-29 17:04:29
539,53,65,"3","No","100",2020-07-29 17:05:03,2020-07-29 17:05:03
540,84,65,"6","No","100",2020-07-29 17:05:55,2020-07-29 17:05:55
541,84,65,"6","No","100",2020-07-29 17:06:13,2020-07-29 17:06:13
542,89,65,"4","No","83.33",2020-07-29 17:06:55,2020-07-29 17:06:55
543,68,65,"3","No","100",2020-07-29 17:07:56,2020-07-29 17:07:56
544,68,65,"3","No","100",2020-07-29 17:08:24,2020-07-29 17:08:24
545,64,65,"6","No","50",2020-07-29 17:09:52,2020-07-29 17:09:52
546,107,65,"3","No","87.5",2020-07-29 17:10:47,2020-07-29 17:10:47
547,59,65,"4","No","80",2020-07-29 17:11:31,2020-07-29 17:11:31
548,43,65,"4","No","80",2020-07-29 17:12:18,2020-07-29 17:12:18
549,86,65,"3","No","62.5",2020-07-29 17:12:51,2020-07-29 17:12:51
550,114,65,"2","No","66.67",2020-07-29 17:13:20,2020-07-29 17:13:20
551,41,65,"3","No","83.33",2020-07-29 17:15:06,2020-07-29 17:15:06
552,61,65,"2","No","100",2020-07-29 17:15:36,2020-07-29 17:15:36
553,49,65,"3","No","80",2020-07-29 17:15:59,2020-07-29 17:15:59
554,32,65,"3","No","75",2020-07-29 17:16:41,2020-07-29 17:16:41
555,34,65,"3","No","83.33",2020-07-29 17:17:16,2020-07-29 17:17:16
556,44,65,"3","No","62.5",2020-07-29 17:18:47,2020-07-29 17:18:47
557,102,65,"6","No","86.67",2020-07-29 17:19:27,2020-07-29 17:19:27
558,99,65,"3","No","87.5",2020-07-29 17:20:14,2020-07-29 17:20:14
559,99,65,"3","No","87.5",2020-07-29 17:20:29,2020-07-29 17:20:29
560,92,65,"3","No","83.33",2020-07-29 17:20:58,2020-07-29 17:20:58
561,55,65,"3","No","62.5",2020-07-29 17:23:00,2020-07-29 17:23:00
562,87,65,"4","No","100",2020-07-29 17:23:33,2020-07-29 17:23:33
563,48,65,"3","No","78.12",2020-07-29 17:24:23,2020-07-29 17:24:23
564,50,65,"3","No","62.5",2020-07-29 17:24:59,2020-07-29 17:24:59
565,35,65,"3","No","87.5",2020-07-29 17:25:27,2020-07-29 17:25:27
566,63,65,"3","No","50",2020-07-29 17:26:15,2020-07-29 17:26:15
567,93,65,"3","No","62.5",2020-07-29 17:26:48,2020-07-29 17:26:48
568,66,65,"5","No","90",2020-07-29 17:27:25,2020-07-29 17:27:25
569,66,65,"5","No","90",2020-07-29 17:27:29,2020-07-29 17:27:29
570,66,65,"5","No","90",2020-07-29 17:27:33,2020-07-29 17:27:33
571,66,65,"5","No","90",2020-07-29 17:27:36,2020-07-29 17:27:36
572,66,65,"5","No","90",2020-07-29 17:27:39,2020-07-29 17:27:39
573,66,65,"5","No","90",2020-07-29 17:27:43,2020-07-29 17:27:43
574,66,65,"5","No","90",2020-07-29 17:27:46,2020-07-29 17:27:46
575,66,65,"5","No","90",2020-07-29 17:27:50,2020-07-29 17:27:50
576,66,65,"5","No","90",2020-07-29 17:27:53,2020-07-29 17:27:53
577,66,65,"5","No","90",2020-07-29 17:27:57,2020-07-29 17:27:57
578,66,65,"5","No","90",2020-07-29 17:28:00,2020-07-29 17:28:00
579,66,65,"5","No","90",2020-07-29 17:28:03,2020-07-29 17:28:03
580,66,65,"5","No","90",2020-07-29 17:28:07,2020-07-29 17:28:07
581,66,65,"5","No","90",2020-07-29 17:28:10,2020-07-29 17:28:10
582,66,65,"5","No","90",2020-07-29 17:28:14,2020-07-29 17:28:14
583,66,65,"5","No","90",2020-07-29 17:28:17,2020-07-29 17:28:17
584,66,65,"5","No","90",2020-07-29 17:28:21,2020-07-29 17:28:21
585,66,65,"5","No","90",2020-07-29 17:28:24,2020-07-29 17:28:24
586,104,65,"3","No","62.5",2020-07-29 17:28:38,2020-07-29 17:28:38
587,101,65,"3","No","83.33",2020-07-29 17:29:10,2020-07-29 17:29:10
588,57,65,"3","No","62.5",2020-07-29 17:30:47,2020-07-29 17:30:47
589,108,65,"3","No","62.5",2020-07-29 17:31:14,2020-07-29 17:31:14
590,55,71,"3","No","62.5",2020-07-30 14:28:04,2020-07-30 14:28:04
591,55,71,"3","No","62.5",2020-07-30 14:28:17,2020-07-30 14:28:17
592,55,71,"3","No","62.5",2020-07-31 13:51:54,2020-07-31 13:51:54
593,45,71,"3","No","80",2020-07-31 13:53:26,2020-07-31 13:53:26
594,41,71,"3","No","83.33",2020-07-31 13:56:45,2020-07-31 13:56:45
595,66,65,"5","No","90",2020-07-31 19:44:52,2020-07-31 19:44:52
596,66,65,"5","No","90",2020-07-31 19:44:56,2020-07-31 19:44:56
597,66,65,"5","No","90",2020-07-31 19:44:59,2020-07-31 19:44:59
598,66,65,"5","No","90",2020-07-31 19:45:03,2020-07-31 19:45:03
599,66,65,"5","No","90",2020-07-31 19:45:06,2020-07-31 19:45:06
600,66,65,"5","No","90",2020-07-31 19:45:10,2020-07-31 19:45:10
601,66,65,"5","No","90",2020-07-31 19:45:11,2020-07-31 19:45:11
602,66,65,"5","No","90",2020-07-31 19:45:14,2020-07-31 19:45:14
603,103,65,"5","No","90",2020-07-31 19:45:35,2020-07-31 19:45:35
604,30,65,"3","No","78.12",2020-07-31 19:45:54,2020-07-31 19:45:54
605,103,65,"5","No","90",2020-07-31 22:07:23,2020-07-31 22:07:23
606,113,65,"4","No","100",2020-07-31 22:10:14,2020-07-31 22:10:14
607,58,30,"4","No","100",2020-08-03 11:06:02,2020-08-03 11:06:02
608,109,30,"3","No","78.12",2020-08-03 12:29:54,2020-08-03 12:29:54
609,103,30,"5","No","90",2020-08-03 12:32:34,2020-08-03 12:32:34
610,40,30,"4","No","66.67",2020-08-03 12:35:16,2020-08-03 12:35:16
611,102,30,"6","No","86.67",2020-08-03 12:39:57,2020-08-03 12:39:57
612,102,30,"6","No","86.67",2020-08-03 12:44:22,2020-08-03 12:44:22
613,109,65,"3","No","78.12",2020-08-04 14:39:45,2020-08-04 14:39:45
614,40,65,"4","No","66.67",2020-08-04 14:40:17,2020-08-04 14:40:17
615,102,65,"6","No","86.67",2020-08-04 14:41:11,2020-08-04 14:41:11
616,63,86,"3","No","50",2020-08-04 18:53:29,2020-08-04 18:53:29
617,65,89,"6","No","90",2020-08-05 00:23:54,2020-08-05 00:23:54
618,95,89,"3","No","62.5",2020-08-05 00:25:13,2020-08-05 00:25:13
619,29,86,"3","No","100",2020-08-05 14:36:10,2020-08-05 14:36:10
620,66,86,"5","No","90",2020-08-05 14:59:31,2020-08-05 14:59:31
621,66,,"5","No","90",2020-08-05 14:59:31,2020-08-05 14:59:31
622,66,86,"5","No","90",2020-08-05 14:59:35,2020-08-05 14:59:35
623,66,86,"5","No","90",2020-08-05 14:59:38,2020-08-05 14:59:38
624,66,86,"5","No","90",2020-08-05 14:59:42,2020-08-05 14:59:42
625,66,86,"5","No","90",2020-08-05 14:59:45,2020-08-05 14:59:45
626,29,86,"3","No","50",2020-08-05 15:01:21,2020-08-05 15:01:21
627,29,,"3","No","50",2020-08-05 15:01:22,2020-08-05 15:01:22
628,103,65,"5","No","90",2020-08-05 15:25:11,2020-08-05 15:25:11
629,103,65,"5","No","90",2020-08-05 15:26:00,2020-08-05 15:26:00
630,103,65,"5","No","90",2020-08-05 15:26:22,2020-08-05 15:26:22
631,103,65,"5","No","90",2020-08-05 15:26:56,2020-08-05 15:26:56
632,103,65,"5","No","90",2020-08-05 15:27:25,2020-08-05 15:27:25
633,98,30,"2","No","90",2020-08-06 08:58:15,2020-08-06 08:58:15
634,102,30,"6","No","86.67",2020-08-06 09:01:22,2020-08-06 09:01:22
635,51,30,"3","No","62.5",2020-08-06 09:38:33,2020-08-06 09:38:33
636,118,30,"3","No","78.12",2020-08-06 10:04:56,2020-08-06 10:04:56
637,119,30,"4","No","100",2020-08-06 10:28:23,2020-08-06 10:28:23
638,51,96,"3","No","62.5",2020-08-06 14:23:14,2020-08-06 14:23:14
639,51,96,"3","No","62.5",2020-08-06 14:26:25,2020-08-06 14:26:25
640,51,96,"3","No","62.5",2020-08-06 14:28:46,2020-08-06 14:28:46
641,51,30,"3","No","62.5",2020-08-06 17:20:29,2020-08-06 17:20:29
642,51,96,"3","No","62.5",2020-08-06 17:48:08,2020-08-06 17:48:08
643,51,96,"3","No","62.5",2020-08-06 17:51:59,2020-08-06 17:51:59
644,51,30,"3","No","62.5",2020-08-06 18:12:58,2020-08-06 18:12:58
645,41,96,"3","No","83.33",2020-08-06 20:23:36,2020-08-06 20:23:36
646,60,96,"2","No","80",2020-08-06 20:56:19,2020-08-06 20:56:19
647,117,96,"5","No","80",2020-08-06 20:58:26,2020-08-06 20:58:26
648,117,96,"5","No","80",2020-08-06 21:00:23,2020-08-06 21:00:23
649,45,96,"3","No","80",2020-08-06 21:43:26,2020-08-06 21:43:26
650,98,96,"2","No","90",2020-08-06 21:47:12,2020-08-06 21:47:12
651,126,96,"5","No","50",2020-08-07 13:56:50,2020-08-07 13:56:50
652,40,98,"4","Yes","66.67",2020-08-07 14:28:20,2020-08-07 14:28:20
653,65,98,"6","Yes","90",2020-08-07 14:37:50,2020-10-31 09:49:41
654,40,98,"4","No","66.67",2020-08-07 10:00:33,2020-08-07 10:00:33
655,40,98,"4","No","66.67",2020-08-07 10:00:48,2020-08-07 10:00:48
656,40,98,"4","No","66.67",2020-08-07 10:01:28,2020-08-07 10:01:28
657,66,99,"5","No","90",2020-08-10 10:01:31,2020-08-10 10:01:31
658,66,99,"5","No","90",2020-08-10 10:01:35,2020-08-10 10:01:35
659,66,99,"5","No","90",2020-08-10 10:01:38,2020-08-10 10:01:38
660,66,99,"5","No","90",2020-08-10 10:01:42,2020-08-10 10:01:42
661,66,99,"5","No","90",2020-08-10 10:01:45,2020-08-10 10:01:45
662,113,99,"4","No","100",2020-08-10 10:20:33,2020-08-10 10:20:33
663,103,,"5","No","90",2020-08-10 10:24:26,2020-08-10 10:24:26
664,105,99,"4","No","80",2020-08-10 10:29:03,2020-08-10 10:29:03
665,103,,"5","No","90",2020-08-10 10:40:45,2020-08-10 10:40:45
666,47,99,"3","No","62.5",2020-08-10 11:39:01,2020-08-10 11:39:01
667,42,99,"3","No","24.04",2020-08-10 11:41:41,2020-08-10 11:41:41
668,103,,"5","No","90",2020-08-10 11:44:26,2020-08-10 11:44:26
669,53,99,"3","No","100",2020-08-10 11:45:14,2020-08-10 11:45:14
670,53,99,"3","No","100",2020-08-10 11:45:53,2020-08-10 11:45:53
671,65,99,"6","No","90",2020-08-10 13:54:43,2020-08-10 13:54:43
672,103,,"5","No","90",2020-08-10 13:55:29,2020-08-10 13:55:29
673,103,,"5","No","90",2020-08-10 16:09:40,2020-08-10 16:09:40
674,30,96,"3","No","78.12",2020-08-10 17:18:15,2020-08-10 17:18:15
675,30,96,"3","No","78.12",2020-08-10 17:27:56,2020-08-10 17:27:56
676,30,96,"3","No","78.12",2020-08-10 17:31:05,2020-08-10 17:31:05
677,30,96,"3","No","78.12",2020-08-10 17:35:59,2020-08-10 17:35:59
678,30,96,"3","Yes","78.12",2020-08-10 17:36:38,2020-10-31 09:49:49
679,60,96,"2","No","80",2020-08-10 17:49:44,2020-08-10 17:49:44
680,126,96,"5","Yes","50",2020-08-10 17:55:04,2020-08-10 17:55:04
681,41,96,"3","No","83.33",2020-08-12 14:48:03,2020-08-12 14:48:03
682,126,90,"5","No","50",2020-08-12 18:32:58,2020-08-12 18:32:58
683,126,90,"5","No","50",2020-08-12 18:34:19,2020-08-12 18:34:19
684,126,90,"5","No","50",2020-08-12 18:38:27,2020-08-12 18:38:27
685,126,90,"5","No","50",2020-08-12 18:39:17,2020-08-12 18:39:17
686,97,99,"3","No","89.29",2020-08-13 07:45:13,2020-08-13 07:45:13
687,97,99,"3","No","89.29",2020-08-13 07:46:18,2020-08-13 07:46:18
688,109,99,"3","No","78.12",2020-08-13 07:47:25,2020-08-13 07:47:25
689,97,99,"3","No","89.29",2020-08-13 08:32:44,2020-08-13 08:32:44
690,66,99,"5","No","90",2020-08-13 08:33:13,2020-08-13 08:33:13
691,66,99,"5","No","90",2020-08-13 08:33:17,2020-08-13 08:33:17
692,66,99,"5","No","90",2020-08-13 08:33:21,2020-08-13 08:33:21
693,66,99,"5","No","90",2020-08-13 08:33:24,2020-08-13 08:33:24
694,66,99,"5","No","90",2020-08-13 08:33:28,2020-08-13 08:33:28
695,66,99,"5","No","90",2020-08-13 08:33:32,2020-08-13 08:33:32
696,66,99,"5","No","90",2020-08-13 08:51:41,2020-08-13 08:51:41
697,66,99,"5","No","90",2020-08-13 08:51:46,2020-08-13 08:51:46
698,66,99,"5","No","90",2020-08-13 08:51:49,2020-08-13 08:51:49
699,66,99,"5","No","90",2020-08-13 08:51:53,2020-08-13 08:51:53
700,66,99,"5","No","90",2020-08-13 08:51:56,2020-08-13 08:51:56
701,66,99,"5","No","90",2020-08-13 08:52:00,2020-08-13 08:52:00
702,66,99,"5","No","90",2020-08-13 08:52:04,2020-08-13 08:52:04
703,66,99,"5","No","90",2020-08-13 08:52:08,2020-08-13 08:52:08
704,66,99,"5","No","90",2020-08-13 08:52:11,2020-08-13 08:52:11
705,66,99,"5","No","90",2020-08-13 08:52:15,2020-08-13 08:52:15
706,66,99,"5","No","90",2020-08-13 08:52:19,2020-08-13 08:52:19
707,66,99,"5","No","90",2020-08-13 08:52:23,2020-08-13 08:52:23
708,66,99,"5","No","90",2020-08-13 08:52:26,2020-08-13 08:52:26
709,66,99,"5","No","90",2020-08-13 08:52:29,2020-08-13 08:52:29
710,66,99,"5","No","90",2020-08-13 08:52:33,2020-08-13 08:52:33
711,66,99,"5","No","90",2020-08-13 08:52:37,2020-08-13 08:52:37
712,66,99,"5","No","90",2020-08-13 08:52:40,2020-08-13 08:52:40
713,66,99,"5","No","90",2020-08-13 08:52:44,2020-08-13 08:52:44
714,66,99,"5","No","90",2020-08-13 08:52:47,2020-08-13 08:52:47
715,66,99,"5","No","90",2020-08-13 08:52:53,2020-08-13 08:52:53
716,66,99,"5","No","90",2020-08-13 08:52:57,2020-08-13 08:52:57
717,66,99,"5","No","90",2020-08-13 08:53:01,2020-08-13 08:53:01
718,66,99,"5","No","90",2020-08-13 08:53:04,2020-08-13 08:53:04
719,66,99,"5","No","90",2020-08-13 08:53:08,2020-08-13 08:53:08
720,66,99,"5","No","90",2020-08-13 08:53:11,2020-08-13 08:53:11
721,66,99,"5","No","90",2020-08-13 08:53:15,2020-08-13 08:53:15
722,66,99,"5","No","90",2020-08-13 08:53:18,2020-08-13 08:53:18
723,66,99,"5","No","90",2020-08-13 08:53:22,2020-08-13 08:53:22
724,66,99,"5","No","90",2020-08-13 08:53:25,2020-08-13 08:53:25
725,66,99,"5","No","90",2020-08-13 08:53:29,2020-08-13 08:53:29
726,66,99,"5","No","90",2020-08-13 08:53:33,2020-08-13 08:53:33
727,66,99,"5","No","90",2020-08-13 08:53:36,2020-08-13 08:53:36
728,66,99,"5","No","90",2020-08-13 08:53:39,2020-08-13 08:53:39
729,66,99,"5","No","90",2020-08-13 08:53:43,2020-08-13 08:53:43
730,66,99,"5","No","90",2020-08-13 08:53:47,2020-08-13 08:53:47
731,66,99,"5","No","90",2020-08-13 08:53:50,2020-08-13 08:53:50
732,66,99,"5","No","90",2020-08-13 08:53:54,2020-08-13 08:53:54
733,66,99,"5","No","90",2020-08-13 08:53:57,2020-08-13 08:53:57
734,66,99,"5","No","90",2020-08-13 08:54:01,2020-08-13 08:54:01
735,66,99,"5","No","90",2020-08-13 08:54:05,2020-08-13 08:54:05
736,66,99,"5","No","90",2020-08-13 08:54:08,2020-08-13 08:54:08
737,66,99,"5","No","90",2020-08-13 08:54:12,2020-08-13 08:54:12
738,66,99,"5","No","90",2020-08-13 08:54:15,2020-08-13 08:54:15
739,66,99,"5","No","90",2020-08-13 08:54:19,2020-08-13 08:54:19
740,66,99,"5","No","90",2020-08-13 08:54:22,2020-08-13 08:54:22
741,66,99,"5","No","90",2020-08-13 08:54:26,2020-08-13 08:54:26
742,66,99,"5","No","90",2020-08-13 08:54:29,2020-08-13 08:54:29
743,66,99,"5","No","90",2020-08-13 08:54:33,2020-08-13 08:54:33
744,66,99,"5","No","90",2020-08-13 08:54:36,2020-08-13 08:54:36
745,66,99,"5","No","90",2020-08-13 08:54:40,2020-08-13 08:54:40
746,66,99,"5","No","90",2020-08-13 08:54:43,2020-08-13 08:54:43
747,66,99,"5","No","90",2020-08-13 08:54:47,2020-08-13 08:54:47
748,66,99,"5","No","90",2020-08-13 08:54:51,2020-08-13 08:54:51
749,66,99,"5","No","90",2020-08-13 08:54:54,2020-08-13 08:54:54
750,66,99,"5","No","90",2020-08-13 08:54:58,2020-08-13 08:54:58
751,66,99,"5","No","90",2020-08-13 08:55:01,2020-08-13 08:55:01
752,66,99,"5","No","90",2020-08-13 08:55:05,2020-08-13 08:55:05
753,66,99,"5","No","90",2020-08-13 08:55:08,2020-08-13 08:55:08
754,66,99,"5","No","90",2020-08-13 08:55:12,2020-08-13 08:55:12
755,66,99,"5","No","90",2020-08-13 08:55:16,2020-08-13 08:55:16
756,66,99,"5","No","90",2020-08-13 08:55:19,2020-08-13 08:55:19
757,66,99,"5","No","90",2020-08-13 08:55:23,2020-08-13 08:55:23
758,66,99,"5","No","90",2020-08-13 08:55:27,2020-08-13 08:55:27
759,66,99,"5","No","90",2020-08-13 08:55:30,2020-08-13 08:55:30
760,66,99,"5","No","90",2020-08-13 08:55:34,2020-08-13 08:55:34
761,66,99,"5","No","90",2020-08-13 08:55:37,2020-08-13 08:55:37
762,66,99,"5","No","90",2020-08-13 08:55:41,2020-08-13 08:55:41
763,66,99,"5","No","90",2020-08-13 08:55:45,2020-08-13 08:55:45
764,66,99,"5","No","90",2020-08-13 08:55:48,2020-08-13 08:55:48
765,66,99,"5","No","90",2020-08-13 08:55:52,2020-08-13 08:55:52
766,66,99,"5","No","90",2020-08-13 08:55:55,2020-08-13 08:55:55
767,66,99,"5","No","90",2020-08-13 08:55:59,2020-08-13 08:55:59
768,66,99,"5","No","90",2020-08-13 08:56:02,2020-08-13 08:56:02
769,66,99,"5","No","90",2020-08-13 08:56:06,2020-08-13 08:56:06
770,66,99,"5","No","90",2020-08-13 08:56:10,2020-08-13 08:56:10
771,66,99,"5","No","90",2020-08-13 08:56:13,2020-08-13 08:56:13
772,66,99,"5","No","90",2020-08-13 08:56:17,2020-08-13 08:56:17
773,66,99,"5","No","90",2020-08-13 08:56:20,2020-08-13 08:56:20
774,66,99,"5","No","90",2020-08-13 08:56:23,2020-08-13 08:56:23
775,66,99,"5","No","90",2020-08-13 08:56:27,2020-08-13 08:56:27
776,66,99,"5","No","90",2020-08-13 08:56:31,2020-08-13 08:56:31
777,66,99,"5","No","90",2020-08-13 08:56:34,2020-08-13 08:56:34
778,66,99,"5","No","90",2020-08-13 08:56:38,2020-08-13 08:56:38
779,66,99,"5","No","90",2020-08-13 08:56:42,2020-08-13 08:56:42
780,66,99,"5","No","90",2020-08-13 08:56:45,2020-08-13 08:56:45
781,66,99,"5","No","90",2020-08-13 08:56:49,2020-08-13 08:56:49
782,66,99,"5","No","90",2020-08-13 08:56:53,2020-08-13 08:56:53
783,66,99,"5","No","90",2020-08-13 08:56:56,2020-08-13 08:56:56
784,66,99,"5","No","90",2020-08-13 08:57:00,2020-08-13 08:57:00
785,66,99,"5","No","90",2020-08-13 08:57:04,2020-08-13 08:57:04
786,126,99,"5","No","50",2020-08-13 14:30:20,2020-08-13 14:30:20
787,116,99,"5","No","90",2020-08-13 14:35:15,2020-08-13 14:35:15
788,66,99,"5","No","90",2020-08-13 14:35:38,2020-08-13 14:35:38
789,66,99,"5","No","90",2020-08-13 14:35:41,2020-08-13 14:35:41
790,66,99,"5","No","90",2020-08-13 14:35:45,2020-08-13 14:35:45
791,66,99,"5","No","90",2020-08-13 14:35:48,2020-08-13 14:35:48
792,66,99,"5","No","90",2020-08-13 14:35:52,2020-08-13 14:35:52
793,66,99,"5","No","90",2020-08-13 14:35:56,2020-08-13 14:35:56
794,66,99,"5","No","90",2020-08-13 14:36:00,2020-08-13 14:36:00
795,66,99,"5","No","90",2020-08-13 14:36:04,2020-08-13 14:36:04
796,66,99,"5","No","90",2020-08-13 14:36:08,2020-08-13 14:36:08
797,66,99,"5","No","90",2020-08-13 14:36:11,2020-08-13 14:36:11
798,66,99,"5","No","90",2020-08-13 14:36:15,2020-08-13 14:36:15
799,66,99,"5","No","90",2020-08-13 14:36:19,2020-08-13 14:36:19
800,66,99,"5","No","90",2020-08-13 14:36:23,2020-08-13 14:36:23
801,66,99,"5","No","90",2020-08-13 14:36:27,2020-08-13 14:36:27
802,66,99,"5","No","90",2020-08-13 14:36:32,2020-08-13 14:36:32
803,66,99,"5","No","90",2020-08-13 14:36:36,2020-08-13 14:36:36
804,66,99,"5","No","90",2020-08-13 14:36:40,2020-08-13 14:36:40
805,66,99,"5","No","90",2020-08-13 14:36:43,2020-08-13 14:36:43
806,66,99,"5","No","90",2020-08-13 14:36:48,2020-08-13 14:36:48
807,66,99,"5","No","90",2020-08-13 14:36:52,2020-08-13 14:36:52
808,66,99,"5","No","90",2020-08-13 14:36:56,2020-08-13 14:36:56
809,66,99,"5","No","90",2020-08-13 14:36:59,2020-08-13 14:36:59
810,66,99,"5","No","90",2020-08-13 14:37:03,2020-08-13 14:37:03
811,66,99,"5","No","90",2020-08-13 14:37:07,2020-08-13 14:37:07
812,66,99,"5","No","90",2020-08-13 14:37:11,2020-08-13 14:37:11
813,66,99,"5","No","90",2020-08-13 14:37:14,2020-08-13 14:37:14
814,66,99,"5","No","90",2020-08-13 14:37:18,2020-08-13 14:37:18
815,66,99,"5","No","90",2020-08-13 14:37:22,2020-08-13 14:37:22
816,66,99,"5","No","90",2020-08-13 14:37:26,2020-08-13 14:37:26
817,66,99,"5","No","90",2020-08-13 14:37:30,2020-08-13 14:37:30
818,66,99,"5","No","90",2020-08-13 14:37:33,2020-08-13 14:37:33
819,66,99,"5","No","90",2020-08-13 14:37:37,2020-08-13 14:37:37
820,66,99,"5","No","90",2020-08-13 14:37:41,2020-08-13 14:37:41
821,66,99,"5","No","90",2020-08-13 14:37:45,2020-08-13 14:37:45
822,66,99,"5","No","90",2020-08-13 14:37:49,2020-08-13 14:37:49
823,66,99,"5","No","90",2020-08-13 14:37:52,2020-08-13 14:37:52
824,126,96,"5","No","50",2020-08-13 15:41:50,2020-08-13 15:41:50
825,47,96,"4","No","62.5",2020-08-13 20:01:23,2020-08-13 20:01:23
826,45,96,"3","No","80",2020-08-14 14:28:12,2020-08-14 14:28:12
827,47,96,"4","No","62.5",2020-08-14 14:29:03,2020-08-14 14:29:03
828,97,99,"3","No","89.29",2020-08-17 10:24:18,2020-08-17 10:24:18
829,97,99,"3","No","89.29",2020-08-17 10:29:03,2020-08-17 10:29:03
830,97,99,"3","No","89.29",2020-08-17 10:30:19,2020-08-17 10:30:19
831,107,99,"3","No","87.5",2020-08-17 10:31:23,2020-08-17 10:31:23
832,68,99,"3","No","90",2020-08-17 10:31:55,2020-08-17 10:31:55
833,56,99,"3","No","83.33",2020-08-17 10:34:18,2020-08-17 10:34:18
834,60,99,"2","No","80",2020-08-17 10:34:31,2020-08-17 10:34:31
835,106,99,"3","No","62.5",2020-08-17 10:34:41,2020-08-17 10:34:41
836,103,99,"5","No","90",2020-08-17 10:35:23,2020-08-18 09:30:03
837,30,99,"3","No","78.12",2020-08-17 10:38:53,2020-08-17 10:38:53
838,95,99,"3","No","62.5",2020-08-17 10:40:00,2020-08-17 10:40:00
839,65,99,"6","No","90",2020-08-17 10:40:09,2020-08-17 10:40:09
840,116,99,"5","No","90",2020-08-17 10:40:26,2020-08-17 10:40:26
841,42,99,"5","No","90",2020-08-17 10:40:55,2020-08-17 10:40:55
842,40,99,"4","No","66.67",2020-08-17 10:41:26,2020-08-17 10:41:26
843,126,99,"5","No","50",2020-08-17 10:41:43,2020-08-17 10:41:43
844,66,99,"5","No","90",2020-08-17 10:42:16,2020-08-17 10:42:16
845,103,,"5","No","90",2020-08-17 10:58:52,2020-08-17 10:58:52
846,127,99,"5","No","50",2020-08-17 11:25:49,2020-08-17 11:25:49
847,103,,"5","No","90",2020-08-17 11:27:46,2020-08-17 11:27:46
848,129,99,"5","No","50",2020-08-17 11:39:10,2020-08-17 11:39:10
849,103,,"5","No","90",2020-08-17 11:43:26,2020-08-17 11:43:26
850,130,99,"5","No","50",2020-08-17 11:51:14,2020-08-17 11:51:14
851,103,,"5","No","90",2020-08-17 11:58:17,2020-08-17 11:58:17
852,131,99,"5","No","100",2020-08-17 12:07:04,2020-08-17 12:07:04
853,129,99,"5","No","50",2020-08-17 12:07:17,2020-08-17 12:07:17
854,103,,"5","No","90",2020-08-17 12:12:49,2020-08-17 12:12:49
855,103,,"5","No","90",2020-08-17 12:28:02,2020-08-17 12:28:02
856,103,,"5","No","90",2020-08-17 12:42:12,2020-08-17 12:42:12
857,132,99,"2","No","87.5",2020-08-17 12:55:27,2020-08-17 12:55:27
858,132,,"2","No","87.5",2020-08-17 12:55:31,2020-08-17 12:55:31
859,103,,"5","No","90",2020-08-17 12:58:17,2020-08-17 12:58:17
860,133,99,"2","No","85.71",2020-08-17 13:07:41,2020-08-17 13:07:41
861,30,96,"3","No","78.12",2020-08-17 13:36:59,2020-08-17 13:36:59
862,30,99,"3","No","78.12",2020-08-17 13:37:08,2020-08-17 13:37:08
863,50,86,"3","No","62.5",2020-08-17 13:45:43,2020-08-17 13:45:43
864,50,90,"3","No","62.5",2020-08-17 14:14:07,2020-08-17 14:14:07
865,50,90,"3","No","62.5",2020-08-17 14:16:29,2020-08-17 14:16:29
866,133,90,"2","No","85.71",2020-08-17 15:05:58,2020-08-17 15:05:58
867,102,90,"6","No","86.67",2020-08-17 15:06:35,2020-08-17 15:06:35
868,131,90,"5","No","100",2020-08-17 15:07:13,2020-08-17 15:07:13
869,124,90,"4","No","85.71",2020-08-17 15:08:45,2020-08-17 15:08:45
870,122,99,"4","No","80",2020-08-17 15:31:54,2020-08-17 15:31:54
871,73,99,"3","No","62.5",2020-08-17 15:32:06,2020-08-17 15:32:06
872,117,99,"5","No","80",2020-08-17 15:32:24,2020-08-17 15:32:24
873,134,99,"4","No","66.66",2020-08-17 15:38:40,2020-08-17 15:38:40
874,134,99,"4","No","66.66",2020-08-17 15:40:19,2020-08-17 15:40:19
875,135,99,"4","No","90",2020-08-17 15:54:29,2020-08-17 15:54:29
876,30,96,"3","No","78.12",2020-08-17 16:01:06,2020-08-17 16:01:06
877,136,99,"4","No","66.66",2020-08-17 16:09:23,2020-08-17 16:09:23
878,46,96,"3","No","83.33",2020-08-17 16:09:58,2020-08-17 16:09:58
879,122,96,"4","No","80",2020-08-17 16:11:13,2020-08-17 16:11:13
880,131,96,"5","No","100",2020-08-17 16:17:02,2020-08-17 16:17:02
881,127,99,"5","No","50",2020-08-17 16:24:49,2020-08-17 16:24:49
882,46,96,"3","No","83.33",2020-08-17 18:29:11,2020-08-17 18:29:11
883,46,99,"3","No","83.33",2020-08-17 18:56:07,2020-08-17 18:56:07
884,46,96,"3","No","83.33",2020-08-17 18:57:56,2020-08-17 18:57:56
885,46,96,"3","No","83.33",2020-08-17 19:08:40,2020-08-17 19:08:40
886,116,96,"5","No","90",2020-08-17 19:12:03,2020-08-17 19:12:03
887,47,96,"4","No","62.5",2020-08-17 19:24:44,2020-08-17 19:24:44
888,73,90,"3","No","62.5",2020-08-17 19:39:25,2020-08-17 19:39:25
889,73,90,"3","No","62.5",2020-08-17 19:41:16,2020-08-17 19:41:16
890,73,96,"3","No","62.5",2020-08-17 20:19:27,2020-08-17 20:19:27
891,117,99,"5","No","80",2020-08-18 12:57:50,2020-08-18 12:57:50
892,56,99,"3","No","83.33",2020-08-18 12:58:27,2020-08-18 12:58:27
893,122,99,"4","No","80",2020-08-18 12:58:54,2020-08-18 12:58:54
894,45,99,"3","No","80",2020-08-18 12:59:14,2020-08-18 12:59:14
895,54,99,"3","No","66.67",2020-08-18 12:59:35,2020-08-18 12:59:35
896,46,99,"3","No","83.33",2020-08-18 13:00:00,2020-08-18 13:00:00
897,52,99,"3","No","75",2020-08-18 13:00:15,2020-08-18 13:00:15
898,38,99,"3","No","80",2020-08-18 13:00:34,2020-08-18 13:00:34
899,37,99,"3","No","62.5",2020-08-18 13:00:45,2020-08-18 13:00:45
900,31,99,"3","No","62.5",2020-08-18 13:01:00,2020-08-18 13:01:00
901,60,99,"2","No","80",2020-08-18 13:01:53,2020-08-18 13:01:53
902,98,99,"2","No","90",2020-08-18 13:02:10,2020-08-18 13:02:10
903,95,99,"3","No","62.5",2020-08-18 13:02:26,2020-08-18 13:02:26
904,133,99,"2","No","85.71",2020-08-18 13:02:41,2020-08-18 13:02:41
905,133,99,"2","No","85.71",2020-08-18 13:03:00,2020-08-18 13:03:00
906,136,99,"4","No","66.66",2020-08-18 13:03:17,2020-08-18 13:03:17
907,65,99,"6","No","90",2020-08-18 13:03:27,2020-08-18 13:03:27
908,123,99,"4","No","66.66",2020-08-18 13:03:40,2020-08-18 13:03:40
909,106,99,"3","No","62.5",2020-08-18 13:03:53,2020-08-18 13:03:53
910,39,99,"6","No","90",2020-08-18 13:04:05,2020-08-18 13:04:05
911,109,99,"3","No","78.12",2020-08-18 13:04:17,2020-08-18 13:04:17
912,67,99,"6","No","87.5",2020-08-18 13:06:14,2020-08-18 13:06:14
913,103,99,"5","No","90",2020-08-18 13:06:25,2020-08-18 13:06:25
914,30,99,"3","No","78.12",2020-08-18 13:06:37,2020-08-18 13:06:37
915,110,99,"4","No","50",2020-08-18 13:06:48,2020-08-18 13:06:48
916,85,99,"3","No","75",2020-08-18 13:06:58,2020-08-18 13:06:58
917,121,99,"2","No","80",2020-08-18 13:07:06,2020-08-18 13:07:06
918,112,99,"3","No","62.5",2020-08-18 13:07:20,2020-08-18 13:07:20
919,124,99,"4","No","85.71",2020-08-18 13:07:30,2020-08-18 13:07:30
920,127,99,"5","No","50",2020-08-18 13:07:41,2020-08-18 13:07:41
921,113,99,"4","No","100",2020-08-18 13:07:51,2020-08-18 13:07:51
922,115,99,"2","No","71.43",2020-08-18 13:08:03,2020-08-18 13:08:03
923,137,99,"4","No","75",2020-08-18 13:08:15,2020-08-18 13:08:15
924,116,99,"5","No","90",2020-08-18 13:08:28,2020-08-18 13:08:28
925,100,99,"4","No","90",2020-08-18 13:08:43,2020-08-18 13:08:43
926,91,99,"3","No","62.5",2020-08-18 13:08:50,2020-08-18 13:08:50
927,42,99,"5","No","90",2020-08-18 13:08:55,2020-08-18 13:08:55
928,62,99,"2","No","50",2020-08-18 13:09:09,2020-08-18 13:09:09
929,47,99,"4","No","62.5",2020-08-18 13:09:11,2020-08-18 13:09:11
930,105,99,"4","No","80",2020-08-18 13:09:14,2020-08-18 13:09:14
931,88,99,"4","No","50",2020-08-18 13:09:17,2020-08-18 13:09:17
932,94,99,"3","No","87.5",2020-08-18 13:10:22,2020-08-18 13:10:22
933,40,99,"4","No","66.67",2020-08-18 13:10:24,2020-08-18 13:10:24
934,29,99,"3","No","90",2020-08-18 13:10:26,2020-08-18 13:10:26
935,33,99,"3","No","62.5",2020-08-18 13:10:28,2020-08-18 13:10:28
936,126,99,"5","No","50",2020-08-18 13:10:31,2020-08-18 13:10:31
937,132,99,"2","No","87.5",2020-08-18 13:10:34,2020-08-18 13:10:34
938,51,99,"3","No","62.5",2020-08-18 13:10:37,2020-08-18 13:10:37
939,132,,"2","No","87.5",2020-08-18 13:10:40,2020-08-18 13:10:40
940,120,99,"4","No","66.66",2020-08-18 13:10:41,2020-08-18 13:10:41
941,90,99,"3","No","83.33",2020-08-18 13:12:03,2020-08-18 13:12:03
942,111,99,"4","No","85.71",2020-08-18 13:12:05,2020-08-18 13:12:05
943,58,99,"4","No","90",2020-08-18 13:12:08,2020-08-18 13:12:08
944,96,99,"2","No","50",2020-08-18 13:12:09,2020-08-18 13:12:09
945,83,99,"4","No","80",2020-08-18 13:14:20,2020-08-18 13:14:20
946,53,99,"2","No","90",2020-08-18 13:14:22,2020-08-18 13:14:22
947,84,99,"6","No","90",2020-08-18 13:14:23,2020-08-18 13:14:23
948,89,99,"4","No","83.33",2020-08-18 13:14:26,2020-08-18 13:14:26
949,129,99,"5","No","50",2020-08-18 13:14:29,2020-08-18 13:14:29
950,119,99,"4","No","100",2020-08-18 13:14:31,2020-08-18 13:14:31
951,131,99,"5","No","100",2020-08-18 13:14:35,2020-08-18 13:14:35
952,130,99,"5","No","50",2020-08-18 13:14:38,2020-08-18 13:14:38
953,68,99,"3","No","90",2020-08-18 13:17:12,2020-08-18 13:17:12
954,64,99,"6","No","50",2020-08-18 13:17:14,2020-08-18 13:17:14
955,125,99,"2","No","90",2020-08-18 13:17:15,2020-08-18 13:17:15
956,107,99,"3","No","87.5",2020-08-18 13:17:18,2020-08-18 13:17:18
957,118,99,"3","No","78.12",2020-08-18 13:17:21,2020-08-18 13:17:21
958,59,99,"4","No","80",2020-08-18 13:17:23,2020-08-18 13:17:23
959,36,99,"3","No","87.5",2020-08-18 13:17:27,2020-08-18 13:17:27
960,43,99,"4","No","80",2020-08-18 13:17:31,2020-08-18 13:17:31
961,86,99,"3","No","62.5",2020-08-18 13:17:35,2020-08-18 13:17:35
962,114,99,"2","No","66.67",2020-08-18 13:17:42,2020-08-18 13:17:42
963,41,99,"3","No","83.33",2020-08-18 13:17:45,2020-08-18 13:17:45
964,61,99,"2","No","95",2020-08-18 13:17:49,2020-08-18 13:17:49
965,135,99,"4","No","90",2020-08-18 13:19:10,2020-08-18 13:19:10
966,49,99,"3","No","80",2020-08-18 13:19:12,2020-08-18 13:19:12
967,32,99,"3","No","75",2020-08-18 13:19:14,2020-08-18 13:19:14
968,34,99,"3","No","83.33",2020-08-18 13:19:16,2020-08-18 13:19:16
969,102,99,"6","No","86.67",2020-08-18 13:19:18,2020-08-18 13:19:18
970,99,99,"6","No","87.5",2020-08-18 13:19:21,2020-08-18 13:19:21
971,92,99,"3","No","83.33",2020-08-18 13:19:24,2020-08-18 13:19:24
972,97,99,"3","No","89.29",2020-08-18 13:19:27,2020-08-18 13:19:27
973,55,99,"3","No","62.5",2020-08-18 13:21:07,2020-08-18 13:21:07
974,87,99,"4","No","83.33",2020-08-18 13:21:09,2020-08-18 13:21:09
975,48,99,"3","No","78.12",2020-08-18 13:21:11,2020-08-18 13:21:11
976,50,99,"3","No","62.5",2020-08-18 13:21:13,2020-08-18 13:21:13
977,63,99,"3","No","50",2020-08-18 13:21:15,2020-08-18 13:21:15
978,93,99,"3","No","62.5",2020-08-18 13:21:18,2020-08-18 13:21:18
979,66,99,"5","No","90",2020-08-18 13:21:21,2020-08-18 13:21:21
980,104,99,"3","No","62.5",2020-08-18 13:21:25,2020-08-18 13:21:25
981,101,99,"3","No","90",2020-08-18 13:21:29,2020-08-18 13:21:29
982,57,99,"3","No","62.5",2020-08-18 13:21:33,2020-08-18 13:21:33
983,134,99,"4","No","66.66",2020-08-18 13:21:35,2020-08-18 13:21:35
984,108,99,"3","No","83.33",2020-08-18 13:21:39,2020-08-18 13:21:39
985,68,99,"3","No","90",2020-08-18 13:26:57,2020-08-18 13:26:57
986,103,,"5","No","90",2020-08-18 13:28:44,2020-08-18 13:28:44
987,81,99,"3","No","100",2020-08-19 10:46:36,2020-08-19 10:46:36
988,122,99,"4","No","80",2020-08-19 10:46:41,2020-08-19 10:46:41
989,73,99,"3","No","62.5",2020-08-19 10:46:44,2020-08-19 10:46:44
990,69,99,"3","No","100",2020-08-19 10:46:46,2020-08-19 10:46:46
991,81,99,"3","No","100",2020-08-19 10:51:55,2020-08-19 10:51:55
992,76,99,"3","No","62.5",2020-08-19 10:51:57,2020-08-19 10:51:57
993,133,99,"2","No","85.71",2020-08-19 10:51:59,2020-08-19 10:51:59
994,127,99,"5","No","50",2020-08-19 10:52:01,2020-08-19 10:52:01
995,76,99,"3","No","62.5",2020-08-19 10:55:33,2020-08-19 10:55:33
996,75,99,"3","No","83.33",2020-08-19 11:00:13,2020-08-19 11:00:13
997,72,99,"3","No","75",2020-08-19 11:00:15,2020-08-19 11:00:15
998,83,99,"4","No","80",2020-08-19 11:00:17,2020-08-19 11:00:17
999,79,99,"3","No","62.5",2020-08-19 11:00:18,2020-08-19 11:00:18
1000,82,99,"4","No","60",2020-08-19 11:04:07,2020-08-19 11:04:07
1001,74,99,"3","No","87.5",2020-08-19 11:04:11,2020-08-19 11:04:11
1002,43,99,"4","No","80",2020-08-19 11:04:13,2020-08-19 11:04:13
1003,77,99,"3","No","80",2020-08-19 11:04:15,2020-08-19 11:04:15
1004,78,99,"3","No","75",2020-08-19 11:06:43,2020-08-19 11:06:43
1005,97,99,"3","No","89.29",2020-08-19 11:06:45,2020-08-19 11:06:45
1006,70,99,"3","No","78.12",2020-08-19 11:06:47,2020-08-19 11:06:47
1007,138,99,"3","No","83.33",2020-08-19 11:37:18,2020-08-19 11:37:18
1008,139,99,"3","No","80",2020-08-19 11:42:17,2020-08-19 11:42:17
1009,140,99,"3","No","83.33",2020-08-19 11:50:06,2020-08-19 11:50:06
1010,141,99,"3","No","78.13",2020-08-19 11:55:54,2020-08-19 11:55:54
1011,142,99,"3","No","78.12",2020-08-19 12:02:31,2020-08-19 12:02:31
1012,142,99,"3","No","78.12",2020-08-19 12:03:07,2020-08-19 12:03:07
1013,143,99,"3","No","83.33",2020-08-19 12:09:51,2020-08-19 12:09:51
1014,144,99,"3","No","84.21",2020-08-19 12:16:54,2020-08-19 12:16:54
1015,145,99,"3","No","87.5",2020-08-19 12:21:44,2020-08-19 12:21:44
1016,146,99,"3","No","83.33",2020-08-19 12:30:32,2020-08-19 12:30:32
1017,147,99,"3","No","88.89",2020-08-19 12:34:58,2020-08-19 12:34:58
1018,29,104,"3","No","90",2020-08-19 13:08:22,2020-08-19 13:08:22
1019,58,104,"4","No","90",2020-08-19 13:09:04,2020-08-19 13:09:04
1020,133,104,"2","No","85.71",2020-08-19 13:10:37,2020-08-19 13:10:37
1021,55,104,"3","No","62.5",2020-08-19 13:12:25,2020-08-19 13:12:25
1022,101,104,"3","No","90",2020-08-19 13:17:12,2020-08-19 13:17:12
1023,65,104,"6","No","90",2020-08-19 13:24:45,2020-08-19 13:24:45
1024,62,104,"2","No","50",2020-08-19 13:26:00,2020-08-19 13:26:00
1025,133,105,"2","No","85.71",2020-08-19 15:22:26,2020-08-19 15:22:26
1026,65,105,"6","No","90",2020-08-19 15:25:05,2020-08-19 15:25:05
1027,100,105,"4","No","90",2020-08-19 15:27:11,2020-08-19 15:27:11
1028,129,105,"5","No","50",2020-08-19 15:27:42,2020-08-19 15:27:42
1029,68,105,"3","No","90",2020-08-19 15:28:48,2020-08-19 15:28:48
1030,106,105,"3","No","62.5",2020-08-19 15:33:26,2020-08-19 15:33:26
1031,109,105,"3","No","78.12",2020-08-19 15:33:40,2020-08-19 15:33:40
1032,110,105,"4","No","50",2020-08-19 15:33:55,2020-08-19 15:33:55
1033,137,105,"4","No","75",2020-08-19 15:34:33,2020-08-19 15:34:33
1034,32,105,"3","No","75",2020-08-19 15:35:28,2020-08-19 15:35:28
1035,133,102,"2","No","85.71",2020-08-19 15:40:19,2020-08-19 15:40:19
1036,139,104,"3","No","80",2020-08-19 15:41:42,2020-08-19 15:41:42
1037,140,102,"3","No","83.33",2020-08-19 15:43:49,2020-08-19 15:43:49
1038,68,105,"3","No","90",2020-08-19 15:45:11,2020-08-19 15:45:11
1039,79,102,"3","No","62.5",2020-08-19 15:46:09,2020-08-19 15:46:09
1040,76,102,"3","No","62.5",2020-08-19 15:51:44,2020-08-19 15:51:44
1041,145,102,"3","Yes","87.5",2020-08-19 15:52:40,2020-10-31 09:49:49
1042,74,102,"3","No","87.5",2020-08-19 16:00:26,2020-08-19 16:00:26
1043,68,105,"3","No","90",2020-08-19 16:02:45,2020-08-19 16:02:45
1044,116,104,"5","No","90",2020-08-19 16:02:52,2020-08-19 16:02:52
1045,65,104,"6","No","90",2020-08-19 16:04:29,2020-08-19 16:04:29
1046,120,104,"4","No","66.66",2020-08-19 16:04:50,2020-08-19 16:04:50
1047,72,102,"3","No","75",2020-08-19 16:11:20,2020-08-19 16:11:20
1048,50,99,"3","No","62.5",2020-08-19 16:48:38,2020-08-19 16:48:38
1049,32,96,"3","No","75",2020-08-19 17:18:35,2020-08-19 17:18:35
1050,57,105,"3","No","62.5",2020-08-19 17:36:01,2020-08-19 17:36:01
1051,94,105,"3","No","87.5",2020-08-19 17:36:46,2020-08-19 17:36:46
1052,83,105,"4","No","80",2020-08-19 17:37:12,2020-08-19 17:37:12
1053,68,105,"3","No","90",2020-08-19 17:37:34,2020-08-19 17:37:34
1054,101,105,"3","No","90",2020-08-19 17:38:04,2020-08-19 17:38:04
1055,108,105,"3","No","83.33",2020-08-19 17:38:16,2020-08-19 17:38:16
1056,32,105,"3","Yes","75",2020-08-19 17:38:35,2020-10-31 09:49:49
1057,148,99,"6","No","87.5",2020-08-20 13:43:51,2020-08-20 13:43:51
1058,150,99,"4","No","75",2020-08-20 14:16:34,2020-08-20 14:16:34
1059,48,90,"3","No","78.12",2020-08-20 14:28:49,2020-08-20 14:28:49
1060,29,90,"3","No","90",2020-08-20 14:36:40,2020-08-20 14:36:40
1061,151,99,"4","No","75",2020-08-20 14:44:47,2020-08-20 14:44:47
1062,152,99,"4","No","50",2020-08-20 14:55:02,2020-08-20 14:55:02
1063,153,99,"4","No","90",2020-08-20 15:08:31,2020-08-20 15:08:31
1064,154,99,"4","No","66.66",2020-08-20 15:25:29,2020-08-20 15:25:29
1065,155,99,"4","No","66.66",2020-08-20 15:31:18,2020-08-20 15:31:18
1066,156,99,"4","No","50",2020-08-20 15:53:17,2020-08-20 15:53:17
1067,157,99,"4","No","50",2020-08-20 16:05:08,2020-08-20 16:05:08
1068,158,99,"4","No","90",2020-08-20 16:38:56,2020-08-20 16:38:56
1069,159,99,"4","No","50",2020-08-20 16:49:46,2020-08-20 16:49:46
1070,160,99,"4","No","80",2020-08-20 17:00:10,2020-08-20 17:00:10
1071,101,109,"3","Yes","90",2020-08-20 17:06:04,2020-10-31 09:49:49
1072,161,99,"4","No","90",2020-08-20 17:11:51,2020-08-20 17:11:51
1073,40,102,"4","No","66.67",2020-08-20 19:43:38,2020-08-20 19:43:38
1074,40,102,"4","No","66.67",2020-08-20 19:46:02,2020-08-20 19:46:02
1075,154,104,"4","No","66.66",2020-08-20 19:47:14,2020-08-20 19:47:14
1076,154,102,"4","No","66.66",2020-08-20 19:47:57,2020-08-20 19:47:57
1077,143,104,"3","No","83.33",2020-08-20 19:53:35,2020-08-20 19:53:35
1078,74,104,"3","No","87.5",2020-08-20 19:55:04,2020-08-20 19:55:04
1079,70,102,"3","No","78.12",2020-08-20 20:08:12,2020-08-20 20:08:12
1080,42,105,"5","No","90",2020-08-20 20:16:41,2020-08-20 20:16:41
1081,106,104,"3","No","62.5",2020-08-20 20:17:16,2020-08-20 20:17:16
1082,134,109,"4","No","66.66",2020-08-21 14:49:51,2020-08-21 14:49:51
1083,91,109,"3","No","62.5",2020-08-21 14:50:20,2020-08-21 14:50:20
1084,33,109,"3","No","62.5",2020-08-21 14:53:40,2020-08-21 14:53:40
1085,45,109,"3","No","80",2020-08-21 14:54:42,2020-08-21 14:54:42
1086,50,109,"3","No","62.5",2020-08-21 14:57:00,2020-08-21 14:57:00
1087,57,109,"3","No","62.5",2020-08-21 17:32:07,2020-08-21 17:32:07
1088,54,105,"3","No","66.67",2020-08-21 17:33:23,2020-08-21 17:33:23
1089,149,96,"2","No","50",2020-08-21 17:49:59,2020-08-21 17:49:59
1090,50,96,"3","Yes","62.5",2020-08-21 18:51:38,2020-08-21 18:51:38
1091,50,,"3","No","62.5",2020-08-21 22:33:32,2020-08-21 22:33:32
1092,48,,"3","No","78.12",2020-08-22 10:46:44,2020-08-22 10:46:44
1093,46,104,"3","No","83.33",2020-08-24 13:45:16,2020-08-24 13:45:16
1094,55,104,"3","No","62.5",2020-08-24 14:30:44,2020-08-24 14:30:44
1095,65,104,"6","No","90",2020-08-24 14:34:21,2020-08-24 14:34:21
1096,58,104,"4","No","90",2020-08-24 14:35:52,2020-08-24 14:35:52
1097,148,104,"6","No","87.5",2020-08-24 14:38:36,2020-08-24 14:38:36
1098,57,104,"3","No","62.5",2020-08-24 14:44:03,2020-08-24 14:44:03
1099,119,104,"4","No","100",2020-08-24 14:51:47,2020-08-24 14:51:47
1100,131,104,"5","No","100",2020-08-24 15:12:05,2020-08-24 15:12:05
1101,92,104,"3","No","83.33",2020-08-24 15:15:21,2020-08-24 15:15:21
1102,119,104,"4","Yes","100",2020-08-24 15:21:13,2020-10-31 09:49:46
1103,57,102,"3","No","62.5",2020-08-24 15:38:45,2020-08-24 15:38:45
1104,57,120,"3","No","62.5",2020-08-24 16:46:12,2020-08-24 16:46:12
1105,54,120,"3","No","66.67",2020-08-24 21:25:29,2020-08-24 21:25:29
1106,125,120,"2","No","90",2020-08-24 21:26:19,2020-08-24 21:26:19
1107,135,120,"4","No","90",2020-08-24 21:27:53,2020-08-24 21:27:53
1108,101,120,"3","No","90",2020-08-24 21:30:53,2020-08-24 21:30:53
1109,54,120,"3","No","66.67",2020-08-24 23:02:22,2020-08-24 23:02:22
1110,54,120,"3","No","66.67",2020-08-24 23:05:26,2020-08-24 23:05:26
1111,65,120,"6","No","90",2020-08-24 23:06:01,2020-08-24 23:06:01
1112,65,120,"6","No","90",2020-08-24 23:11:05,2020-08-24 23:11:05
1113,57,120,"3","No","62.5",2020-08-24 23:16:53,2020-08-24 23:16:53
1114,40,90,"4","No","66.67",2020-08-27 09:25:26,2020-08-27 09:25:26
1115,40,90,"4","No","66.67",2020-08-27 09:25:31,2020-08-27 09:25:31
1116,40,90,"4","No","66.67",2020-08-27 09:27:00,2020-08-27 09:27:00
1117,40,90,"4","No","66.67",2020-08-27 09:29:07,2020-08-27 09:29:07
1118,40,90,"4","No","77",2020-08-27 09:31:00,2020-08-27 09:31:00
1119,39,451,"6","No","90",2020-08-27 09:33:46,2020-08-27 09:33:46
1120,143,90,"3","No","83.33",2020-08-27 09:37:51,2020-08-27 09:37:51
1121,143,90,"3","No","83.33",2020-08-27 09:40:23,2020-08-27 09:40:23
1122,140,90,"3","No","83.33",2020-08-27 09:41:27,2020-08-27 09:41:27
1123,143,90,"3","No","83.33",2020-08-27 09:42:14,2020-08-27 09:42:14
1124,143,122,"3","No","83.33",2020-08-27 09:43:36,2020-08-27 09:43:36
1125,140,90,"3","No","83.33",2020-08-27 09:44:19,2020-08-27 09:44:19
1126,140,122,"3","No","83.33",2020-08-27 09:44:32,2020-08-27 09:44:32
1127,146,122,"3","No","83.33",2020-08-27 09:45:12,2020-08-27 09:45:12
1128,161,122,"4","No","90",2020-08-27 09:45:32,2020-08-27 09:45:32
1129,40,122,"4","No","77",2020-08-27 09:48:38,2020-08-27 09:48:38
1130,46,122,"3","No","83.33",2020-08-27 09:48:40,2020-08-27 09:48:40
1131,47,122,"4","No","62.5",2020-08-27 09:48:41,2020-08-27 09:48:41
1132,48,122,"3","No","78.12",2020-08-27 09:48:42,2020-08-27 09:48:42
1133,49,122,"3","No","80",2020-08-27 09:48:44,2020-08-27 09:48:44
1134,41,123,"3","No","83.33",2020-08-27 10:13:48,2020-08-27 10:13:48
1135,127,124,"5","Yes","50",2020-08-27 14:03:14,2020-10-31 11:58:05
1136,40,103,"4","No","70",2020-08-27 14:21:50,2020-08-27 14:21:50
1137,103,103,"5","No","90",2020-08-27 14:22:54,2020-08-27 14:22:54
1138,119,125,"4","No","100",2020-08-27 14:54:19,2020-08-27 14:54:19
1139,119,125,"4","No","100",2020-08-27 14:54:46,2020-08-27 14:54:46
1140,91,125,"3","No","62.5",2020-08-27 14:55:59,2020-08-27 14:55:59
1141,57,125,"3","Yes","62.5",2020-08-27 15:40:13,2020-10-31 09:49:49
1142,68,105,"3","No","90",2020-08-27 16:07:54,2020-08-27 16:07:54
1143,68,105,"3","Yes","90",2020-08-28 04:51:53,2020-10-31 09:49:49
1144,40,120,"4","No","70",2020-08-28 05:03:02,2020-08-28 05:03:02
1145,126,120,"5","No","50",2020-08-28 05:03:12,2020-08-28 05:03:12
1146,119,120,"4","No","100",2020-08-28 05:03:24,2020-08-28 05:03:24
1147,64,120,"6","No","50",2020-08-28 05:03:35,2020-08-28 05:03:35
1148,135,120,"4","No","90",2020-08-28 05:06:22,2020-08-28 05:06:22
1149,57,120,"3","No","62.5",2020-08-28 05:07:34,2020-08-28 05:07:34
1150,135,120,"4","No","90",2020-08-28 05:31:58,2020-08-28 05:31:58
1151,57,120,"3","No","62.5",2020-08-28 05:41:16,2020-08-28 05:41:16
1152,57,120,"3","No","62.5",2020-08-28 05:56:33,2020-08-28 05:56:33
1153,57,120,"3","No","62.5",2020-08-28 06:00:21,2020-08-28 06:00:21
1154,57,120,"3","Yes","62.5",2020-08-28 07:12:20,2020-10-31 09:49:49
1155,57,126,"3","No","62.5",2020-08-28 16:24:45,2020-08-28 16:24:45
1156,38,127,"3","No","80",2020-08-28 21:11:21,2020-08-28 21:11:21
1157,57,126,"3","No","62.5",2020-08-29 01:14:55,2020-08-29 01:14:55
1158,57,126,"3","No","62.5",2020-08-29 01:32:09,2020-08-29 01:32:09
1159,55,126,"3","No","62.5",2020-08-29 01:53:47,2020-08-29 01:53:47
1160,31,122,"3","No","62.5",2020-08-30 08:46:50,2020-08-30 08:46:50
1161,69,128,"3","No","80",2020-08-30 18:55:21,2020-08-30 18:55:21
1162,77,128,"3","No","80",2020-08-30 18:55:49,2020-08-30 18:55:49
1163,75,128,"3","No","83.33",2020-08-30 18:55:51,2020-08-30 18:55:51
1164,71,128,"3","No","62.5",2020-08-30 18:55:54,2020-08-30 18:55:54
1165,43,128,"4","No","80",2020-08-30 18:55:56,2020-08-30 18:55:56
1166,70,128,"3","No","78.12",2020-08-31 12:31:49,2020-08-31 12:31:49
1167,147,128,"3","No","88.89",2020-08-31 14:00:06,2020-08-31 14:00:06
1168,75,126,"3","No","83.33",2020-09-01 03:53:06,2020-09-01 03:53:06
1169,75,126,"3","Yes","83.33",2020-09-01 04:03:02,2020-10-31 09:49:49
1170,81,126,"3","Yes","100",2020-09-01 04:28:28,2020-10-31 09:49:49
1171,147,123,"3","No","88.89",2020-09-01 12:17:41,2020-09-01 12:17:41
1172,105,99,"4","No","80",2020-09-02 16:21:35,2020-09-02 16:21:35
1173,88,99,"4","No","50",2020-09-02 16:22:19,2020-09-02 16:22:19
1174,89,99,"4","No","83.33",2020-09-02 16:26:36,2020-09-02 16:26:36
1175,47,99,"4","No","62.5",2020-09-02 16:26:51,2020-09-02 16:26:51
1176,40,99,"4","No","70",2020-09-02 16:27:06,2020-09-02 16:27:06
1177,83,99,"4","No","80",2020-09-02 16:27:19,2020-09-02 16:27:19
1178,87,99,"4","No","83.33",2020-09-02 16:28:20,2020-09-02 16:28:20
1179,58,99,"4","No","90",2020-09-02 16:28:40,2020-09-02 16:28:40
1180,100,99,"4","No","90",2020-09-02 16:28:55,2020-09-02 16:28:55
1181,59,99,"4","No","80",2020-09-02 16:29:07,2020-09-02 16:29:07
1182,110,99,"4","No","50",2020-09-02 16:29:18,2020-09-02 16:29:18
1183,111,99,"4","No","85.71",2020-09-02 16:29:42,2020-09-02 16:29:42
1184,43,99,"4","No","80",2020-09-02 16:29:57,2020-09-02 16:29:57
1185,113,99,"4","No","100",2020-09-02 16:30:08,2020-09-02 16:30:08
1186,122,99,"4","No","80",2020-09-02 16:30:22,2020-09-02 16:30:22
1187,120,99,"4","No","66.66",2020-09-02 16:30:44,2020-09-02 16:30:44
1188,123,99,"4","No","66.66",2020-09-02 16:31:01,2020-09-02 16:31:01
1189,119,99,"4","No","100",2020-09-02 16:31:18,2020-09-02 16:31:18
1190,124,99,"4","No","85.71",2020-09-02 16:31:37,2020-09-02 16:31:37
1191,134,99,"4","No","66.66",2020-09-02 16:31:50,2020-09-02 16:31:50
1192,135,99,"4","No","90",2020-09-02 16:32:02,2020-09-02 16:32:02
1193,136,99,"4","No","66.66",2020-09-02 16:32:20,2020-09-02 16:32:20
1194,137,99,"4","No","75",2020-09-02 16:32:40,2020-09-02 16:32:40
1195,150,99,"4","No","75",2020-09-02 16:32:53,2020-09-02 16:32:53
1196,60,99,"2","No","80",2020-09-02 16:33:25,2020-09-02 16:33:25
1197,115,99,"2","No","71.43",2020-09-02 16:33:44,2020-09-02 16:33:44
1198,121,99,"2","No","80",2020-09-02 16:34:06,2020-09-02 16:34:06
1199,125,99,"2","No","90",2020-09-02 16:34:23,2020-09-02 16:34:23
1200,133,99,"2","No","85.71",2020-09-02 16:34:39,2020-09-02 16:34:39
1201,130,99,"5","No","50",2020-09-02 16:35:02,2020-09-02 16:35:02
1202,138,99,"3","No","83.33",2020-09-03 13:41:53,2020-09-03 13:41:53
1203,122,99,"4","No","80",2020-09-03 13:41:56,2020-09-03 13:41:56
1204,147,99,"3","No","88.89",2020-09-03 13:41:58,2020-09-03 13:41:58
1205,73,99,"3","No","62.5",2020-09-03 13:42:00,2020-09-03 13:42:00
1206,69,99,"3","No","80",2020-09-03 13:42:03,2020-09-03 13:42:03
1207,71,99,"3","No","62.5",2020-09-03 13:42:05,2020-09-03 13:42:05
1208,81,99,"3","No","100",2020-09-03 13:42:08,2020-09-03 13:42:08
1209,76,99,"3","No","62.5",2020-09-03 13:42:10,2020-09-03 13:42:10
1210,133,99,"2","No","85.71",2020-09-03 13:42:15,2020-09-03 13:42:15
1211,151,99,"4","No","75",2020-09-03 13:42:18,2020-09-03 13:42:18
1212,152,99,"4","No","50",2020-09-03 13:42:24,2020-09-03 13:42:24
1213,152,99,"4","No","50",2020-09-03 13:42:33,2020-09-03 13:42:33
1214,146,99,"3","No","83.33",2020-09-03 13:42:37,2020-09-03 13:42:37
1215,145,99,"3","No","87.5",2020-09-03 13:42:40,2020-09-03 13:42:40
1216,127,99,"5","No","50",2020-09-03 13:42:43,2020-09-03 13:42:43
1217,139,99,"3","No","80",2020-09-03 13:42:46,2020-09-03 13:42:46
1218,153,99,"4","No","90",2020-09-03 13:42:50,2020-09-03 13:42:50
1219,140,99,"3","No","83.33",2020-09-03 13:42:54,2020-09-03 13:42:54
1220,105,99,"4","No","80",2020-09-03 13:42:56,2020-09-03 13:42:56
1221,75,99,"3","No","83.33",2020-09-03 13:43:00,2020-09-03 13:43:00
1222,154,99,"4","No","66.66",2020-09-03 13:43:02,2020-09-03 13:43:02
1223,72,99,"3","No","75",2020-09-03 13:43:29,2020-09-03 13:43:29
1224,155,99,"4","No","66.66",2020-09-03 13:43:33,2020-09-03 13:43:33
1225,157,99,"4","No","50",2020-09-03 13:44:15,2020-09-03 13:44:15
1226,158,99,"4","No","90",2020-09-03 13:44:17,2020-09-03 13:44:17
1227,83,99,"4","No","80",2020-09-03 13:44:19,2020-09-03 13:44:19
1228,156,99,"4","No","50",2020-09-03 13:44:22,2020-09-03 13:44:22
1229,79,99,"3","No","62.5",2020-09-03 13:44:24,2020-09-03 13:44:24
1230,82,99,"4","No","80",2020-09-03 13:44:26,2020-09-03 13:44:26
1231,74,99,"3","No","87.5",2020-09-03 13:44:29,2020-09-03 13:44:29
1232,43,99,"4","No","80",2020-09-03 13:44:32,2020-09-03 13:44:32
1233,144,99,"3","No","84.21",2020-09-03 13:44:35,2020-09-03 13:44:35
1234,77,99,"3","No","80",2020-09-03 13:44:38,2020-09-03 13:44:38
1235,78,99,"3","No","75",2020-09-03 13:44:42,2020-09-03 13:44:42
1236,143,99,"3","No","83.33",2020-09-03 13:44:46,2020-09-03 13:44:46
1237,97,99,"3","No","89.29",2020-09-03 13:44:48,2020-09-03 13:44:48
1238,160,99,"4","No","80",2020-09-03 13:44:51,2020-09-03 13:44:51
1239,70,99,"3","No","78.12",2020-09-03 13:44:54,2020-09-03 13:44:54
1240,141,99,"3","No","78.13",2020-09-03 13:44:58,2020-09-03 13:44:58
1241,159,99,"4","No","50",2020-09-03 13:45:00,2020-09-03 13:45:00
1242,161,99,"4","No","95",2020-09-03 13:45:03,2020-09-03 13:45:03
1243,70,141,"3","No","78.12",2020-09-09 08:06:11,2020-09-09 08:06:11
1244,71,141,"3","No","62.5",2020-09-09 08:06:12,2020-09-09 08:06:12
1245,73,141,"3","No","62.5",2020-09-09 08:06:14,2020-09-09 08:06:14
1246,69,141,"3","No","80",2020-09-09 08:06:15,2020-09-09 08:06:15
1247,74,141,"3","No","87.5",2020-09-09 08:06:17,2020-09-09 08:06:17
1248,75,141,"3","No","83.33",2020-09-09 08:06:18,2020-09-09 08:06:18
1249,76,141,"3","No","62.5",2020-09-09 08:06:20,2020-09-09 08:06:20
1250,77,141,"3","No","80",2020-09-09 08:06:22,2020-09-09 08:06:22
1251,80,141,"3","No","62.5",2020-09-09 08:06:39,2020-09-09 08:06:39
1252,71,141,"3","No","62.5",2020-09-09 08:06:40,2020-09-09 08:06:40
1253,69,141,"3","No","80",2020-09-09 08:06:41,2020-09-09 08:06:41
1254,162,99,"2","No","87.5",2020-09-09 09:59:02,2020-09-09 09:59:02
1255,130,99,"5","No","50",2020-09-10 15:42:14,2020-09-10 15:42:14
1256,32,90,"3","No","75",2020-09-10 16:18:28,2020-09-10 16:18:28
1257,127,90,"5","No","50",2020-09-10 16:19:30,2020-09-10 16:19:30
1258,116,90,"5","No","90",2020-09-10 16:22:40,2020-09-10 16:22:40
1259,32,142,"3","No","75",2020-09-10 19:35:05,2020-09-10 19:35:05
1260,47,142,"4","No","62.5",2020-09-10 19:35:31,2020-09-10 19:35:31
1261,121,142,"2","No","80",2020-09-10 20:17:17,2020-09-10 20:17:17
1262,101,142,"3","No","90",2020-09-10 20:19:00,2020-09-10 20:19:00
1263,116,90,"5","No","90",2020-09-10 22:09:21,2020-09-10 22:09:21
1264,116,90,"5","No","90",2020-09-10 22:10:36,2020-09-10 22:10:36
1265,130,99,"5","No","50",2020-09-11 11:44:23,2020-09-11 11:44:23
1266,123,99,"4","No","66.66",2020-09-11 13:49:43,2020-09-11 13:49:43
1267,113,99,"4","No","100",2020-09-11 13:50:47,2020-09-11 13:50:47
1268,125,99,"2","No","90",2020-09-11 13:51:16,2020-09-11 13:51:16
1269,115,99,"2","No","71.43",2020-09-11 13:51:34,2020-09-11 13:51:34
1270,114,99,"2","No","66.67",2020-09-11 13:51:47,2020-09-11 13:51:47
1271,109,99,"3","No","78.12",2020-09-11 13:52:01,2020-09-11 13:52:01
1272,68,99,"3","No","90",2020-09-11 13:52:13,2020-09-11 13:52:13
1273,135,99,"4","No","90",2020-09-11 13:52:57,2020-09-11 13:52:57
1274,124,99,"4","No","85.71",2020-09-11 13:53:20,2020-09-11 13:53:20
1275,119,99,"4","No","100",2020-09-11 13:53:38,2020-09-11 13:53:38
1276,58,99,"4","No","90",2020-09-11 13:53:54,2020-09-11 13:53:54
1277,58,99,"4","No","90",2020-09-11 13:54:18,2020-09-11 13:54:18
1278,40,99,"4","No","66.67",2020-09-11 13:54:45,2020-09-11 13:54:45
1279,151,99,"4","No","75",2020-09-11 13:55:13,2020-09-11 13:55:13
1280,60,99,"2","No","80",2020-09-11 15:36:27,2020-09-11 15:36:27
1281,41,96,"3","No","83.33",2020-09-11 21:32:48,2020-09-11 21:32:48
1282,41,96,"3","No","83.33",2020-09-11 21:47:09,2020-09-11 21:47:09
1283,46,99,"3","No","83.33",2020-09-16 10:19:38,2020-09-16 10:19:38
1284,42,134,"5","No","90",2020-09-16 11:50:22,2020-09-16 11:50:22
1285,32,96,"3","No","75",2020-09-16 14:41:33,2020-09-16 14:41:33
1286,32,96,"3","No","75",2020-09-16 14:41:51,2020-09-16 14:41:51
1287,43,134,"4","No","80",2020-09-16 15:33:26,2020-09-16 15:33:26
1288,153,102,"4","Yes","90",2020-09-17 19:07:05,2020-10-31 13:46:49
1289,43,128,"4","No","80",2020-09-18 08:58:42,2020-09-18 08:58:42
1290,43,128,"4","No","80",2020-09-18 08:59:45,2020-09-18 08:59:45
1291,36,99,"4","No","87.5",2020-09-21 16:23:47,2020-09-21 16:23:47
1292,74,99,"4","No","87.5",2020-09-21 16:41:13,2020-09-21 16:41:13
1293,162,90,"2","No","87.5",2020-09-22 09:35:11,2020-09-22 09:35:11
1294,162,90,"2","No","87.5",2020-09-22 09:45:30,2020-09-22 09:45:30
1295,162,128,"2","No","87.5",2020-09-22 09:49:58,2020-09-22 09:49:58
1296,162,134,"2","No","50",2020-09-22 10:07:51,2020-09-22 10:07:51
1297,29,139,"3","No","90",2020-09-22 15:23:44,2020-09-22 15:23:44
1298,162,128,"2","No","50",2020-09-22 15:41:38,2020-09-22 15:41:38
1299,69,139,"3","No","90",2020-09-23 10:27:49,2020-09-23 10:27:49
1300,162,90,"2","No","87.5",2020-09-23 11:26:45,2020-09-23 11:26:45
1301,162,128,"2","No","50",2020-09-23 11:34:41,2020-09-23 11:34:41
1302,162,90,"2","No","87.5",2020-09-23 11:41:02,2020-09-23 11:41:02
1303,50,99,"3","No","62.5",2020-09-23 12:28:55,2020-09-23 12:28:55
1304,50,99,"3","No","62.5",2020-09-23 13:26:11,2020-09-23 13:26:11
1305,60,99,"2","No","80",2020-09-23 13:27:13,2020-09-23 13:27:13
1306,117,99,"5","No","80",2020-09-23 14:07:47,2020-09-23 14:07:47
1307,56,99,"3","No","83.33",2020-09-23 14:08:06,2020-09-23 14:08:06
1308,122,99,"4","No","80",2020-09-23 14:08:26,2020-09-23 14:08:26
1309,45,99,"3","No","80",2020-09-23 14:08:34,2020-09-23 14:08:34
1310,54,99,"3","No","66.67",2020-09-23 14:08:46,2020-09-23 14:08:46
1311,46,99,"3","No","83.33",2020-09-23 14:09:09,2020-09-23 14:09:09
1312,46,99,"3","No","83.33",2020-09-23 14:09:10,2020-09-23 14:09:10
1313,52,99,"3","No","75",2020-09-23 14:09:39,2020-09-23 14:09:39
1314,148,99,"6","No","87.5",2020-09-23 14:10:18,2020-09-23 14:10:18
1315,38,99,"3","No","80",2020-09-23 14:10:25,2020-09-23 14:10:25
1316,37,99,"3","No","62.5",2020-09-23 14:10:30,2020-09-23 14:10:30
1317,31,99,"3","No","62.5",2020-09-23 14:10:36,2020-09-23 14:10:36
1318,60,99,"2","No","80",2020-09-23 14:10:42,2020-09-23 14:10:42
1319,98,99,"2","No","90",2020-09-23 14:10:50,2020-09-23 14:10:50
1320,95,99,"3","No","62.5",2020-09-23 14:11:05,2020-09-23 14:11:05
1321,133,99,"2","No","85.71",2020-09-23 14:12:28,2020-09-23 14:12:28
1322,136,99,"4","No","66.66",2020-09-23 14:12:43,2020-09-23 14:12:43
1323,65,99,"6","No","90",2020-09-23 14:12:55,2020-09-23 14:12:55
1324,123,99,"4","No","66.66",2020-09-23 14:14:11,2020-09-23 14:14:11
1325,106,99,"3","No","62.5",2020-09-23 14:14:27,2020-09-23 14:14:27
1326,39,99,"6","No","90",2020-09-23 14:14:47,2020-09-23 14:14:47
1327,109,99,"3","No","78.12",2020-09-23 14:15:07,2020-09-23 14:15:07
1328,67,99,"6","No","87.5",2020-09-23 14:15:21,2020-09-23 14:15:21
1329,103,99,"5","No","90",2020-09-23 14:15:33,2020-09-23 14:15:33
1330,30,99,"3","No","78.12",2020-09-23 14:15:44,2020-09-23 14:15:44
1331,110,99,"4","No","50",2020-09-23 14:15:59,2020-09-23 14:15:59
1332,85,99,"3","No","75",2020-09-23 14:16:12,2020-09-23 14:16:12
1333,121,99,"2","No","80",2020-09-23 14:16:46,2020-09-23 14:16:46
1334,112,99,"3","No","62.5",2020-09-23 14:16:57,2020-09-23 14:16:57
1335,124,99,"4","No","85.71",2020-09-23 14:17:08,2020-09-23 14:17:08
1336,127,99,"5","No","50",2020-09-23 14:17:21,2020-09-23 14:17:21
1337,113,99,"4","No","100",2020-09-23 14:17:32,2020-09-23 14:17:32
1338,115,99,"2","No","71.43",2020-09-23 14:17:47,2020-09-23 14:17:47
1339,137,99,"4","No","75",2020-09-23 14:17:57,2020-09-23 14:17:57
1340,116,99,"5","No","90",2020-09-23 14:18:08,2020-09-23 14:18:08
1341,100,99,"4","No","90",2020-09-23 14:18:23,2020-09-23 14:18:23
1342,91,99,"3","No","62.5",2020-09-23 14:18:36,2020-09-23 14:18:36
1343,91,99,"3","No","62.5",2020-09-23 14:19:49,2020-09-23 14:19:49
1344,42,99,"5","No","90",2020-09-23 14:19:59,2020-09-23 14:19:59
1345,42,99,"5","No","90",2020-09-23 14:20:28,2020-09-23 14:20:28
1346,91,99,"3","No","62.5",2020-09-23 14:20:40,2020-09-23 14:20:40
1347,42,99,"5","No","90",2020-09-23 14:20:44,2020-09-23 14:20:44
1348,150,99,"4","No","75",2020-09-23 14:21:12,2020-09-23 14:21:12
1349,62,99,"2","No","50",2020-09-23 14:21:28,2020-09-23 14:21:28
1350,47,99,"4","No","62.5",2020-09-23 14:21:46,2020-09-23 14:21:46
1351,105,99,"4","No","80",2020-09-23 14:22:03,2020-09-23 14:22:03
1352,88,99,"4","No","50",2020-09-23 14:22:17,2020-09-23 14:22:17
1353,94,99,"3","No","87.5",2020-09-23 14:22:37,2020-09-23 14:22:37
1354,40,99,"4","No","66.67",2020-09-23 14:22:52,2020-09-23 14:22:52
1355,29,99,"3","No","90",2020-09-23 14:23:06,2020-09-23 14:23:06
1356,33,99,"3","No","62.5",2020-09-23 14:23:25,2020-09-23 14:23:25
1357,126,99,"5","No","50",2020-09-23 14:23:50,2020-09-23 14:23:50
1358,132,99,"2","No","87.5",2020-09-23 14:24:01,2020-09-23 14:24:01
1359,132,,"2","No","87.5",2020-09-23 14:24:06,2020-09-23 14:24:06
1360,162,99,"2","No","87.5",2020-09-23 14:24:15,2020-09-23 14:24:15
1361,120,99,"4","No","66.66",2020-09-23 14:24:25,2020-09-23 14:24:25
1362,90,99,"3","No","83.33",2020-09-23 14:24:41,2020-09-23 14:24:41
1363,111,99,"4","No","85.71",2020-09-23 14:24:54,2020-09-23 14:24:54
1364,58,99,"4","No","90",2020-09-23 14:25:13,2020-09-23 14:25:13
1365,83,99,"4","No","80",2020-09-23 14:25:24,2020-09-23 14:25:24
1366,84,99,"6","No","90",2020-09-23 14:25:37,2020-09-23 14:25:37
1367,89,99,"4","No","83.33",2020-09-23 14:25:52,2020-09-23 14:25:52
1368,129,99,"5","No","50",2020-09-23 14:26:11,2020-09-23 14:26:11
1369,119,99,"4","No","100",2020-09-23 14:26:23,2020-09-23 14:26:23
1370,131,99,"5","No","100",2020-09-23 14:26:39,2020-09-23 14:26:39
1371,130,99,"5","No","50",2020-09-23 14:26:54,2020-09-23 14:26:54
1372,68,99,"3","No","90",2020-09-23 14:27:11,2020-09-23 14:27:11
1373,64,99,"6","No","50",2020-09-23 14:27:29,2020-09-23 14:27:29
1374,125,99,"2","No","90",2020-09-23 14:27:45,2020-09-23 14:27:45
1375,107,99,"3","No","87.5",2020-09-23 14:28:00,2020-09-23 14:28:00
1376,118,99,"3","No","78.12",2020-09-23 14:28:25,2020-09-23 14:28:25
1377,59,99,"4","No","80",2020-09-23 14:28:46,2020-09-23 14:28:46
1378,36,99,"4","No","87.5",2020-09-23 14:29:07,2020-09-23 14:29:07
1379,43,99,"4","No","80",2020-09-23 14:29:28,2020-09-23 14:29:28
1380,86,99,"3","No","62.5",2020-09-23 14:29:42,2020-09-23 14:29:42
1381,114,99,"2","No","66.67",2020-09-23 14:30:24,2020-09-23 14:30:24
1382,41,99,"3","No","83.33",2020-09-23 14:30:38,2020-09-23 14:30:38
1383,103,,"5","No","90",2020-09-23 14:31:37,2020-09-23 14:31:37
1384,61,99,"2","No","95",2020-09-23 14:32:05,2020-09-23 14:32:05
1385,135,99,"4","No","90",2020-09-23 14:32:41,2020-09-23 14:32:41
1386,49,99,"3","No","80",2020-09-23 14:32:58,2020-09-23 14:32:58
1387,32,99,"3","No","75",2020-09-23 14:33:34,2020-09-23 14:33:34
1388,34,99,"3","No","83.33",2020-09-23 14:33:51,2020-09-23 14:33:51
1389,102,99,"6","No","86.67",2020-09-23 14:34:05,2020-09-23 14:34:05
1390,102,99,"6","No","86.67",2020-09-23 14:34:35,2020-09-23 14:34:35
1391,99,99,"6","No","87.5",2020-09-23 14:34:49,2020-09-23 14:34:49
1392,99,99,"6","No","87.5",2020-09-23 14:36:42,2020-09-23 14:36:42
1393,103,,"5","No","90",2020-09-23 14:45:45,2020-09-23 14:45:45
1394,103,,"5","No","90",2020-09-23 15:01:38,2020-09-23 15:01:38
1395,103,,"5","No","90",2020-09-23 15:15:48,2020-09-23 15:15:48
1396,103,,"5","No","90",2020-09-23 15:32:24,2020-09-23 15:32:24
1397,103,,"5","No","90",2020-09-23 15:46:04,2020-09-23 15:46:04
1398,103,,"5","No","90",2020-09-23 16:02:32,2020-09-23 16:02:32
1399,92,99,"3","No","83.33",2020-09-23 16:16:17,2020-09-23 16:16:17
1400,97,99,"3","No","89.29",2020-09-23 16:16:31,2020-09-23 16:16:31
1401,55,99,"3","No","62.5",2020-09-23 16:17:03,2020-09-23 16:17:03
1402,87,99,"4","No","83.33",2020-09-23 16:17:35,2020-09-23 16:17:35
1403,103,,"5","No","90",2020-09-23 16:17:36,2020-09-23 16:17:36
1404,48,99,"3","No","78.12",2020-09-23 16:17:50,2020-09-23 16:17:50
1405,50,99,"3","No","62.5",2020-09-23 16:18:10,2020-09-23 16:18:10
1406,149,99,"2","No","50",2020-09-23 16:18:37,2020-09-23 16:18:37
1407,63,99,"3","No","50",2020-09-23 16:19:23,2020-09-23 16:19:23
1408,93,99,"3","No","62.5",2020-09-23 16:19:37,2020-09-23 16:19:37
1409,66,99,"5","No","90",2020-09-23 16:19:59,2020-09-23 16:19:59
1410,104,99,"3","No","62.5",2020-09-23 16:20:19,2020-09-23 16:20:19
1411,101,99,"3","No","90",2020-09-23 16:20:45,2020-09-23 16:20:45
1412,57,99,"3","No","62.5",2020-09-23 16:21:02,2020-09-23 16:21:02
1413,134,99,"4","No","66.66",2020-09-23 16:21:35,2020-09-23 16:21:35
1414,108,99,"3","No","83.33",2020-09-23 16:21:49,2020-09-23 16:21:49
1415,138,99,"3","No","83.33",2020-09-23 16:22:21,2020-09-23 16:22:21
1416,122,99,"4","No","80",2020-09-23 16:22:37,2020-09-23 16:22:37
1417,147,99,"3","No","88.89",2020-09-23 16:22:55,2020-09-23 16:22:55
1418,73,99,"3","No","62.5",2020-09-23 16:23:17,2020-09-23 16:23:17
1419,69,99,"3","No","90",2020-09-23 16:24:06,2020-09-23 16:24:06
1420,71,99,"3","No","62.5",2020-09-23 16:24:19,2020-09-23 16:24:19
1421,81,99,"3","No","100",2020-09-23 16:24:55,2020-09-23 16:24:55
1422,76,99,"3","No","62.5",2020-09-23 16:25:20,2020-09-23 16:25:20
1423,133,99,"2","No","85.71",2020-09-23 16:26:00,2020-09-23 16:26:00
1424,151,99,"4","No","75",2020-09-23 16:26:15,2020-09-23 16:26:15
1425,152,99,"4","No","50",2020-09-23 16:26:35,2020-09-23 16:26:35
1426,146,99,"3","No","83.33",2020-09-23 16:26:54,2020-09-23 16:26:54
1427,145,99,"3","No","87.5",2020-09-23 16:27:11,2020-09-23 16:27:11
1428,127,99,"5","No","50",2020-09-23 16:27:26,2020-09-23 16:27:26
1429,86,99,"3","No","62.5",2020-09-23 16:27:34,2020-09-23 16:27:34
1430,139,99,"3","No","80",2020-09-23 16:27:39,2020-09-23 16:27:39
1431,153,99,"4","No","90",2020-09-23 16:27:53,2020-09-23 16:27:53
1432,140,99,"3","No","83.33",2020-09-23 16:28:05,2020-09-23 16:28:05
1433,105,99,"4","No","80",2020-09-23 16:28:18,2020-09-23 16:28:18
1434,75,99,"3","No","83.33",2020-09-23 16:28:32,2020-09-23 16:28:32
1435,154,99,"4","No","66.66",2020-09-23 16:28:51,2020-09-23 16:28:51
1436,72,99,"3","No","75",2020-09-23 16:29:10,2020-09-23 16:29:10
1437,162,99,"2","No","87.5",2020-09-23 16:29:43,2020-09-23 16:29:43
1438,155,99,"4","No","66.66",2020-09-23 16:30:08,2020-09-23 16:30:08
1439,157,99,"4","No","50",2020-09-23 16:30:21,2020-09-23 16:30:21
1440,158,99,"4","No","90",2020-09-23 16:31:06,2020-09-23 16:31:06
1441,83,99,"4","No","80",2020-09-23 16:31:22,2020-09-23 16:31:22
1442,86,99,"3","No","62.5",2020-09-23 16:31:24,2020-09-23 16:31:24
1443,156,99,"4","No","50",2020-09-23 16:31:37,2020-09-23 16:31:37
1444,79,99,"3","No","62.5",2020-09-23 16:31:54,2020-09-23 16:31:54
1445,82,99,"4","No","80",2020-09-23 16:32:06,2020-09-23 16:32:06
1446,74,99,"4","No","87.5",2020-09-23 16:32:23,2020-09-23 16:32:23
1447,43,99,"4","No","80",2020-09-23 16:32:40,2020-09-23 16:32:40
1448,103,,"5","No","90",2020-09-23 16:32:50,2020-09-23 16:32:50
1449,144,99,"3","No","84.21",2020-09-23 16:32:55,2020-09-23 16:32:55
1450,77,99,"3","No","80",2020-09-23 16:33:21,2020-09-23 16:33:21
1451,78,99,"3","No","75",2020-09-23 16:33:43,2020-09-23 16:33:43
1452,143,99,"3","No","83.33",2020-09-23 16:34:24,2020-09-23 16:34:24
1453,97,99,"3","No","89.29",2020-09-23 16:34:50,2020-09-23 16:34:50
1454,160,99,"4","No","80",2020-09-23 16:35:07,2020-09-23 16:35:07
1455,70,99,"3","No","78.12",2020-09-23 16:35:32,2020-09-23 16:35:32
1456,141,99,"3","No","78.13",2020-09-23 16:35:48,2020-09-23 16:35:48
1457,159,99,"4","No","50",2020-09-23 16:36:02,2020-09-23 16:36:02
1458,161,99,"4","No","90",2020-09-23 16:36:19,2020-09-23 16:36:19
1459,86,99,"3","No","62.5",2020-09-23 16:36:46,2020-09-23 16:36:46
1460,103,,"5","No","90",2020-09-23 16:46:34,2020-09-23 16:46:34
1461,103,,"5","No","90",2020-09-23 17:02:02,2020-09-23 17:02:02
1462,66,96,"5","No","90",2020-09-23 19:54:19,2020-09-23 19:54:19
1463,55,96,"3","No","62.5",2020-09-23 19:54:51,2020-09-23 19:54:51
1464,41,96,"3","No","83.33",2020-09-25 22:19:41,2020-09-25 22:19:41
1465,127,99,"5","No","50",2020-09-29 09:20:32,2020-09-29 09:20:32
1466,127,99,"5","No","50",2020-09-29 09:31:06,2020-09-29 09:31:06
1467,127,99,"5","No","50",2020-09-29 09:31:21,2020-09-29 09:31:21
1468,163,99,"5","No","50",2020-09-29 09:43:47,2020-09-29 09:43:47
1469,163,99,"5","No","50",2020-09-29 09:44:42,2020-09-29 09:44:42
1470,164,99,"5","No","50",2020-09-29 10:08:10,2020-09-29 10:08:10
1471,165,99,"5","No","50",2020-09-29 10:24:46,2020-09-29 10:24:46
1472,166,99,"5","No","50",2020-09-29 10:36:58,2020-09-29 10:36:58
1473,167,99,"5","No","50",2020-09-29 10:54:03,2020-09-29 10:54:03
1474,168,99,"5","No","60",2020-09-29 11:20:08,2020-09-29 11:20:08
1475,117,99,"5","No","80",2020-09-29 12:42:51,2020-09-29 12:42:51
1476,169,99,"5","No","80",2020-09-29 12:57:12,2020-09-29 12:57:12
1477,169,99,"5","No","80",2020-09-29 12:57:42,2020-09-29 12:57:42
1478,60,99,"2","No","80",2020-09-29 13:09:34,2020-09-29 13:09:34
1479,170,99,"2","No","90",2020-09-29 14:28:55,2020-09-29 14:28:55
1480,125,99,"2","No","90",2020-09-29 14:32:59,2020-09-29 14:32:59
1481,171,99,"2","No","90",2020-09-29 15:43:12,2020-09-29 15:43:12
1482,172,99,"2","No","80",2020-09-29 15:54:34,2020-09-29 15:54:34
1483,172,99,"2","No","80",2020-09-29 15:55:17,2020-09-29 15:55:17
1484,173,99,"4","No","80",2020-09-29 16:18:57,2020-09-29 16:18:57
1485,70,123,"3","No","78.12",2020-09-30 09:54:32,2020-09-30 09:54:32
1486,70,123,"3","No","78.12",2020-09-30 09:56:07,2020-09-30 09:56:07
1487,70,123,"3","No","78.12",2020-09-30 10:18:17,2020-09-30 10:18:17
1488,70,123,"3","No","78.12",2020-09-30 10:18:29,2020-09-30 10:18:29
1489,70,123,"3","No","78.12",2020-09-30 10:19:29,2020-09-30 10:19:29
1490,150,96,"4","No","75",2020-09-30 15:05:58,2020-09-30 15:05:58
1491,70,123,"3","No","78.12",2020-09-30 15:18:12,2020-09-30 15:18:12
1492,37,146,"3","No","62.5",2020-10-01 12:37:58,2020-10-01 12:37:58
1493,37,146,"3","No","62.5",2020-10-01 12:40:21,2020-10-01 12:40:21
1494,37,146,"3","No","62.5",2020-10-01 12:40:58,2020-10-01 12:40:58
1495,37,146,"3","No","62.5",2020-10-01 12:42:24,2020-10-01 12:42:24
1496,37,146,"3","No","62.5",2020-10-01 12:43:28,2020-10-01 12:43:28
1497,127,99,"5","No","50",2020-10-01 16:18:30,2020-10-01 16:18:30
1498,163,99,"5","No","50",2020-10-01 16:20:27,2020-10-01 16:20:27
1499,164,99,"5","No","50",2020-10-01 16:20:46,2020-10-01 16:20:46
1500,165,99,"5","No","50",2020-10-01 16:21:02,2020-10-01 16:21:02
1501,166,99,"5","No","50",2020-10-01 16:21:16,2020-10-01 16:21:16
1502,167,99,"5","No","50",2020-10-01 16:21:31,2020-10-01 16:21:31
1503,168,99,"5","No","60",2020-10-01 16:21:43,2020-10-01 16:21:43
1504,117,99,"5","No","80",2020-10-01 16:22:09,2020-10-01 16:22:09
1505,169,99,"5","No","80",2020-10-01 16:22:21,2020-10-01 16:22:21
1506,55,146,"3","No","62.5",2020-10-01 19:58:55,2020-10-01 19:58:55
1507,30,90,"3","No","78.12",2020-10-02 13:34:49,2020-10-02 13:34:49
1508,30,90,"3","No","78.12",2020-10-02 13:54:35,2020-10-02 13:54:35
1509,30,90,"3","No","78.12",2020-10-02 13:58:20,2020-10-02 13:58:20
1510,72,134,"3","No","75",2020-10-02 14:00:35,2020-10-02 14:00:35
1511,30,90,"3","No","78.12",2020-10-02 14:44:56,2020-10-02 14:44:56
1512,169,90,"5","No","80",2020-10-05 13:29:39,2020-10-05 13:29:39
1513,169,90,"5","No","80",2020-10-05 13:30:46,2020-10-05 13:30:46
1514,169,90,"5","No","80",2020-10-05 13:35:59,2020-10-05 13:35:59
1515,169,90,"5","No","80",2020-10-05 14:01:23,2020-10-05 14:01:23
1516,64,99,"7","No","50",2020-10-05 15:27:41,2020-10-05 15:27:41
1517,64,99,"7","No","50",2020-10-05 15:28:48,2020-10-05 15:28:48
1518,67,99,"7","No","87.5",2020-10-05 15:43:59,2020-10-05 15:43:59
1519,84,99,"7","No","90",2020-10-05 15:44:54,2020-10-05 15:44:54
1520,84,99,"7","No","90",2020-10-05 15:45:15,2020-10-05 15:45:15
1521,169,150,"5","No","80",2020-10-05 17:45:34,2020-10-05 17:45:34
1522,40,138,"4","No","66.67",2020-10-06 15:57:58,2020-10-06 15:57:58
1523,57,98,"3","No","62.5",2020-10-06 17:20:39,2020-10-06 17:20:39
1524,65,98,"6","No","90",2020-10-06 17:21:09,2020-10-06 17:21:09
1525,36,152,"4","No","87.5",2020-10-06 19:40:49,2020-10-06 19:40:49
1526,127,99,"5","No","50",2020-10-07 10:32:58,2020-10-07 10:32:58
1527,163,99,"5","No","50",2020-10-07 10:33:16,2020-10-07 10:33:16
1528,164,99,"5","No","50",2020-10-07 10:33:54,2020-10-07 10:33:54
1529,165,99,"5","No","50",2020-10-07 10:34:05,2020-10-07 10:34:05
1530,166,99,"5","No","50",2020-10-07 10:34:16,2020-10-07 10:34:16
1531,167,99,"5","No","50",2020-10-07 10:34:28,2020-10-07 10:34:28
1532,168,99,"5","No","60",2020-10-07 10:34:44,2020-10-07 10:34:44
1533,117,99,"5","No","80",2020-10-07 10:34:54,2020-10-07 10:34:54
1534,169,99,"5","No","80",2020-10-07 10:35:04,2020-10-07 10:35:04
1535,117,99,"5","No","80",2020-10-07 10:35:33,2020-10-07 10:35:33
1536,169,99,"5","No","80",2020-10-07 10:35:52,2020-10-07 10:35:52
1537,97,99,"3","No","89.29",2020-10-07 10:49:23,2020-10-07 10:49:23
1538,44,99,"5","No","75",2020-10-07 15:59:47,2020-10-07 15:59:47
1539,55,146,"3","No","62.5",2020-10-07 19:05:15,2020-10-07 19:05:15
1540,55,146,"3","No","62.5",2020-10-07 19:06:17,2020-10-07 19:06:17
1541,55,146,"3","No","62.5",2020-10-07 19:07:00,2020-10-07 19:07:00
1542,55,146,"3","No","62.5",2020-10-07 19:07:34,2020-10-07 19:07:34
1543,37,146,"3","No","62.5",2020-10-07 19:10:06,2020-10-07 19:10:06
1544,37,146,"3","No","62.5",2020-10-07 19:10:52,2020-10-07 19:10:52
1545,37,146,"3","No","62.5",2020-10-07 19:12:55,2020-10-07 19:12:55
1546,37,146,"3","No","62.5",2020-10-07 19:13:01,2020-10-07 19:13:01
1547,55,146,"3","No","62.5",2020-10-07 20:01:11,2020-10-07 20:01:11
1548,29,153,"3","No","90",2020-10-09 13:06:12,2020-10-09 13:06:12
1549,29,153,"3","No","90",2020-10-09 13:08:47,2020-10-09 13:08:47
1550,29,153,"3","No","90",2020-10-09 13:09:09,2020-10-09 13:09:09
1551,55,146,"3","No","62.5",2020-10-09 19:15:57,2020-10-09 19:15:57
1552,37,146,"3","Yes","62.5",2020-10-09 22:31:22,2020-10-09 22:31:22
1553,42,151,"5","No","90",2020-10-12 15:56:45,2020-10-12 15:56:45
1554,174,99,"4","No","87.5",2020-10-13 11:03:45,2020-10-13 11:03:45
1555,175,99,"4","No","87.5",2020-10-13 11:12:27,2020-10-13 11:12:27
1556,176,99,"5","No","85.71",2020-10-14 13:40:03,2020-10-14 13:40:03
1557,177,99,"4","No","50",2020-10-14 13:47:44,2020-10-14 13:47:44
1558,178,99,"4","No","50",2020-10-14 13:54:02,2020-10-14 13:54:02
1559,179,99,"4","No","66.66",2020-10-14 13:57:17,2020-10-14 13:57:17
1560,180,99,"2","No","66.67",2020-10-14 14:06:02,2020-10-14 14:06:02
1561,181,99,"2","No","85.71",2020-10-14 14:11:44,2020-10-14 14:11:44
1562,181,99,"2","No","85.71",2020-10-14 14:12:25,2020-10-14 14:12:25
1563,182,99,"6","No","80",2020-10-14 14:17:51,2020-10-14 14:17:51
1564,183,99,"6","No","80",2020-10-14 14:24:18,2020-10-14 14:24:18
1565,184,99,"6","No","75",2020-10-14 14:31:35,2020-10-14 14:31:35
1566,185,99,"7","No","83.33",2020-10-14 14:36:48,2020-10-14 14:36:48
1567,186,99,"7","No","90",2020-10-14 14:56:16,2020-10-14 14:56:16
1568,187,99,"5","No","83.33",2020-10-14 15:10:45,2020-10-14 15:10:45
1569,188,99,"5","No","80",2020-10-14 15:14:35,2020-10-14 15:14:35
1570,189,99,"5","No","50",2020-10-14 15:21:20,2020-10-14 15:21:20
1571,189,99,"5","No","50",2020-10-14 15:22:26,2020-10-14 15:22:26
1572,189,99,"5","No","50",2020-10-14 15:22:47,2020-10-14 15:22:47
1573,190,99,"5","No","83.33",2020-10-14 15:27:16,2020-10-14 15:27:16
1574,68,96,"3","No","90",2020-10-14 20:56:42,2020-10-14 20:56:42
1575,65,119,"6","No","90",2020-10-15 18:58:49,2020-10-15 18:58:49
1576,127,98,"5","No","50",2020-10-18 22:25:03,2020-10-18 22:25:03
1577,127,98,"5","No","50",2020-10-18 22:27:03,2020-10-18 22:27:03
1578,191,99,"5","No","50",2020-10-19 09:20:23,2020-10-19 09:20:23
1579,191,99,"5","No","50",2020-10-19 09:22:10,2020-10-19 09:22:10
1580,192,99,"5","No","83.33",2020-10-19 10:02:35,2020-10-19 10:02:35
1581,193,99,"5","No","50",2020-10-19 10:14:17,2020-10-19 10:14:17
1582,194,99,"5","No","75",2020-10-19 10:18:56,2020-10-19 10:18:56
1583,195,99,"5","No","50",2020-10-19 10:26:32,2020-10-19 10:26:32
1584,196,99,"5","No","50",2020-10-19 10:33:00,2020-10-19 10:33:00
1585,197,99,"5","No","50",2020-10-19 10:37:23,2020-10-19 10:37:23
1586,197,99,"5","No","50",2020-10-19 10:39:54,2020-10-19 10:39:54
1587,198,99,"5","No","75",2020-10-19 10:43:52,2020-10-19 10:43:52
1588,199,99,"5","No","50",2020-10-19 10:48:39,2020-10-19 10:48:39
1589,199,99,"5","No","50",2020-10-19 10:49:15,2020-10-19 10:49:15
1590,40,96,"4","No","66.67",2020-10-20 15:17:30,2020-10-20 15:17:30
1591,200,99,"2","No","87.5",2020-10-21 10:41:24,2020-10-21 10:41:24
1592,200,99,"2","No","87.5",2020-10-21 10:41:36,2020-10-21 10:41:36
1593,201,99,"4","No","85.71",2020-10-21 10:41:52,2020-10-21 10:41:52
1594,202,99,"4","No","87.5",2020-10-21 10:56:25,2020-10-21 10:56:25
1595,203,99,"4","No","85.7",2020-10-21 11:02:12,2020-10-21 11:02:12
1596,63,99,"4","No","53.33",2020-10-21 19:32:11,2020-10-21 19:32:11
1597,63,99,"4","No","53.33",2020-10-21 19:32:38,2020-10-21 19:32:38
1598,29,,"3","No","90",2020-10-22 02:18:09,2020-10-22 02:18:09
1599,29,,"3","No","90",2020-10-22 08:52:45,2020-10-22 08:52:45
1600,29,,"3","No","90",2020-10-22 13:36:55,2020-10-22 13:36:55
1601,32,162,"3","No","75",2020-10-23 00:34:54,2020-10-23 00:34:54
1602,32,162,"3","No","75",2020-10-23 00:35:20,2020-10-23 00:35:20
1603,29,,"3","No","90",2020-10-24 11:49:16,2020-10-24 11:49:16
1604,29,,"3","No","90",2020-10-24 14:20:09,2020-10-24 14:20:09
1605,29,,"3","No","90",2020-10-24 14:37:20,2020-10-24 14:37:20
1606,29,,"3","No","90",2020-10-24 14:40:01,2020-10-24 14:40:01
1607,29,,"3","No","90",2020-10-24 14:40:13,2020-10-24 14:40:13
1608,29,,"3","No","90",2020-10-24 14:40:45,2020-10-24 14:40:45
1609,29,,"3","No","90",2020-10-24 14:41:25,2020-10-24 14:41:25
1610,29,,"3","No","90",2020-10-24 14:49:14,2020-10-24 14:49:14
1611,29,153,"3","No","90",2020-10-24 17:10:34,2020-10-24 17:10:34
1612,30,153,"3","No","78.12",2020-10-24 17:12:15,2020-10-24 17:12:15
1613,29,153,"3","No","90",2020-10-24 17:33:00,2020-10-24 17:33:00
1614,32,153,"3","No","75",2020-10-24 18:04:01,2020-10-24 18:04:01
1615,38,153,"3","No","80",2020-10-24 18:04:32,2020-10-24 18:04:32
1616,192,153,"5","No","83.33",2020-10-24 18:06:10,2020-10-24 18:06:10
1617,32,153,"3","No","75",2020-10-24 18:11:33,2020-10-24 18:11:33
1618,117,99,"5","No","80",2020-10-27 10:44:33,2020-10-27 10:44:33
1619,169,99,"5","No","80",2020-10-27 10:45:32,2020-10-27 10:45:32
1620,189,99,"5","No","50",2020-10-27 10:47:35,2020-10-27 10:47:35
1621,181,99,"2","No","85.71",2020-10-27 10:48:00,2020-10-27 10:48:00
1622,181,99,"2","No","85.71",2020-10-27 10:48:18,2020-10-27 10:48:18
1623,199,99,"5","No","50",2020-10-27 10:48:36,2020-10-27 10:48:36
1624,200,99,"2","No","87.5",2020-10-27 10:48:49,2020-10-27 10:48:49
1625,181,99,"2","No","85.71",2020-10-27 10:52:43,2020-10-27 10:52:43
1626,181,99,"2","No","85.71",2020-10-27 10:53:05,2020-10-27 10:53:05
1627,108,99,"5","No","75",2020-10-27 17:36:34,2020-10-27 17:36:34
1628,29,,"3","No","90",2020-10-28 07:27:03,2020-10-28 07:27:03
1629,90,99,"8","No","75",2020-10-28 11:29:36,2020-10-28 11:29:36
1630,91,99,"8","No","75",2020-10-28 11:36:16,2020-10-28 11:36:16
1631,91,99,"8","No","75",2020-10-28 11:37:08,2020-10-28 11:37:08
1632,204,99,"8","No","75",2020-10-28 11:50:57,2020-10-28 11:50:57
1633,101,99,"8","No","83.33",2020-10-28 12:11:55,2020-10-28 12:11:55
1634,92,99,"4","No","85.71",2020-10-28 13:11:42,2020-10-28 13:11:42
1635,30,153,"3","No","78.12",2020-10-28 13:34:58,2020-10-28 13:34:58
1636,86,99,"5","No","75",2020-10-28 14:18:10,2020-10-28 14:18:10
1637,29,99,"5","No","50",2020-10-28 14:18:58,2020-10-28 14:18:58
1638,29,153,"5","No","50",2020-10-29 09:34:00,2020-10-29 09:34:00
1639,39,153,"6","No","90",2020-10-29 18:22:35,2020-10-29 18:22:35
1640,29,153,"5","No","50",2020-10-30 13:09:28,2020-10-30 13:09:28
1641,32,90,"3","No","75",2020-11-02 11:53:52,2020-11-02 11:53:52
1642,46,96,"3","No","83.33",2020-11-02 15:33:09,2020-11-02 15:33:09
1643,47,99,"4","No","62.5",2020-11-02 15:33:25,2020-11-02 15:33:25
1644,163,96,"5","No","50",2020-11-02 15:33:30,2020-11-02 15:33:30
1645,181,99,"2","No","85.71",2020-11-02 17:54:13,2020-11-02 17:54:13
1646,181,99,"2","No","85.71",2020-11-02 17:54:31,2020-11-02 17:54:31
1647,117,99,"5","No","80",2020-11-02 18:07:47,2020-11-02 18:07:47
1648,189,99,"5","No","50",2020-11-02 18:17:57,2020-11-02 18:17:57
1649,29,153,"5","No","50",2020-11-03 16:09:15,2020-11-03 16:09:15
1650,29,,"5","No","50",2020-11-03 16:48:55,2020-11-03 16:48:55
1651,95,99,"3","No","75",2020-11-04 11:26:33,2020-11-04 11:26:33
1652,205,99,"7","No","90",2020-11-04 12:16:09,2020-11-04 12:16:09
1653,206,99,"7","No","50",2020-11-04 12:29:46,2020-11-04 12:29:46
1654,207,99,"7","No","50",2020-11-04 12:34:05,2020-11-04 12:34:05
1655,103,99,"5","No","90",2020-11-04 18:24:55,2020-11-04 18:24:55
1656,66,99,"5","No","90",2020-11-04 19:11:29,2020-11-04 19:11:29
1657,127,124,"5","Yes","50",2020-11-04 22:46:26,2020-11-09 14:51:07
1658,208,99,"5","No","50",2020-11-05 10:48:55,2020-11-05 10:48:55
1659,209,99,"5","No","80",2020-11-05 10:56:36,2020-11-05 10:56:36
1660,210,99,"5","No","83.33",2020-11-05 11:02:34,2020-11-05 11:02:34
1661,211,99,"5","No","85.71",2020-11-05 11:12:46,2020-11-05 11:12:46
1662,212,99,"5","No","83.33",2020-11-05 11:20:11,2020-11-05 11:20:11
1663,213,99,"5","No","50",2020-11-05 11:26:45,2020-11-05 11:26:45
1664,213,99,"5","No","50",2020-11-05 11:26:45,2020-11-05 11:26:45
1665,214,99,"5","No","90",2020-11-05 11:38:52,2020-11-05 11:38:52
1666,214,99,"5","No","90",2020-11-05 11:40:11,2020-11-05 11:40:11
1667,215,99,"5","No","80",2020-11-05 11:46:32,2020-11-05 11:46:32
1668,215,99,"5","No","80",2020-11-05 11:47:03,2020-11-05 11:47:03
1669,216,99,"5","No","50",2020-11-05 11:52:22,2020-11-05 11:52:22
1670,216,99,"5","No","50",2020-11-05 11:52:22,2020-11-05 11:52:22
1671,217,99,"5","No","50",2020-11-05 11:58:40,2020-11-05 11:58:40
1672,217,99,"5","No","50",2020-11-05 11:58:41,2020-11-05 11:58:41
1673,218,99,"5","No","50",2020-11-05 12:03:14,2020-11-05 12:03:14
1674,218,99,"5","No","50",2020-11-05 12:05:13,2020-11-05 12:05:13
1675,188,96,"5","No","80",2020-11-05 18:30:19,2020-11-05 18:30:19
1676,29,153,"5","No","50",2020-11-06 21:19:07,2020-11-06 21:19:07
1677,29,153,"5","No","50",2020-11-06 21:47:41,2020-11-06 21:47:41
1678,29,153,"5","No","50",2020-11-06 22:00:10,2020-11-06 22:00:10
1679,215,153,"5","No","80",2020-11-06 22:03:52,2020-11-06 22:03:52
1680,29,153,"5","No","50",2020-11-06 22:46:55,2020-11-06 22:46:55
1681,29,153,"5","No","50",2020-11-06 22:47:18,2020-11-06 22:47:18
1682,29,153,"5","No","50",2020-11-08 01:27:43,2020-11-08 01:27:43
1683,29,153,"5","No","50",2020-11-08 01:29:00,2020-11-08 01:29:00
1684,29,153,"5","No","50",2020-11-08 01:31:33,2020-11-08 01:31:33
1685,29,153,"5","No","50",2020-11-08 01:31:54,2020-11-08 01:31:54
1686,95,99,"3","No","75",2020-11-09 11:57:59,2020-11-09 11:57:59
1687,214,99,"5","No","90",2020-11-09 11:58:33,2020-11-09 11:58:33
1688,200,99,"2","No","87.5",2020-11-09 11:58:55,2020-11-09 11:58:55
1689,181,99,"2","No","85.71",2020-11-09 11:59:21,2020-11-09 11:59:21
1690,215,99,"5","No","80",2020-11-09 11:59:33,2020-11-09 11:59:33
1691,218,99,"5","No","50",2020-11-09 11:59:41,2020-11-09 11:59:41
1692,219,99,"4","No","90",2020-11-09 13:46:55,2020-11-09 13:46:55
1693,30,153,"3","No","78.12",2020-11-09 15:02:45,2020-11-09 15:02:45
1694,30,153,"3","No","78.12",2020-11-09 15:05:59,2020-11-09 15:05:59
1695,30,153,"3","No","78.12",2020-11-09 15:08:43,2020-11-09 15:08:43
1696,30,153,"3","No","78.12",2020-11-09 15:08:54,2020-11-09 15:08:54
1697,30,153,"3","No","78.12",2020-11-09 15:28:36,2020-11-09 15:28:36
1698,29,153,"5","No","80",2020-11-09 15:39:05,2020-11-09 15:39:05
1699,30,153,"3","No","78.12",2020-11-09 15:39:16,2020-11-09 15:39:16
1700,220,99,"5","No","80",2020-11-09 16:37:39,2020-11-09 16:37:39
1701,221,99,"5","No","50",2020-11-09 16:44:08,2020-11-09 16:44:08
1702,222,99,"5","No","83.33",2020-11-09 16:52:59,2020-11-09 16:52:59
1703,222,99,"5","No","83.33",2020-11-09 16:53:52,2020-11-09 16:53:52
1704,66,99,"5","No","90",2020-11-09 16:55:57,2020-11-09 16:55:57
1705,66,99,"5","No","90",2020-11-09 16:56:44,2020-11-09 16:56:44
1706,223,99,"5","No","50",2020-11-09 17:01:11,2020-11-09 17:01:11
1707,224,99,"5","No","50",2020-11-09 18:00:01,2020-11-09 18:00:01
1708,31,153,"3","No","62.5",2020-11-10 05:22:49,2020-11-10 05:22:49
1709,29,,"5","No","50",2020-11-10 16:44:51,2020-11-10 16:44:51
1710,32,153,"3","No","75",2020-11-10 16:46:56,2020-11-10 16:46:56
1711,225,99,"7","No","85.71",2020-11-10 16:56:08,2020-11-10 16:56:08
1712,225,99,"7","No","85.71",2020-11-10 17:00:29,2020-11-10 17:00:29
1713,226,99,"7","No","80",2020-11-10 17:00:52,2020-11-10 17:00:52
1714,227,99,"7","No","90",2020-11-10 17:08:13,2020-11-10 17:08:13
1715,228,99,"7","No","83.33",2020-11-10 17:21:19,2020-11-10 17:21:19
1716,229,99,"7","No","83.33",2020-11-10 17:35:21,2020-11-10 17:35:21
1717,229,99,"7","No","83.33",2020-11-10 17:35:22,2020-11-10 17:35:22
1718,230,99,"7","No","87.5",2020-11-10 17:38:23,2020-11-10 17:38:23
1719,231,99,"7","No","50",2020-11-10 17:41:38,2020-11-10 17:41:38
1720,66,99,"5","No","90",2020-11-10 17:56:30,2020-11-10 17:56:30
1721,222,99,"5","No","83.33",2020-11-10 17:56:59,2020-11-10 17:56:59
1722,95,99,"2","No","75",2020-11-10 18:02:21,2020-11-10 18:02:21
1723,215,153,"5","No","80",2020-11-10 21:40:49,2020-11-10 21:40:49
1724,29,153,"5","No","70",2020-11-10 22:01:07,2020-11-10 22:01:07
1725,29,153,"5","No","70",2020-11-10 22:11:15,2020-11-10 22:11:15
1726,64,153,"7","No","50",2020-11-10 22:28:44,2020-11-10 22:28:44
1727,231,99,"7","No","50",2020-11-11 10:51:01,2020-11-11 10:51:01
1728,232,99,"7","No","50",2020-11-11 10:59:22,2020-11-11 10:59:22
1729,29,153,"5","No","70",2020-11-11 11:30:26,2020-11-11 11:30:26
1730,42,99,"5","No","90",2020-11-11 11:31:04,2020-11-11 11:31:04
1731,233,99,"5","No","86.67",2020-11-11 11:32:12,2020-11-11 11:32:12
1732,234,99,"5","No","90",2020-11-11 11:37:50,2020-11-11 11:37:50
1733,235,99,"5","No","75",2020-11-11 11:44:04,2020-11-11 11:44:04
1734,236,99,"5","No","75",2020-11-11 11:52:48,2020-11-11 11:52:48
1735,237,99,"2","No","90",2020-11-11 12:09:17,2020-11-11 12:09:17
1736,238,99,"8","No","90",2020-11-11 13:02:56,2020-11-11 13:02:56
1737,239,99,"8","No","90",2020-11-11 13:07:48,2020-11-11 13:07:48
1738,240,99,"8","No","83.33",2020-11-11 13:11:09,2020-11-11 13:11:09
1739,241,99,"8","No","50",2020-11-11 13:14:03,2020-11-11 13:14:03
1740,242,99,"8","No","90",2020-11-11 13:17:36,2020-11-11 13:17:36
1741,243,99,"8","No","66.66",2020-11-11 13:44:24,2020-11-11 13:44:24
1742,243,99,"4","No","66.66",2020-11-11 13:48:27,2020-11-11 13:48:27
1743,244,99,"4","No","80",2020-11-11 13:49:56,2020-11-11 13:49:56
1744,245,99,"4","No","83.33",2020-11-11 14:01:56,2020-11-11 14:01:56
1745,246,99,"6","No","50",2020-11-11 14:39:21,2020-11-11 14:39:21
1746,247,99,"4","No","85.71",2020-11-11 17:30:14,2020-11-11 17:30:14
1747,248,99,"4","No","90",2020-11-11 17:37:56,2020-11-11 17:37:56
1748,38,153,"3","No","80",2020-11-12 18:07:58,2020-11-12 18:07:58
1749,246,99,"6","No","50",2020-11-16 10:20:52,2020-11-16 10:20:52
1750,246,99,"6","No","50",2020-11-16 10:21:38,2020-11-16 10:21:38
1751,246,99,"6","No","50",2020-11-16 10:24:12,2020-11-16 10:24:12
1752,246,99,"6","No","50",2020-11-16 10:24:58,2020-11-16 10:24:58
1753,246,99,"6","No","50",2020-11-16 10:27:22,2020-11-16 10:27:22
1754,246,99,"6","No","50",2020-11-16 10:35:16,2020-11-16 10:35:16
1755,242,99,"8","No","90",2020-11-16 10:35:50,2020-11-16 10:35:50
1756,242,99,"8","No","90",2020-11-16 10:37:31,2020-11-16 10:37:31
1757,232,99,"7","No","50",2020-11-16 10:41:19,2020-11-16 10:41:19
1758,250,99,"4","No","83.33",2020-11-16 10:41:37,2020-11-16 10:41:37
1759,249,99,"4","No","80",2020-11-16 10:41:53,2020-11-16 10:41:53
1760,251,99,"8","No","75",2020-11-16 11:34:14,2020-11-16 11:34:14
1761,252,99,"8","No","85.71",2020-11-16 11:37:13,2020-11-16 11:37:13
1762,253,99,"8","No","75",2020-11-16 13:18:10,2020-11-16 13:18:10
1763,254,99,"8","No","83.33",2020-11-16 13:23:42,2020-11-16 13:23:42
1764,255,99,"8","No","75",2020-11-16 13:27:08,2020-11-16 13:27:08
1765,256,99,"8","No","75",2020-11-16 13:30:57,2020-11-16 13:30:57
1766,257,99,"7","No","80",2020-11-16 13:59:03,2020-11-16 13:59:03
1767,258,99,"7","No","90",2020-11-16 14:02:56,2020-11-16 14:02:56
1768,259,99,"7","No","80",2020-11-16 14:05:54,2020-11-16 14:05:54
1769,260,99,"7","No","90",2020-11-16 14:08:45,2020-11-16 14:08:45
1770,46,96,"3","No","83.33",2020-11-16 16:40:24,2020-11-16 16:40:24
1771,29,153,"5","No","70",2020-11-16 21:08:19,2020-11-16 21:08:19
1772,40,96,"4","No","66.67",2020-11-16 21:09:00,2020-11-16 21:09:00
1773,29,153,"5","No","70",2020-11-16 21:11:57,2020-11-16 21:11:57
1774,29,153,"5","No","70",2020-11-16 21:18:21,2020-11-16 21:18:21
1775,41,96,"3","No","83.33",2020-11-16 21:18:30,2020-11-16 21:18:30
1776,41,96,"3","No","83.33",2020-11-16 21:18:59,2020-11-16 21:18:59
1777,42,96,"5","No","90",2020-11-16 21:19:29,2020-11-16 21:19:29
1778,29,153,"5","No","70",2020-11-16 21:28:06,2020-11-16 21:28:06
1779,29,1,"5","No","50",2020-11-16 23:37:59,2020-11-16 23:37:59
1780,30,153,"3","No","70",2020-11-16 23:39:22,2020-11-16 23:39:22
1781,100,96,"4","No","90",2020-11-17 14:31:06,2020-11-17 14:31:06
1782,148,96,"6","No","87.5",2020-11-17 14:44:11,2020-11-17 14:44:11
1783,148,96,"6","No","87.5",2020-11-17 19:58:26,2020-11-17 19:58:26
1784,116,96,"5","No","90",2020-11-17 20:19:08,2020-11-17 20:19:08
1785,239,96,"8","No","90",2020-11-17 20:29:45,2020-11-17 20:29:45
1786,192,99,"5","No","83.33",2020-11-18 15:02:46,2020-11-18 15:02:46
1787,100,153,"4","No","90",2020-11-23 20:18:01,2020-11-23 20:18:01
1788,219,153,"4","No","90",2020-11-23 20:18:25,2020-11-23 20:18:25
1789,219,153,"4","No","90",2020-11-23 20:19:07,2020-11-23 20:19:07
1790,219,153,"4","No","90",2020-11-23 20:21:31,2020-11-23 20:21:31
1791,110,153,"4","No","50",2020-11-23 20:35:04,2020-11-23 20:35:04
1792,110,153,"4","No","50",2020-11-23 20:36:43,2020-11-23 20:36:43
1793,239,153,"8","No","90",2020-11-23 20:39:09,2020-11-23 20:39:09
1794,239,153,"8","No","90",2020-11-23 20:39:24,2020-11-23 20:39:24
1795,239,153,"8","No","90",2020-11-23 20:40:08,2020-11-23 20:40:08
1796,30,153,"3","No","70",2020-11-23 20:44:51,2020-11-23 20:44:51
1797,99,153,"6","No","87.5",2020-11-23 21:56:11,2020-11-23 21:56:11
1798,164,153,"5","No","50",2020-11-23 21:57:28,2020-11-23 21:57:28
1799,164,153,"5","No","50",2020-11-23 22:02:47,2020-11-23 22:02:47
1800,164,153,"5","Yes","50",2020-11-23 22:08:45,2020-11-24 07:04:50
1801,148,153,"6","No","87.5",2020-11-23 22:23:20,2020-11-23 22:23:20
1802,186,153,"7","Yes","90",2020-11-24 02:01:25,2020-11-26 10:43:17
1803,67,153,"7","Yes","87.5",2020-11-24 02:16:21,2020-11-26 10:43:17
1804,183,153,"6","Yes","80",2020-11-24 02:26:39,2020-11-26 10:43:10
1805,239,153,"8","Yes","90",2020-11-24 02:36:28,2020-11-24 07:00:11
1806,50,153,"3","No","62.5",2020-11-24 02:47:58,2020-11-24 02:47:58
1807,219,153,"4","Yes","90",2020-11-24 02:50:11,2020-11-26 10:43:20
1808,60,153,"2","No","80",2020-11-24 02:55:43,2020-11-24 02:55:43
1809,238,153,"8","Yes","90",2020-11-24 02:57:58,2020-11-24 07:00:11
1810,241,153,"8","Yes","50",2020-11-24 03:05:43,2020-11-24 07:00:11
1811,184,153,"6","Yes","75",2020-11-24 03:36:22,2020-11-26 10:43:10
1812,95,153,"2","No","75",2020-11-24 03:37:43,2020-11-24 03:37:43
1813,95,153,"2","No","75",2020-11-24 03:37:47,2020-11-24 03:37:47
1814,95,153,"2","No","75",2020-11-24 03:37:52,2020-11-24 03:37:52
1815,95,153,"2","No","75",2020-11-24 03:38:05,2020-11-24 03:38:05
1816,133,153,"2","No","85.71",2020-11-24 03:38:34,2020-11-24 03:38:34
1817,95,153,"2","No","75",2020-11-24 03:38:58,2020-11-24 03:38:58
1818,95,153,"2","No","75",2020-11-24 03:39:03,2020-11-24 03:39:03
1819,95,153,"2","No","75",2020-11-24 03:39:05,2020-11-24 03:39:05
1820,95,153,"2","No","75",2020-11-24 03:39:08,2020-11-24 03:39:08
1821,95,153,"2","No","75",2020-11-24 03:39:10,2020-11-24 03:39:10
1822,95,153,"2","No","75",2020-11-24 03:39:12,2020-11-24 03:39:12
1823,95,153,"2","No","75",2020-11-24 03:39:14,2020-11-24 03:39:14
1824,95,153,"2","No","75",2020-11-24 03:39:16,2020-11-24 03:39:16
1825,95,153,"2","No","75",2020-11-24 03:39:38,2020-11-24 03:39:38
1826,95,153,"2","No","75",2020-11-24 03:39:44,2020-11-24 03:39:44
1827,95,153,"2","No","75",2020-11-24 03:39:52,2020-11-24 03:39:52
1828,95,153,"2","No","75",2020-11-24 03:40:08,2020-11-24 03:40:08
1829,133,153,"2","No","85.71",2020-11-24 03:52:32,2020-11-24 03:52:32
1830,149,153,"2","Yes","50",2020-11-24 03:55:19,2020-11-26 10:48:28
1831,95,153,"2","No","75",2020-11-24 03:55:47,2020-11-24 03:55:47
1832,98,153,"2","No","90",2020-11-24 04:16:02,2020-11-24 04:16:02
1833,65,153,"6","Yes","90",2020-11-24 04:29:26,2020-11-26 10:43:10
1834,162,153,"2","Yes","87.5",2020-11-24 05:09:20,2020-11-26 10:48:28
1835,32,153,"3","No","75",2020-11-24 05:26:32,2020-11-24 05:26:32
1836,32,153,"3","No","75",2020-11-24 05:27:04,2020-11-24 05:27:04
1837,34,153,"3","No","83.33",2020-11-24 05:28:45,2020-11-24 05:28:45
1838,57,153,"3","No","62.5",2020-11-24 05:30:32,2020-11-24 05:30:32
1839,32,153,"3","No","75",2020-11-24 05:41:15,2020-11-24 05:41:15
1840,32,153,"3","Yes","75",2020-11-24 05:41:39,2020-11-26 10:43:23
1841,110,153,"4","No","50",2020-11-24 06:07:04,2020-11-24 06:07:04
1842,234,153,"5","No","90",2020-11-24 06:12:11,2020-11-24 06:12:11
1843,29,153,"5","No","70",2020-11-24 13:16:47,2020-11-24 13:16:47
1844,42,153,"5","No","90",2020-11-24 14:29:36,2020-11-24 14:29:36
1845,54,153,"3","No","66.67",2020-11-24 18:38:47,2020-11-24 18:38:47
1846,54,153,"3","No","66.67",2020-11-24 18:39:09,2020-11-24 18:39:09
1847,261,99,"4","No","60",2020-11-25 15:08:16,2020-11-25 15:08:16
1848,261,99,"4","No","60",2020-11-25 15:17:51,2020-11-25 15:17:51
1849,233,153,"5","No","86.67",2020-11-25 15:32:39,2020-11-25 15:32:39
1850,42,153,"5","Yes","90",2020-11-25 15:36:05,2020-11-25 15:36:05
1851,60,153,"2","Yes","80",2020-11-25 15:55:26,2020-11-26 10:48:28
1852,59,153,"4","No","80",2020-11-25 16:00:50,2020-11-25 16:00:50
1853,59,153,"4","No","80",2020-11-25 16:01:04,2020-11-25 16:01:04
1854,59,153,"4","No","80",2020-11-25 16:05:41,2020-11-25 16:05:41
1855,58,153,"4","No","90",2020-11-25 16:22:39,2020-11-25 16:22:39
1856,261,99,"4","No","60",2020-11-25 17:40:44,2020-11-25 17:40:44
1857,261,153,"4","No","60",2020-11-25 17:41:46,2020-11-25 17:41:46
1858,231,153,"7","No","50",2020-11-25 17:42:39,2020-11-25 17:42:39
1859,58,99,"4","No","90",2020-11-25 17:42:56,2020-11-25 17:42:56
1860,122,99,"4","No","80",2020-11-25 17:43:38,2020-11-25 17:43:38
1861,120,99,"4","No","66.66",2020-11-25 17:44:19,2020-11-25 17:44:19
1862,47,99,"4","No","62.5",2020-11-25 17:44:53,2020-11-25 17:44:53
1863,192,99,"5","No","83.33",2020-11-25 17:45:39,2020-11-25 17:45:39
1864,244,153,"4","No","80",2020-11-25 17:47:41,2020-11-25 17:47:41
1865,261,153,"4","No","60",2020-11-25 17:48:10,2020-11-25 17:48:10
1866,243,153,"4","No","66.66",2020-11-25 17:48:37,2020-11-25 17:48:37
1867,65,99,"6","No","90",2020-11-25 18:11:22,2020-11-25 18:11:22
1868,234,153,"5","No","90",2020-11-25 21:54:14,2020-11-25 21:54:14
1869,261,153,"4","No","60",2020-11-27 11:24:34,2020-11-27 11:24:34
1870,246,153,"6","No","50",2020-11-27 11:27:38,2020-11-27 11:27:38
1871,245,153,"4","No","83.33",2020-11-27 11:27:50,2020-11-27 11:27:50
1872,244,153,"4","No","80",2020-11-27 11:27:59,2020-11-27 11:27:59
1873,245,153,"4","No","83.33",2020-11-27 17:15:01,2020-11-27 17:15:01
1874,261,153,"4","No","60",2020-11-27 17:15:21,2020-11-27 17:15:21
1875,58,99,"4","No","90",2020-11-30 14:24:22,2020-11-30 14:24:22
1876,110,153,"4","No","50",2020-11-30 14:59:10,2020-11-30 14:59:10
1877,246,153,"6","No","50",2020-12-01 14:11:18,2020-12-01 14:11:18
1878,38,153,"3","No","80",2020-12-01 21:31:24,2020-12-01 21:31:24
1879,169,153,"5","No","80",2020-12-01 21:33:27,2020-12-01 21:33:27
1880,54,153,"3","No","66.67",2020-12-01 21:33:36,2020-12-01 21:33:36
1881,34,99,"3","No","83.33",2020-12-02 16:27:26,2020-12-02 16:27:26
1882,52,99,"3","No","60",2020-12-02 17:41:35,2020-12-02 17:41:35
1883,188,153,"5","No","80",2020-12-04 05:59:42,2020-12-04 05:59:42
1884,246,153,"6","No","50",2020-12-07 06:27:59,2020-12-07 06:27:59
1885,246,153,"6","No","50",2020-12-07 06:28:11,2020-12-07 06:28:11
1886,246,153,"6","No","50",2020-12-07 14:45:51,2020-12-07 14:45:51
1887,246,153,"6","No","50",2020-12-07 14:47:09,2020-12-07 14:47:09
1888,53,96,"2","No","60",2020-12-07 14:47:24,2020-12-07 14:47:24
1889,188,153,"5","No","80",2020-12-07 14:57:56,2020-12-07 14:57:56
1890,241,172,"8","No","50",2020-12-07 21:09:22,2020-12-07 21:09:22
1891,246,153,"6","No","50",2020-12-08 04:45:53,2020-12-08 04:45:53
1892,45,153,"3","No","60",2020-12-08 20:08:04,2020-12-08 20:08:04
1893,148,153,"6","No","62.5",2020-12-08 22:17:08,2020-12-08 22:17:08
1894,45,153,"3","No","60",2020-12-09 03:22:39,2020-12-09 03:22:39
1895,246,153,"6","No","75",2020-12-09 04:17:36,2020-12-09 04:17:36
1896,45,172,"3","No","60",2020-12-09 13:01:14,2020-12-09 13:01:14
1897,131,172,"5","No","75",2020-12-09 13:05:49,2020-12-09 13:05:49
1898,57,172,"3","No","50",2020-12-09 13:07:33,2020-12-09 13:07:33
1899,198,153,"5","No","60",2020-12-10 13:14:23,2020-12-10 13:14:23
1900,246,153,"6","No","50",2020-12-10 13:56:44,2020-12-10 13:56:44
1901,246,153,"6","No","50",2020-12-10 13:57:17,2020-12-10 13:57:17
1902,198,153,"5","No","60",2020-12-11 04:37:55,2020-12-11 04:37:55
1903,165,153,"5","No","50",2020-12-11 14:19:10,2020-12-11 14:19:10
1904,31,153,"3","No","62.5",2020-12-11 17:22:50,2020-12-11 17:22:50
1905,37,153,"3","No","37.5",2020-12-14 03:33:03,2020-12-14 03:33:03
1906,246,153,"6","No","50",2020-12-14 04:13:04,2020-12-14 04:13:04
1907,246,153,"6","No","50",2020-12-14 04:13:21,2020-12-14 04:13:21
1908,246,153,"6","No","50",2020-12-14 04:13:45,2020-12-14 04:13:45
1909,246,153,"6","No","50",2020-12-14 04:13:52,2020-12-14 04:13:52
1910,45,153,"3","No","60",2020-12-14 17:56:57,2020-12-14 17:56:57
1911,58,153,"4","No","60",2020-12-14 18:08:47,2020-12-14 18:08:47
1912,52,153,"3","No","60",2020-12-14 22:14:49,2020-12-14 22:14:49
1913,133,153,"2","No","61.9",2020-12-14 22:16:16,2020-12-14 22:16:16
1914,127,153,"5","No","50",2020-12-15 01:54:35,2020-12-15 01:54:35
1915,99,153,"6","No","50",2020-12-15 01:57:00,2020-12-15 01:57:00
1916,106,153,"3","No","37.5",2020-12-15 01:57:18,2020-12-15 01:57:18
1917,32,153,"3","No","50",2020-12-15 01:57:24,2020-12-15 01:57:24
1918,108,153,"5","No","60",2020-12-15 01:57:35,2020-12-15 01:57:35
1919,107,153,"3","No","60",2020-12-15 01:57:44,2020-12-15 01:57:44
1920,129,153,"5","No","50",2020-12-15 01:58:39,2020-12-15 01:58:39
1921,246,153,"6","No","50",2020-12-15 13:33:48,2020-12-15 13:33:48
1922,122,153,"4","No","60",2020-12-15 13:34:27,2020-12-15 13:34:27
1923,246,153,"6","No","50",2020-12-15 13:47:48,2020-12-15 13:47:48
1924,246,153,"6","No","50",2020-12-15 19:29:25,2020-12-15 19:29:25
1925,133,153,"2","No","61.9",2020-12-15 19:31:12,2020-12-15 19:31:12
1926,246,153,"6","No","50",2020-12-15 19:33:01,2020-12-15 19:33:01
1927,246,153,"6","No","50",2020-12-15 19:34:35,2020-12-15 19:34:35
1928,246,153,"6","No","50",2020-12-15 19:35:08,2020-12-15 19:35:08
1929,63,153,"4","No","66.67",2020-12-15 20:49:20,2020-12-15 20:49:20
1930,37,153,"3","No","37.5",2020-12-15 21:12:49,2020-12-15 21:12:49
1931,246,153,"6","No","50",2020-12-15 21:46:24,2020-12-15 21:46:24
1932,45,153,"3","No","60",2020-12-15 21:46:33,2020-12-15 21:46:33
1933,38,153,"3","No","60",2020-12-16 06:04:31,2020-12-16 06:04:31
1934,246,153,"6","No","50",2020-12-16 07:53:49,2020-12-16 07:53:49
1935,45,153,"3","No","60",2020-12-16 07:54:12,2020-12-16 07:54:12
1936,122,153,"4","No","60",2020-12-16 08:09:49,2020-12-16 08:09:49
1937,246,153,"6","No","50",2020-12-16 08:16:58,2020-12-16 08:16:58
1938,231,153,"7","No","50",2020-12-16 08:18:34,2020-12-16 08:18:34
1939,246,153,"6","No","50",2020-12-16 08:19:57,2020-12-16 08:19:57
1940,246,153,"6","No","50",2020-12-16 08:20:04,2020-12-16 08:20:04
1941,246,153,"6","No","50",2020-12-16 08:31:42,2020-12-16 08:31:42
1942,246,153,"6","No","50",2020-12-16 08:32:19,2020-12-16 08:32:19
1943,246,153,"6","No","50",2020-12-16 08:37:42,2020-12-16 08:37:42
1944,246,153,"6","No","50",2020-12-16 09:03:07,2020-12-16 09:03:07
1945,188,153,"5","No","60",2020-12-16 09:57:03,2020-12-16 09:57:03
1946,246,153,"6","No","50",2020-12-16 12:43:03,2020-12-16 12:43:03
1947,122,153,"4","No","60",2020-12-16 12:43:11,2020-12-16 12:43:11
1948,246,153,"6","No","50",2020-12-16 12:43:23,2020-12-16 12:43:23
1949,246,153,"6","No","50",2020-12-16 12:43:28,2020-12-16 12:43:28
1950,58,153,"4","No","60",2020-12-16 16:26:59,2020-12-16 16:26:59
1951,174,153,"4","No","50",2020-12-17 03:28:49,2020-12-17 03:28:49
1952,87,153,"4","No","60",2020-12-17 15:56:15,2020-12-17 15:56:15
1953,37,153,"3","No","37.5",2020-12-18 01:39:50,2020-12-18 01:39:50
1954,50,153,"3","Yes","46.88",2020-12-18 02:01:50,2020-12-19 07:02:49
1955,37,153,"3","No","37.5",2020-12-18 05:47:33,2020-12-18 05:47:33
1956,50,153,"3","Yes","46.88",2020-12-18 06:21:53,2020-12-18 19:02:37
1957,262,99,"2","No","63",2020-12-18 14:17:38,2020-12-18 14:17:38
1958,263,99,"2","No","60",2020-12-18 14:26:38,2020-12-18 14:26:38
1959,264,99,"6","No","60",2020-12-18 14:53:36,2020-12-18 14:53:36
1960,265,99,"6","No","60",2020-12-18 14:59:14,2020-12-18 14:59:14
1961,266,99,"7","No","60",2020-12-18 15:12:42,2020-12-18 15:12:42
1962,267,99,"5","No","60",2020-12-18 15:18:20,2020-12-18 15:18:20
1963,268,99,"5","No","60",2020-12-18 15:24:33,2020-12-18 15:24:33
1964,269,99,"5","No","60",2020-12-18 15:30:42,2020-12-18 15:30:42
1965,270,99,"5","No","75",2020-12-18 15:41:53,2020-12-18 15:41:53
1966,272,99,"8","No","63",2020-12-18 15:59:10,2020-12-18 15:59:10
1967,273,99,"8","No","75",2020-12-18 16:03:41,2020-12-18 16:03:41
1968,116,153,"5","No","50",2020-12-18 16:03:43,2020-12-18 16:03:43
1969,245,99,"4","No","65",2020-12-18 16:05:46,2020-12-18 16:05:46
1970,274,99,"8","No","60",2020-12-18 16:11:46,2020-12-18 16:11:46
1971,275,99,"8","No","60",2020-12-18 16:16:33,2020-12-18 16:16:33
1972,241,153,"8","No","50",2020-12-18 17:35:40,2020-12-18 17:35:40
1973,276,99,"4","No","60",2020-12-21 10:37:44,2020-12-21 10:37:44
1974,277,99,"4","No","60",2020-12-21 10:48:21,2020-12-21 10:48:21
1975,278,99,"4","No","60",2020-12-21 10:54:47,2020-12-21 10:54:47
1976,266,99,"7","No","60",2020-12-21 10:57:18,2020-12-21 10:57:18
1977,104,99,"3","No","60",2020-12-21 11:12:57,2020-12-21 11:12:57
1978,263,99,"2","No","60",2020-12-21 12:42:57,2020-12-21 12:42:57
1979,279,99,"2","No","70",2020-12-21 12:48:47,2020-12-21 12:48:47
1980,280,99,"7","No","55",2020-12-21 16:26:55,2020-12-21 16:26:55
1981,281,99,"7","No","55",2020-12-21 16:30:32,2020-12-21 16:30:32
1982,282,99,"7","No","63",2020-12-21 16:34:57,2020-12-21 16:34:57
1983,283,99,"7","No","63",2020-12-21 16:38:57,2020-12-21 16:38:57
1984,284,99,"7","No","55",2020-12-21 16:42:42,2020-12-21 16:42:42
1985,285,99,"7","No","55",2020-12-21 16:46:46,2020-12-21 16:46:46
1986,286,99,"5","No","63",2020-12-21 17:14:49,2020-12-21 17:14:49
1987,287,99,"5","No","75",2020-12-21 17:22:26,2020-12-21 17:22:26
1988,274,99,"8","No","60",2020-12-21 17:26:06,2020-12-21 17:26:06
1989,246,153,"6","No","50",2020-12-21 18:38:44,2020-12-21 18:38:44
1990,191,153,"5","No","50",2020-12-21 18:39:31,2020-12-21 18:39:31
1991,288,99,"8","No","63",2020-12-22 09:23:25,2020-12-22 09:23:25
1992,289,99,"8","No","63",2020-12-22 09:26:29,2020-12-22 09:26:29
1993,290,99,"8","No","60",2020-12-22 09:30:07,2020-12-22 09:30:07
1994,291,99,"8","No","60",2020-12-22 09:33:06,2020-12-22 09:33:06
1995,292,99,"8","No","60",2020-12-22 09:37:01,2020-12-22 09:37:01
1996,293,99,"8","No","63",2020-12-22 09:41:04,2020-12-22 09:41:04
1997,294,99,"8","No","65",2020-12-22 09:44:09,2020-12-22 09:44:09
1998,295,99,"8","No","65",2020-12-22 09:46:45,2020-12-22 09:46:45
1999,296,99,"4","No","60",2020-12-22 10:37:04,2020-12-22 10:37:04
2000,297,99,"8","No","60",2020-12-22 10:40:29,2020-12-22 10:40:29
2001,298,99,"8","No","63",2020-12-22 10:45:04,2020-12-22 10:45:04
2002,299,99,"8","No","63",2020-12-22 10:48:10,2020-12-22 10:48:10
2003,300,99,"4","No","60",2020-12-22 10:54:07,2020-12-22 10:54:07
2004,287,99,"5","No","75",2020-12-22 11:17:24,2020-12-22 11:17:24
2005,274,99,"8","No","60",2020-12-22 11:17:41,2020-12-22 11:17:41
2006,263,99,"2","No","60",2020-12-22 11:19:11,2020-12-22 11:19:11
2007,274,99,"8","No","60",2020-12-22 11:19:36,2020-12-22 11:19:36
2008,104,99,"3","No","60",2020-12-22 11:19:48,2020-12-22 11:19:48
2009,276,99,"4","No","60",2020-12-22 11:41:36,2020-12-22 11:41:36
2010,136,153,"4","No","66.67",2020-12-22 21:40:19,2020-12-22 21:40:19
2011,238,153,"8","No","60",2020-12-23 21:06:15,2020-12-23 21:06:15
2012,185,153,"7","No","50",2020-12-23 21:08:10,2020-12-23 21:08:10
2013,241,153,"8","No","50",2020-12-26 17:28:54,2020-12-26 17:28:54
2014,127,153,"5","No","50",2020-12-26 17:53:32,2020-12-26 17:53:32
2015,65,153,"6","No","60",2020-12-26 17:57:28,2020-12-26 17:57:28
2016,65,153,"6","Yes","60",2020-12-26 21:13:57,2020-12-28 19:01:17
2017,148,153,"6","No","50",2020-12-26 21:27:14,2020-12-26 21:27:14
2018,301,99,"4","No","60",2020-12-30 09:33:53,2020-12-30 09:33:53
2019,302,99,"5","No","63",2020-12-30 10:04:47,2020-12-30 10:04:47
2020,303,99,"5","No","60",2020-12-30 10:20:39,2020-12-30 10:20:39
2021,31,153,"3","No","62.5",2020-12-30 19:12:27,2020-12-30 19:12:27
2022,34,153,"3","No","41.67",2021-01-04 23:02:04,2021-01-04 23:02:04
2023,45,153,"3","No","60",2021-01-05 17:50:35,2021-01-05 17:50:35
2024,45,153,"3","No","60",2021-01-05 17:51:33,2021-01-05 17:51:33
2025,150,153,"4","No","50",2021-01-05 18:09:33,2021-01-05 18:09:33
2026,65,153,"6","No","60",2021-01-05 18:09:54,2021-01-05 18:09:54
2027,65,153,"6","No","60",2021-01-05 18:11:15,2021-01-05 18:11:15
2028,65,153,"6","No","60",2021-01-05 18:11:17,2021-01-05 18:11:17
2029,65,153,"6","No","60",2021-01-05 18:11:33,2021-01-05 18:11:33
2030,65,153,"6","No","60",2021-01-05 18:22:14,2021-01-05 18:22:14
2031,65,153,"6","No","60",2021-01-05 18:22:20,2021-01-05 18:22:20
2032,65,153,"6","Yes","60",2021-01-05 18:25:01,2021-01-06 07:21:53
2033,269,153,"5","No","60",2021-01-05 19:04:21,2021-01-05 19:04:21
2034,65,153,"6","No","60",2021-01-05 19:31:00,2021-01-05 19:31:00
2035,32,153,"3","No","50",2021-01-05 19:55:35,2021-01-05 19:55:35
2036,32,153,"3","Yes","50",2021-01-05 21:16:52,2021-01-08 07:00:02
2037,75,96,"3","No","60",2021-01-05 22:55:09,2021-01-05 22:55:09
2038,31,99,"3","No","60",2021-01-06 09:56:14,2021-01-06 09:56:14
2039,31,99,"4","No","60",2021-01-06 09:58:57,2021-01-06 09:58:57
2040,298,99,"4","Yes","63",2021-01-06 10:18:32,2021-01-06 10:18:32
2041,297,99,"4","No","60",2021-01-06 10:21:49,2021-01-06 10:21:49
2042,299,99,"4","No","63",2021-01-06 10:22:46,2021-01-06 10:22:46
2043,274,99,"8","Yes","60",2021-01-06 10:24:25,2021-01-06 10:24:25
2044,104,99,"2","No","60",2021-01-06 10:25:55,2021-01-06 10:25:55
2045,104,99,"2","No","60",2021-01-06 10:26:27,2021-01-06 10:26:27
2046,304,99,"7","No","63",2021-01-06 12:22:08,2021-01-06 12:22:08
2047,305,99,"7","No","63",2021-01-06 12:26:07,2021-01-06 12:26:07
2048,306,99,"7","No","63",2021-01-06 12:29:52,2021-01-06 12:29:52
2049,307,99,"7","No","60",2021-01-06 12:34:19,2021-01-06 12:34:19
2050,308,99,"7","No","60",2021-01-06 12:38:18,2021-01-06 12:38:18
2051,308,99,"7","No","60",2021-01-06 12:42:30,2021-01-06 12:42:30
2052,309,99,"7","No","60",2021-01-06 12:47:20,2021-01-06 12:47:20
2053,310,99,"7","No","60",2021-01-06 12:51:00,2021-01-06 12:51:00
2054,311,99,"7","No","60",2021-01-06 12:56:21,2021-01-06 12:56:21
2055,45,153,"3","No","60",2021-01-06 16:27:20,2021-01-06 16:27:20
2056,122,153,"4","No","60",2021-01-06 16:27:47,2021-01-06 16:27:47
2057,41,153,"3","No","41.67",2021-01-06 16:28:42,2021-01-06 16:28:42
2058,31,153,"4","No","60",2021-01-06 16:29:57,2021-01-06 16:29:57
2059,188,153,"5","No","60",2021-01-06 17:11:51,2021-01-06 17:11:51
2060,54,153,"3","No","66.67",2021-01-06 17:12:09,2021-01-06 17:12:09
2061,54,153,"3","No","66.67",2021-01-06 17:12:15,2021-01-06 17:12:15
2062,54,153,"3","No","66.67",2021-01-06 17:12:19,2021-01-06 17:12:19
2063,54,153,"3","No","66.67",2021-01-06 17:12:30,2021-01-06 17:12:30
2064,54,153,"3","No","66.67",2021-01-06 17:12:33,2021-01-06 17:12:33
2065,54,153,"3","Yes","66.67",2021-01-06 17:43:21,2021-01-07 19:00:03
2066,190,153,"5","No","83.33",2021-01-06 21:01:03,2021-01-06 21:01:03
2067,269,153,"5","No","60",2021-01-07 18:08:10,2021-01-07 18:08:10
2068,32,153,"3","No","50",2021-01-08 16:50:38,2021-01-08 16:50:38
2069,127,153,"5","No","50",2021-01-08 18:48:00,2021-01-08 18:48:00
2070,241,153,"8","No","50",2021-01-09 14:29:53,2021-01-09 14:29:53
2071,241,153,"8","No","50",2021-01-09 14:42:12,2021-01-09 14:42:12
2072,127,153,"5","Yes","50",2021-01-09 15:06:15,2021-01-09 19:01:31
2073,57,153,"3","No","62.5",2021-01-10 17:11:44,2021-01-10 17:11:44
2074,303,99,"5","No","60",2021-01-11 11:01:29,2021-01-11 11:01:29
2075,274,99,"8","No","60",2021-01-11 11:02:01,2021-01-11 11:02:01
2076,29,1,"5","No","50",2021-01-11 16:26:05,2021-01-11 16:26:05
2077,29,1,"5","No","50",2021-01-11 16:32:30,2021-01-11 16:32:30
2078,65,153,"6","Yes","60",2021-01-11 19:27:58,2021-01-12 07:01:25
2079,110,153,"4","No","50",2021-01-11 19:35:50,2021-01-11 19:35:50
2080,85,153,"3","No","62.5",2021-01-11 19:36:04,2021-01-11 19:36:04
2081,112,153,"3","No","62.5",2021-01-11 19:36:13,2021-01-11 19:36:13
2082,127,153,"5","No","50",2021-01-11 19:36:24,2021-01-11 19:36:24
2083,41,96,"3","Yes","60",2021-01-11 21:26:57,2021-01-11 21:26:57
2084,122,153,"4","No","60",2021-01-12 10:58:58,2021-01-12 10:58:58
2085,45,153,"3","No","60",2021-01-12 14:14:59,2021-01-12 14:14:59
2086,136,153,"4","No","66.67",2021-01-12 14:17:15,2021-01-12 14:17:15
2087,95,153,"2","No","50",2021-01-12 14:17:27,2021-01-12 14:17:27
2088,176,153,"5","No","57.14",2021-01-12 14:32:42,2021-01-12 14:32:42
2089,42,96,"5","Yes","70",2021-01-12 19:20:22,2021-01-12 19:20:22
2090,99,153,"6","No","50",2021-01-12 20:30:52,2021-01-12 20:30:52
2091,40,153,"4","No","66.67",2021-01-12 20:36:54,2021-01-12 20:36:54
2092,132,153,"2","No","62.5",2021-01-12 21:19:54,2021-01-12 21:19:54
2093,174,153,"4","No","50",2021-01-12 21:22:35,2021-01-12 21:22:35
2094,45,153,"3","No","60",2021-01-12 22:26:57,2021-01-12 22:26:57
2095,312,99,"6","Yes","60",2021-01-13 10:18:03,2021-01-13 10:18:03
2096,313,99,"7","No","60",2021-01-13 10:29:38,2021-01-13 10:29:38
2097,315,99,"5","No","65",2021-01-13 11:29:55,2021-01-13 11:29:55
2098,315,99,"5","No","65",2021-01-13 11:30:26,2021-01-13 11:30:26
2099,316,99,"8","No","65",2021-01-13 11:43:49,2021-01-13 11:43:49
2100,317,99,"4","No","63",2021-01-13 11:59:34,2021-01-13 11:59:34
2101,318,99,"4","No","63",2021-01-13 14:11:04,2021-01-13 14:11:04
2102,319,99,"4","No","70",2021-01-13 14:24:13,2021-01-13 14:24:13
2103,320,99,"4","No","55",2021-01-13 14:33:09,2021-01-13 14:33:09
2104,321,99,"4","No","60",2021-01-13 15:29:46,2021-01-13 15:29:46
2105,269,153,"5","No","60",2021-01-13 15:49:25,2021-01-13 15:49:25
2106,45,153,"3","No","60",2021-01-13 18:18:09,2021-01-13 18:18:09
2107,189,153,"5","No","50",2021-01-13 19:33:17,2021-01-13 19:33:17
2108,127,153,"5","No","50",2021-01-13 20:13:59,2021-01-13 20:13:59
2109,45,153,"3","No","60",2021-01-15 16:45:47,2021-01-15 16:45:47
2110,65,153,"6","Yes","60",2021-01-15 17:44:45,2021-01-16 07:01:25
2111,322,99,"8","No","60",2021-01-19 09:57:13,2021-01-19 09:57:13
2112,315,99,"5","No","65",2021-01-19 09:58:39,2021-01-19 09:58:39
2113,314,99,"5","No","60",2021-01-19 10:02:12,2021-01-19 10:02:12
2114,324,99,"7","No","60",2021-01-19 10:43:11,2021-01-19 10:43:11
2115,323,99,"7","No","60",2021-01-19 10:43:38,2021-01-19 10:43:38
2116,325,99,"8","No","65",2021-01-19 11:30:30,2021-01-19 11:30:30
2117,326,99,"8","No","60",2021-01-19 11:39:35,2021-01-19 11:39:35
2118,327,99,"8","No","60",2021-01-19 11:57:49,2021-01-19 11:57:49
2119,328,99,"8","No","65",2021-01-19 12:14:34,2021-01-19 12:14:34
2120,329,99,"8","No","63",2021-01-19 12:21:14,2021-01-19 12:21:14
2121,246,153,"6","No","50",2021-01-19 12:22:53,2021-01-19 12:22:53
2122,330,99,"8","No","65",2021-01-19 12:29:07,2021-01-19 12:29:07
2123,331,99,"8","No","63",2021-01-19 12:36:18,2021-01-19 12:36:18
2124,246,153,"6","No","50",2021-01-19 13:51:09,2021-01-19 13:51:09
2125,332,99,"7","No","65",2021-01-19 15:13:17,2021-01-19 15:13:17
2126,333,99,"7","No","75",2021-01-19 15:20:49,2021-01-19 15:20:49
2127,334,99,"7","No","63",2021-01-19 15:47:35,2021-01-19 15:47:35
2128,336,99,"4","No","65",2021-01-19 16:15:41,2021-01-19 16:15:41
2129,337,99,"4","No","60",2021-01-19 16:36:49,2021-01-19 16:36:49
2130,338,99,"4","No","60",2021-01-19 17:15:10,2021-01-19 17:15:10
2131,303,99,"5","No","60",2021-01-20 10:03:22,2021-01-20 10:03:22
2132,303,99,"5","No","60",2021-01-20 10:14:33,2021-01-20 10:14:33
2133,335,99,"7","No","63",2021-01-20 10:14:54,2021-01-20 10:14:54
2134,322,99,"8","No","60",2021-01-20 10:15:32,2021-01-20 10:15:32
2135,323,99,"7","No","60",2021-01-20 10:15:50,2021-01-20 10:15:50
2136,324,99,"7","No","60",2021-01-20 10:16:09,2021-01-20 10:16:09
2137,246,153,"6","No","50",2021-01-20 14:46:06,2021-01-20 14:46:06
2138,246,153,"6","No","50",2021-01-20 14:47:40,2021-01-20 14:47:40
2139,246,153,"6","No","50",2021-01-20 14:47:59,2021-01-20 14:47:59
2140,246,153,"6","No","50",2021-01-20 14:51:52,2021-01-20 14:51:52
2141,246,153,"6","No","50",2021-01-21 14:55:48,2021-01-21 14:55:48
2142,246,153,"6","No","50",2021-01-21 15:06:56,2021-01-21 15:06:56
2143,241,96,"8","Yes","50",2021-01-21 21:09:58,2021-01-21 21:09:58
2144,33,162,"3","No","60",2021-01-22 00:05:22,2021-01-22 00:05:22
2145,246,153,"6","No","50",2021-01-22 14:33:10,2021-01-22 14:33:10
2146,99,153,"6","No","50",2021-01-25 13:58:07,2021-01-25 13:58:07
2147,106,153,"3","No","37.5",2021-01-25 17:41:00,2021-01-25 17:41:00
2148,65,153,"6","Yes","60",2021-01-25 17:43:26,2021-01-26 07:01:00
2149,65,153,"6","No","60",2021-01-25 18:44:07,2021-01-25 18:44:07
2150,45,153,"3","No","60",2021-01-25 20:08:07,2021-01-25 20:08:07
2151,169,153,"5","No","60",2021-01-25 20:08:32,2021-01-25 20:08:32
2152,65,153,"6","No","60",2021-01-25 20:10:32,2021-01-25 20:10:32
2153,192,153,"5","No","50",2021-01-25 20:10:47,2021-01-25 20:10:47
2154,266,153,"7","No","60",2021-01-25 20:11:05,2021-01-25 20:11:05
2155,246,153,"6","No","50",2021-01-25 20:16:14,2021-01-25 20:16:14
2156,32,153,"3","No","50",2021-01-25 20:19:21,2021-01-25 20:19:21
2157,32,153,"3","No","50",2021-01-26 02:14:03,2021-01-26 02:14:03
2158,32,153,"3","No","50",2021-01-26 02:23:29,2021-01-26 02:23:29
2159,32,153,"3","Yes","50",2021-01-26 02:42:16,2021-01-28 07:00:06
2160,45,153,"3","No","60",2021-01-26 14:12:17,2021-01-26 14:12:17
2161,246,153,"6","No","50",2021-01-26 16:39:05,2021-01-26 16:39:05
2162,246,153,"6","No","50",2021-01-26 16:40:03,2021-01-26 16:40:03
2163,338,96,"4","No","60",2021-01-26 17:17:30,2021-01-26 17:17:30
2164,338,96,"4","No","60",2021-01-26 18:41:09,2021-01-26 18:41:09
2165,241,153,"8","No","50",2021-01-26 19:54:45,2021-01-26 19:54:45
2166,339,99,"2","Yes","60",2021-01-27 10:42:17,2021-01-27 10:42:17
2167,303,99,"5","No","60",2021-01-27 10:42:50,2021-01-27 10:42:50
2168,340,99,"7","No","60",2021-01-27 10:46:34,2021-01-27 10:46:34
2169,341,99,"8","No","60",2021-01-27 11:01:18,2021-01-27 11:01:18
2170,342,99,"8","No","60",2021-01-27 11:22:29,2021-01-27 11:22:29
2171,343,99,"8","No","65",2021-01-27 11:31:47,2021-01-27 11:31:47
2172,344,99,"8","No","65",2021-01-27 11:45:44,2021-01-27 11:45:44
2173,345,99,"8","No","60",2021-01-27 11:50:30,2021-01-27 11:50:30
2174,346,99,"8","No","60",2021-01-27 11:59:49,2021-01-27 11:59:49
2175,347,99,"8","No","60",2021-01-27 12:05:07,2021-01-27 12:05:07
2176,348,99,"4","No","65",2021-01-27 12:39:24,2021-01-27 12:39:24
2177,349,99,"4","No","60",2021-01-27 14:17:13,2021-01-27 14:17:13
2178,350,99,"3","Yes","60",2021-01-27 14:56:49,2021-01-27 14:56:49
2179,352,99,"3","No","65",2021-01-27 15:04:12,2021-01-27 15:04:12
2180,352,99,"3","No","65",2021-01-27 15:04:45,2021-01-27 15:04:45
2181,352,99,"3","No","65",2021-01-27 15:06:48,2021-01-27 15:06:48
2182,353,99,"3","No","60",2021-01-27 15:09:34,2021-01-27 15:09:34
2183,32,153,"3","No","50",2021-01-27 15:48:40,2021-01-27 15:48:40
2184,32,153,"3","Yes","50",2021-01-27 21:29:07,2021-01-29 19:00:03
2185,246,153,"6","No","50",2021-01-29 11:35:31,2021-01-29 11:35:31
2186,246,153,"6","No","50",2021-01-29 16:25:19,2021-01-29 16:25:19
2187,338,96,"4","Yes","60",2021-01-29 16:31:37,2021-01-29 16:31:37
2188,116,99,"5","No","75",2021-02-01 10:56:01,2021-02-01 10:56:01
2189,246,153,"6","No","50",2021-02-01 12:35:26,2021-02-01 12:35:26
2190,116,99,"5","No","75",2021-02-01 13:16:47,2021-02-01 13:16:47
2191,303,99,"5","No","60",2021-02-01 13:22:25,2021-02-01 13:22:25
2192,125,99,"5","No","60",2021-02-01 14:13:12,2021-02-01 14:13:12
2193,183,153,"6","Yes","60",2021-02-01 14:20:16,2021-02-02 07:01:48
2194,260,99,"7","No","60",2021-02-01 14:26:24,2021-02-01 14:26:24
2195,57,153,"3","No","62.5",2021-02-01 14:32:10,2021-02-01 14:32:10
2196,122,99,"4","No","60",2021-02-01 15:30:10,2021-02-01 15:30:10
2197,45,153,"3","No","60",2021-02-01 16:38:56,2021-02-01 16:38:56
2198,354,99,"5","No","60",2021-02-02 09:49:05,2021-02-02 09:49:05
2199,242,99,"8","No","62.5",2021-02-02 15:20:17,2021-02-02 15:20:17
2200,192,153,"5","No","50",2021-02-03 17:30:14,2021-02-03 17:30:14
2201,246,153,"6","No","100",2021-02-04 13:27:35,2021-02-04 13:27:35
2202,246,153,"6","No","100",2021-02-04 13:52:55,2021-02-04 13:52:55
2203,57,153,"3","Yes","62.5",2021-02-04 17:26:32,2021-02-11 19:00:02
2204,270,153,"5","No","100",2021-02-04 17:27:11,2021-02-04 17:27:11
2205,65,153,"6","No","60",2021-02-04 18:20:53,2021-02-04 18:20:53
2206,118,153,"3","No","60",2021-02-04 19:59:42,2021-02-04 19:59:42
2207,312,153,"6","No","37.5",2021-02-04 20:35:28,2021-02-04 20:35:28
2208,241,153,"8","No","60",2021-02-05 14:16:01,2021-02-05 14:16:01
2209,241,153,"8","No","60",2021-02-05 14:17:03,2021-02-05 14:17:03
2210,241,153,"8","No","60",2021-02-05 16:36:13,2021-02-05 16:36:13
2211,148,153,"6","No","62.5",2021-02-05 20:50:36,2021-02-05 20:50:36
2212,183,153,"6","No","60",2021-02-05 23:01:26,2021-02-05 23:01:26
2213,66,153,"5","No","60",2021-02-08 22:48:15,2021-02-08 22:48:15
2214,66,153,"5","No","60",2021-02-08 22:48:59,2021-02-08 22:48:59
2215,99,153,"6","No","50",2021-02-08 22:51:25,2021-02-08 22:51:25
2216,183,153,"6","No","60",2021-02-09 01:18:54,2021-02-09 01:18:54
2217,148,153,"6","No","62.5",2021-02-09 14:44:14,2021-02-09 14:44:14
2218,241,153,"8","No","60",2021-02-09 14:46:53,2021-02-09 14:46:53
2219,246,153,"6","No","100",2021-02-09 14:59:05,2021-02-09 14:59:05
2220,119,153,"4","No","60",2021-02-09 15:10:48,2021-02-09 15:10:48
2221,241,153,"8","No","60",2021-02-09 23:09:58,2021-02-09 23:09:58
2222,145,99,"3","No","63",2021-02-10 10:32:18,2021-02-10 10:32:18
2223,145,99,"3","No","63",2021-02-10 11:50:31,2021-02-10 11:50:31
2224,110,153,"4","No","50",2021-02-11 19:17:28,2021-02-11 19:17:28
2225,246,153,"6","No","100",2021-02-12 15:24:46,2021-02-12 15:24:46
2226,183,153,"6","No","60",2021-02-12 23:47:46,2021-02-12 23:47:46
2227,183,153,"6","Yes","60",2021-02-13 20:48:12,2021-02-15 07:01:50
2228,280,99,"7","No","55",2021-02-16 11:18:13,2021-02-16 11:18:13
2229,298,99,"4","No","63",2021-02-16 11:18:30,2021-02-16 11:18:30
2230,298,99,"4","No","63",2021-02-16 11:20:04,2021-02-16 11:20:04
2231,117,99,"5","No","60",2021-02-16 11:20:24,2021-02-16 11:20:24
2232,303,99,"5","No","60",2021-02-16 11:20:36,2021-02-16 11:20:36
2233,138,99,"3","No","65",2021-02-16 11:20:46,2021-02-16 11:20:46
2234,122,99,"4","No","60",2021-02-16 11:21:00,2021-02-16 11:21:00
2235,147,99,"3","No","60",2021-02-16 11:21:14,2021-02-16 11:21:14
2236,73,99,"3","No","50",2021-02-16 11:21:27,2021-02-16 11:21:27
2237,350,99,"3","No","60",2021-02-16 11:22:03,2021-02-16 11:22:03
2238,301,99,"4","No","60",2021-02-16 11:22:17,2021-02-16 11:22:17
2239,301,99,"4","No","60",2021-02-16 11:22:35,2021-02-16 11:22:35
2240,250,99,"4","No","65",2021-02-16 11:22:38,2021-02-16 11:22:38
2241,169,99,"5","No","60",2021-02-16 11:22:41,2021-02-16 11:22:41
2242,69,99,"3","No","60",2021-02-16 11:23:01,2021-02-16 11:23:01
2243,331,99,"8","No","63",2021-02-16 11:23:26,2021-02-16 11:23:26
2244,252,99,"8","No","65",2021-02-16 11:23:39,2021-02-16 11:23:39
2245,302,99,"5","No","63",2021-02-16 11:24:52,2021-02-16 11:24:52
2246,71,99,"3","No","60",2021-02-16 11:25:02,2021-02-16 11:25:02
2247,232,99,"7","No","60",2021-02-16 11:25:17,2021-02-16 11:25:17
2248,81,99,"3","No","75",2021-02-16 11:25:33,2021-02-16 11:25:33
2249,202,99,"4","No","63",2021-02-16 11:25:47,2021-02-16 11:25:47
2250,257,99,"7","No","60",2021-02-16 11:26:10,2021-02-16 11:26:10
2251,208,99,"5","No","60",2021-02-16 11:26:45,2021-02-16 11:26:45
2252,290,99,"8","No","60",2021-02-16 11:27:04,2021-02-16 11:27:04
2253,76,99,"3","No","60",2021-02-16 11:27:16,2021-02-16 11:27:16
2254,209,99,"5","No","60",2021-02-16 11:28:00,2021-02-16 11:28:00
2255,287,99,"5","No","75",2021-02-16 11:28:15,2021-02-16 11:28:15
2256,60,99,"2","No","60",2021-02-16 11:28:27,2021-02-16 11:28:27
2257,328,99,"8","No","65",2021-02-16 11:28:39,2021-02-16 11:28:39
2258,173,99,"4","No","60",2021-02-16 11:28:52,2021-02-16 11:28:52
2259,279,99,"2","No","70",2021-02-16 11:29:25,2021-02-16 11:29:25
2260,304,99,"7","No","63",2021-02-16 11:30:10,2021-02-16 11:30:10
2261,255,99,"8","No","60",2021-02-16 11:30:35,2021-02-16 11:30:35
2262,133,99,"2","No","63",2021-02-16 11:30:47,2021-02-16 11:30:47
2263,151,99,"4","No","60",2021-02-16 11:31:02,2021-02-16 11:31:02
2264,151,99,"4","No","60",2021-02-16 11:31:22,2021-02-16 11:31:22
2265,225,99,"7","No","65",2021-02-16 11:31:25,2021-02-16 11:31:25
2266,352,99,"3","No","65",2021-02-16 11:31:42,2021-02-16 11:31:42
2267,327,99,"8","No","60",2021-02-16 11:31:58,2021-02-16 11:31:58
2268,103,99,"5","No","55",2021-02-16 11:32:10,2021-02-16 11:32:10
2269,353,99,"3","No","60",2021-02-16 11:32:48,2021-02-16 11:32:48
2270,305,99,"7","No","63",2021-02-16 11:32:58,2021-02-16 11:32:58
2271,326,99,"8","No","60",2021-02-16 11:33:29,2021-02-16 11:33:29
2272,299,99,"4","No","63",2021-02-16 11:33:40,2021-02-16 11:33:40
2273,210,99,"5","No","55",2021-02-16 11:33:49,2021-02-16 11:33:49
2274,336,99,"4","No","65",2021-02-16 11:34:02,2021-02-16 11:34:02
2275,203,99,"4","No","65",2021-02-16 11:34:42,2021-02-16 11:34:42
2276,258,99,"7","No","60",2021-02-16 11:34:54,2021-02-16 11:34:54
2277,152,99,"4","No","75",2021-02-16 11:35:07,2021-02-16 11:35:07
2278,211,99,"5","No","65",2021-02-16 11:35:21,2021-02-16 11:35:21
2279,337,99,"4","No","60",2021-02-16 11:35:38,2021-02-16 11:35:38
2280,175,99,"4","No","63",2021-02-16 11:36:00,2021-02-16 11:36:00
2281,341,99,"8","No","60",2021-02-16 11:36:12,2021-02-16 11:36:12
2282,342,99,"8","No","60",2021-02-16 11:36:26,2021-02-16 11:36:26
2283,146,99,"3","No","60",2021-02-16 11:36:41,2021-02-16 11:36:41
2284,347,99,"8","No","60",2021-02-16 11:36:57,2021-02-16 11:36:57
2285,145,99,"3","No","63",2021-02-16 11:37:20,2021-02-16 11:37:20
2286,127,99,"5","No","60",2021-02-16 11:37:35,2021-02-16 11:37:35
2287,226,99,"7","No","60",2021-02-16 11:38:01,2021-02-16 11:38:01
2288,115,99,"2","No","70",2021-02-16 11:38:27,2021-02-16 11:38:27
2289,276,99,"4","No","60",2021-02-16 11:38:46,2021-02-16 11:38:46
2290,137,99,"4","No","60",2021-02-16 11:38:58,2021-02-16 11:38:58
2291,247,99,"4","No","65",2021-02-16 11:39:19,2021-02-16 11:39:19
2292,292,99,"8","No","60",2021-02-16 11:39:32,2021-02-16 11:39:32
2293,340,99,"7","No","60",2021-02-16 11:39:44,2021-02-16 11:39:44
2294,318,99,"4","No","63",2021-02-16 11:40:03,2021-02-16 11:40:03
2295,260,99,"7","No","60",2021-02-16 11:40:19,2021-02-16 11:40:19
2296,248,99,"4","No","60",2021-02-16 11:40:40,2021-02-16 11:40:40
2297,297,99,"4","No","60",2021-02-16 11:40:57,2021-02-16 11:40:57
2298,291,99,"8","No","60",2021-02-16 11:41:09,2021-02-16 11:41:09
2299,349,99,"4","No","60",2021-02-16 11:41:25,2021-02-16 11:41:25
2300,338,99,"4","No","60",2021-02-16 11:41:48,2021-02-16 11:41:48
2301,139,99,"3","No","60",2021-02-16 11:42:00,2021-02-16 11:42:00
2302,346,99,"8","No","60",2021-02-16 11:42:14,2021-02-16 11:42:14
2303,227,99,"7","No","63",2021-02-16 11:42:31,2021-02-16 11:42:31
2304,116,99,"5","No","75",2021-02-16 11:44:39,2021-02-16 11:44:39
2305,274,99,"8","No","60",2021-02-16 11:45:11,2021-02-16 11:45:11
2306,274,99,"8","No","60",2021-02-16 11:45:40,2021-02-16 11:45:40
2307,266,99,"7","No","60",2021-02-16 11:45:56,2021-02-16 11:45:56
2308,153,99,"4","No","60",2021-02-16 11:46:12,2021-02-16 11:46:12
2309,253,99,"8","No","60",2021-02-16 11:46:25,2021-02-16 11:46:25
2310,251,99,"8","No","60",2021-02-16 11:46:43,2021-02-16 11:46:43
2311,332,99,"7","No","65",2021-02-16 11:47:03,2021-02-16 11:47:03
2312,334,99,"7","No","63",2021-02-16 11:47:26,2021-02-16 11:47:26
2313,284,99,"7","No","55",2021-02-16 11:49:26,2021-02-16 11:49:26
2314,345,99,"8","No","60",2021-02-16 11:49:49,2021-02-16 11:49:49
2315,140,99,"3","No","60",2021-02-16 11:50:01,2021-02-16 11:50:01
2316,212,99,"5","No","65",2021-02-16 11:50:17,2021-02-16 11:50:17
2317,105,99,"4","No","60",2021-02-16 11:50:28,2021-02-16 11:50:28
2318,310,99,"7","No","60",2021-02-16 11:50:46,2021-02-16 11:50:46
2319,168,99,"5","No","55",2021-02-16 11:51:05,2021-02-16 11:51:05
2320,200,99,"2","No","55",2021-02-16 11:51:18,2021-02-16 11:51:18
2321,343,99,"8","No","65",2021-02-16 11:51:40,2021-02-16 11:51:40
2322,254,99,"8","No","65",2021-02-16 11:52:04,2021-02-16 11:52:04
2323,281,99,"7","No","55",2021-02-16 11:52:17,2021-02-16 11:52:17
2324,295,99,"8","No","65",2021-02-16 11:52:54,2021-02-16 11:52:54
2325,288,99,"8","No","63",2021-02-16 11:53:09,2021-02-16 11:53:09
2326,323,99,"7","No","60",2021-02-16 11:54:03,2021-02-16 11:54:03
2327,333,99,"7","No","75",2021-02-16 11:54:35,2021-02-16 11:54:35
2328,333,99,"7","No","75",2021-02-16 11:54:57,2021-02-16 11:54:57
2329,75,99,"3","No","60",2021-02-16 11:55:26,2021-02-16 11:55:26
2330,75,99,"3","No","60",2021-02-16 11:56:48,2021-02-16 11:56:48
2331,325,99,"8","No","65",2021-02-16 11:57:54,2021-02-16 11:57:54
2332,75,99,"3","No","60",2021-02-16 11:58:18,2021-02-16 11:58:18
2333,75,99,"3","No","60",2021-02-16 11:58:44,2021-02-16 11:58:44
2334,154,99,"4","No","60",2021-02-16 11:59:17,2021-02-16 11:59:17
2335,72,99,"3","No","60",2021-02-16 11:59:29,2021-02-16 11:59:29
2336,213,99,"5","No","60",2021-02-16 11:59:53,2021-02-16 11:59:53
2337,213,99,"5","No","60",2021-02-16 12:00:23,2021-02-16 12:00:23
2338,213,99,"5","No","60",2021-02-16 12:02:02,2021-02-16 12:02:02
2339,213,99,"5","No","60",2021-02-16 12:02:38,2021-02-16 12:02:38
2340,76,99,"3","No","60",2021-02-16 12:03:02,2021-02-16 12:03:02
2341,298,99,"4","No","63",2021-02-16 12:03:21,2021-02-16 12:03:21
2342,333,99,"7","No","75",2021-02-16 12:03:34,2021-02-16 12:03:34
2343,75,99,"3","No","60",2021-02-16 12:03:47,2021-02-16 12:03:47
2344,228,99,"7","No","65",2021-02-16 12:04:05,2021-02-16 12:04:05
2345,181,99,"2","No","65",2021-02-16 12:04:22,2021-02-16 12:04:22
2346,214,99,"5","No","60",2021-02-16 12:04:37,2021-02-16 12:04:37
2347,215,99,"5","No","60",2021-02-16 12:04:54,2021-02-16 12:04:54
2348,162,99,"2","No","60",2021-02-16 12:05:12,2021-02-16 12:05:12
2349,344,99,"8","No","65",2021-02-16 12:05:21,2021-02-16 12:05:21
2350,155,99,"4","No","60",2021-02-16 12:05:39,2021-02-16 12:05:39
2351,285,99,"7","No","55",2021-02-16 12:06:02,2021-02-16 12:06:02
2352,256,99,"8","No","60",2021-02-16 12:06:13,2021-02-16 12:06:13
2353,157,99,"4","No","60",2021-02-16 12:06:28,2021-02-16 12:06:28
2354,289,99,"8","No","63",2021-02-16 12:06:44,2021-02-16 12:06:44
2355,158,99,"4","No","60",2021-02-16 12:07:55,2021-02-16 12:07:55
2356,158,99,"4","No","60",2021-02-16 12:08:40,2021-02-16 12:08:40
2357,320,99,"4","No","60",2021-02-16 12:08:48,2021-02-16 12:08:48
2358,314,99,"5","No","60",2021-02-16 12:08:59,2021-02-16 12:08:59
2359,309,99,"7","No","60",2021-02-16 12:09:11,2021-02-16 12:09:11
2360,83,99,"4","No","60",2021-02-16 12:09:24,2021-02-16 12:09:24
2361,170,99,"2","No","60",2021-02-16 12:09:34,2021-02-16 12:09:34
2362,84,99,"7","No","60",2021-02-16 12:09:47,2021-02-16 12:09:47
2363,319,99,"4","No","70",2021-02-16 12:09:58,2021-02-16 12:09:58
2364,216,99,"5","No","60",2021-02-16 12:10:16,2021-02-16 12:10:16
2365,216,99,"5","No","60",2021-02-16 12:10:16,2021-02-16 12:10:16
2366,156,99,"4","No","75",2021-02-16 12:10:26,2021-02-16 12:10:26
2367,217,99,"5","No","60",2021-02-16 12:10:35,2021-02-16 12:10:35
2368,217,99,"5","No","60",2021-02-16 12:10:35,2021-02-16 12:10:35
2369,218,99,"5","No","60",2021-02-16 12:10:46,2021-02-16 12:10:46
2370,223,99,"5","No","60",2021-02-16 12:10:56,2021-02-16 12:10:56
2371,64,99,"7","No","55",2021-02-16 12:11:07,2021-02-16 12:11:07
2372,263,99,"2","No","60",2021-02-16 12:11:26,2021-02-16 12:11:26
2373,354,99,"5","No","60",2021-02-16 12:11:45,2021-02-16 12:11:45
2374,220,99,"5","No","60",2021-02-16 12:11:55,2021-02-16 12:11:55
2375,207,99,"7","No","60",2021-02-16 12:12:04,2021-02-16 12:12:04
2376,293,99,"8","No","63",2021-02-16 12:12:15,2021-02-16 12:12:15
2377,315,99,"5","No","65",2021-02-16 12:12:33,2021-02-16 12:12:33
2378,79,99,"3","No","50",2021-02-16 12:12:44,2021-02-16 12:12:44
2379,296,99,"4","No","60",2021-02-16 12:12:53,2021-02-16 12:12:53
2380,82,99,"4","No","60",2021-02-16 12:13:11,2021-02-16 12:13:11
2381,306,99,"7","No","63",2021-02-16 12:13:22,2021-02-16 12:13:22
2382,74,99,"4","No","60",2021-02-16 12:13:48,2021-02-16 12:13:48
2383,286,99,"5","No","63",2021-02-16 12:13:58,2021-02-16 12:13:58
2384,282,99,"7","No","63",2021-02-16 12:14:07,2021-02-16 12:14:07
2385,43,99,"4","No","70",2021-02-16 12:14:16,2021-02-16 12:14:16
2386,307,99,"7","No","70",2021-02-16 12:14:30,2021-02-16 12:14:30
2387,144,99,"3","No","60",2021-02-16 12:14:45,2021-02-16 12:14:45
2388,231,99,"7","No","60",2021-02-16 12:14:49,2021-02-16 12:14:49
2389,311,99,"7","No","60",2021-02-16 12:14:52,2021-02-16 12:14:52
2390,77,99,"3","No","60",2021-02-16 12:14:54,2021-02-16 12:14:54
2391,78,99,"3","No","60",2021-02-16 12:15:25,2021-02-16 12:15:25
2392,221,99,"5","No","60",2021-02-16 12:15:27,2021-02-16 12:15:27
2393,322,99,"8","No","60",2021-02-16 12:15:28,2021-02-16 12:15:28
2394,339,99,"2","No","60",2021-02-16 12:15:30,2021-02-16 12:15:30
2395,229,99,"7","No","60",2021-02-16 12:15:43,2021-02-16 12:15:43
2396,229,99,"7","No","60",2021-02-16 12:15:44,2021-02-16 12:15:44
2397,321,99,"4","No","60",2021-02-16 12:15:46,2021-02-16 12:15:46
2398,259,99,"7","No","60",2021-02-16 12:15:48,2021-02-16 12:15:48
2399,230,99,"7","No","63",2021-02-16 12:15:50,2021-02-16 12:15:50
2400,143,99,"3","No","60",2021-02-16 12:16:10,2021-02-16 12:16:10
2401,97,99,"3","No","70",2021-02-16 12:16:13,2021-02-16 12:16:13
2402,329,99,"8","No","63",2021-02-16 12:16:15,2021-02-16 12:16:15
2403,160,99,"4","No","60",2021-02-16 12:16:17,2021-02-16 12:16:17
2404,300,99,"4","No","60",2021-02-16 12:16:29,2021-02-16 12:16:29
2405,70,99,"3","No","60",2021-02-16 12:16:31,2021-02-16 12:16:31
2406,141,99,"3","No","60",2021-02-16 12:16:49,2021-02-16 12:16:49
2407,159,99,"4","No","75",2021-02-16 12:16:51,2021-02-16 12:16:51
2408,308,99,"7","No","60",2021-02-16 12:16:53,2021-02-16 12:16:53
2409,294,99,"8","No","65",2021-02-16 12:16:55,2021-02-16 12:16:55
2410,249,99,"4","No","60",2021-02-16 12:17:10,2021-02-16 12:17:10
2411,348,99,"4","No","65",2021-02-16 12:17:12,2021-02-16 12:17:12
2412,222,99,"5","No","65",2021-02-16 12:17:14,2021-02-16 12:17:14
2413,172,99,"2","No","70",2021-02-16 12:17:16,2021-02-16 12:17:16
2414,330,99,"8","No","65",2021-02-16 12:17:17,2021-02-16 12:17:17
2415,63,99,"4","No","55",2021-02-16 12:17:45,2021-02-16 12:17:45
2416,66,99,"5","No","63",2021-02-16 12:17:46,2021-02-16 12:17:46
2417,199,99,"5","No","60",2021-02-16 12:18:02,2021-02-16 12:18:02
2418,224,99,"5","No","60",2021-02-16 12:18:04,2021-02-16 12:18:04
2419,324,99,"7","No","60",2021-02-16 12:18:19,2021-02-16 12:18:19
2420,171,99,"2","No","60",2021-02-16 12:18:22,2021-02-16 12:18:22
2421,333,99,"7","No","75",2021-02-16 12:18:38,2021-02-16 12:18:38
2422,144,99,"3","No","60",2021-02-16 12:29:24,2021-02-16 12:29:24
2423,17,192,"1","No","0",2021-03-12 18:19:40,2021-03-12 18:19:40
2424,2144,195,"1","Yes","80",2021-03-18 13:30:35,2021-03-18 13:30:35
2425,1173,195,"1","Yes","80",2021-03-18 16:33:59,2021-03-18 16:33:59
2426,17,195,"1","No","80",2021-03-19 18:02:45,2021-03-19 18:02:45
2427,17,195,"1","No","80",2021-03-19 18:02:47,2021-03-19 18:02:47
2428,17,195,"1","No","80",2021-03-19 18:02:48,2021-03-19 18:02:48
2429,17,195,"1","No","80",2021-03-19 18:02:49,2021-03-19 18:02:49
2430,17,195,"1","No","80",2021-03-19 18:02:51,2021-03-19 18:02:51
2431,17,195,"1","No","80",2021-03-19 18:02:52,2021-03-19 18:02:52
2432,17,195,"1","No","80",2021-03-19 18:02:53,2021-03-19 18:02:53
2433,17,195,"1","No","80",2021-03-19 18:02:55,2021-03-19 18:02:55
2434,17,195,"1","No","80",2021-03-19 18:03:04,2021-03-19 18:03:04
2435,17,195,"1","Yes","80",2021-03-19 18:03:08,2021-06-16 11:13:27
2436,18,195,"1","Yes","80",2021-03-19 18:26:00,2021-06-16 11:13:27
2437,2,194,"1","No","80",2021-03-24 13:55:48,2021-03-24 13:55:48
2438,1492,195,"1","No","80",2021-03-26 18:29:30,2021-03-26 18:29:30
2439,1057,194,"1","No","80",2021-03-29 16:37:32,2021-03-29 16:37:32
2440,1,194,"1","No","0",2021-03-31 17:10:54,2021-03-31 17:10:54
2441,1,194,"1","No","0",2021-03-31 17:12:31,2021-03-31 17:12:31
2442,1,,"1","No","0",2021-03-31 17:14:09,2021-03-31 17:14:09
2443,1,194,"1","No","0",2021-03-31 17:14:51,2021-03-31 17:14:51
2444,1,194,"1","No","0",2021-03-31 17:15:23,2021-03-31 17:15:23
2445,1,194,"1","No","0",2021-03-31 17:15:38,2021-03-31 17:15:38
2446,2,194,"1","No","0",2021-03-31 19:28:01,2021-03-31 19:28:01
2447,2244,195,"1","No","0",2021-04-09 13:59:22,2021-04-09 13:59:22
2448,2244,195,"1","No","0",2021-04-09 13:59:38,2021-04-09 13:59:38
2449,2244,195,"1","No","0",2021-04-09 14:03:31,2021-04-09 14:03:31
2450,2244,195,"1","No","0",2021-04-09 14:03:56,2021-04-09 14:03:56
2451,2244,195,"1","No","0",2021-04-09 14:04:02,2021-04-09 14:04:02
2452,2244,195,"1","No","0",2021-04-09 14:05:08,2021-04-09 14:05:08
2453,2244,195,"1","No","0",2021-04-09 14:05:09,2021-04-09 14:05:09
2454,2244,195,"1","No","0",2021-04-09 14:05:12,2021-04-09 14:05:12
2455,2244,195,"1","No","0",2021-04-09 14:05:37,2021-04-09 14:05:37
2456,2244,195,"1","No","0",2021-04-09 14:06:21,2021-04-09 14:06:21
2457,2244,195,"1","No","0",2021-04-09 14:06:24,2021-04-09 14:06:24
2458,2244,,"1","No","0",2021-04-09 14:11:30,2021-04-09 14:11:30
2459,2244,,"1","No","0",2021-04-09 14:11:35,2021-04-09 14:11:35
2460,2244,,"1","No","0",2021-04-09 14:12:04,2021-04-09 14:12:04
2461,2244,,"1","No","0",2021-04-09 14:12:06,2021-04-09 14:12:06
2462,2244,195,"1","No","0",2021-04-09 14:13:18,2021-04-09 14:13:18
2463,2244,195,"1","No","0",2021-04-09 14:13:18,2021-04-09 14:13:18
2464,2244,195,"1","No","0",2021-04-09 14:16:18,2021-04-09 14:16:18
2465,626,195,"1","No","0",2021-04-09 15:08:47,2021-04-09 15:08:47
2466,3042,194,"1","Yes","0",2021-04-11 10:45:55,2021-06-16 11:13:27
2467,169,208,"1","No","0",2021-04-12 09:04:12,2021-04-12 09:04:12
2468,53,208,"1","No","0",2021-04-12 09:04:54,2021-04-12 09:04:54
2469,2857,208,"1","No","0",2021-04-12 09:09:55,2021-04-12 09:09:55
2470,2857,208,"1","No","0",2021-04-12 09:10:19,2021-04-12 09:10:19
2471,2857,208,"1","No","0",2021-04-12 09:10:40,2021-04-12 09:10:40
2472,1288,208,"1","No","0",2021-04-12 09:12:41,2021-04-12 09:12:41
2473,1,194,"1","No","0",2021-04-12 12:14:59,2021-04-12 12:14:59
2474,1,194,"1","No","0",2021-04-12 12:14:59,2021-04-12 12:14:59
2475,1,194,"1","No","0",2021-04-12 12:15:03,2021-04-12 12:15:03
2476,2,195,"1","Yes","0",2021-04-12 12:17:49,2021-06-16 11:13:27
2477,550,195,"1","No","0",2021-04-12 12:49:03,2021-04-12 12:49:03
2478,2860,210,"1","No","0",2021-04-12 15:40:02,2021-04-12 15:40:02
2479,29,195,"1","Yes","0",2021-04-12 18:42:35,2021-06-16 11:13:27
2480,2875,195,"1","No","0",2021-04-12 18:48:18,2021-04-12 18:48:18
2481,2875,195,"1","No","0",2021-04-12 18:48:42,2021-04-12 18:48:42
2482,1146,211,"1","No","0",2021-04-12 19:32:55,2021-04-12 19:32:55
2483,2,,"1","No","0",2021-04-13 10:02:55,2021-04-13 10:02:55
2484,2903,212,"1","No","0",2021-04-13 15:48:01,2021-04-13 15:48:01
2485,2978,194,"1","No","0",2021-04-14 08:07:07,2021-04-14 08:07:07
2486,122,213,"1","No","0",2021-04-14 16:44:28,2021-04-14 16:44:28
2487,2193,213,"1","No","0",2021-04-14 19:14:59,2021-04-14 19:14:59
2488,2193,213,"1","No","0",2021-04-14 19:19:08,2021-04-14 19:19:08
2489,2193,213,"1","No","0",2021-04-14 19:30:22,2021-04-14 19:30:22
2490,2193,213,"1","Yes","0",2021-04-14 19:30:59,2021-06-16 11:13:27
2491,3051,195,"1","Yes","0",2021-04-16 11:11:52,2021-06-16 11:13:27
2492,1607,195,"1","No","0",2021-04-16 11:30:40,2021-04-16 11:30:40
2493,3039,195,"1","Yes","0",2021-04-16 16:35:20,2021-06-16 11:13:27
2494,1721,195,"1","No","0",2021-04-16 16:52:16,2021-04-16 16:52:16
2495,2193,195,"1","No","0",2021-04-16 16:03:11,2021-04-16 16:03:11
2496,2,195,"1","No","0",2021-04-16 18:11:35,2021-04-16 18:11:35
2497,21,195,"1","No","0",2021-04-16 19:39:42,2021-04-16 19:39:42
2498,1146,211,"1","No","0",2021-04-16 23:15:48,2021-04-16 23:15:48
2499,2,195,"1","No","0",2021-04-20 11:11:46,2021-04-20 11:11:46
2500,2542,195,"1","No","0",2021-04-20 13:37:07,2021-04-20 13:37:07
2501,158,217,"1","No","0",2021-04-20 14:57:54,2021-04-20 14:57:54
2502,1,217,"1","No","0",2021-04-20 14:59:16,2021-04-20 14:59:16
2503,1056,217,"1","No","0",2021-04-20 15:17:59,2021-04-20 15:17:59
2504,1094,217,"1","No","0",2021-04-20 15:18:37,2021-04-20 15:18:37
2505,1411,217,"1","No","0",2021-04-20 15:23:53,2021-04-20 15:23:53
2506,853,217,"1","No","0",2021-04-20 16:21:22,2021-04-20 16:21:22
2507,853,217,"1","No","0",2021-04-20 16:23:00,2021-04-20 16:23:00
2508,487,217,"1","No","0",2021-04-20 16:46:04,2021-04-20 16:46:04
2509,412,217,"1","No","0",2021-04-20 16:48:28,2021-04-20 16:48:28
2510,182,217,"1","No","0",2021-04-20 17:01:07,2021-04-20 17:01:07
2511,1288,217,"1","No","0",2021-04-20 17:03:04,2021-04-20 17:03:04
2512,8,217,"1","No","0",2021-04-20 17:07:34,2021-04-20 17:07:34
2513,119,217,"1","No","0",2021-04-20 17:33:19,2021-04-20 17:33:19
2514,2886,217,"1","No","0",2021-04-20 17:36:11,2021-04-20 17:36:11
2515,1750,217,"1","No","0",2021-04-20 17:41:38,2021-04-20 17:41:38
2516,1288,217,"1","No","0",2021-04-25 14:33:12,2021-04-25 14:33:12
2517,1191,217,"1","No","0",2021-04-25 14:51:50,2021-04-25 14:51:50
2518,3027,217,"1","No","0",2021-04-25 16:22:56,2021-04-25 16:22:56
2519,121,194,"1","No","0",2021-04-27 08:11:55,2021-04-27 08:11:55
2520,1,194,"1","No","0",2021-04-27 08:12:14,2021-04-27 08:12:14
2521,5,220,"1","No","0",2021-04-27 09:17:28,2021-04-27 09:17:28
2522,739,221,"1","No","0",2021-04-27 16:21:34,2021-04-27 16:21:34
2523,739,221,"1","No","0",2021-04-27 16:23:38,2021-04-27 16:23:38
2524,2193,195,"1","No","0",2021-05-11 14:01:47,2021-05-11 14:01:47
2525,1146,211,"1","No","0",2021-05-12 00:33:03,2021-05-12 00:33:03
2526,182,195,"1","No","0",2021-05-12 17:10:44,2021-05-12 17:10:44
2527,2577,195,"1","No","0",2021-05-17 12:34:16,2021-05-17 12:34:16
2528,2193,88,"1","No","0",2021-05-18 08:35:23,2021-05-18 08:35:23
2529,2193,88,"1","No","0",2021-05-18 08:36:16,2021-05-18 08:36:16
2530,2193,228,"1","No","0",2021-05-18 11:11:55,2021-05-18 11:11:55
2531,2193,228,"1","No","0",2021-05-18 11:12:52,2021-05-18 11:12:52
2532,2876,228,"1","No","0",2021-05-18 11:17:06,2021-05-18 11:17:06
2533,1004,228,"1","No","0",2021-05-18 11:22:18,2021-05-18 11:22:18
2534,1004,228,"1","No","0",2021-05-18 11:22:25,2021-05-18 11:22:25
2535,1004,228,"1","No","0",2021-05-18 11:22:35,2021-05-18 11:22:35
2536,2482,228,"1","No","0",2021-05-18 11:30:07,2021-05-18 11:30:07
2537,2027,228,"1","No","0",2021-05-18 11:33:03,2021-05-18 11:33:03
2538,1145,228,"1","No","0",2021-05-18 11:43:50,2021-05-18 11:43:50
2539,2193,227,"1","No","0",2021-05-18 11:46:00,2021-05-18 11:46:00
2540,2779,227,"1","Yes","0",2021-05-18 11:49:46,2021-06-16 11:13:27
2541,1923,227,"1","No","0",2021-05-18 11:58:41,2021-05-18 11:58:41
2542,5,210,"1","No","0",2021-05-20 00:45:12,2021-05-20 00:45:12
2543,5,,"1","No","0",2021-05-20 00:45:21,2021-05-20 00:45:21
2544,2193,88,"1","No","0",2021-05-21 16:50:48,2021-05-21 16:50:48
2545,2193,88,"1","No","0",2021-05-21 16:51:11,2021-05-21 16:51:11
2546,620,88,"1","No","0",2021-05-21 16:54:32,2021-05-21 16:54:32
2547,1015,88,"1","No","0",2021-05-21 16:55:23,2021-05-21 16:55:23
2548,412,88,"1","No","0",2021-05-21 16:59:00,2021-05-21 16:59:00
2549,412,232,"1","No","0",2021-05-24 09:23:11,2021-05-24 09:23:11
2550,185,194,"1","No","0",2021-05-27 09:04:31,2021-05-27 09:04:31
2551,185,194,"1","No","0",2021-05-27 09:04:39,2021-05-27 09:04:39
2552,185,194,"1","No","0",2021-05-27 09:06:56,2021-05-27 09:06:56
2553,185,194,"1","No","0",2021-05-27 09:07:05,2021-05-27 09:07:05
2554,2193,194,"1","No","0",2021-05-27 09:07:51,2021-05-27 09:07:51
2555,2193,194,"1","No","0",2021-05-27 09:07:56,2021-05-27 09:07:56
2556,2193,194,"1","No","0",2021-05-27 09:08:03,2021-05-27 09:08:03
2557,2193,194,"1","No","0",2021-05-27 09:09:21,2021-05-27 09:09:21
2558,2193,232,"1","No","0",2021-05-27 13:41:18,2021-05-27 13:41:18
2559,2193,232,"1","No","0",2021-05-27 13:42:15,2021-05-27 13:42:15
2560,2193,232,"1","No","0",2021-05-27 13:44:02,2021-05-27 13:44:02
2561,2836,235,"1","No","0",2021-05-27 17:14:38,2021-05-27 17:14:38
2562,2592,235,"1","No","0",2021-05-27 17:16:01,2021-05-27 17:16:01
2563,2246,235,"1","No","0",2021-06-01 15:05:58,2021-06-01 15:05:58
2564,2504,194,"1","No","0",2021-06-04 11:03:56,2021-06-04 11:03:56
2565,2504,194,"1","No","0",2021-06-04 11:04:25,2021-06-04 11:04:25
2566,610,232,"1","No","0",2021-06-04 12:05:57,2021-06-04 12:05:57
2567,610,232,"1","No","0",2021-06-04 12:06:28,2021-06-04 12:06:28
2568,610,232,"1","No","0",2021-06-04 12:07:00,2021-06-04 12:07:00
2569,610,232,"1","No","0",2021-06-04 12:07:27,2021-06-04 12:07:27
2570,2881,240,"1","No","0",2021-06-14 11:21:37,2021-06-14 11:21:37
2571,2881,240,"1","No","0",2021-06-14 11:22:28,2021-06-14 11:22:28
2572,3195,241,"1","No","0",2021-06-14 13:04:30,2021-06-14 13:04:30
2573,620,241,"1","No","0",2021-06-14 13:17:48,2021-06-14 13:17:48
2574,620,241,"1","No","0",2021-06-14 13:18:28,2021-06-14 13:18:28
2575,620,241,"1","No","0",2021-06-14 13:20:29,2021-06-14 13:20:29
2576,1740,241,"1","No","0",2021-06-14 13:30:50,2021-06-14 13:30:50
2577,1740,241,"1","No","0",2021-06-14 13:35:14,2021-06-14 13:35:14
2578,230,241,"1","No","0",2021-06-14 14:54:31,2021-06-14 14:54:31
2579,230,241,"1","No","0",2021-06-14 14:56:28,2021-06-14 14:56:28
2580,2193,227,"1","No","0",2021-06-16 10:36:50,2021-06-16 10:36:50
2581,2504,227,"1","No","0",2021-06-16 11:31:08,2021-06-16 11:31:08
2582,2994,244,"1","No","0",2021-06-17 11:31:35,2021-06-17 11:31:35
2583,1596,244,"1","No","0",2021-06-17 11:32:35,2021-06-17 11:32:35
2584,1910,244,"1","No","0",2021-06-17 14:50:08,2021-06-17 14:50:08
2585,2213,195,"1","No","0",2021-06-18 15:29:38,2021-06-18 15:29:38
2586,3316,195,"1","No","0",2021-06-23 16:53:23,2021-06-23 16:53:23
2587,3104,252,"1","No","0",2021-06-25 11:14:06,2021-06-25 11:14:06
2588,3307,254,"1","No","0",2021-06-29 10:19:51,2021-06-29 10:19:51
2589,2956,254,"1","No","0",2021-06-29 10:20:34,2021-06-29 10:20:34
2590,706,254,"1","No","0",2021-06-30 15:13:44,2021-06-30 15:13:44
2591,3273,236,"10","No","50",2021-07-01 11:46:45,2021-07-01 11:46:45
2592,3322,236,"11","No","0",2021-07-01 11:59:40,2021-07-01 11:59:40
2593,3322,236,"11","No","0",2021-07-01 12:03:46,2021-07-01 12:03:46
2594,3322,236,"11","No","0",2021-07-01 12:18:40,2021-07-01 12:18:40
2595,2789,259,"1","No","0",2021-07-01 12:31:36,2021-07-01 12:31:36
2596,2778,241,"1","No","0",2021-07-01 15:02:40,2021-07-01 15:02:40
2597,3322,258,"11","No","0",2021-07-01 16:25:44,2021-07-01 16:25:44
2598,3322,258,"11","No","0",2021-07-01 16:35:13,2021-07-01 16:35:13
2599,44,254,"1","No","0",2021-07-02 10:57:55,2021-07-02 10:57:55
2600,3273,254,"10","No","50",2021-07-02 11:00:58,2021-07-02 11:00:58
2601,5,244,"1","No","0",2021-07-02 14:26:06,2021-07-02 14:26:06
2602,5,244,"1","No","0",2021-07-02 14:26:10,2021-07-02 14:26:10
2603,162,244,"1","No","0",2021-07-02 15:21:44,2021-07-02 15:21:44
2604,2193,244,"1","No","0",2021-07-02 15:23:29,2021-07-02 15:23:29
2605,2193,244,"1","No","0",2021-07-02 15:32:49,2021-07-02 15:32:49
2606,2100,254,"1","No","0",2021-07-02 16:05:45,2021-07-02 16:05:45
2607,2193,266,"1","No","0",2021-07-02 16:40:09,2021-07-02 16:40:09
2608,2244,254,"1","No","0",2021-07-02 18:40:06,2021-07-02 18:40:06
2609,3322,195,"11","No","0",2021-07-05 13:58:13,2021-07-05 13:58:13
2610,3321,195,"10","No","0",2021-07-05 14:00:44,2021-07-05 14:00:44
2611,291,256,"1","No","0",2021-07-05 15:06:28,2021-07-05 15:06:28
2612,2371,256,"1","No","0",2021-07-05 15:14:10,2021-07-05 15:14:10
2613,1214,211,"1","No","0",2021-07-05 18:47:22,2021-07-05 18:47:22
2614,3295,195,"1","No","0",2021-07-06 18:49:26,2021-07-06 18:49:26
2615,1288,195,"1","No","0",2021-07-06 18:53:50,2021-07-06 18:53:50
2616,3240,195,"1","No","0",2021-07-06 19:08:09,2021-07-06 19:08:09
2617,2193,195,"1","No","0",2021-07-06 19:08:26,2021-07-06 19:08:26
2618,2857,254,"1","No","0",2021-07-07 13:20:04,2021-07-07 13:20:04
2619,2857,254,"1","No","0",2021-07-07 13:20:19,2021-07-07 13:20:19
2620,2093,254,"1","No","0",2021-07-07 13:20:36,2021-07-07 13:20:36
2621,2093,254,"1","No","0",2021-07-07 13:21:12,2021-07-07 13:21:12
2622,2093,254,"1","No","0",2021-07-07 13:21:31,2021-07-07 13:21:31
2623,2093,254,"1","No","0",2021-07-07 13:21:38,2021-07-07 13:21:38
2624,2093,254,"1","No","0",2021-07-07 13:22:20,2021-07-07 13:22:20
2625,2857,254,"1","No","0",2021-07-07 13:22:59,2021-07-07 13:22:59
2626,2854,254,"1","No","0",2021-07-07 13:23:23,2021-07-07 13:23:23
2627,2854,254,"1","No","0",2021-07-07 13:23:40,2021-07-07 13:23:40
2628,182,254,"1","No","0",2021-07-07 13:23:47,2021-07-07 13:23:47
2629,182,254,"1","No","0",2021-07-07 13:25:01,2021-07-07 13:25:01
2630,182,254,"1","No","0",2021-07-07 13:26:25,2021-07-07 13:26:25
2631,2805,254,"1","No","0",2021-07-07 13:28:03,2021-07-07 13:28:03
2632,2805,254,"1","No","0",2021-07-07 13:29:58,2021-07-07 13:29:58
2633,2098,254,"1","No","0",2021-07-07 13:30:37,2021-07-07 13:30:37
2634,182,254,"1","No","0",2021-07-07 13:33:26,2021-07-07 13:33:26
2635,2805,254,"1","No","0",2021-07-07 14:09:00,2021-07-07 14:09:00
2636,2805,254,"1","No","0",2021-07-07 14:09:23,2021-07-07 14:09:23
2637,1061,254,"1","No","0",2021-07-07 14:09:58,2021-07-07 14:09:58
2638,1719,254,"1","No","0",2021-07-07 14:13:37,2021-07-07 14:13:37
2639,1719,254,"1","No","0",2021-07-07 14:14:04,2021-07-07 14:14:04
2640,2450,254,"1","No","0",2021-07-07 14:14:58,2021-07-07 14:14:58
2641,3167,254,"1","No","0",2021-07-07 14:20:43,2021-07-07 14:20:43
2642,3167,254,"1","No","0",2021-07-07 14:31:48,2021-07-07 14:31:48
2643,2100,254,"1","No","0",2021-07-07 14:32:26,2021-07-07 14:32:26
2644,2100,254,"1","No","0",2021-07-07 14:33:26,2021-07-07 14:33:26
2645,2100,254,"1","No","0",2021-07-07 14:34:01,2021-07-07 14:34:01
2646,2100,254,"1","No","0",2021-07-07 14:34:38,2021-07-07 14:34:38
2647,2100,254,"1","No","0",2021-07-07 14:43:23,2021-07-07 14:43:23
2648,2100,254,"1","No","0",2021-07-07 14:55:41,2021-07-07 14:55:41
2649,2100,254,"1","No","0",2021-07-07 14:55:52,2021-07-07 14:55:52
2650,2100,254,"1","No","0",2021-07-07 14:56:21,2021-07-07 14:56:21
2651,2100,254,"1","No","0",2021-07-07 14:57:05,2021-07-07 14:57:05
2652,2100,254,"1","No","0",2021-07-07 14:58:03,2021-07-07 14:58:03
2653,2100,254,"1","No","0",2021-07-07 14:59:28,2021-07-07 14:59:28
2654,2100,254,"1","No","0",2021-07-07 15:00:35,2021-07-07 15:00:35
2655,2100,254,"1","No","0",2021-07-07 15:02:45,2021-07-07 15:02:45
2656,2100,254,"1","No","0",2021-07-07 15:03:14,2021-07-07 15:03:14
2657,1401,254,"1","No","0",2021-07-07 15:04:58,2021-07-07 15:04:58
2658,2100,254,"1","No","0",2021-07-07 15:05:45,2021-07-07 15:05:45
2659,2100,254,"1","No","0",2021-07-07 15:06:40,2021-07-07 15:06:40
2660,2100,254,"1","No","0",2021-07-07 15:08:22,2021-07-07 15:08:22
2661,1401,254,"1","No","0",2021-07-07 15:09:08,2021-07-07 15:09:08
2662,2100,254,"1","No","0",2021-07-07 15:10:10,2021-07-07 15:10:10
2663,2860,254,"1","No","0",2021-07-07 15:10:45,2021-07-07 15:10:45
2664,2860,254,"1","No","0",2021-07-07 15:11:24,2021-07-07 15:11:24
2665,2860,254,"1","No","0",2021-07-07 15:12:04,2021-07-07 15:12:04
2666,2860,254,"1","No","0",2021-07-07 15:12:57,2021-07-07 15:12:57
2667,2860,254,"1","No","0",2021-07-07 15:13:14,2021-07-07 15:13:14
2668,1685,254,"1","No","0",2021-07-07 15:13:28,2021-07-07 15:13:28
2669,2098,254,"1","No","0",2021-07-07 15:13:54,2021-07-07 15:13:54
2670,2098,254,"1","No","0",2021-07-07 15:18:48,2021-07-07 15:18:48
2671,2098,254,"1","No","0",2021-07-07 15:18:49,2021-07-07 15:18:49
2672,241,254,"1","No","0",2021-07-07 15:19:43,2021-07-07 15:19:43
2673,241,254,"1","No","0",2021-07-07 15:19:43,2021-07-07 15:19:43
2674,2626,254,"1","No","0",2021-07-07 15:38:04,2021-07-07 15:38:04
2675,2626,254,"1","No","0",2021-07-07 15:39:52,2021-07-07 15:39:52
2676,2805,254,"1","No","0",2021-07-07 15:40:42,2021-07-07 15:40:42
2677,1287,254,"1","No","0",2021-07-08 10:49:00,2021-07-08 10:49:00
2678,1401,254,"1","No","0",2021-07-08 12:31:07,2021-07-08 12:31:07
2679,1287,254,"1","No","0",2021-07-08 12:31:26,2021-07-08 12:31:26
2680,1287,254,"1","No","0",2021-07-08 12:34:48,2021-07-08 12:34:48
2681,1287,254,"1","No","0",2021-07-08 12:42:07,2021-07-08 12:42:07
2682,1685,254,"1","No","0",2021-07-08 12:42:22,2021-07-08 12:42:22
2683,3272,254,"1","No","0",2021-07-08 12:42:42,2021-07-08 12:42:42
2684,1254,254,"1","No","0",2021-07-08 14:09:45,2021-07-08 14:09:45
2685,3322,195,"11","No","0",2021-07-08 15:29:17,2021-07-08 15:29:17
2686,3322,195,"11","No","0",2021-07-08 15:51:12,2021-07-08 15:51:12
2687,3322,195,"11","No","0",2021-07-08 16:34:36,2021-07-08 16:34:36
2688,3322,236,"11","No","0",2021-07-08 17:14:27,2021-07-08 17:14:27
2689,3273,258,"10","No","50",2021-07-08 17:21:08,2021-07-08 17:21:08
2690,3273,258,"10","No","50",2021-07-08 17:22:32,2021-07-08 17:22:32
2691,3322,195,"11","No","0",2021-07-08 17:28:28,2021-07-08 17:28:28
2692,3322,195,"11","No","0",2021-07-08 17:28:31,2021-07-08 17:28:31
2693,3322,258,"11","No","0",2021-07-08 17:30:11,2021-07-08 17:30:11
2694,3322,258,"11","No","0",2021-07-08 18:17:44,2021-07-08 18:17:44
2695,3322,258,"11","No","0",2021-07-09 08:27:48,2021-07-09 08:27:48
2696,3027,254,"1","No","0",2021-07-09 10:30:55,2021-07-09 10:30:55
2697,2100,254,"1","No","0",2021-07-09 10:39:05,2021-07-09 10:39:05
2698,6,254,"1","No","0",2021-07-09 10:51:17,2021-07-09 10:51:17
2699,3322,195,"11","No","0",2021-07-09 11:06:48,2021-07-09 11:06:48
2700,3322,195,"11","No","0",2021-07-09 11:06:51,2021-07-09 11:06:51
2701,62,210,"1","No","0",2021-07-09 11:21:49,2021-07-09 11:21:49
2702,3322,236,"11","No","0",2021-07-09 13:08:22,2021-07-09 13:08:22
2703,3322,236,"11","No","0",2021-07-09 13:08:49,2021-07-09 13:08:49
2704,3322,236,"11","No","0",2021-07-09 13:14:19,2021-07-09 13:14:19
2705,3322,236,"11","No","0",2021-07-09 13:14:45,2021-07-09 13:14:45
2706,3322,236,"11","No","0",2021-07-09 13:19:34,2021-07-09 13:19:34
2707,3322,236,"11","No","0",2021-07-09 13:21:15,2021-07-09 13:21:15
2708,3322,236,"11","No","0",2021-07-09 13:21:40,2021-07-09 13:21:40
2709,3322,236,"11","No","0",2021-07-09 13:22:03,2021-07-09 13:22:03
2710,3322,236,"11","No","0",2021-07-09 13:22:32,2021-07-09 13:22:32
2711,3322,236,"11","No","0",2021-07-09 13:22:42,2021-07-09 13:22:42
2712,3322,236,"11","No","0",2021-07-09 13:22:54,2021-07-09 13:22:54
2713,3322,236,"11","No","0",2021-07-09 13:25:59,2021-07-09 13:25:59
2714,3322,236,"11","No","0",2021-07-09 13:30:44,2021-07-09 13:30:44
2715,3322,236,"11","No","0",2021-07-09 13:31:59,2021-07-09 13:31:59
2716,3322,236,"11","No","0",2021-07-09 14:02:29,2021-07-09 14:02:29
2717,3322,236,"11","No","0",2021-07-09 14:05:53,2021-07-09 14:05:53
2718,3322,236,"11","No","0",2021-07-09 14:09:10,2021-07-09 14:09:10
2719,3322,236,"11","No","0",2021-07-09 14:11:51,2021-07-09 14:11:51
2720,3322,236,"11","No","0",2021-07-09 14:17:22,2021-07-09 14:17:22
2721,3322,236,"11","No","0",2021-07-09 14:18:04,2021-07-09 14:18:04
2722,3322,236,"11","No","0",2021-07-09 14:19:22,2021-07-09 14:19:22
2723,3322,236,"11","No","0",2021-07-09 14:20:12,2021-07-09 14:20:12
2724,3322,236,"11","No","0",2021-07-09 14:21:43,2021-07-09 14:21:43
2725,3322,236,"11","No","0",2021-07-09 14:24:09,2021-07-09 14:24:09
2726,3322,236,"11","No","0",2021-07-09 14:24:27,2021-07-09 14:24:27
2727,3322,236,"11","No","0",2021-07-09 14:24:43,2021-07-09 14:24:43
2728,3322,236,"11","No","0",2021-07-09 14:25:25,2021-07-09 14:25:25
2729,3322,236,"11","No","0",2021-07-09 14:27:33,2021-07-09 14:27:33
2730,3322,236,"11","No","0",2021-07-09 14:29:53,2021-07-09 14:29:53
2731,3322,236,"11","No","0",2021-07-09 14:30:22,2021-07-09 14:30:22
2732,3322,236,"11","No","0",2021-07-09 14:30:50,2021-07-09 14:30:50
2733,3322,236,"11","No","0",2021-07-09 14:31:38,2021-07-09 14:31:38
2734,3322,236,"11","No","0",2021-07-09 14:32:54,2021-07-09 14:32:54
2735,3322,236,"11","No","0",2021-07-09 14:34:18,2021-07-09 14:34:18
2736,3322,236,"11","No","0",2021-07-09 14:34:54,2021-07-09 14:34:54
2737,3322,236,"11","No","0",2021-07-09 14:35:54,2021-07-09 14:35:54
2738,3322,236,"11","No","0",2021-07-09 14:37:12,2021-07-09 14:37:12
2739,3322,236,"11","No","0",2021-07-09 15:20:26,2021-07-09 15:20:26
2740,3322,236,"11","No","0",2021-07-09 15:21:09,2021-07-09 15:21:09
2741,3322,236,"11","No","0",2021-07-09 15:21:17,2021-07-09 15:21:17
2742,3322,236,"11","No","0",2021-07-09 15:23:38,2021-07-09 15:23:38
2743,3322,236,"11","No","0",2021-07-09 15:24:58,2021-07-09 15:24:58
2744,3322,236,"11","No","0",2021-07-09 15:25:16,2021-07-09 15:25:16
2745,2789,236,"1","No","0",2021-07-09 15:25:47,2021-07-09 15:25:47
2746,3322,236,"11","No","0",2021-07-09 15:25:59,2021-07-09 15:25:59
2747,3322,236,"11","No","0",2021-07-09 15:27:44,2021-07-09 15:27:44
2748,3322,236,"11","No","0",2021-07-09 15:28:37,2021-07-09 15:28:37
2749,3322,236,"11","No","0",2021-07-09 15:29:44,2021-07-09 15:29:44
2750,3322,236,"11","No","0",2021-07-09 15:30:45,2021-07-09 15:30:45
2751,3322,236,"11","No","0",2021-07-09 15:43:47,2021-07-09 15:43:47
2752,3322,236,"11","No","0",2021-07-09 15:43:56,2021-07-09 15:43:56
2753,3322,236,"11","No","0",2021-07-12 17:22:03,2021-07-12 17:22:03
2754,2944,236,"1","No","0",2022-02-02 10:53:15,2022-02-02 10:53:15
2755,2944,1,"1","No","0",2022-02-02 11:35:13,2022-02-02 11:35:13
2756,2944,1,"1","No","0",2022-02-02 11:50:46,2022-02-02 11:50:46
2757,3272,1,"1","No","0",2022-02-02 15:42:38,2022-02-02 15:42:38
2758,2489,1,"1","No","0",2022-02-25 10:44:03,2022-02-25 10:44:03
2759,2106,77,"1","No","0",2022-02-25 10:57:16,2022-02-25 10:57:16
2760,2106,77,"1","No","0",2022-02-25 10:59:41,2022-02-25 10:59:41
2761,2106,77,"1","No","0",2022-02-25 10:59:44,2022-02-25 10:59:44
2762,2106,77,"1","No","0",2022-02-25 10:59:55,2022-02-25 10:59:55
2763,2106,77,"1","No","0",2022-02-25 11:00:52,2022-02-25 11:00:52
2764,2106,77,"1","No","0",2022-02-25 11:02:04,2022-02-25 11:02:04
2765,2106,77,"1","No","0",2022-02-25 11:03:58,2022-02-25 11:03:58
2766,2938,77,"1","No","0",2022-02-25 11:05:17,2022-02-25 11:05:17
2767,2512,77,"1","No","0",2022-02-25 11:10:15,2022-02-25 11:10:15
2768,2504,7,"1","No","0",2022-02-25 13:27:16,2022-02-25 13:27:16
2769,1780,1,"1","No","0",2022-02-25 15:17:43,2022-02-25 15:17:43
2770,2193,1,"1","No","0",2022-02-25 15:18:15,2022-02-25 15:18:15
2771,1780,1,"1","No","0",2022-02-27 07:19:25,2022-02-27 07:19:25
2772,1780,1,"1","No","0",2022-02-27 07:19:38,2022-02-27 07:19:38
2773,2938,1,"1","No","0",2022-02-27 07:21:52,2022-02-27 07:21:52
2774,2938,1,"1","No","0",2022-02-27 07:22:08,2022-02-27 07:22:08
2775,2938,1,"1","No","0",2022-02-27 07:22:28,2022-02-27 07:22:28
2776,2938,1,"1","No","0",2022-02-27 07:22:41,2022-02-27 07:22:41
2777,2796,1,"1","No","0",2022-02-27 08:35:04,2022-02-27 08:35:04
2778,2796,1,"1","No","0",2022-02-27 08:35:14,2022-02-27 08:35:14
2779,2796,1,"1","No","0",2022-02-27 08:35:20,2022-02-27 08:35:20
2780,2796,1,"1","No","0",2022-02-27 08:36:36,2022-02-27 08:36:36
2781,2833,1,"1","No","0",2022-02-27 15:11:00,2022-02-27 15:11:00
2782,1669,81,"1","No","0",2022-02-28 14:04:20,2022-02-28 14:04:20
2783,2214,,"1","No","0",2022-03-01 10:30:06,2022-03-01 10:30:06
2784,5,,"1","No","0",2022-03-01 10:38:04,2022-03-01 10:38:04
2785,5,,"1","No","0",2022-03-01 10:38:23,2022-03-01 10:38:23
2786,5,,"1","No","0",2022-03-01 10:38:34,2022-03-01 10:38:34
2787,2214,,"1","No","0",2022-03-02 01:20:21,2022-03-02 01:20:21
2788,2938,,"1","No","0",2022-03-02 01:33:36,2022-03-02 01:33:36
2789,2707,,"1","No","0",2022-03-02 01:33:57,2022-03-02 01:33:57
2790,2707,,"1","No","0",2022-03-02 01:34:15,2022-03-02 01:34:15
2791,2944,1,"1","No","0",2022-03-02 08:41:48,2022-03-02 08:41:48
2792,2193,,"1","No","0",2022-03-03 03:16:56,2022-03-03 03:16:56
2793,1780,83,"1","No","0",2022-03-06 03:54:47,2022-03-06 03:54:47
2794,1092,83,"1","No","0",2022-03-06 03:55:04,2022-03-06 03:55:04
2795,1194,83,"1","No","0",2022-03-06 04:31:53,2022-03-06 04:31:53
2796,2100,83,"1","No","0",2022-03-07 00:50:35,2022-03-07 00:50:35
2797,3273,83,"10","No","0",2022-03-07 06:09:27,2022-03-07 06:09:27
2798,2193,83,"1","No","0",2022-03-07 06:11:52,2022-03-07 06:11:52
2799,1212,1,"1","No","0",2022-03-08 15:26:14,2022-03-08 15:26:14
2800,1669,,"1","No","0",2022-03-09 15:03:05,2022-03-09 15:03:05
2801,3122,1,"1","No","0",2022-03-09 15:58:56,2022-03-09 15:58:56
2802,3122,1,"1","No","0",2022-03-10 18:43:01,2022-03-10 18:43:01
2803,1401,1,"1","No","0",2022-03-10 18:57:50,2022-03-10 18:57:50
2804,2944,1,"1","No","0",2022-03-10 19:41:30,2022-03-10 19:41:30
2805,1565,1,"1","No","0",2022-03-10 20:01:21,2022-03-10 20:01:21
2806,1565,1,"1","No","0",2022-03-10 20:28:57,2022-03-10 20:28:57
2807,1986,1,"1","No","0",2022-03-11 02:12:57,2022-03-11 02:12:57
2808,2872,1,"1","No","0",2022-03-11 02:13:10,2022-03-11 02:13:10
2809,3316,97,"1","No","0",2022-03-11 09:01:49,2022-03-11 09:01:49
2810,2244,,"1","No","0",2022-03-11 16:51:28,2022-03-11 16:51:28
2811,3272,83,"1","No","0",2022-03-14 04:20:00,2022-03-14 04:20:00
2812,3272,83,"1","No","0",2022-03-14 04:20:32,2022-03-14 04:20:32
2813,2106,83,"1","No","0",2022-03-14 07:49:38,2022-03-14 07:49:38
2814,2860,1,"1","No","0",2022-03-14 07:51:26,2022-03-14 07:51:26
2815,2592,1,"1","No","0",2022-03-14 07:51:52,2022-03-14 07:51:52
2816,3322,,"10","No","0",2022-03-14 09:57:50,2022-03-14 09:57:50
2817,3273,,"10","No","0",2022-03-14 09:58:02,2022-03-14 09:58:02
2818,2100,,"1","No","0",2022-03-14 09:58:12,2022-03-14 09:58:12
2819,2100,,"1","No","0",2022-03-14 09:58:19,2022-03-14 09:58:19
2820,3122,,"1","No","0",2022-03-14 09:58:29,2022-03-14 09:58:29
2821,1669,,"1","No","0",2022-03-14 09:58:35,2022-03-14 09:58:35
2822,1669,,"1","No","0",2022-03-14 09:58:39,2022-03-14 09:58:39
2823,1669,,"1","No","0",2022-03-14 09:58:43,2022-03-14 09:58:43
2824,2106,1,"1","No","0",2022-03-20 18:26:42,2022-03-20 18:26:42
2825,1994,1,"1","No","0",2022-03-20 18:27:12,2022-03-20 18:27:12
2826,145,1,"1","No","0",2022-03-20 23:20:48,2022-03-20 23:20:48
2827,3292,,"1","No","0",2022-03-21 04:06:56,2022-03-21 04:06:56
2828,2193,1,"1","No","0",2022-03-22 21:55:02,2022-03-22 21:55:02
2829,2053,1,"1","No","0",2022-03-22 21:57:04,2022-03-22 21:57:04
2830,2053,1,"1","No","0",2022-03-22 22:07:04,2022-03-22 22:07:04
2831,2193,,"1","No","0",2022-03-25 16:10:14,2022-03-25 16:10:14
2832,2193,1,"1","No","0",2022-03-27 00:18:17,2022-03-27 00:18:17
2833,2193,1,"1","No","0",2022-03-27 00:18:38,2022-03-27 00:18:38
2834,2193,1,"1","No","0",2022-03-27 00:19:30,2022-03-27 00:19:30
2835,1194,1,"1","No","0",2022-03-27 00:31:42,2022-03-27 00:31:42
2836,2796,1,"1","No","0",2022-03-27 18:29:20,2022-03-27 18:29:20
2837,2241,130,"1","No","0",2022-03-28 01:42:28,2022-03-28 01:42:28
2838,2938,130,"1","No","0",2022-03-28 01:42:48,2022-03-28 01:42:48
2839,2938,130,"1","No","0",2022-03-28 01:42:52,2022-03-28 01:42:52
2840,3322,130,"10","No","0",2022-03-28 01:46:06,2022-03-28 01:46:06
2841,3322,130,"10","No","0",2022-03-28 01:46:08,2022-03-28 01:46:08
2842,2681,1,"1","No","0",2022-03-28 02:27:28,2022-03-28 02:27:28
2843,1181,111,"1","No","0",2022-03-29 09:19:20,2022-03-29 09:19:20
2844,2889,111,"1","No","0",2022-03-29 09:20:40,2022-03-29 09:20:40
2845,1381,111,"1","No","0",2022-03-29 09:20:54,2022-03-29 09:20:54
2846,1381,111,"1","No","0",2022-03-29 09:20:57,2022-03-29 09:20:57
2847,2860,111,"1","No","0",2022-03-29 09:21:15,2022-03-29 09:21:15
2848,2860,111,"1","No","0",2022-03-29 09:21:20,2022-03-29 09:21:20
2849,3322,111,"10","No","0",2022-03-29 09:21:39,2022-03-29 09:21:39
2850,3322,111,"10","No","0",2022-03-29 09:21:43,2022-03-29 09:21:43
2851,2793,111,"1","No","0",2022-03-29 09:22:36,2022-03-29 09:22:36
2852,182,,"1","No","0",2022-03-29 20:46:10,2022-03-29 20:46:10
2853,182,,"1","No","0",2022-03-29 20:52:02,2022-03-29 20:52:02
2854,2860,111,"1","No","0",2022-03-30 12:23:46,2022-03-30 12:23:46
2855,3322,111,"10","No","0",2022-03-31 10:25:33,2022-03-31 10:25:33
2856,552,102,"1","No","0",2022-04-02 22:51:18,2022-04-02 22:51:18
2857,2214,133,"1","No","0",2022-04-03 00:23:39,2022-04-03 00:23:39
2858,3276,135,"1","No","0",2022-04-03 12:38:40,2022-04-03 12:38:40
2859,2193,136,"1","No","0",2022-04-03 20:05:21,2022-04-03 20:05:21
2860,2106,136,"1","No","0",2022-04-03 20:05:54,2022-04-03 20:05:54
2861,3273,136,"10","No","0",2022-04-03 20:10:56,2022-04-03 20:10:56
2862,3322,136,"10","No","0",2022-04-03 20:11:12,2022-04-03 20:11:12
2863,2106,134,"1","No","0",2022-04-03 21:30:56,2022-04-03 21:30:56
2864,2213,134,"1","No","0",2022-04-03 21:31:32,2022-04-03 21:31:32
2865,1194,1,"1","No","0",2022-04-03 23:49:49,2022-04-03 23:49:49
2866,2213,111,"1","No","0",2022-04-04 08:18:32,2022-04-04 08:18:32
2867,3292,111,"1","No","0",2022-04-04 08:58:58,2022-04-04 08:58:58
2868,706,102,"1","No","0",2022-04-04 17:51:21,2022-04-04 17:51:21
2869,706,102,"1","No","0",2022-04-04 17:51:35,2022-04-04 17:51:35
2870,446,,"1","No","0",2022-04-04 18:18:15,2022-04-04 18:18:15
2871,2938,,"1","No","0",2022-04-04 19:20:06,2022-04-04 19:20:06
2872,3322,,"10","No","0",2022-04-04 19:25:35,2022-04-04 19:25:35
2873,3122,139,"1","No","0",2022-04-05 00:13:38,2022-04-05 00:13:38
2874,2938,111,"1","No","0",2022-04-06 10:58:54,2022-04-06 10:58:54
2875,3292,141,"1","No","0",2022-04-06 11:56:20,2022-04-06 11:56:20
2876,2938,111,"1","No","0",2022-04-06 12:36:41,2022-04-06 12:36:41
2877,3316,111,"1","No","0",2022-04-06 12:36:55,2022-04-06 12:36:55
2878,2213,102,"1","No","0",2022-04-10 23:38:07,2022-04-10 23:38:07
2879,2214,102,"1","No","0",2022-04-10 23:38:15,2022-04-10 23:38:15
2880,2727,102,"1","No","0",2022-04-10 23:38:22,2022-04-10 23:38:22
2881,177,102,"1","No","0",2022-04-11 01:10:45,2022-04-11 01:10:45
2882,177,130,"1","No","0",2022-04-11 01:24:22,2022-04-11 01:24:22
2883,2213,99,"1","No","0",2022-04-11 04:05:38,2022-04-11 04:05:38
2884,2213,99,"1","No","0",2022-04-11 04:07:01,2022-04-11 04:07:01
2885,2628,111,"1","No","0",2022-04-11 11:32:09,2022-04-11 11:32:09
2886,2628,111,"1","No","0",2022-04-11 11:34:58,2022-04-11 11:34:58
2887,2818,1,"1","No","0",2022-04-11 11:37:06,2022-04-11 11:37:06
2888,2818,1,"1","No","0",2022-04-11 11:37:23,2022-04-11 11:37:23
2889,2818,1,"1","No","0",2022-04-11 11:38:01,2022-04-11 11:38:01
2890,2818,111,"1","No","0",2022-04-11 11:39:16,2022-04-11 11:39:16
2891,2154,111,"1","No","0",2022-04-11 11:40:26,2022-04-11 11:40:26
2892,371,111,"1","No","0",2022-04-11 11:40:57,2022-04-11 11:40:57
2893,371,111,"1","No","0",2022-04-11 11:41:59,2022-04-11 11:41:59
2894,371,111,"1","No","0",2022-04-11 11:42:26,2022-04-11 11:42:26
2895,371,1,"1","No","0",2022-04-11 11:43:15,2022-04-11 11:43:15
2896,371,111,"1","No","0",2022-04-11 11:44:12,2022-04-11 11:44:12
2897,371,1,"1","No","0",2022-04-11 11:44:56,2022-04-11 11:44:56
2898,371,1,"1","No","0",2022-04-11 11:45:14,2022-04-11 11:45:14
2899,371,1,"1","No","0",2022-04-11 11:45:28,2022-04-11 11:45:28
2900,371,,"1","No","0",2022-04-11 11:45:57,2022-04-11 11:45:57
2901,371,111,"1","No","0",2022-04-11 11:46:40,2022-04-11 11:46:40
2902,371,111,"1","No","0",2022-04-11 11:47:06,2022-04-11 11:47:06
2903,1254,1,"1","No","0",2022-04-12 08:04:30,2022-04-12 08:04:30
2904,371,,"1","No","0",2022-04-12 08:11:39,2022-04-12 08:11:39
2905,371,,"1","No","0",2022-04-12 08:11:57,2022-04-12 08:11:57
2906,371,,"1","No","0",2022-04-12 08:12:13,2022-04-12 08:12:13
2907,371,111,"1","No","0",2022-04-12 08:12:26,2022-04-12 08:12:26
2908,371,111,"1","No","0",2022-04-12 08:12:28,2022-04-12 08:12:28
2909,371,111,"1","No","0",2022-04-12 08:13:21,2022-04-12 08:13:21
2910,371,111,"1","No","0",2022-04-12 08:13:24,2022-04-12 08:13:24
2911,1254,1,"1","No","0",2022-04-12 08:13:35,2022-04-12 08:13:35
2912,371,111,"1","No","0",2022-04-12 08:13:56,2022-04-12 08:13:56
2913,371,1,"1","No","0",2022-04-12 08:14:05,2022-04-12 08:14:05
2914,371,111,"1","No","0",2022-04-12 08:14:22,2022-04-12 08:14:22
2915,371,111,"1","No","0",2022-04-12 08:17:33,2022-04-12 08:17:33
2916,371,1,"1","No","0",2022-04-12 08:18:44,2022-04-12 08:18:44
2917,371,1,"1","No","0",2022-04-12 08:18:59,2022-04-12 08:18:59
2918,1254,1,"1","No","0",2022-04-12 08:19:56,2022-04-12 08:19:56
2919,371,111,"1","No","0",2022-04-12 08:20:46,2022-04-12 08:20:46
2920,371,1,"1","No","0",2022-04-12 08:21:02,2022-04-12 08:21:02
2921,371,111,"1","No","0",2022-04-12 08:22:52,2022-04-12 08:22:52
2922,371,1,"1","No","0",2022-04-12 08:23:04,2022-04-12 08:23:04
2923,371,111,"1","No","0",2022-04-12 08:26:28,2022-04-12 08:26:28
2924,2938,111,"1","No","0",2022-04-12 08:27:57,2022-04-12 08:27:57
2925,2938,111,"1","No","0",2022-04-12 08:28:44,2022-04-12 08:28:44
2926,371,,"1","No","0",2022-04-12 08:29:12,2022-04-12 08:29:12
2927,371,111,"1","No","0",2022-04-12 08:29:52,2022-04-12 08:29:52
2928,371,,"1","No","0",2022-04-12 08:30:12,2022-04-12 08:30:12
2929,371,111,"1","No","0",2022-04-12 08:30:16,2022-04-12 08:30:16
2930,371,111,"1","No","0",2022-04-12 08:32:13,2022-04-12 08:32:13
2931,371,111,"1","No","0",2022-04-12 08:33:21,2022-04-12 08:33:21
2932,371,111,"1","No","0",2022-04-12 08:35:48,2022-04-12 08:35:48
2933,371,111,"1","No","0",2022-04-12 08:35:53,2022-04-12 08:35:53
2934,371,1,"1","No","0",2022-04-12 08:36:06,2022-04-12 08:36:06
2935,371,1,"1","No","0",2022-04-12 08:36:21,2022-04-12 08:36:21
2936,371,111,"1","No","0",2022-04-12 08:42:56,2022-04-12 08:42:56
2937,371,111,"1","No","0",2022-04-12 08:44:51,2022-04-12 08:44:51
2938,371,111,"1","No","0",2022-04-12 08:45:11,2022-04-12 08:45:11
2939,2938,111,"1","No","0",2022-04-12 08:45:19,2022-04-12 08:45:19
2940,2938,111,"1","No","0",2022-04-12 08:45:42,2022-04-12 08:45:42
2941,3292,111,"1","No","0",2022-04-12 09:14:46,2022-04-12 09:14:46
2942,3300,111,"1","No","0",2022-04-12 09:33:10,2022-04-12 09:33:10
2943,2938,111,"1","No","0",2022-04-12 09:34:49,2022-04-12 09:34:49
2944,3322,111,"10","No","0",2022-04-14 09:32:39,2022-04-14 09:32:39
2945,3322,111,"10","No","0",2022-04-14 09:32:50,2022-04-14 09:32:50
2946,2938,111,"1","No","0",2022-04-14 12:15:30,2022-04-14 12:15:30
2947,2938,111,"1","No","0",2022-04-14 12:26:55,2022-04-14 12:26:55
2948,2938,111,"1","No","0",2022-04-14 12:27:35,2022-04-14 12:27:35
2949,2938,111,"1","No","0",2022-04-14 12:43:41,2022-04-14 12:43:41
2950,2938,111,"1","No","0",2022-04-14 12:54:19,2022-04-14 12:54:19
2951,2938,111,"1","No","0",2022-04-14 13:04:29,2022-04-14 13:04:29
2952,3305,111,"1","No","0",2022-04-14 13:05:11,2022-04-14 13:05:11
2953,3305,111,"1","No","0",2022-04-14 13:18:55,2022-04-14 13:18:55
2954,3305,111,"1","No","0",2022-04-14 13:19:44,2022-04-14 13:19:44
2955,3305,111,"1","No","0",2022-04-14 13:19:53,2022-04-14 13:19:53
2956,3305,111,"1","No","0",2022-04-15 10:28:58,2022-04-15 10:28:58
2957,2339,111,"1","No","0",2022-04-15 10:39:28,2022-04-15 10:39:28
2958,2339,111,"1","No","0",2022-04-15 11:26:54,2022-04-15 11:26:54
2959,3305,111,"1","No","0",2022-04-15 11:27:06,2022-04-15 11:27:06
2960,3279,,"1","No","0",2022-04-16 02:48:09,2022-04-16 02:48:09
2961,3322,99,"10","No","0",2022-04-17 03:19:16,2022-04-17 03:19:16
2962,3308,99,"1","No","0",2022-04-17 03:26:57,2022-04-17 03:26:57
2963,1254,1,"1","No","0",2022-04-18 03:06:23,2022-04-18 03:06:23
2964,2536,,"1","No","0",2022-04-18 05:01:56,2022-04-18 05:01:56
2965,371,,"1","No","0",2022-04-18 05:21:10,2022-04-18 05:21:10
2966,134,111,"1","No","0",2022-04-18 10:07:09,2022-04-18 10:07:09
2967,2628,,"1","No","0",2022-04-18 14:53:16,2022-04-18 14:53:16
2968,2100,,"1","No","0",2022-04-18 19:24:58,2022-04-18 19:24:58
2969,2100,133,"1","No","0",2022-04-18 19:24:58,2022-04-18 19:24:58
2970,3167,,"1","No","0",2022-04-18 19:25:17,2022-04-18 19:25:17
2971,3301,102,"1","No","0",2022-04-18 20:07:37,2022-04-18 20:07:37
2972,3301,102,"1","No","0",2022-04-18 20:08:00,2022-04-18 20:08:00
2973,2106,102,"1","No","0",2022-04-18 20:09:23,2022-04-18 20:09:23
2974,3273,102,"10","No","0",2022-04-18 20:21:34,2022-04-18 20:21:34
2975,1254,1,"1","No","0",2022-04-18 20:35:33,2022-04-18 20:35:33
2976,2100,,"1","No","0",2022-04-18 23:06:55,2022-04-18 23:06:55
2977,2100,,"1","No","0",2022-04-18 23:07:22,2022-04-18 23:07:22
2978,2100,1,"1","No","0",2022-04-18 23:52:44,2022-04-18 23:52:44
2979,2780,,"1","No","0",2022-04-19 00:06:35,2022-04-19 00:06:35
2980,2780,,"1","No","0",2022-04-19 00:06:38,2022-04-19 00:06:38
2981,2780,,"1","No","0",2022-04-19 00:06:40,2022-04-19 00:06:40
2982,2780,,"1","No","0",2022-04-19 00:06:44,2022-04-19 00:06:44
2983,579,146,"1","No","0",2022-04-19 00:46:57,2022-04-19 00:46:57
2984,579,146,"1","No","0",2022-04-19 00:47:03,2022-04-19 00:47:03
2985,2193,1,"1","No","0",2022-04-19 18:37:01,2022-04-19 18:37:01
2986,2193,1,"1","No","0",2022-04-19 18:37:14,2022-04-19 18:37:14
2987,2193,1,"1","No","0",2022-04-19 18:37:21,2022-04-19 18:37:21
2988,2193,1,"1","No","0",2022-04-19 18:37:44,2022-04-19 18:37:44
2989,2093,1,"1","No","0",2022-04-19 19:29:02,2022-04-19 19:29:02
2990,473,1,"1","No","0",2022-04-19 19:30:46,2022-04-19 19:30:46
2991,2193,,"1","No","0",2022-04-20 12:38:02,2022-04-20 12:38:02
2992,2193,,"1","No","0",2022-04-20 12:38:05,2022-04-20 12:38:05
2993,2193,,"1","No","0",2022-04-20 12:38:24,2022-04-20 12:38:24
2994,2213,,"1","No","0",2022-04-20 12:38:37,2022-04-20 12:38:37
2995,2213,,"1","No","0",2022-04-20 12:38:41,2022-04-20 12:38:41
2996,579,111,"1","No","0",2022-04-21 09:00:12,2022-04-21 09:00:12
2997,579,111,"1","No","0",2022-04-21 09:00:42,2022-04-21 09:00:42
2998,579,111,"1","No","0",2022-04-21 09:00:55,2022-04-21 09:00:55
2999,579,111,"1","No","0",2022-04-21 09:07:39,2022-04-21 09:07:39
3000,2446,111,"1","No","0",2022-04-21 09:53:37,2022-04-21 09:53:37
3001,2446,111,"1","No","0",2022-04-21 09:53:44,2022-04-21 09:53:44
3002,579,111,"1","No","0",2022-04-21 09:54:55,2022-04-21 09:54:55
3003,579,111,"1","No","0",2022-04-21 09:55:03,2022-04-21 09:55:03
3004,3308,,"1","No","0",2022-04-21 18:30:06,2022-04-21 18:30:06
3005,579,111,"1","No","0",2022-04-22 11:59:49,2022-04-22 11:59:49
3006,579,111,"1","No","0",2022-04-22 12:00:04,2022-04-22 12:00:04
3007,3322,,"10","No","0",2022-04-23 12:20:48,2022-04-23 12:20:48
3008,3273,,"10","No","0",2022-04-23 12:56:06,2022-04-23 12:56:06
3009,177,,"1","No","0",2022-04-23 16:26:39,2022-04-23 16:26:39
3010,19,,"1","No","0",2022-04-23 17:12:34,2022-04-23 17:12:34
3011,2922,,"1","No","0",2022-04-24 14:16:54,2022-04-24 14:16:54
3012,2451,,"1","No","0",2022-04-24 14:17:50,2022-04-24 14:17:50
3013,2106,,"1","No","0",2022-04-24 14:24:04,2022-04-24 14:24:04
3014,3191,,"1","No","0",2022-04-24 14:24:30,2022-04-24 14:24:30
3015,3005,,"1","No","0",2022-04-24 14:24:57,2022-04-24 14:24:57
3016,3005,,"1","No","0",2022-04-24 14:25:20,2022-04-24 14:25:20
3017,2820,,"1","No","0",2022-04-24 14:26:00,2022-04-24 14:26:00
3018,1668,,"1","No","0",2022-04-24 14:27:40,2022-04-24 14:27:40
3019,2850,,"1","No","0",2022-04-24 15:15:17,2022-04-24 15:15:17
3020,177,,"1","No","0",2022-04-24 23:55:23,2022-04-24 23:55:23
3021,2193,,"1","No","0",2022-04-26 14:33:38,2022-04-26 14:33:38
3022,29,,"1","No","0",2022-04-26 15:03:20,2022-04-26 15:03:20
3023,2213,102,"1","No","0",2022-04-28 13:13:04,2022-04-28 13:13:04
3024,3273,102,"10","No","0",2022-04-28 19:07:31,2022-04-28 19:07:31
3025,3322,153,"10","No","0",2022-05-10 13:51:49,2022-05-10 13:51:49
3026,3273,153,"10","No","0",2022-05-10 13:52:11,2022-05-10 13:52:11
3027,3232,,"1","No","0",2022-05-12 01:11:33,2022-05-12 01:11:33
3028,3232,,"1","No","0",2022-05-12 01:11:41,2022-05-12 01:11:41
3029,3273,,"10","No","0",2022-05-12 01:15:25,2022-05-12 01:15:25
3030,595,155,"1","No","0",2022-05-12 03:07:41,2022-05-12 03:07:41
3031,2918,156,"1","No","0",2022-05-26 18:57:40,2022-05-26 18:57:40
3032,3323,,"15","No","1",2022-05-27 00:09:18,2022-05-27 00:09:18
3033,3323,158,"15","No","1",2022-05-27 00:09:48,2022-05-27 00:09:48
3034,3323,,"15","No","1",2022-05-27 00:11:04,2022-05-27 00:11:04
3035,2378,,"1","No","0",2022-05-27 01:41:07,2022-05-27 01:41:07
3036,2290,,"1","No","0",2022-05-27 01:41:24,2022-05-27 01:41:24
3037,714,,"1","No","0",2022-05-27 14:37:00,2022-05-27 14:37:00
3038,1016,,"1","No","0",2022-05-27 14:57:55,2022-05-27 14:57:55
3039,3324,1,"10","No","2",2022-06-03 11:46:57,2022-06-03 11:46:57
3040,3324,1,"10","No","2",2022-06-03 11:47:18,2022-06-03 11:47:18
3041,3324,1,"10","No","2",2022-06-03 12:02:33,2022-06-03 12:02:33
3042,3324,1,"10","No","2",2022-06-03 12:02:46,2022-06-03 12:02:46
3043,3325,1,"0","No","5",2022-06-04 18:37:25,2022-06-04 18:37:25
3044,3325,151,"0","No","5",2022-06-04 18:43:21,2022-06-04 18:43:21
3045,3325,151,"0","No","5",2022-06-04 18:44:30,2022-06-04 18:44:30
3046,2193,136,"1","No","0",2022-06-04 22:48:16,2022-06-04 22:48:16
3047,3323,161,"15","No","1",2022-06-06 12:35:14,2022-06-06 12:35:14
3048,3323,161,"15","No","1",2022-06-06 12:35:18,2022-06-06 12:35:18
3049,3323,161,"15","No","1",2022-06-06 12:35:26,2022-06-06 12:35:26
3050,3323,161,"15","No","1",2022-06-06 12:35:30,2022-06-06 12:35:30
3051,3330,161,"15","No","1",2022-06-06 13:13:49,2022-06-06 13:13:49
3052,3330,161,"15","No","1",2022-06-06 13:13:53,2022-06-06 13:13:53
3053,3330,161,"15","No","1",2022-06-06 13:13:56,2022-06-06 13:13:56
3054,3330,161,"15","No","1",2022-06-06 13:13:59,2022-06-06 13:13:59
3055,3330,161,"15","No","1",2022-06-06 13:14:02,2022-06-06 13:14:02
3056,3330,161,"15","No","1",2022-06-06 13:14:05,2022-06-06 13:14:05
3057,3330,161,"15","No","1",2022-06-06 13:14:08,2022-06-06 13:14:08
3058,3330,161,"15","No","1",2022-06-06 13:14:12,2022-06-06 13:14:12
3059,3330,162,"15","No","1",2022-06-06 13:18:03,2022-06-06 13:18:03
3060,3330,161,"15","No","1",2022-06-06 13:19:29,2022-06-06 13:19:29
3061,3330,161,"15","No","1",2022-06-06 13:19:32,2022-06-06 13:19:32
3062,3330,161,"15","No","1",2022-06-06 13:19:35,2022-06-06 13:19:35
3063,3330,161,"15","No","1",2022-06-06 13:19:38,2022-06-06 13:19:38
3064,3330,161,"15","No","1",2022-06-06 13:19:41,2022-06-06 13:19:41
3065,3330,161,"15","No","1",2022-06-06 13:19:45,2022-06-06 13:19:45
3066,3330,161,"15","No","1",2022-06-06 13:19:49,2022-06-06 13:19:49
3067,3330,161,"15","No","1",2022-06-06 13:19:53,2022-06-06 13:19:53
3068,3330,161,"15","No","1",2022-06-06 13:19:57,2022-06-06 13:19:57
3069,3330,161,"15","No","1",2022-06-06 13:20:01,2022-06-06 13:20:01
3070,3330,161,"15","No","1",2022-06-06 13:20:05,2022-06-06 13:20:05
3071,3330,161,"15","No","1",2022-06-06 13:20:09,2022-06-06 13:20:09
3072,3330,161,"15","No","1",2022-06-06 13:20:13,2022-06-06 13:20:13
3073,3330,161,"15","No","1",2022-06-06 13:20:17,2022-06-06 13:20:17
3074,3330,161,"15","No","1",2022-06-06 13:20:21,2022-06-06 13:20:21
3075,3330,161,"15","No","1",2022-06-06 13:20:25,2022-06-06 13:20:25
3076,3330,161,"15","No","1",2022-06-06 13:20:29,2022-06-06 13:20:29
3077,3330,161,"15","No","1",2022-06-06 13:20:33,2022-06-06 13:20:33
3078,3330,161,"15","No","1",2022-06-06 13:20:37,2022-06-06 13:20:37
3079,3330,161,"15","No","1",2022-06-06 13:20:41,2022-06-06 13:20:41
3080,3330,161,"15","No","1",2022-06-06 13:20:45,2022-06-06 13:20:45
3081,3330,161,"15","No","1",2022-06-06 13:20:49,2022-06-06 13:20:49
3082,3330,161,"15","No","1",2022-06-06 13:20:53,2022-06-06 13:20:53
3083,3330,161,"15","No","1",2022-06-06 13:20:57,2022-06-06 13:20:57
3084,3330,161,"15","No","1",2022-06-06 13:21:01,2022-06-06 13:21:01
3085,3330,161,"15","No","1",2022-06-06 13:21:05,2022-06-06 13:21:05
3086,3330,161,"15","No","1",2022-06-06 13:21:09,2022-06-06 13:21:09
3087,3330,161,"15","No","1",2022-06-06 13:21:13,2022-06-06 13:21:13
3088,3330,161,"15","No","1",2022-06-06 13:21:17,2022-06-06 13:21:17
3089,3330,161,"15","No","1",2022-06-06 13:21:21,2022-06-06 13:21:21
3090,3330,161,"15","No","1",2022-06-06 13:21:25,2022-06-06 13:21:25
3091,3330,161,"15","No","1",2022-06-06 13:21:29,2022-06-06 13:21:29
3092,3330,161,"15","No","1",2022-06-06 13:21:33,2022-06-06 13:21:33
3093,3330,161,"15","No","1",2022-06-06 13:21:37,2022-06-06 13:21:37
3094,3330,161,"15","No","1",2022-06-06 13:21:41,2022-06-06 13:21:41
3095,3330,161,"15","No","1",2022-06-06 13:21:45,2022-06-06 13:21:45
3096,3330,161,"15","No","1",2022-06-06 13:21:49,2022-06-06 13:21:49
3097,3330,161,"15","No","1",2022-06-06 13:21:53,2022-06-06 13:21:53
3098,3330,161,"15","No","1",2022-06-06 13:21:57,2022-06-06 13:21:57
3099,3330,161,"15","No","1",2022-06-06 13:22:01,2022-06-06 13:22:01
3100,3330,161,"15","No","1",2022-06-06 13:22:05,2022-06-06 13:22:05
3101,3330,161,"15","No","1",2022-06-06 13:22:09,2022-06-06 13:22:09
3102,3330,161,"15","No","1",2022-06-06 13:22:13,2022-06-06 13:22:13
3103,3330,161,"15","No","1",2022-06-06 13:22:17,2022-06-06 13:22:17
3104,3330,161,"15","No","1",2022-06-06 13:22:21,2022-06-06 13:22:21
3105,3330,161,"15","No","1",2022-06-06 13:22:25,2022-06-06 13:22:25
3106,3330,161,"15","No","1",2022-06-06 13:22:29,2022-06-06 13:22:29
3107,3330,161,"15","No","1",2022-06-06 13:22:33,2022-06-06 13:22:33
3108,3330,161,"15","No","1",2022-06-06 13:22:37,2022-06-06 13:22:37
3109,3330,161,"15","No","1",2022-06-06 13:22:41,2022-06-06 13:22:41
3110,3330,161,"15","No","1",2022-06-06 13:22:45,2022-06-06 13:22:45
3111,3330,161,"15","No","1",2022-06-06 13:22:49,2022-06-06 13:22:49
3112,3330,161,"15","No","1",2022-06-06 13:22:53,2022-06-06 13:22:53
3113,3330,161,"15","No","1",2022-06-06 13:22:57,2022-06-06 13:22:57
3114,3330,161,"15","No","1",2022-06-06 13:23:01,2022-06-06 13:23:01
3115,3330,161,"15","No","1",2022-06-06 13:23:05,2022-06-06 13:23:05
3116,3330,161,"15","No","1",2022-06-06 13:23:09,2022-06-06 13:23:09
3117,3330,161,"15","No","1",2022-06-06 13:23:13,2022-06-06 13:23:13
3118,3330,161,"15","No","1",2022-06-06 13:23:17,2022-06-06 13:23:17
3119,3330,161,"15","No","1",2022-06-06 13:23:21,2022-06-06 13:23:21
3120,3330,161,"15","No","1",2022-06-06 13:23:25,2022-06-06 13:23:25
3121,3330,161,"15","No","1",2022-06-06 13:23:29,2022-06-06 13:23:29
3122,3330,161,"15","No","1",2022-06-06 13:23:33,2022-06-06 13:23:33
3123,3330,161,"15","No","1",2022-06-06 13:23:37,2022-06-06 13:23:37
3124,3330,161,"15","No","1",2022-06-06 13:23:41,2022-06-06 13:23:41
3125,3330,161,"15","No","1",2022-06-06 13:23:45,2022-06-06 13:23:45
3126,3330,161,"15","No","1",2022-06-06 13:23:49,2022-06-06 13:23:49
3127,3330,161,"15","No","1",2022-06-06 13:23:53,2022-06-06 13:23:53
3128,3330,161,"15","No","1",2022-06-06 13:23:57,2022-06-06 13:23:57
3129,3330,161,"15","No","1",2022-06-06 13:24:01,2022-06-06 13:24:01
3130,3330,161,"15","No","1",2022-06-06 13:24:05,2022-06-06 13:24:05
3131,3330,161,"15","No","1",2022-06-06 13:24:09,2022-06-06 13:24:09
3132,3330,161,"15","No","1",2022-06-06 13:24:13,2022-06-06 13:24:13
3133,3330,161,"15","No","1",2022-06-06 13:24:17,2022-06-06 13:24:17
3134,3330,161,"15","No","1",2022-06-06 13:24:21,2022-06-06 13:24:21
3135,3330,161,"15","No","1",2022-06-06 13:24:25,2022-06-06 13:24:25
3136,3330,161,"15","No","1",2022-06-06 13:24:29,2022-06-06 13:24:29
3137,3330,161,"15","No","1",2022-06-06 13:24:33,2022-06-06 13:24:33
3138,3330,161,"15","No","1",2022-06-06 13:24:37,2022-06-06 13:24:37
3139,3330,161,"15","No","1",2022-06-06 13:24:41,2022-06-06 13:24:41
3140,3330,161,"15","No","1",2022-06-06 13:24:45,2022-06-06 13:24:45
3141,3330,161,"15","No","1",2022-06-06 13:24:49,2022-06-06 13:24:49
3142,3330,161,"15","No","1",2022-06-06 13:24:53,2022-06-06 13:24:53
3143,3330,161,"15","No","1",2022-06-06 13:24:57,2022-06-06 13:24:57
3144,3330,161,"15","No","1",2022-06-06 13:25:01,2022-06-06 13:25:01
3145,3330,161,"15","No","1",2022-06-06 13:25:05,2022-06-06 13:25:05
3146,3330,161,"15","No","1",2022-06-06 13:25:09,2022-06-06 13:25:09
3147,3330,161,"15","No","1",2022-06-06 13:25:13,2022-06-06 13:25:13
3148,3330,161,"15","No","1",2022-06-06 13:25:17,2022-06-06 13:25:17
3149,3330,161,"15","No","1",2022-06-06 13:25:21,2022-06-06 13:25:21
3150,3330,161,"15","No","1",2022-06-06 13:25:25,2022-06-06 13:25:25
3151,3330,161,"15","No","1",2022-06-06 13:25:29,2022-06-06 13:25:29
3152,3330,161,"15","No","1",2022-06-06 13:25:33,2022-06-06 13:25:33
3153,3330,161,"15","No","1",2022-06-06 13:25:37,2022-06-06 13:25:37
3154,3330,161,"15","No","1",2022-06-06 13:25:41,2022-06-06 13:25:41
3155,3330,161,"15","No","1",2022-06-06 13:25:45,2022-06-06 13:25:45
3156,3330,161,"15","No","1",2022-06-06 13:25:49,2022-06-06 13:25:49
3157,3330,161,"15","No","1",2022-06-06 13:25:53,2022-06-06 13:25:53
3158,3330,161,"15","No","1",2022-06-06 13:25:57,2022-06-06 13:25:57
3159,3330,161,"15","No","1",2022-06-06 13:26:01,2022-06-06 13:26:01
3160,3330,161,"15","No","1",2022-06-06 13:26:05,2022-06-06 13:26:05
3161,3330,161,"15","No","1",2022-06-06 13:26:09,2022-06-06 13:26:09
3162,3330,161,"15","No","1",2022-06-06 13:26:13,2022-06-06 13:26:13
3163,3330,161,"15","No","1",2022-06-06 13:26:17,2022-06-06 13:26:17
3164,3330,161,"15","No","1",2022-06-06 13:26:21,2022-06-06 13:26:21
3165,3330,161,"15","No","1",2022-06-06 13:26:25,2022-06-06 13:26:25
3166,3330,161,"15","No","1",2022-06-06 13:26:29,2022-06-06 13:26:29
3167,3330,161,"15","No","1",2022-06-06 13:26:33,2022-06-06 13:26:33
3168,3330,161,"15","No","1",2022-06-06 13:26:37,2022-06-06 13:26:37
3169,3330,161,"15","No","1",2022-06-06 13:26:41,2022-06-06 13:26:41
3170,3330,161,"15","No","1",2022-06-06 13:26:45,2022-06-06 13:26:45
3171,3330,161,"15","No","1",2022-06-06 13:26:49,2022-06-06 13:26:49
3172,3330,161,"15","No","1",2022-06-06 13:26:53,2022-06-06 13:26:53
3173,3330,161,"15","No","1",2022-06-06 13:26:57,2022-06-06 13:26:57
3174,3330,161,"15","No","1",2022-06-06 13:27:01,2022-06-06 13:27:01
3175,3330,161,"15","No","1",2022-06-06 13:27:05,2022-06-06 13:27:05
3176,3330,161,"15","No","1",2022-06-06 13:27:09,2022-06-06 13:27:09
3177,3330,161,"15","No","1",2022-06-06 13:27:13,2022-06-06 13:27:13
3178,3330,161,"15","No","1",2022-06-06 13:27:17,2022-06-06 13:27:17
3179,3330,161,"15","No","1",2022-06-06 13:27:21,2022-06-06 13:27:21
3180,3330,161,"15","No","1",2022-06-06 13:27:25,2022-06-06 13:27:25
3181,3330,161,"15","No","1",2022-06-06 13:27:29,2022-06-06 13:27:29
3182,3330,161,"15","No","1",2022-06-06 13:27:33,2022-06-06 13:27:33
3183,3330,161,"15","No","1",2022-06-06 13:27:37,2022-06-06 13:27:37
3184,3330,161,"15","No","1",2022-06-06 13:27:41,2022-06-06 13:27:41
3185,3330,161,"15","No","1",2022-06-06 13:27:45,2022-06-06 13:27:45
3186,3330,161,"15","No","1",2022-06-06 13:27:49,2022-06-06 13:27:49
3187,3330,161,"15","No","1",2022-06-06 13:27:53,2022-06-06 13:27:53
3188,3330,161,"15","No","1",2022-06-06 13:27:57,2022-06-06 13:27:57
3189,3330,161,"15","No","1",2022-06-06 13:28:01,2022-06-06 13:28:01
3190,3330,161,"15","No","1",2022-06-06 13:28:05,2022-06-06 13:28:05
3191,3330,161,"15","No","1",2022-06-06 13:28:09,2022-06-06 13:28:09
3192,3330,161,"15","No","1",2022-06-06 13:28:13,2022-06-06 13:28:13
3193,3330,161,"15","No","1",2022-06-06 13:28:17,2022-06-06 13:28:17
3194,3330,161,"15","No","1",2022-06-06 13:28:21,2022-06-06 13:28:21
3195,3330,161,"15","No","1",2022-06-06 13:28:25,2022-06-06 13:28:25
3196,3330,161,"15","No","1",2022-06-06 13:28:29,2022-06-06 13:28:29
3197,3330,161,"15","No","1",2022-06-06 13:28:33,2022-06-06 13:28:33
3198,3330,161,"15","No","1",2022-06-06 13:28:37,2022-06-06 13:28:37
3199,3330,161,"15","No","1",2022-06-06 13:28:41,2022-06-06 13:28:41
3200,3330,161,"15","No","1",2022-06-06 13:28:45,2022-06-06 13:28:45
3201,3330,161,"15","No","1",2022-06-06 13:28:49,2022-06-06 13:28:49
3202,3330,161,"15","No","1",2022-06-06 13:28:53,2022-06-06 13:28:53
3203,3330,161,"15","No","1",2022-06-06 13:28:57,2022-06-06 13:28:57
3204,3330,161,"15","No","1",2022-06-06 13:29:01,2022-06-06 13:29:01
3205,3330,161,"15","No","1",2022-06-06 13:29:05,2022-06-06 13:29:05
3206,3330,161,"15","No","1",2022-06-06 13:29:09,2022-06-06 13:29:09
3207,3330,161,"15","No","1",2022-06-06 13:29:13,2022-06-06 13:29:13
3208,3330,161,"15","No","1",2022-06-06 13:29:17,2022-06-06 13:29:17
3209,3330,161,"15","No","1",2022-06-06 13:29:21,2022-06-06 13:29:21
3210,3330,161,"15","No","1",2022-06-06 13:29:25,2022-06-06 13:29:25
3211,3330,161,"15","No","1",2022-06-06 13:29:29,2022-06-06 13:29:29
3212,3330,161,"15","No","1",2022-06-06 13:29:33,2022-06-06 13:29:33
3213,3330,161,"15","No","1",2022-06-06 13:29:37,2022-06-06 13:29:37
3214,3330,161,"15","No","1",2022-06-06 13:29:41,2022-06-06 13:29:41
3215,3330,161,"15","No","1",2022-06-06 13:29:45,2022-06-06 13:29:45
3216,3330,161,"15","No","1",2022-06-06 13:29:49,2022-06-06 13:29:49
3217,3330,161,"15","No","1",2022-06-06 13:29:53,2022-06-06 13:29:53
3218,3330,161,"15","No","1",2022-06-06 13:29:57,2022-06-06 13:29:57
3219,3330,161,"15","No","1",2022-06-06 13:30:01,2022-06-06 13:30:01
3220,3330,161,"15","No","1",2022-06-06 13:30:05,2022-06-06 13:30:05
3221,3330,161,"15","No","1",2022-06-06 13:30:09,2022-06-06 13:30:09
3222,3330,161,"15","No","1",2022-06-06 13:30:13,2022-06-06 13:30:13
3223,3330,161,"15","No","1",2022-06-06 13:30:17,2022-06-06 13:30:17
3224,3330,161,"15","No","1",2022-06-06 13:30:21,2022-06-06 13:30:21
3225,3330,161,"15","No","1",2022-06-06 13:30:25,2022-06-06 13:30:25
3226,3330,161,"15","No","1",2022-06-06 13:30:29,2022-06-06 13:30:29
3227,3330,161,"15","No","1",2022-06-06 13:30:33,2022-06-06 13:30:33
3228,3330,161,"15","No","1",2022-06-06 13:30:37,2022-06-06 13:30:37
3229,3330,161,"15","No","1",2022-06-06 13:30:41,2022-06-06 13:30:41
3230,3330,161,"15","No","1",2022-06-06 13:30:45,2022-06-06 13:30:45
3231,3330,161,"15","No","1",2022-06-06 13:30:49,2022-06-06 13:30:49
3232,3330,161,"15","No","1",2022-06-06 13:30:53,2022-06-06 13:30:53
3233,3330,161,"15","No","1",2022-06-06 13:30:57,2022-06-06 13:30:57
3234,3330,161,"15","No","1",2022-06-06 13:31:01,2022-06-06 13:31:01
3235,3330,161,"15","No","1",2022-06-06 13:31:05,2022-06-06 13:31:05
3236,3330,161,"15","No","1",2022-06-06 13:31:09,2022-06-06 13:31:09
3237,3330,161,"15","No","1",2022-06-06 13:31:13,2022-06-06 13:31:13
3238,3330,161,"15","No","1",2022-06-06 13:31:17,2022-06-06 13:31:17
3239,3330,161,"15","No","1",2022-06-06 13:31:21,2022-06-06 13:31:21
3240,3330,161,"15","No","1",2022-06-06 13:31:25,2022-06-06 13:31:25
3241,3330,161,"15","No","1",2022-06-06 13:31:29,2022-06-06 13:31:29
3242,3330,161,"15","No","1",2022-06-06 13:31:33,2022-06-06 13:31:33
3243,3330,161,"15","No","1",2022-06-06 13:31:37,2022-06-06 13:31:37
3244,3330,161,"15","No","1",2022-06-06 13:31:41,2022-06-06 13:31:41
3245,3330,161,"15","No","1",2022-06-06 13:31:45,2022-06-06 13:31:45
3246,3330,161,"15","No","1",2022-06-06 13:31:49,2022-06-06 13:31:49
3247,3330,161,"15","No","1",2022-06-06 13:31:53,2022-06-06 13:31:53
3248,3330,161,"15","No","1",2022-06-06 13:31:57,2022-06-06 13:31:57
3249,3330,161,"15","No","1",2022-06-06 13:32:01,2022-06-06 13:32:01
3250,3330,161,"15","No","1",2022-06-06 13:32:05,2022-06-06 13:32:05
3251,3330,161,"15","No","1",2022-06-06 13:32:09,2022-06-06 13:32:09
3252,3330,161,"15","No","1",2022-06-06 13:32:13,2022-06-06 13:32:13
3253,3330,161,"15","No","1",2022-06-06 13:32:17,2022-06-06 13:32:17
3254,3330,161,"15","No","1",2022-06-06 13:32:21,2022-06-06 13:32:21
3255,3330,161,"15","No","1",2022-06-06 13:32:25,2022-06-06 13:32:25
3256,3330,161,"15","No","1",2022-06-06 13:32:29,2022-06-06 13:32:29
3257,3330,161,"15","No","1",2022-06-06 13:32:33,2022-06-06 13:32:33
3258,3330,161,"15","No","1",2022-06-06 13:32:37,2022-06-06 13:32:37
3259,3330,161,"15","No","1",2022-06-06 13:32:41,2022-06-06 13:32:41
3260,3330,161,"15","No","1",2022-06-06 13:32:45,2022-06-06 13:32:45
3261,3330,161,"15","No","1",2022-06-06 13:32:49,2022-06-06 13:32:49
3262,3330,161,"15","No","1",2022-06-06 13:32:53,2022-06-06 13:32:53
3263,3330,161,"15","No","1",2022-06-06 13:32:57,2022-06-06 13:32:57
3264,3330,161,"15","No","1",2022-06-06 13:33:01,2022-06-06 13:33:01
3265,3330,161,"15","No","1",2022-06-06 13:33:05,2022-06-06 13:33:05
3266,3330,161,"15","No","1",2022-06-06 13:33:09,2022-06-06 13:33:09
3267,3330,161,"15","No","1",2022-06-06 13:33:13,2022-06-06 13:33:13
3268,3330,161,"15","No","1",2022-06-06 13:33:17,2022-06-06 13:33:17
3269,3330,161,"15","No","1",2022-06-06 13:33:21,2022-06-06 13:33:21
3270,3330,161,"15","No","1",2022-06-06 13:33:25,2022-06-06 13:33:25
3271,3330,161,"15","No","1",2022-06-06 13:33:29,2022-06-06 13:33:29
3272,3330,161,"15","No","1",2022-06-06 13:33:33,2022-06-06 13:33:33
3273,3330,161,"15","No","1",2022-06-06 13:33:37,2022-06-06 13:33:37
3274,3330,161,"15","No","1",2022-06-06 13:33:41,2022-06-06 13:33:41
3275,3330,161,"15","No","1",2022-06-06 13:33:45,2022-06-06 13:33:45
3276,3330,161,"15","No","1",2022-06-06 13:33:49,2022-06-06 13:33:49
3277,3330,161,"15","No","1",2022-06-06 13:33:53,2022-06-06 13:33:53
3278,3330,161,"15","No","1",2022-06-06 13:33:57,2022-06-06 13:33:57
3279,3330,161,"15","No","1",2022-06-06 13:34:01,2022-06-06 13:34:01
3280,3330,161,"15","No","1",2022-06-06 13:34:05,2022-06-06 13:34:05
3281,3330,161,"15","No","1",2022-06-06 13:34:09,2022-06-06 13:34:09
3282,3330,161,"15","No","1",2022-06-06 13:34:13,2022-06-06 13:34:13
3283,3330,161,"15","No","1",2022-06-06 13:34:17,2022-06-06 13:34:17
3284,3330,161,"15","No","1",2022-06-06 13:34:21,2022-06-06 13:34:21
3285,3330,161,"15","No","1",2022-06-06 13:34:25,2022-06-06 13:34:25
3286,3330,161,"15","No","1",2022-06-06 13:34:29,2022-06-06 13:34:29
3287,3330,161,"15","No","1",2022-06-06 13:34:33,2022-06-06 13:34:33
3288,3330,161,"15","No","1",2022-06-06 13:34:37,2022-06-06 13:34:37
3289,3330,161,"15","No","1",2022-06-06 13:34:41,2022-06-06 13:34:41
3290,3330,161,"15","No","1",2022-06-06 13:34:45,2022-06-06 13:34:45
3291,3330,161,"15","No","1",2022-06-06 13:34:49,2022-06-06 13:34:49
3292,3330,161,"15","No","1",2022-06-06 13:34:53,2022-06-06 13:34:53
3293,3330,161,"15","No","1",2022-06-06 13:34:57,2022-06-06 13:34:57
3294,3330,161,"15","No","1",2022-06-06 13:35:01,2022-06-06 13:35:01
3295,3330,161,"15","No","1",2022-06-06 13:35:05,2022-06-06 13:35:05
3296,3330,161,"15","No","1",2022-06-06 13:35:09,2022-06-06 13:35:09
3297,3330,161,"15","No","1",2022-06-06 13:35:13,2022-06-06 13:35:13
3298,3330,161,"15","No","1",2022-06-06 13:35:17,2022-06-06 13:35:17
3299,3330,161,"15","No","1",2022-06-06 13:35:21,2022-06-06 13:35:21
3300,3330,161,"15","No","1",2022-06-06 13:35:25,2022-06-06 13:35:25
3301,3330,161,"15","No","1",2022-06-06 13:35:29,2022-06-06 13:35:29
3302,3330,161,"15","No","1",2022-06-06 13:35:33,2022-06-06 13:35:33
3303,3330,161,"15","No","1",2022-06-06 13:35:37,2022-06-06 13:35:37
3304,3330,161,"15","No","1",2022-06-06 13:35:41,2022-06-06 13:35:41
3305,3330,161,"15","No","1",2022-06-06 13:35:45,2022-06-06 13:35:45
3306,3330,161,"15","No","1",2022-06-06 13:35:49,2022-06-06 13:35:49
3307,3330,161,"15","No","1",2022-06-06 13:35:53,2022-06-06 13:35:53
3308,3330,161,"15","No","1",2022-06-06 13:35:57,2022-06-06 13:35:57
3309,3330,161,"15","No","1",2022-06-06 13:36:01,2022-06-06 13:36:01
3310,3330,161,"15","No","1",2022-06-06 13:36:05,2022-06-06 13:36:05
3311,3330,161,"15","No","1",2022-06-06 13:36:09,2022-06-06 13:36:09
3312,3330,161,"15","No","1",2022-06-06 13:36:13,2022-06-06 13:36:13
3313,3330,161,"15","No","1",2022-06-06 13:36:17,2022-06-06 13:36:17
3314,3330,161,"15","No","1",2022-06-06 13:36:21,2022-06-06 13:36:21
3315,3330,161,"15","No","1",2022-06-06 13:36:25,2022-06-06 13:36:25
3316,3330,161,"15","No","1",2022-06-06 13:36:29,2022-06-06 13:36:29
3317,3330,161,"15","No","1",2022-06-06 13:36:33,2022-06-06 13:36:33
3318,3330,161,"15","No","1",2022-06-06 13:36:37,2022-06-06 13:36:37
3319,3330,161,"15","No","1",2022-06-06 13:36:41,2022-06-06 13:36:41
3320,3330,161,"15","No","1",2022-06-06 13:36:45,2022-06-06 13:36:45
3321,3330,161,"15","No","1",2022-06-06 13:36:49,2022-06-06 13:36:49
3322,3330,161,"15","No","1",2022-06-06 13:36:53,2022-06-06 13:36:53
3323,3330,161,"15","No","1",2022-06-06 13:36:57,2022-06-06 13:36:57
3324,3330,161,"15","No","1",2022-06-06 13:37:01,2022-06-06 13:37:01
3325,3330,161,"15","No","1",2022-06-06 13:37:05,2022-06-06 13:37:05
3326,3330,161,"15","No","1",2022-06-06 13:37:09,2022-06-06 13:37:09
3327,3330,161,"15","No","1",2022-06-06 13:37:13,2022-06-06 13:37:13
3328,3330,161,"15","No","1",2022-06-06 13:37:17,2022-06-06 13:37:17
3329,3330,161,"15","No","1",2022-06-06 13:37:21,2022-06-06 13:37:21
3330,3330,161,"15","No","1",2022-06-06 13:37:25,2022-06-06 13:37:25
3331,3330,161,"15","No","1",2022-06-06 13:37:29,2022-06-06 13:37:29
3332,3330,161,"15","No","1",2022-06-06 13:37:33,2022-06-06 13:37:33
3333,3330,161,"15","No","1",2022-06-06 13:37:37,2022-06-06 13:37:37
3334,3330,161,"15","No","1",2022-06-06 13:37:41,2022-06-06 13:37:41
3335,3330,161,"15","No","1",2022-06-06 13:37:45,2022-06-06 13:37:45
3336,3330,161,"15","No","1",2022-06-06 13:37:49,2022-06-06 13:37:49
3337,3330,161,"15","No","1",2022-06-06 13:37:53,2022-06-06 13:37:53
3338,3330,161,"15","No","1",2022-06-06 13:37:57,2022-06-06 13:37:57
3339,3330,161,"15","No","1",2022-06-06 13:38:01,2022-06-06 13:38:01
3340,3330,161,"15","No","1",2022-06-06 13:38:05,2022-06-06 13:38:05
3341,3330,161,"15","No","1",2022-06-06 13:38:09,2022-06-06 13:38:09
3342,3330,161,"15","No","1",2022-06-06 13:38:13,2022-06-06 13:38:13
3343,3330,161,"15","No","1",2022-06-06 13:38:17,2022-06-06 13:38:17
3344,3330,161,"15","No","1",2022-06-06 13:38:21,2022-06-06 13:38:21
3345,3330,161,"15","No","1",2022-06-06 13:38:25,2022-06-06 13:38:25
3346,3330,161,"15","No","1",2022-06-06 13:38:29,2022-06-06 13:38:29
3347,3330,161,"15","No","1",2022-06-06 13:38:33,2022-06-06 13:38:33
3348,3330,161,"15","No","1",2022-06-06 13:38:37,2022-06-06 13:38:37
3349,3330,161,"15","No","1",2022-06-06 13:38:41,2022-06-06 13:38:41
3350,3330,161,"15","No","1",2022-06-06 13:38:45,2022-06-06 13:38:45
3351,3330,161,"15","No","1",2022-06-06 13:38:49,2022-06-06 13:38:49
3352,3330,161,"15","No","1",2022-06-06 13:38:53,2022-06-06 13:38:53
3353,3330,161,"15","No","1",2022-06-06 13:38:57,2022-06-06 13:38:57
3354,3330,161,"15","No","1",2022-06-06 13:39:01,2022-06-06 13:39:01
3355,3330,161,"15","No","1",2022-06-06 13:39:05,2022-06-06 13:39:05
3356,3330,161,"15","No","1",2022-06-06 13:39:09,2022-06-06 13:39:09
3357,3330,161,"15","No","1",2022-06-06 13:39:13,2022-06-06 13:39:13
3358,3330,161,"15","No","1",2022-06-06 13:39:17,2022-06-06 13:39:17
3359,3330,161,"15","No","1",2022-06-06 13:39:21,2022-06-06 13:39:21
3360,3330,161,"15","No","1",2022-06-06 13:39:25,2022-06-06 13:39:25
3361,3330,161,"15","No","1",2022-06-06 13:39:29,2022-06-06 13:39:29
3362,3330,161,"15","No","1",2022-06-06 13:39:33,2022-06-06 13:39:33
3363,3330,161,"15","No","1",2022-06-06 13:39:37,2022-06-06 13:39:37
3364,3330,161,"15","No","1",2022-06-06 13:39:41,2022-06-06 13:39:41
3365,3330,161,"15","No","1",2022-06-06 13:39:45,2022-06-06 13:39:45
3366,3330,161,"15","No","1",2022-06-06 13:39:49,2022-06-06 13:39:49
3367,3330,161,"15","No","1",2022-06-06 13:39:53,2022-06-06 13:39:53
3368,3330,161,"15","No","1",2022-06-06 13:39:57,2022-06-06 13:39:57
3369,3330,161,"15","No","1",2022-06-06 13:40:01,2022-06-06 13:40:01
3370,3330,161,"15","No","1",2022-06-06 13:40:05,2022-06-06 13:40:05
3371,3330,161,"15","No","1",2022-06-06 13:40:09,2022-06-06 13:40:09
3372,3330,161,"15","No","1",2022-06-06 13:40:13,2022-06-06 13:40:13
3373,3330,161,"15","No","1",2022-06-06 13:40:17,2022-06-06 13:40:17
3374,3330,161,"15","No","1",2022-06-06 13:40:21,2022-06-06 13:40:21
3375,3330,161,"15","No","1",2022-06-06 13:40:25,2022-06-06 13:40:25
3376,3330,161,"15","No","1",2022-06-06 13:40:29,2022-06-06 13:40:29
3377,3330,161,"15","No","1",2022-06-06 13:40:33,2022-06-06 13:40:33
3378,3330,161,"15","No","1",2022-06-06 13:40:37,2022-06-06 13:40:37
3379,3330,161,"15","No","1",2022-06-06 13:40:41,2022-06-06 13:40:41
3380,3330,161,"15","No","1",2022-06-06 13:40:45,2022-06-06 13:40:45
3381,3330,161,"15","No","1",2022-06-06 13:40:49,2022-06-06 13:40:49
3382,3330,161,"15","No","1",2022-06-06 13:40:53,2022-06-06 13:40:53
3383,3330,161,"15","No","1",2022-06-06 13:40:57,2022-06-06 13:40:57
3384,3330,161,"15","No","1",2022-06-06 13:41:01,2022-06-06 13:41:01
3385,3330,161,"15","No","1",2022-06-06 13:41:05,2022-06-06 13:41:05
3386,3330,161,"15","No","1",2022-06-06 13:41:09,2022-06-06 13:41:09
3387,3330,161,"15","No","1",2022-06-06 13:41:13,2022-06-06 13:41:13
3388,3330,161,"15","No","1",2022-06-06 13:41:17,2022-06-06 13:41:17
3389,3330,161,"15","No","1",2022-06-06 13:41:21,2022-06-06 13:41:21
3390,3330,161,"15","No","1",2022-06-06 13:41:25,2022-06-06 13:41:25
3391,3330,161,"15","No","1",2022-06-06 13:41:29,2022-06-06 13:41:29
3392,3330,161,"15","No","1",2022-06-06 13:41:33,2022-06-06 13:41:33
3393,3330,161,"15","No","1",2022-06-06 13:41:37,2022-06-06 13:41:37
3394,3330,161,"15","No","1",2022-06-06 13:41:41,2022-06-06 13:41:41
3395,3330,161,"15","No","1",2022-06-06 13:41:45,2022-06-06 13:41:45
3396,3330,161,"15","No","1",2022-06-06 13:41:49,2022-06-06 13:41:49
3397,3330,161,"15","No","1",2022-06-06 13:41:53,2022-06-06 13:41:53
3398,3330,161,"15","No","1",2022-06-06 13:41:57,2022-06-06 13:41:57
3399,3330,161,"15","No","1",2022-06-06 13:42:01,2022-06-06 13:42:01
3400,3330,161,"15","No","1",2022-06-06 13:42:05,2022-06-06 13:42:05
3401,3330,161,"15","No","1",2022-06-06 13:42:09,2022-06-06 13:42:09
3402,3330,161,"15","No","1",2022-06-06 13:42:13,2022-06-06 13:42:13
3403,3330,161,"15","No","1",2022-06-06 13:42:17,2022-06-06 13:42:17
3404,3330,161,"15","No","1",2022-06-06 13:42:21,2022-06-06 13:42:21
3405,3330,161,"15","No","1",2022-06-06 13:42:25,2022-06-06 13:42:25
3406,3330,161,"15","No","1",2022-06-06 13:42:29,2022-06-06 13:42:29
3407,3330,161,"15","No","1",2022-06-06 13:42:33,2022-06-06 13:42:33
3408,3330,161,"15","No","1",2022-06-06 13:42:37,2022-06-06 13:42:37
3409,3330,161,"15","No","1",2022-06-06 13:42:41,2022-06-06 13:42:41
3410,3330,161,"15","No","1",2022-06-06 13:42:45,2022-06-06 13:42:45
3411,3330,161,"15","No","1",2022-06-06 13:42:49,2022-06-06 13:42:49
3412,3330,161,"15","No","1",2022-06-06 13:42:53,2022-06-06 13:42:53
3413,3330,161,"15","No","1",2022-06-06 13:42:57,2022-06-06 13:42:57
3414,3330,161,"15","No","1",2022-06-06 13:43:01,2022-06-06 13:43:01
3415,3330,161,"15","No","1",2022-06-06 13:43:05,2022-06-06 13:43:05
3416,3330,161,"15","No","1",2022-06-06 13:43:09,2022-06-06 13:43:09
3417,3330,161,"15","No","1",2022-06-06 13:43:13,2022-06-06 13:43:13
3418,3330,161,"15","No","1",2022-06-06 13:43:17,2022-06-06 13:43:17
3419,3330,161,"15","No","1",2022-06-06 13:43:21,2022-06-06 13:43:21
3420,3330,161,"15","No","1",2022-06-06 13:43:25,2022-06-06 13:43:25
3421,3330,161,"15","No","1",2022-06-06 13:43:29,2022-06-06 13:43:29
3422,3330,161,"15","No","1",2022-06-06 13:43:33,2022-06-06 13:43:33
3423,3330,161,"15","No","1",2022-06-06 13:43:37,2022-06-06 13:43:37
3424,3330,161,"15","No","1",2022-06-06 13:43:41,2022-06-06 13:43:41
3425,3330,161,"15","No","1",2022-06-06 13:43:45,2022-06-06 13:43:45
3426,3330,161,"15","No","1",2022-06-06 13:43:49,2022-06-06 13:43:49
3427,3330,161,"15","No","1",2022-06-06 13:43:53,2022-06-06 13:43:53
3428,3330,161,"15","No","1",2022-06-06 13:43:57,2022-06-06 13:43:57
3429,3330,161,"15","No","1",2022-06-06 13:44:01,2022-06-06 13:44:01
3430,3330,161,"15","No","1",2022-06-06 13:44:05,2022-06-06 13:44:05
3431,3330,161,"15","No","1",2022-06-06 13:44:09,2022-06-06 13:44:09
3432,3330,161,"15","No","1",2022-06-06 13:44:13,2022-06-06 13:44:13
3433,3330,161,"15","No","1",2022-06-06 13:44:17,2022-06-06 13:44:17
3434,3330,161,"15","No","1",2022-06-06 13:44:21,2022-06-06 13:44:21
3435,3330,161,"15","No","1",2022-06-06 13:44:25,2022-06-06 13:44:25
3436,3330,161,"15","No","1",2022-06-06 13:44:29,2022-06-06 13:44:29
3437,3330,161,"15","No","1",2022-06-06 13:44:33,2022-06-06 13:44:33
3438,3330,161,"15","No","1",2022-06-06 13:44:37,2022-06-06 13:44:37
3439,3330,161,"15","No","1",2022-06-06 13:44:41,2022-06-06 13:44:41
3440,3330,161,"15","No","1",2022-06-06 13:44:45,2022-06-06 13:44:45
3441,3330,161,"15","No","1",2022-06-06 13:44:49,2022-06-06 13:44:49
3442,3330,161,"15","No","1",2022-06-06 13:44:53,2022-06-06 13:44:53
3443,3330,161,"15","No","1",2022-06-06 13:44:57,2022-06-06 13:44:57
3444,3330,161,"15","No","1",2022-06-06 13:45:01,2022-06-06 13:45:01
3445,3330,161,"15","No","1",2022-06-06 13:45:05,2022-06-06 13:45:05
3446,3330,161,"15","No","1",2022-06-06 13:45:09,2022-06-06 13:45:09
3447,3330,161,"15","No","1",2022-06-06 13:45:13,2022-06-06 13:45:13
3448,3330,161,"15","No","1",2022-06-06 13:45:17,2022-06-06 13:45:17
3449,3330,161,"15","No","1",2022-06-06 13:45:21,2022-06-06 13:45:21
3450,3330,161,"15","No","1",2022-06-06 13:45:25,2022-06-06 13:45:25
3451,3330,161,"15","No","1",2022-06-06 13:45:29,2022-06-06 13:45:29
3452,3330,161,"15","No","1",2022-06-06 13:45:33,2022-06-06 13:45:33
3453,3330,161,"15","No","1",2022-06-06 13:45:37,2022-06-06 13:45:37
3454,3330,161,"15","No","1",2022-06-06 13:45:41,2022-06-06 13:45:41
3455,3330,161,"15","No","1",2022-06-06 13:45:45,2022-06-06 13:45:45
3456,3330,161,"15","No","1",2022-06-06 13:45:49,2022-06-06 13:45:49
3457,3330,161,"15","No","1",2022-06-06 13:45:53,2022-06-06 13:45:53
3458,3330,161,"15","No","1",2022-06-06 13:45:57,2022-06-06 13:45:57
3459,3330,161,"15","No","1",2022-06-06 13:46:01,2022-06-06 13:46:01
3460,3330,161,"15","No","1",2022-06-06 13:46:05,2022-06-06 13:46:05
3461,3330,161,"15","No","1",2022-06-06 13:46:09,2022-06-06 13:46:09
3462,3330,161,"15","No","1",2022-06-06 13:46:13,2022-06-06 13:46:13
3463,3330,161,"15","No","1",2022-06-06 13:46:17,2022-06-06 13:46:17
3464,3330,161,"15","No","1",2022-06-06 13:46:21,2022-06-06 13:46:21
3465,3330,161,"15","No","1",2022-06-06 13:46:25,2022-06-06 13:46:25
3466,3330,161,"15","No","1",2022-06-06 13:46:29,2022-06-06 13:46:29
3467,3330,161,"15","No","1",2022-06-06 13:46:33,2022-06-06 13:46:33
3468,3330,161,"15","No","1",2022-06-06 13:46:37,2022-06-06 13:46:37
3469,3330,161,"15","No","1",2022-06-06 13:46:41,2022-06-06 13:46:41
3470,3330,161,"15","No","1",2022-06-06 13:46:45,2022-06-06 13:46:45
3471,3330,161,"15","No","1",2022-06-06 13:46:49,2022-06-06 13:46:49
3472,3330,161,"15","No","1",2022-06-06 13:46:53,2022-06-06 13:46:53
3473,3330,161,"15","No","1",2022-06-06 13:46:57,2022-06-06 13:46:57
3474,3330,161,"15","No","1",2022-06-06 13:47:01,2022-06-06 13:47:01
3475,3330,161,"15","No","1",2022-06-06 13:47:05,2022-06-06 13:47:05
3476,3330,161,"15","No","1",2022-06-06 13:47:09,2022-06-06 13:47:09
3477,3330,161,"15","No","1",2022-06-06 13:47:13,2022-06-06 13:47:13
3478,3330,161,"15","No","1",2022-06-06 13:47:17,2022-06-06 13:47:17
3479,3330,161,"15","No","1",2022-06-06 13:47:21,2022-06-06 13:47:21
3480,3330,161,"15","No","1",2022-06-06 13:47:25,2022-06-06 13:47:25
3481,3330,161,"15","No","1",2022-06-06 13:47:29,2022-06-06 13:47:29
3482,3330,161,"15","No","1",2022-06-06 13:47:33,2022-06-06 13:47:33
3483,3330,161,"15","No","1",2022-06-06 13:47:37,2022-06-06 13:47:37
3484,3330,161,"15","No","1",2022-06-06 13:47:41,2022-06-06 13:47:41
3485,3330,161,"15","No","1",2022-06-06 13:47:45,2022-06-06 13:47:45
3486,3330,161,"15","No","1",2022-06-06 13:47:49,2022-06-06 13:47:49
3487,3330,161,"15","No","1",2022-06-06 13:47:53,2022-06-06 13:47:53
3488,3330,161,"15","No","1",2022-06-06 13:47:57,2022-06-06 13:47:57
3489,3330,161,"15","No","1",2022-06-06 13:48:01,2022-06-06 13:48:01
3490,3330,161,"15","No","1",2022-06-06 13:48:05,2022-06-06 13:48:05
3491,3330,161,"15","No","1",2022-06-06 13:48:09,2022-06-06 13:48:09
3492,3330,161,"15","No","1",2022-06-06 13:48:13,2022-06-06 13:48:13
3493,3330,161,"15","No","1",2022-06-06 13:48:17,2022-06-06 13:48:17
3494,3330,161,"15","No","1",2022-06-06 13:48:21,2022-06-06 13:48:21
3495,3330,161,"15","No","1",2022-06-06 13:48:25,2022-06-06 13:48:25
3496,3330,161,"15","No","1",2022-06-06 13:48:29,2022-06-06 13:48:29
3497,3330,161,"15","No","1",2022-06-06 13:48:33,2022-06-06 13:48:33
3498,3330,161,"15","No","1",2022-06-06 13:48:37,2022-06-06 13:48:37
3499,3330,161,"15","No","1",2022-06-06 13:48:41,2022-06-06 13:48:41
3500,3330,161,"15","No","1",2022-06-06 13:48:45,2022-06-06 13:48:45
3501,3330,161,"15","No","1",2022-06-06 13:48:49,2022-06-06 13:48:49
3502,3330,161,"15","No","1",2022-06-06 13:48:53,2022-06-06 13:48:53
3503,3330,161,"15","No","1",2022-06-06 13:48:57,2022-06-06 13:48:57
3504,3330,161,"15","No","1",2022-06-06 13:49:01,2022-06-06 13:49:01
3505,3330,161,"15","No","1",2022-06-06 13:49:05,2022-06-06 13:49:05
3506,3330,161,"15","No","1",2022-06-06 13:49:09,2022-06-06 13:49:09
3507,3330,161,"15","No","1",2022-06-06 13:49:13,2022-06-06 13:49:13
3508,3330,161,"15","No","1",2022-06-06 13:49:17,2022-06-06 13:49:17
3509,3330,161,"15","No","1",2022-06-06 13:49:21,2022-06-06 13:49:21
3510,3330,161,"15","No","1",2022-06-06 13:49:25,2022-06-06 13:49:25
3511,3330,161,"15","No","1",2022-06-06 13:49:29,2022-06-06 13:49:29
3512,3330,161,"15","No","1",2022-06-06 13:49:33,2022-06-06 13:49:33
3513,3330,161,"15","No","1",2022-06-06 13:49:37,2022-06-06 13:49:37
3514,3330,161,"15","No","1",2022-06-06 13:49:41,2022-06-06 13:49:41
3515,3330,161,"15","No","1",2022-06-06 13:49:45,2022-06-06 13:49:45
3516,3330,161,"15","No","1",2022-06-06 13:49:48,2022-06-06 13:49:48
3517,3330,161,"15","No","1",2022-06-06 13:49:52,2022-06-06 13:49:52
3518,3330,161,"15","No","1",2022-06-06 13:49:56,2022-06-06 13:49:56
3519,3330,161,"15","No","1",2022-06-06 13:50:00,2022-06-06 13:50:00
3520,3330,161,"15","No","1",2022-06-06 13:50:04,2022-06-06 13:50:04
3521,3330,161,"15","No","1",2022-06-06 13:50:08,2022-06-06 13:50:08
3522,3330,161,"15","No","1",2022-06-06 13:50:12,2022-06-06 13:50:12
3523,3330,161,"15","No","1",2022-06-06 13:50:16,2022-06-06 13:50:16
3524,3330,161,"15","No","1",2022-06-06 13:50:20,2022-06-06 13:50:20
3525,3330,161,"15","No","1",2022-06-06 13:50:24,2022-06-06 13:50:24
3526,3330,161,"15","No","1",2022-06-06 13:50:28,2022-06-06 13:50:28
3527,3330,161,"15","No","1",2022-06-06 13:50:32,2022-06-06 13:50:32
3528,3330,161,"15","No","1",2022-06-06 13:50:35,2022-06-06 13:50:35
3529,3330,161,"15","No","1",2022-06-06 13:50:38,2022-06-06 13:50:38
3530,3330,161,"15","No","1",2022-06-06 13:50:42,2022-06-06 13:50:42
3531,3330,161,"15","No","1",2022-06-06 13:50:45,2022-06-06 13:50:45
3532,3330,161,"15","No","1",2022-06-06 13:50:49,2022-06-06 13:50:49
3533,3331,161,"0","No","1",2022-06-06 13:50:51,2022-06-06 13:50:51
3534,3330,161,"15","No","1",2022-06-06 13:50:53,2022-06-06 13:50:53
3535,3330,161,"15","No","1",2022-06-06 13:50:57,2022-06-06 13:50:57
3536,3330,161,"15","No","1",2022-06-06 13:51:01,2022-06-06 13:51:01
3537,3330,161,"15","No","1",2022-06-06 13:51:05,2022-06-06 13:51:05
3538,3330,161,"15","No","1",2022-06-06 13:51:09,2022-06-06 13:51:09
3539,3330,161,"15","No","1",2022-06-06 13:51:13,2022-06-06 13:51:13
3540,3330,161,"15","No","1",2022-06-06 13:51:17,2022-06-06 13:51:17
3541,3330,161,"15","No","1",2022-06-06 13:51:21,2022-06-06 13:51:21
3542,3330,161,"15","No","1",2022-06-06 13:51:25,2022-06-06 13:51:25
3543,3330,161,"15","No","1",2022-06-06 13:51:29,2022-06-06 13:51:29
3544,3330,161,"15","No","1",2022-06-06 13:51:33,2022-06-06 13:51:33
3545,3330,161,"15","No","1",2022-06-06 13:51:37,2022-06-06 13:51:37
3546,3330,161,"15","No","1",2022-06-06 13:51:41,2022-06-06 13:51:41
3547,3330,161,"15","No","1",2022-06-06 13:51:45,2022-06-06 13:51:45
3548,3330,161,"15","No","1",2022-06-06 13:51:49,2022-06-06 13:51:49
3549,3330,161,"15","No","1",2022-06-06 13:51:53,2022-06-06 13:51:53
3550,3330,161,"15","No","1",2022-06-06 13:51:57,2022-06-06 13:51:57
3551,3330,161,"15","No","1",2022-06-06 13:52:01,2022-06-06 13:52:01
3552,3330,161,"15","No","1",2022-06-06 13:52:05,2022-06-06 13:52:05
3553,3330,161,"15","No","1",2022-06-06 13:52:09,2022-06-06 13:52:09
3554,3330,161,"15","No","1",2022-06-06 13:52:13,2022-06-06 13:52:13
3555,3330,161,"15","No","1",2022-06-06 13:52:17,2022-06-06 13:52:17
3556,3330,161,"15","No","1",2022-06-06 13:52:21,2022-06-06 13:52:21
3557,3330,161,"15","No","1",2022-06-06 13:52:25,2022-06-06 13:52:25
3558,3330,161,"15","No","1",2022-06-06 13:52:29,2022-06-06 13:52:29
3559,3330,161,"15","No","1",2022-06-06 13:52:33,2022-06-06 13:52:33
3560,3330,161,"15","No","1",2022-06-06 13:52:37,2022-06-06 13:52:37
3561,3330,161,"15","No","1",2022-06-06 13:52:41,2022-06-06 13:52:41
3562,3330,161,"15","No","1",2022-06-06 13:52:45,2022-06-06 13:52:45
3563,3330,161,"15","No","1",2022-06-06 13:52:49,2022-06-06 13:52:49
3564,3330,161,"15","No","1",2022-06-06 13:52:53,2022-06-06 13:52:53
3565,3330,161,"15","No","1",2022-06-06 13:52:57,2022-06-06 13:52:57
3566,3330,161,"15","No","1",2022-06-06 13:53:01,2022-06-06 13:53:01
3567,3330,161,"15","No","1",2022-06-06 13:53:05,2022-06-06 13:53:05
3568,3330,161,"15","No","1",2022-06-06 13:53:09,2022-06-06 13:53:09
3569,3330,161,"15","No","1",2022-06-06 13:53:13,2022-06-06 13:53:13
3570,3330,161,"15","No","1",2022-06-06 13:53:17,2022-06-06 13:53:17
3571,3330,161,"15","No","1",2022-06-06 13:53:21,2022-06-06 13:53:21
3572,3330,161,"15","No","1",2022-06-06 13:53:25,2022-06-06 13:53:25
3573,3330,161,"15","No","1",2022-06-06 13:53:29,2022-06-06 13:53:29
3574,3330,161,"15","No","1",2022-06-06 13:53:33,2022-06-06 13:53:33
3575,3330,161,"15","No","1",2022-06-06 13:53:37,2022-06-06 13:53:37
3576,3330,161,"15","No","1",2022-06-06 13:53:41,2022-06-06 13:53:41
3577,3330,161,"15","No","1",2022-06-06 13:53:45,2022-06-06 13:53:45
3578,3330,161,"15","No","1",2022-06-06 13:53:49,2022-06-06 13:53:49
3579,3330,161,"15","No","1",2022-06-06 13:53:53,2022-06-06 13:53:53
3580,3330,161,"15","No","1",2022-06-06 13:53:57,2022-06-06 13:53:57
3581,3330,161,"15","No","1",2022-06-06 13:54:01,2022-06-06 13:54:01
3582,3330,161,"15","No","1",2022-06-06 13:54:05,2022-06-06 13:54:05
3583,3330,161,"15","No","1",2022-06-06 13:54:09,2022-06-06 13:54:09
3584,3330,161,"15","No","1",2022-06-06 13:54:13,2022-06-06 13:54:13
3585,3330,161,"15","No","1",2022-06-06 13:54:17,2022-06-06 13:54:17
3586,3330,161,"15","No","1",2022-06-06 13:54:22,2022-06-06 13:54:22
3587,3330,161,"15","No","1",2022-06-06 13:54:25,2022-06-06 13:54:25
3588,3330,161,"15","No","1",2022-06-06 13:54:29,2022-06-06 13:54:29
3589,3330,161,"15","No","1",2022-06-06 13:54:33,2022-06-06 13:54:33
3590,3330,161,"15","No","1",2022-06-06 13:54:37,2022-06-06 13:54:37
3591,3330,161,"15","No","1",2022-06-06 13:54:41,2022-06-06 13:54:41
3592,3330,161,"15","No","1",2022-06-06 13:54:45,2022-06-06 13:54:45
3593,3330,161,"15","No","1",2022-06-06 13:54:49,2022-06-06 13:54:49
3594,3330,161,"15","No","1",2022-06-06 13:54:53,2022-06-06 13:54:53
3595,3330,161,"15","No","1",2022-06-06 13:54:57,2022-06-06 13:54:57
3596,3330,161,"15","No","1",2022-06-06 13:55:01,2022-06-06 13:55:01
3597,3330,161,"15","No","1",2022-06-06 13:55:05,2022-06-06 13:55:05
3598,3330,161,"15","No","1",2022-06-06 13:55:09,2022-06-06 13:55:09
3599,3330,161,"15","No","1",2022-06-06 13:55:13,2022-06-06 13:55:13
3600,3330,161,"15","No","1",2022-06-06 13:55:17,2022-06-06 13:55:17
3601,3330,161,"15","No","1",2022-06-06 13:55:21,2022-06-06 13:55:21
3602,3330,161,"15","No","1",2022-06-06 13:55:25,2022-06-06 13:55:25
3603,3330,161,"15","No","1",2022-06-06 13:55:29,2022-06-06 13:55:29
3604,3330,161,"15","No","1",2022-06-06 13:55:33,2022-06-06 13:55:33
3605,3330,161,"15","No","1",2022-06-06 13:55:37,2022-06-06 13:55:37
3606,3330,161,"15","No","1",2022-06-06 13:55:41,2022-06-06 13:55:41
3607,3330,161,"15","No","1",2022-06-06 13:55:45,2022-06-06 13:55:45
3608,3330,161,"15","No","1",2022-06-06 13:55:49,2022-06-06 13:55:49
3609,3330,161,"15","No","1",2022-06-06 13:55:53,2022-06-06 13:55:53
3610,3330,161,"15","No","1",2022-06-06 13:55:57,2022-06-06 13:55:57
3611,3330,161,"15","No","1",2022-06-06 13:56:01,2022-06-06 13:56:01
3612,3330,161,"15","No","1",2022-06-06 13:56:05,2022-06-06 13:56:05
3613,3330,161,"15","No","1",2022-06-06 13:56:09,2022-06-06 13:56:09
3614,3330,161,"15","No","1",2022-06-06 13:56:13,2022-06-06 13:56:13
3615,3330,161,"15","No","1",2022-06-06 13:56:17,2022-06-06 13:56:17
3616,3330,161,"15","No","1",2022-06-06 13:56:21,2022-06-06 13:56:21
3617,3330,161,"15","No","1",2022-06-06 13:56:25,2022-06-06 13:56:25
3618,3330,161,"15","No","1",2022-06-06 13:56:29,2022-06-06 13:56:29
3619,3330,161,"15","No","1",2022-06-06 13:56:33,2022-06-06 13:56:33
3620,3330,161,"15","No","1",2022-06-06 13:56:37,2022-06-06 13:56:37
3621,3330,161,"15","No","1",2022-06-06 13:56:41,2022-06-06 13:56:41
3622,3330,161,"15","No","1",2022-06-06 13:56:45,2022-06-06 13:56:45
3623,3330,161,"15","No","1",2022-06-06 13:56:49,2022-06-06 13:56:49
3624,3330,161,"15","No","1",2022-06-06 13:56:53,2022-06-06 13:56:53
3625,3330,161,"15","No","1",2022-06-06 13:56:57,2022-06-06 13:56:57
3626,3330,161,"15","No","1",2022-06-06 13:57:01,2022-06-06 13:57:01
3627,3330,161,"15","No","1",2022-06-06 13:57:05,2022-06-06 13:57:05
3628,3330,161,"15","No","1",2022-06-06 13:57:09,2022-06-06 13:57:09
3629,3330,161,"15","No","1",2022-06-06 13:57:13,2022-06-06 13:57:13
3630,3330,161,"15","No","1",2022-06-06 13:57:17,2022-06-06 13:57:17
3631,3330,161,"15","No","1",2022-06-06 13:57:21,2022-06-06 13:57:21
3632,3330,161,"15","No","1",2022-06-06 13:57:25,2022-06-06 13:57:25
3633,3330,161,"15","No","1",2022-06-06 13:57:29,2022-06-06 13:57:29
3634,3330,161,"15","No","1",2022-06-06 13:57:33,2022-06-06 13:57:33
3635,3330,161,"15","No","1",2022-06-06 13:57:37,2022-06-06 13:57:37
3636,3330,161,"15","No","1",2022-06-06 13:57:41,2022-06-06 13:57:41
3637,3330,161,"15","No","1",2022-06-06 13:57:45,2022-06-06 13:57:45
3638,3330,161,"15","No","1",2022-06-06 13:57:49,2022-06-06 13:57:49
3639,3330,161,"15","No","1",2022-06-06 13:57:53,2022-06-06 13:57:53
3640,3330,161,"15","No","1",2022-06-06 13:57:57,2022-06-06 13:57:57
3641,3330,161,"15","No","1",2022-06-06 13:58:01,2022-06-06 13:58:01
3642,3330,161,"15","No","1",2022-06-06 13:58:05,2022-06-06 13:58:05
3643,3330,161,"15","No","1",2022-06-06 13:58:09,2022-06-06 13:58:09
3644,3330,161,"15","No","1",2022-06-06 13:58:13,2022-06-06 13:58:13
3645,3330,161,"15","No","1",2022-06-06 13:58:17,2022-06-06 13:58:17
3646,3330,161,"15","No","1",2022-06-06 13:58:21,2022-06-06 13:58:21
3647,3330,161,"15","No","1",2022-06-06 13:58:25,2022-06-06 13:58:25
3648,3330,161,"15","No","1",2022-06-06 13:58:29,2022-06-06 13:58:29
3649,3330,161,"15","No","1",2022-06-06 13:58:33,2022-06-06 13:58:33
3650,3330,161,"15","No","1",2022-06-06 13:58:37,2022-06-06 13:58:37
3651,3330,161,"15","No","1",2022-06-06 13:58:41,2022-06-06 13:58:41
3652,3330,161,"15","No","1",2022-06-06 13:58:45,2022-06-06 13:58:45
3653,3330,161,"15","No","1",2022-06-06 13:58:49,2022-06-06 13:58:49
3654,3330,161,"15","No","1",2022-06-06 13:58:53,2022-06-06 13:58:53
3655,3330,161,"15","No","1",2022-06-06 13:58:57,2022-06-06 13:58:57
3656,3330,161,"15","No","1",2022-06-06 13:59:01,2022-06-06 13:59:01
3657,3330,161,"15","No","1",2022-06-06 13:59:05,2022-06-06 13:59:05
3658,3330,161,"15","No","1",2022-06-06 13:59:09,2022-06-06 13:59:09
3659,3330,161,"15","No","1",2022-06-06 13:59:13,2022-06-06 13:59:13
3660,3330,161,"15","No","1",2022-06-06 13:59:17,2022-06-06 13:59:17
3661,3330,161,"15","No","1",2022-06-06 13:59:21,2022-06-06 13:59:21
3662,3330,161,"15","No","1",2022-06-06 13:59:25,2022-06-06 13:59:25
3663,3330,161,"15","No","1",2022-06-06 13:59:29,2022-06-06 13:59:29
3664,3330,161,"15","No","1",2022-06-06 13:59:33,2022-06-06 13:59:33
3665,3330,161,"15","No","1",2022-06-06 13:59:37,2022-06-06 13:59:37
3666,3330,161,"15","No","1",2022-06-06 13:59:41,2022-06-06 13:59:41
3667,3330,161,"15","No","1",2022-06-06 13:59:45,2022-06-06 13:59:45
3668,3330,161,"15","No","1",2022-06-06 13:59:48,2022-06-06 13:59:48
3669,3330,161,"15","No","1",2022-06-06 13:59:52,2022-06-06 13:59:52
3670,3330,161,"15","No","1",2022-06-06 13:59:56,2022-06-06 13:59:56
3671,3330,161,"15","No","1",2022-06-06 14:00:00,2022-06-06 14:00:00
3672,3330,161,"15","No","1",2022-06-06 14:00:04,2022-06-06 14:00:04
3673,3330,161,"15","No","1",2022-06-06 14:00:08,2022-06-06 14:00:08
3674,3330,161,"15","No","1",2022-06-06 14:00:12,2022-06-06 14:00:12
3675,3330,161,"15","No","1",2022-06-06 14:00:16,2022-06-06 14:00:16
3676,3330,161,"15","No","1",2022-06-06 14:00:20,2022-06-06 14:00:20
3677,3330,161,"15","No","1",2022-06-06 14:00:24,2022-06-06 14:00:24
3678,3330,161,"15","No","1",2022-06-06 14:00:28,2022-06-06 14:00:28
3679,3330,161,"15","No","1",2022-06-06 14:00:33,2022-06-06 14:00:33
3680,3330,161,"15","No","1",2022-06-06 14:00:36,2022-06-06 14:00:36
3681,3330,161,"15","No","1",2022-06-06 14:00:40,2022-06-06 14:00:40
3682,3330,161,"15","No","1",2022-06-06 14:00:44,2022-06-06 14:00:44
3683,3330,161,"15","No","1",2022-06-06 14:00:48,2022-06-06 14:00:48
3684,3330,161,"15","No","1",2022-06-06 14:00:52,2022-06-06 14:00:52
3685,3331,161,"0","No","1",2022-06-06 14:00:53,2022-06-06 14:00:53
3686,3330,161,"15","No","1",2022-06-06 14:00:56,2022-06-06 14:00:56
3687,3330,161,"15","No","1",2022-06-06 14:01:00,2022-06-06 14:01:00
3688,3330,161,"15","No","1",2022-06-06 14:01:04,2022-06-06 14:01:04
3689,3330,161,"15","No","1",2022-06-06 14:01:08,2022-06-06 14:01:08
3690,3330,161,"15","No","1",2022-06-06 14:01:12,2022-06-06 14:01:12
3691,3330,161,"15","No","1",2022-06-06 14:01:16,2022-06-06 14:01:16
3692,3330,161,"15","No","1",2022-06-06 14:01:20,2022-06-06 14:01:20
3693,3330,161,"15","No","1",2022-06-06 14:01:24,2022-06-06 14:01:24
3694,3330,161,"15","No","1",2022-06-06 14:01:28,2022-06-06 14:01:28
3695,3330,161,"15","No","1",2022-06-06 14:01:32,2022-06-06 14:01:32
3696,3330,161,"15","No","1",2022-06-06 14:01:36,2022-06-06 14:01:36
3697,3330,161,"15","No","1",2022-06-06 14:01:40,2022-06-06 14:01:40
3698,3330,161,"15","No","1",2022-06-06 14:01:44,2022-06-06 14:01:44
3699,3330,161,"15","No","1",2022-06-06 14:01:48,2022-06-06 14:01:48
3700,3330,161,"15","No","1",2022-06-06 14:01:52,2022-06-06 14:01:52
3701,3330,161,"15","No","1",2022-06-06 14:01:56,2022-06-06 14:01:56
3702,3330,161,"15","No","1",2022-06-06 14:02:01,2022-06-06 14:02:01
3703,3330,161,"15","No","1",2022-06-06 14:02:05,2022-06-06 14:02:05
3704,3330,161,"15","No","1",2022-06-06 14:02:09,2022-06-06 14:02:09
3705,3330,161,"15","No","1",2022-06-06 14:02:13,2022-06-06 14:02:13
3706,3330,161,"15","No","1",2022-06-06 14:02:17,2022-06-06 14:02:17
3707,3330,161,"15","No","1",2022-06-06 14:02:21,2022-06-06 14:02:21
3708,3330,161,"15","No","1",2022-06-06 14:02:25,2022-06-06 14:02:25
3709,3330,161,"15","No","1",2022-06-06 14:02:29,2022-06-06 14:02:29
3710,3330,161,"15","No","1",2022-06-06 14:02:33,2022-06-06 14:02:33
3711,3330,161,"15","No","1",2022-06-06 14:02:37,2022-06-06 14:02:37
3712,3330,161,"15","No","1",2022-06-06 14:02:41,2022-06-06 14:02:41
3713,3330,161,"15","No","1",2022-06-06 14:02:45,2022-06-06 14:02:45
3714,3330,161,"15","No","1",2022-06-06 14:02:49,2022-06-06 14:02:49
3715,3330,161,"15","No","1",2022-06-06 14:02:53,2022-06-06 14:02:53
3716,3330,161,"15","No","1",2022-06-06 14:02:57,2022-06-06 14:02:57
3717,3330,161,"15","No","1",2022-06-06 14:03:01,2022-06-06 14:03:01
3718,3330,161,"15","No","1",2022-06-06 14:03:05,2022-06-06 14:03:05
3719,3330,161,"15","No","1",2022-06-06 14:03:09,2022-06-06 14:03:09
3720,3330,161,"15","No","1",2022-06-06 14:03:13,2022-06-06 14:03:13
3721,3330,161,"15","No","1",2022-06-06 14:03:17,2022-06-06 14:03:17
3722,3330,161,"15","No","1",2022-06-06 14:03:21,2022-06-06 14:03:21
3723,3330,161,"15","No","1",2022-06-06 14:03:25,2022-06-06 14:03:25
3724,3330,161,"15","No","1",2022-06-06 14:03:29,2022-06-06 14:03:29
3725,3330,161,"15","No","1",2022-06-06 14:03:33,2022-06-06 14:03:33
3726,3330,161,"15","No","1",2022-06-06 14:03:37,2022-06-06 14:03:37
3727,3330,161,"15","No","1",2022-06-06 14:03:41,2022-06-06 14:03:41
3728,3330,161,"15","No","1",2022-06-06 14:03:45,2022-06-06 14:03:45
3729,3330,161,"15","No","1",2022-06-06 14:03:49,2022-06-06 14:03:49
3730,3330,161,"15","No","1",2022-06-06 14:03:53,2022-06-06 14:03:53
3731,3330,161,"15","No","1",2022-06-06 14:03:57,2022-06-06 14:03:57
3732,3330,161,"15","No","1",2022-06-06 14:04:01,2022-06-06 14:04:01
3733,3330,161,"15","No","1",2022-06-06 14:04:05,2022-06-06 14:04:05
3734,3330,161,"15","No","1",2022-06-06 14:04:09,2022-06-06 14:04:09
3735,3330,161,"15","No","1",2022-06-06 14:04:13,2022-06-06 14:04:13
3736,3330,161,"15","No","1",2022-06-06 14:04:17,2022-06-06 14:04:17
3737,3330,161,"15","No","1",2022-06-06 14:04:21,2022-06-06 14:04:21
3738,3330,161,"15","No","1",2022-06-06 14:04:25,2022-06-06 14:04:25
3739,3330,161,"15","No","1",2022-06-06 14:04:29,2022-06-06 14:04:29
3740,3330,161,"15","No","1",2022-06-06 14:04:33,2022-06-06 14:04:33
3741,3330,161,"15","No","1",2022-06-06 14:04:37,2022-06-06 14:04:37
3742,3330,161,"15","No","1",2022-06-06 14:04:41,2022-06-06 14:04:41
3743,3330,161,"15","No","1",2022-06-06 14:04:45,2022-06-06 14:04:45
3744,3330,161,"15","No","1",2022-06-06 14:04:49,2022-06-06 14:04:49
3745,3330,161,"15","No","1",2022-06-06 14:04:53,2022-06-06 14:04:53
3746,3330,161,"15","No","1",2022-06-06 14:04:57,2022-06-06 14:04:57
3747,3330,161,"15","No","1",2022-06-06 14:05:01,2022-06-06 14:05:01
3748,3330,161,"15","No","1",2022-06-06 14:05:05,2022-06-06 14:05:05
3749,3330,161,"15","No","1",2022-06-06 14:05:09,2022-06-06 14:05:09
3750,3330,161,"15","No","1",2022-06-06 14:05:13,2022-06-06 14:05:13
3751,3330,161,"15","No","1",2022-06-06 14:05:17,2022-06-06 14:05:17
3752,3330,161,"15","No","1",2022-06-06 14:05:21,2022-06-06 14:05:21
3753,3330,161,"15","No","1",2022-06-06 14:05:25,2022-06-06 14:05:25
3754,3330,161,"15","No","1",2022-06-06 14:05:29,2022-06-06 14:05:29
3755,3330,161,"15","No","1",2022-06-06 14:05:33,2022-06-06 14:05:33
3756,3330,161,"15","No","1",2022-06-06 14:05:37,2022-06-06 14:05:37
3757,3330,161,"15","No","1",2022-06-06 14:05:41,2022-06-06 14:05:41
3758,3330,161,"15","No","1",2022-06-06 14:05:45,2022-06-06 14:05:45
3759,3330,161,"15","No","1",2022-06-06 14:05:49,2022-06-06 14:05:49
3760,3330,161,"15","No","1",2022-06-06 14:05:53,2022-06-06 14:05:53
3761,3330,161,"15","No","1",2022-06-06 14:05:57,2022-06-06 14:05:57
3762,3330,161,"15","No","1",2022-06-06 14:06:01,2022-06-06 14:06:01
3763,3330,161,"15","No","1",2022-06-06 14:06:05,2022-06-06 14:06:05
3764,3330,161,"15","No","1",2022-06-06 14:06:09,2022-06-06 14:06:09
3765,3330,161,"15","No","1",2022-06-06 14:06:13,2022-06-06 14:06:13
3766,3330,161,"15","No","1",2022-06-06 14:06:17,2022-06-06 14:06:17
3767,3330,161,"15","No","1",2022-06-06 14:06:21,2022-06-06 14:06:21
3768,3330,161,"15","No","1",2022-06-06 14:06:25,2022-06-06 14:06:25
3769,3330,161,"15","No","1",2022-06-06 14:06:29,2022-06-06 14:06:29
3770,3330,161,"15","No","1",2022-06-06 14:06:33,2022-06-06 14:06:33
3771,3330,161,"15","No","1",2022-06-06 14:06:37,2022-06-06 14:06:37
3772,3330,161,"15","No","1",2022-06-06 14:06:41,2022-06-06 14:06:41
3773,3330,161,"15","No","1",2022-06-06 14:06:45,2022-06-06 14:06:45
3774,3330,161,"15","No","1",2022-06-06 14:06:49,2022-06-06 14:06:49
3775,3330,161,"15","No","1",2022-06-06 14:06:53,2022-06-06 14:06:53
3776,3330,161,"15","No","1",2022-06-06 14:06:57,2022-06-06 14:06:57
3777,3330,161,"15","No","1",2022-06-06 14:07:01,2022-06-06 14:07:01
3778,3330,161,"15","No","1",2022-06-06 14:07:05,2022-06-06 14:07:05
3779,3330,161,"15","No","1",2022-06-06 14:07:09,2022-06-06 14:07:09
3780,3330,161,"15","No","1",2022-06-06 14:07:13,2022-06-06 14:07:13
3781,3330,161,"15","No","1",2022-06-06 14:07:17,2022-06-06 14:07:17
3782,3330,161,"15","No","1",2022-06-06 14:07:21,2022-06-06 14:07:21
3783,3330,161,"15","No","1",2022-06-06 14:07:25,2022-06-06 14:07:25
3784,3330,161,"15","No","1",2022-06-06 14:07:29,2022-06-06 14:07:29
3785,3330,161,"15","No","1",2022-06-06 14:07:33,2022-06-06 14:07:33
3786,3330,161,"15","No","1",2022-06-06 14:07:37,2022-06-06 14:07:37
3787,3330,161,"15","No","1",2022-06-06 14:07:41,2022-06-06 14:07:41
3788,3330,161,"15","No","1",2022-06-06 14:07:45,2022-06-06 14:07:45
3789,3330,161,"15","No","1",2022-06-06 14:07:49,2022-06-06 14:07:49
3790,3330,161,"15","No","1",2022-06-06 14:07:53,2022-06-06 14:07:53
3791,3330,161,"15","No","1",2022-06-06 14:07:57,2022-06-06 14:07:57
3792,3330,161,"15","No","1",2022-06-06 14:08:01,2022-06-06 14:08:01
3793,3330,161,"15","No","1",2022-06-06 14:08:05,2022-06-06 14:08:05
3794,3330,161,"15","No","1",2022-06-06 14:08:09,2022-06-06 14:08:09
3795,3330,161,"15","No","1",2022-06-06 14:08:13,2022-06-06 14:08:13
3796,3330,161,"15","No","1",2022-06-06 14:08:17,2022-06-06 14:08:17
3797,3330,161,"15","No","1",2022-06-06 14:08:21,2022-06-06 14:08:21
3798,3330,161,"15","No","1",2022-06-06 14:08:25,2022-06-06 14:08:25
3799,3330,161,"15","No","1",2022-06-06 14:08:29,2022-06-06 14:08:29
3800,3330,161,"15","No","1",2022-06-06 14:08:33,2022-06-06 14:08:33
3801,3330,161,"15","No","1",2022-06-06 14:08:37,2022-06-06 14:08:37
3802,3330,161,"15","No","1",2022-06-06 14:08:41,2022-06-06 14:08:41
3803,3330,161,"15","No","1",2022-06-06 14:08:45,2022-06-06 14:08:45
3804,3330,161,"15","No","1",2022-06-06 14:08:49,2022-06-06 14:08:49
3805,3330,161,"15","No","1",2022-06-06 14:08:53,2022-06-06 14:08:53
3806,3330,161,"15","No","1",2022-06-06 14:08:57,2022-06-06 14:08:57
3807,3330,161,"15","No","1",2022-06-06 14:09:02,2022-06-06 14:09:02
3808,3330,161,"15","No","1",2022-06-06 14:09:05,2022-06-06 14:09:05
3809,3330,161,"15","No","1",2022-06-06 14:09:09,2022-06-06 14:09:09
3810,3330,161,"15","No","1",2022-06-06 14:09:13,2022-06-06 14:09:13
3811,3330,161,"15","No","1",2022-06-06 14:09:17,2022-06-06 14:09:17
3812,3330,161,"15","No","1",2022-06-06 14:09:21,2022-06-06 14:09:21
3813,3330,161,"15","No","1",2022-06-06 14:09:25,2022-06-06 14:09:25
3814,3330,161,"15","No","1",2022-06-06 14:09:29,2022-06-06 14:09:29
3815,3330,161,"15","No","1",2022-06-06 14:09:33,2022-06-06 14:09:33
3816,3330,161,"15","No","1",2022-06-06 14:09:37,2022-06-06 14:09:37
3817,3330,161,"15","No","1",2022-06-06 14:09:41,2022-06-06 14:09:41
3818,3330,161,"15","No","1",2022-06-06 14:09:45,2022-06-06 14:09:45
3819,3330,161,"15","No","1",2022-06-06 14:09:49,2022-06-06 14:09:49
3820,3330,161,"15","No","1",2022-06-06 14:09:53,2022-06-06 14:09:53
3821,3330,161,"15","No","1",2022-06-06 14:09:57,2022-06-06 14:09:57
3822,3330,161,"15","No","1",2022-06-06 14:10:01,2022-06-06 14:10:01
3823,3330,161,"15","No","1",2022-06-06 14:10:05,2022-06-06 14:10:05
3824,3330,161,"15","No","1",2022-06-06 14:10:09,2022-06-06 14:10:09
3825,3330,161,"15","No","1",2022-06-06 14:10:13,2022-06-06 14:10:13
3826,3330,161,"15","No","1",2022-06-06 14:10:17,2022-06-06 14:10:17
3827,3330,161,"15","No","1",2022-06-06 14:10:21,2022-06-06 14:10:21
3828,3330,161,"15","No","1",2022-06-06 14:10:25,2022-06-06 14:10:25
3829,3330,161,"15","No","1",2022-06-06 14:10:29,2022-06-06 14:10:29
3830,3330,161,"15","No","1",2022-06-06 14:10:33,2022-06-06 14:10:33
3831,3330,161,"15","No","1",2022-06-06 14:10:37,2022-06-06 14:10:37
3832,3330,161,"15","No","1",2022-06-06 14:17:28,2022-06-06 14:17:28
3833,3330,161,"15","No","1",2022-06-06 14:17:41,2022-06-06 14:17:41
3834,3330,161,"15","No","1",2022-06-06 14:17:45,2022-06-06 14:17:45
3835,3330,161,"15","No","1",2022-06-06 14:17:48,2022-06-06 14:17:48
3836,3330,161,"15","No","1",2022-06-06 14:17:51,2022-06-06 14:17:51
3837,3330,161,"15","No","1",2022-06-06 14:17:54,2022-06-06 14:17:54
3838,3330,161,"15","No","1",2022-06-06 14:17:57,2022-06-06 14:17:57
3839,3330,161,"15","No","1",2022-06-06 14:18:01,2022-06-06 14:18:01
3840,3330,161,"15","No","1",2022-06-06 14:18:04,2022-06-06 14:18:04
3841,3330,161,"15","No","1",2022-06-06 14:18:07,2022-06-06 14:18:07
3842,3330,161,"15","No","1",2022-06-06 14:18:10,2022-06-06 14:18:10
3843,3330,161,"15","No","1",2022-06-06 14:18:13,2022-06-06 14:18:13
3844,3330,161,"15","No","1",2022-06-06 14:18:17,2022-06-06 14:18:17
3845,3330,161,"15","No","1",2022-06-06 14:18:20,2022-06-06 14:18:20
3846,3330,161,"15","No","1",2022-06-06 14:18:23,2022-06-06 14:18:23
3847,3330,161,"15","No","1",2022-06-06 14:18:26,2022-06-06 14:18:26
3848,3330,161,"15","No","1",2022-06-06 14:18:30,2022-06-06 14:18:30
3849,3330,161,"15","No","1",2022-06-06 14:18:33,2022-06-06 14:18:33
3850,3330,161,"15","No","1",2022-06-06 14:18:37,2022-06-06 14:18:37
3851,3330,161,"15","No","1",2022-06-06 14:18:41,2022-06-06 14:18:41
3852,3330,161,"15","No","1",2022-06-06 14:18:45,2022-06-06 14:18:45
3853,3330,161,"15","No","1",2022-06-06 14:18:49,2022-06-06 14:18:49
3854,3330,161,"15","No","1",2022-06-06 14:18:53,2022-06-06 14:18:53
3855,3330,161,"15","No","1",2022-06-06 14:18:57,2022-06-06 14:18:57
3856,3330,161,"15","No","1",2022-06-06 14:19:01,2022-06-06 14:19:01
3857,3330,161,"15","No","1",2022-06-06 14:19:05,2022-06-06 14:19:05
3858,3330,161,"15","No","1",2022-06-06 14:19:09,2022-06-06 14:19:09
3859,3330,161,"15","No","1",2022-06-06 14:19:13,2022-06-06 14:19:13
3860,3330,161,"15","No","1",2022-06-06 14:19:17,2022-06-06 14:19:17
3861,3330,161,"15","No","1",2022-06-06 14:19:21,2022-06-06 14:19:21
3862,3330,161,"15","No","1",2022-06-06 14:19:25,2022-06-06 14:19:25
3863,3330,161,"15","No","1",2022-06-06 14:19:29,2022-06-06 14:19:29
3864,3330,161,"15","No","1",2022-06-06 14:19:33,2022-06-06 14:19:33
3865,3330,161,"15","No","1",2022-06-06 14:19:37,2022-06-06 14:19:37
3866,3330,161,"15","No","1",2022-06-06 14:19:41,2022-06-06 14:19:41
3867,3330,161,"15","No","1",2022-06-06 14:19:45,2022-06-06 14:19:45
3868,3330,161,"15","No","1",2022-06-06 14:19:49,2022-06-06 14:19:49
3869,3330,161,"15","No","1",2022-06-06 14:19:53,2022-06-06 14:19:53
3870,3330,161,"15","No","1",2022-06-06 14:19:57,2022-06-06 14:19:57
3871,3330,161,"15","No","1",2022-06-06 14:20:01,2022-06-06 14:20:01
3872,3330,161,"15","No","1",2022-06-06 14:20:05,2022-06-06 14:20:05
3873,3330,161,"15","No","1",2022-06-06 14:20:09,2022-06-06 14:20:09
3874,3330,161,"15","No","1",2022-06-06 14:20:14,2022-06-06 14:20:14
3875,3330,161,"15","No","1",2022-06-06 14:20:18,2022-06-06 14:20:18
3876,3330,161,"15","No","1",2022-06-06 14:20:22,2022-06-06 14:20:22
3877,3330,161,"15","No","1",2022-06-06 14:20:26,2022-06-06 14:20:26
3878,3330,161,"15","No","1",2022-06-06 14:20:30,2022-06-06 14:20:30
3879,3330,161,"15","No","1",2022-06-06 14:20:34,2022-06-06 14:20:34
3880,3330,161,"15","No","1",2022-06-06 14:20:38,2022-06-06 14:20:38
3881,3330,161,"15","No","1",2022-06-06 14:20:42,2022-06-06 14:20:42
3882,3330,161,"15","No","1",2022-06-06 14:20:46,2022-06-06 14:20:46
3883,3330,161,"15","No","1",2022-06-06 14:20:50,2022-06-06 14:20:50
3884,3330,161,"15","No","1",2022-06-06 14:20:54,2022-06-06 14:20:54
3885,3330,161,"15","No","1",2022-06-06 14:20:58,2022-06-06 14:20:58
3886,3330,161,"15","No","1",2022-06-06 14:21:02,2022-06-06 14:21:02
3887,3330,161,"15","No","1",2022-06-06 14:21:06,2022-06-06 14:21:06
3888,3330,161,"15","No","1",2022-06-06 14:21:10,2022-06-06 14:21:10
3889,3330,161,"15","No","1",2022-06-06 14:21:14,2022-06-06 14:21:14
3890,3330,161,"15","No","1",2022-06-06 14:21:18,2022-06-06 14:21:18
3891,3330,161,"15","No","1",2022-06-06 14:21:22,2022-06-06 14:21:22
3892,3330,161,"15","No","1",2022-06-06 14:21:26,2022-06-06 14:21:26
3893,3330,161,"15","No","1",2022-06-06 14:21:30,2022-06-06 14:21:30
3894,3330,161,"15","No","1",2022-06-06 14:21:34,2022-06-06 14:21:34
3895,3330,161,"15","No","1",2022-06-06 14:21:38,2022-06-06 14:21:38
3896,3330,161,"15","No","1",2022-06-06 14:21:42,2022-06-06 14:21:42
3897,3330,161,"15","No","1",2022-06-06 14:21:46,2022-06-06 14:21:46
3898,3330,161,"15","No","1",2022-06-06 14:21:50,2022-06-06 14:21:50
3899,3330,161,"15","No","1",2022-06-06 14:21:54,2022-06-06 14:21:54
3900,3330,161,"15","No","1",2022-06-06 14:21:58,2022-06-06 14:21:58
3901,3330,161,"15","No","1",2022-06-06 14:22:02,2022-06-06 14:22:02
3902,3330,161,"15","No","1",2022-06-06 14:22:06,2022-06-06 14:22:06
3903,3330,161,"15","No","1",2022-06-06 14:22:10,2022-06-06 14:22:10
3904,3330,161,"15","No","1",2022-06-06 14:22:14,2022-06-06 14:22:14
3905,3330,161,"15","No","1",2022-06-06 14:22:18,2022-06-06 14:22:18
3906,3330,161,"15","No","1",2022-06-06 14:22:22,2022-06-06 14:22:22
3907,3330,161,"15","No","1",2022-06-06 14:22:26,2022-06-06 14:22:26
3908,3330,161,"15","No","1",2022-06-06 14:22:30,2022-06-06 14:22:30
3909,3330,161,"15","No","1",2022-06-06 14:22:34,2022-06-06 14:22:34
3910,3330,161,"15","No","1",2022-06-06 14:22:38,2022-06-06 14:22:38
3911,3330,161,"15","No","1",2022-06-06 14:22:42,2022-06-06 14:22:42
3912,3330,161,"15","No","1",2022-06-06 14:22:46,2022-06-06 14:22:46
3913,3330,161,"15","No","1",2022-06-06 14:22:50,2022-06-06 14:22:50
3914,3330,161,"15","No","1",2022-06-06 14:22:54,2022-06-06 14:22:54
3915,3330,161,"15","No","1",2022-06-06 14:22:58,2022-06-06 14:22:58
3916,3330,161,"15","No","1",2022-06-06 14:23:02,2022-06-06 14:23:02
3917,3330,161,"15","No","1",2022-06-06 14:23:06,2022-06-06 14:23:06
3918,3330,161,"15","No","1",2022-06-06 14:23:10,2022-06-06 14:23:10
3919,3330,161,"15","No","1",2022-06-06 14:23:14,2022-06-06 14:23:14
3920,3330,161,"15","No","1",2022-06-06 14:23:18,2022-06-06 14:23:18
3921,3330,161,"15","No","1",2022-06-06 14:23:22,2022-06-06 14:23:22
3922,3330,161,"15","No","1",2022-06-06 14:23:26,2022-06-06 14:23:26
3923,3330,161,"15","No","1",2022-06-06 14:23:30,2022-06-06 14:23:30
3924,3330,161,"15","No","1",2022-06-06 14:23:34,2022-06-06 14:23:34
3925,3330,161,"15","No","1",2022-06-06 14:23:38,2022-06-06 14:23:38
3926,3330,161,"15","No","1",2022-06-06 14:23:42,2022-06-06 14:23:42
3927,3330,161,"15","No","1",2022-06-06 14:23:46,2022-06-06 14:23:46
3928,3330,161,"15","No","1",2022-06-06 14:23:50,2022-06-06 14:23:50
3929,3330,161,"15","No","1",2022-06-06 14:23:54,2022-06-06 14:23:54
3930,3330,161,"15","No","1",2022-06-06 14:23:58,2022-06-06 14:23:58
3931,3330,161,"15","No","1",2022-06-06 14:24:02,2022-06-06 14:24:02
3932,3330,161,"15","No","1",2022-06-06 14:24:06,2022-06-06 14:24:06
3933,3330,161,"15","No","1",2022-06-06 14:24:10,2022-06-06 14:24:10
3934,3330,161,"15","No","1",2022-06-06 14:24:14,2022-06-06 14:24:14
3935,3330,161,"15","No","1",2022-06-06 14:24:18,2022-06-06 14:24:18
3936,3330,161,"15","No","1",2022-06-06 14:24:22,2022-06-06 14:24:22
3937,3330,161,"15","No","1",2022-06-06 14:24:26,2022-06-06 14:24:26
3938,3330,161,"15","No","1",2022-06-06 14:24:30,2022-06-06 14:24:30
3939,3330,161,"15","No","1",2022-06-06 14:24:34,2022-06-06 14:24:34
3940,3330,161,"15","No","1",2022-06-06 14:24:38,2022-06-06 14:24:38
3941,3330,161,"15","No","1",2022-06-06 14:24:42,2022-06-06 14:24:42
3942,3330,161,"15","No","1",2022-06-06 14:24:46,2022-06-06 14:24:46
3943,3330,161,"15","No","1",2022-06-06 14:24:50,2022-06-06 14:24:50
3944,3330,161,"15","No","1",2022-06-06 14:24:54,2022-06-06 14:24:54
3945,3330,161,"15","No","1",2022-06-06 14:24:58,2022-06-06 14:24:58
3946,3330,161,"15","No","1",2022-06-06 14:25:02,2022-06-06 14:25:02
3947,3330,161,"15","No","1",2022-06-06 14:25:06,2022-06-06 14:25:06
3948,3330,161,"15","No","1",2022-06-06 14:25:10,2022-06-06 14:25:10
3949,3330,161,"15","No","1",2022-06-06 14:25:14,2022-06-06 14:25:14
3950,3330,161,"15","No","1",2022-06-06 14:25:18,2022-06-06 14:25:18
3951,3330,161,"15","No","1",2022-06-06 14:25:22,2022-06-06 14:25:22
3952,3330,161,"15","No","1",2022-06-06 14:25:26,2022-06-06 14:25:26
3953,3330,161,"15","No","1",2022-06-06 14:25:30,2022-06-06 14:25:30
3954,3330,161,"15","No","1",2022-06-06 14:25:34,2022-06-06 14:25:34
3955,3330,161,"15","No","1",2022-06-06 14:25:38,2022-06-06 14:25:38
3956,3330,161,"15","No","1",2022-06-06 14:25:42,2022-06-06 14:25:42
3957,3330,161,"15","No","1",2022-06-06 14:25:46,2022-06-06 14:25:46
3958,3330,161,"15","No","1",2022-06-06 14:25:50,2022-06-06 14:25:50
3959,3330,161,"15","No","1",2022-06-06 14:25:54,2022-06-06 14:25:54
3960,3330,161,"15","No","1",2022-06-06 14:25:58,2022-06-06 14:25:58
3961,3330,161,"15","No","1",2022-06-06 14:26:02,2022-06-06 14:26:02
3962,3330,161,"15","No","1",2022-06-06 14:26:06,2022-06-06 14:26:06
3963,3330,161,"15","No","1",2022-06-06 14:26:10,2022-06-06 14:26:10
3964,3330,161,"15","No","1",2022-06-06 14:26:14,2022-06-06 14:26:14
3965,3330,161,"15","No","1",2022-06-06 14:26:18,2022-06-06 14:26:18
3966,3330,161,"15","No","1",2022-06-06 14:26:22,2022-06-06 14:26:22
3967,3330,161,"15","No","1",2022-06-06 14:26:26,2022-06-06 14:26:26
3968,3330,161,"15","No","1",2022-06-06 14:26:30,2022-06-06 14:26:30
3969,3330,161,"15","No","1",2022-06-06 14:26:34,2022-06-06 14:26:34
3970,3330,161,"15","No","1",2022-06-06 14:26:38,2022-06-06 14:26:38
3971,3330,161,"15","No","1",2022-06-06 14:26:42,2022-06-06 14:26:42
3972,3330,161,"15","No","1",2022-06-06 14:26:46,2022-06-06 14:26:46
3973,3330,161,"15","No","1",2022-06-06 14:26:50,2022-06-06 14:26:50
3974,3330,161,"15","No","1",2022-06-06 14:26:54,2022-06-06 14:26:54
3975,3330,161,"15","No","1",2022-06-06 14:26:58,2022-06-06 14:26:58
3976,3330,161,"15","No","1",2022-06-06 14:27:02,2022-06-06 14:27:02
3977,3330,161,"15","No","1",2022-06-06 14:27:06,2022-06-06 14:27:06
3978,3330,161,"15","No","1",2022-06-06 14:27:10,2022-06-06 14:27:10
3979,3330,161,"15","No","1",2022-06-06 14:27:14,2022-06-06 14:27:14
3980,3330,161,"15","No","1",2022-06-06 14:27:18,2022-06-06 14:27:18
3981,3330,161,"15","No","1",2022-06-06 14:27:22,2022-06-06 14:27:22
3982,3330,161,"15","No","1",2022-06-06 14:27:26,2022-06-06 14:27:26
3983,3330,161,"15","No","1",2022-06-06 14:27:30,2022-06-06 14:27:30
3984,3330,161,"15","No","1",2022-06-06 14:27:34,2022-06-06 14:27:34
3985,3330,161,"15","No","1",2022-06-06 14:27:38,2022-06-06 14:27:38
3986,3330,161,"15","No","1",2022-06-06 14:27:42,2022-06-06 14:27:42
3987,3330,161,"15","No","1",2022-06-06 14:27:46,2022-06-06 14:27:46
3988,3330,161,"15","No","1",2022-06-06 14:27:50,2022-06-06 14:27:50
3989,3330,161,"15","No","1",2022-06-06 14:27:54,2022-06-06 14:27:54
3990,3330,161,"15","No","1",2022-06-06 14:27:58,2022-06-06 14:27:58
3991,3330,161,"15","No","1",2022-06-06 14:28:02,2022-06-06 14:28:02
3992,3330,161,"15","No","1",2022-06-06 14:28:06,2022-06-06 14:28:06
3993,3330,161,"15","No","1",2022-06-06 14:28:10,2022-06-06 14:28:10
3994,3330,161,"15","No","1",2022-06-06 14:28:14,2022-06-06 14:28:14
3995,3330,161,"15","No","1",2022-06-06 14:28:18,2022-06-06 14:28:18
3996,3330,161,"15","No","1",2022-06-06 14:28:22,2022-06-06 14:28:22
3997,3330,161,"15","No","1",2022-06-06 14:28:26,2022-06-06 14:28:26
3998,3330,161,"15","No","1",2022-06-06 14:28:30,2022-06-06 14:28:30
3999,3330,161,"15","No","1",2022-06-06 14:28:34,2022-06-06 14:28:34
4000,3330,161,"15","No","1",2022-06-06 14:28:38,2022-06-06 14:28:38
4001,3330,161,"15","No","1",2022-06-06 14:28:42,2022-06-06 14:28:42
4002,3330,161,"15","No","1",2022-06-06 14:28:46,2022-06-06 14:28:46
4003,3330,161,"15","No","1",2022-06-06 14:28:50,2022-06-06 14:28:50
4004,3330,161,"15","No","1",2022-06-06 14:28:54,2022-06-06 14:28:54
4005,3330,161,"15","No","1",2022-06-06 14:28:58,2022-06-06 14:28:58
4006,3330,161,"15","No","1",2022-06-06 14:29:02,2022-06-06 14:29:02
4007,3330,161,"15","No","1",2022-06-06 14:29:06,2022-06-06 14:29:06
4008,3330,161,"15","No","1",2022-06-06 14:29:10,2022-06-06 14:29:10
4009,3330,161,"15","No","1",2022-06-06 14:29:14,2022-06-06 14:29:14
4010,3330,161,"15","No","1",2022-06-06 14:29:18,2022-06-06 14:29:18
4011,3330,161,"15","No","1",2022-06-06 14:29:22,2022-06-06 14:29:22
4012,3330,161,"15","No","1",2022-06-06 14:29:26,2022-06-06 14:29:26
4013,3330,161,"15","No","1",2022-06-06 14:29:30,2022-06-06 14:29:30
4014,3330,161,"15","No","1",2022-06-06 14:29:34,2022-06-06 14:29:34
4015,3330,161,"15","No","1",2022-06-06 14:29:38,2022-06-06 14:29:38
4016,3330,161,"15","No","1",2022-06-06 14:29:42,2022-06-06 14:29:42
4017,3330,161,"15","No","1",2022-06-06 14:29:46,2022-06-06 14:29:46
4018,3330,161,"15","No","1",2022-06-06 14:29:50,2022-06-06 14:29:50
4019,3330,161,"15","No","1",2022-06-06 14:29:54,2022-06-06 14:29:54
4020,3330,161,"15","No","1",2022-06-06 14:29:58,2022-06-06 14:29:58
4021,3330,161,"15","No","1",2022-06-06 14:30:03,2022-06-06 14:30:03
4022,3330,161,"15","No","1",2022-06-06 14:30:06,2022-06-06 14:30:06
4023,3330,161,"15","No","1",2022-06-06 14:30:10,2022-06-06 14:30:10
4024,3330,161,"15","No","1",2022-06-06 14:30:14,2022-06-06 14:30:14
4025,3330,161,"15","No","1",2022-06-06 14:30:18,2022-06-06 14:30:18
4026,3330,161,"15","No","1",2022-06-06 14:30:22,2022-06-06 14:30:22
4027,3330,161,"15","No","1",2022-06-06 14:30:26,2022-06-06 14:30:26
4028,3330,161,"15","No","1",2022-06-06 14:30:30,2022-06-06 14:30:30
4029,3330,161,"15","No","1",2022-06-06 14:30:34,2022-06-06 14:30:34
4030,3330,161,"15","No","1",2022-06-06 14:30:38,2022-06-06 14:30:38
4031,3330,161,"15","No","1",2022-06-06 14:30:42,2022-06-06 14:30:42
4032,3330,161,"15","No","1",2022-06-06 14:30:47,2022-06-06 14:30:47
4033,3330,161,"15","No","1",2022-06-06 14:30:51,2022-06-06 14:30:51
4034,3330,161,"15","No","1",2022-06-06 14:30:55,2022-06-06 14:30:55
4035,3330,161,"15","No","1",2022-06-06 14:30:59,2022-06-06 14:30:59
4036,3330,161,"15","No","1",2022-06-06 14:31:03,2022-06-06 14:31:03
4037,3330,161,"15","No","1",2022-06-06 14:31:07,2022-06-06 14:31:07
4038,3330,161,"15","No","1",2022-06-06 14:31:11,2022-06-06 14:31:11
4039,3330,161,"15","No","1",2022-06-06 14:31:15,2022-06-06 14:31:15
4040,3330,161,"15","No","1",2022-06-06 14:31:19,2022-06-06 14:31:19
4041,3330,161,"15","No","1",2022-06-06 14:31:23,2022-06-06 14:31:23
4042,3330,161,"15","No","1",2022-06-06 14:31:27,2022-06-06 14:31:27
4043,3330,161,"15","No","1",2022-06-06 14:31:31,2022-06-06 14:31:31
4044,3330,161,"15","No","1",2022-06-06 14:31:35,2022-06-06 14:31:35
4045,3330,161,"15","No","1",2022-06-06 14:31:39,2022-06-06 14:31:39
4046,3330,161,"15","No","1",2022-06-06 14:31:43,2022-06-06 14:31:43
4047,3330,161,"15","No","1",2022-06-06 14:31:47,2022-06-06 14:31:47
4048,3330,161,"15","No","1",2022-06-06 14:31:51,2022-06-06 14:31:51
4049,3330,161,"15","No","1",2022-06-06 14:31:55,2022-06-06 14:31:55
4050,3330,161,"15","No","1",2022-06-06 14:31:59,2022-06-06 14:31:59
4051,3330,161,"15","No","1",2022-06-06 14:32:03,2022-06-06 14:32:03
4052,3330,161,"15","No","1",2022-06-06 14:32:07,2022-06-06 14:32:07
4053,3330,161,"15","No","1",2022-06-06 14:32:11,2022-06-06 14:32:11
4054,3330,161,"15","No","1",2022-06-06 14:32:15,2022-06-06 14:32:15
4055,3330,161,"15","No","1",2022-06-06 14:32:19,2022-06-06 14:32:19
4056,3330,161,"15","No","1",2022-06-06 14:32:23,2022-06-06 14:32:23
4057,3330,161,"15","No","1",2022-06-06 14:32:27,2022-06-06 14:32:27
4058,3330,161,"15","No","1",2022-06-06 14:32:31,2022-06-06 14:32:31
4059,3330,161,"15","No","1",2022-06-06 14:32:35,2022-06-06 14:32:35
4060,3330,161,"15","No","1",2022-06-06 14:32:39,2022-06-06 14:32:39
4061,3330,161,"15","No","1",2022-06-06 14:32:43,2022-06-06 14:32:43
4062,3330,161,"15","No","1",2022-06-06 14:32:47,2022-06-06 14:32:47
4063,3330,161,"15","No","1",2022-06-06 14:32:51,2022-06-06 14:32:51
4064,3330,161,"15","No","1",2022-06-06 14:32:55,2022-06-06 14:32:55
4065,3330,161,"15","No","1",2022-06-06 14:32:59,2022-06-06 14:32:59
4066,3330,161,"15","No","1",2022-06-06 14:33:03,2022-06-06 14:33:03
4067,3330,161,"15","No","1",2022-06-06 14:33:07,2022-06-06 14:33:07
4068,3330,161,"15","No","1",2022-06-06 14:33:11,2022-06-06 14:33:11
4069,3330,161,"15","No","1",2022-06-06 14:33:15,2022-06-06 14:33:15
4070,3330,161,"15","No","1",2022-06-06 14:33:19,2022-06-06 14:33:19
4071,3330,161,"15","No","1",2022-06-06 14:33:23,2022-06-06 14:33:23
4072,3330,161,"15","No","1",2022-06-06 14:33:27,2022-06-06 14:33:27
4073,3330,161,"15","No","1",2022-06-06 14:33:31,2022-06-06 14:33:31
4074,3330,161,"15","No","1",2022-06-06 14:33:35,2022-06-06 14:33:35
4075,3330,161,"15","No","1",2022-06-06 14:33:39,2022-06-06 14:33:39
4076,3330,161,"15","No","1",2022-06-06 14:33:43,2022-06-06 14:33:43
4077,3330,161,"15","No","1",2022-06-06 14:33:47,2022-06-06 14:33:47
4078,3330,161,"15","No","1",2022-06-06 14:33:51,2022-06-06 14:33:51
4079,3330,161,"15","No","1",2022-06-06 14:33:55,2022-06-06 14:33:55
4080,3330,161,"15","No","1",2022-06-06 14:33:59,2022-06-06 14:33:59
4081,3330,161,"15","No","1",2022-06-06 14:34:03,2022-06-06 14:34:03
4082,3330,161,"15","No","1",2022-06-06 14:34:07,2022-06-06 14:34:07
4083,3330,161,"15","No","1",2022-06-06 14:34:11,2022-06-06 14:34:11
4084,3330,161,"15","No","1",2022-06-06 14:34:15,2022-06-06 14:34:15
4085,3330,161,"15","No","1",2022-06-06 14:34:19,2022-06-06 14:34:19
4086,3330,161,"15","No","1",2022-06-06 14:34:23,2022-06-06 14:34:23
4087,3330,161,"15","No","1",2022-06-06 14:34:27,2022-06-06 14:34:27
4088,3330,161,"15","No","1",2022-06-06 14:34:31,2022-06-06 14:34:31
4089,3330,161,"15","No","1",2022-06-06 14:34:35,2022-06-06 14:34:35
4090,3330,161,"15","No","1",2022-06-06 14:34:39,2022-06-06 14:34:39
4091,3330,161,"15","No","1",2022-06-06 14:34:43,2022-06-06 14:34:43
4092,3330,161,"15","No","1",2022-06-06 14:34:47,2022-06-06 14:34:47
4093,3330,161,"15","No","1",2022-06-06 14:34:51,2022-06-06 14:34:51
4094,3330,161,"15","No","1",2022-06-06 14:34:55,2022-06-06 14:34:55
4095,3330,161,"15","No","1",2022-06-06 14:34:59,2022-06-06 14:34:59
4096,3330,161,"15","No","1",2022-06-06 14:35:03,2022-06-06 14:35:03
4097,3330,161,"15","No","1",2022-06-06 14:35:07,2022-06-06 14:35:07
4098,3330,161,"15","No","1",2022-06-06 14:35:11,2022-06-06 14:35:11
4099,3330,161,"15","No","1",2022-06-06 14:35:15,2022-06-06 14:35:15
4100,3330,161,"15","No","1",2022-06-06 14:35:19,2022-06-06 14:35:19
4101,3330,161,"15","No","1",2022-06-06 14:35:23,2022-06-06 14:35:23
4102,3330,161,"15","No","1",2022-06-06 14:35:27,2022-06-06 14:35:27
4103,3330,161,"15","No","1",2022-06-06 14:35:31,2022-06-06 14:35:31
4104,3330,161,"15","No","1",2022-06-06 14:35:35,2022-06-06 14:35:35
4105,3330,161,"15","No","1",2022-06-06 14:35:39,2022-06-06 14:35:39
4106,3330,161,"15","No","1",2022-06-06 14:35:43,2022-06-06 14:35:43
4107,3330,161,"15","No","1",2022-06-06 14:35:47,2022-06-06 14:35:47
4108,3330,161,"15","No","1",2022-06-06 14:35:51,2022-06-06 14:35:51
4109,3330,161,"15","No","1",2022-06-06 14:35:55,2022-06-06 14:35:55
4110,3330,161,"15","No","1",2022-06-06 14:35:59,2022-06-06 14:35:59
4111,3330,161,"15","No","1",2022-06-06 14:36:03,2022-06-06 14:36:03
4112,3330,161,"15","No","1",2022-06-06 14:36:07,2022-06-06 14:36:07
4113,3330,161,"15","No","1",2022-06-06 14:36:11,2022-06-06 14:36:11
4114,3330,161,"15","No","1",2022-06-06 14:36:15,2022-06-06 14:36:15
4115,3330,161,"15","No","1",2022-06-06 14:36:19,2022-06-06 14:36:19
4116,3330,161,"15","No","1",2022-06-06 14:36:23,2022-06-06 14:36:23
4117,3330,161,"15","No","1",2022-06-06 14:36:27,2022-06-06 14:36:27
4118,3330,161,"15","No","1",2022-06-06 14:36:31,2022-06-06 14:36:31
4119,3330,161,"15","No","1",2022-06-06 14:36:35,2022-06-06 14:36:35
4120,3330,161,"15","No","1",2022-06-06 14:36:39,2022-06-06 14:36:39
4121,3330,161,"15","No","1",2022-06-06 14:36:43,2022-06-06 14:36:43
4122,3330,161,"15","No","1",2022-06-06 14:36:47,2022-06-06 14:36:47
4123,3330,161,"15","No","1",2022-06-06 14:36:51,2022-06-06 14:36:51
4124,3330,161,"15","No","1",2022-06-06 14:36:55,2022-06-06 14:36:55
4125,3330,161,"15","No","1",2022-06-06 14:36:59,2022-06-06 14:36:59
4126,3330,161,"15","No","1",2022-06-06 14:37:03,2022-06-06 14:37:03
4127,3330,161,"15","No","1",2022-06-06 14:37:07,2022-06-06 14:37:07
4128,3330,161,"15","No","1",2022-06-06 14:37:11,2022-06-06 14:37:11
4129,3330,161,"15","No","1",2022-06-06 14:37:15,2022-06-06 14:37:15
4130,3330,161,"15","No","1",2022-06-06 14:37:19,2022-06-06 14:37:19
4131,3330,161,"15","No","1",2022-06-06 14:37:23,2022-06-06 14:37:23
4132,3330,161,"15","No","1",2022-06-06 14:37:27,2022-06-06 14:37:27
4133,3330,161,"15","No","1",2022-06-06 14:37:31,2022-06-06 14:37:31
4134,3330,161,"15","No","1",2022-06-06 14:37:35,2022-06-06 14:37:35
4135,3330,161,"15","No","1",2022-06-06 14:37:39,2022-06-06 14:37:39
4136,3330,161,"15","No","1",2022-06-06 14:37:43,2022-06-06 14:37:43
4137,3330,161,"15","No","1",2022-06-06 14:37:47,2022-06-06 14:37:47
4138,3330,161,"15","No","1",2022-06-06 14:37:51,2022-06-06 14:37:51
4139,3330,161,"15","No","1",2022-06-06 14:37:55,2022-06-06 14:37:55
4140,3330,161,"15","No","1",2022-06-06 14:37:59,2022-06-06 14:37:59
4141,3330,161,"15","No","1",2022-06-06 14:38:03,2022-06-06 14:38:03
4142,3330,161,"15","No","1",2022-06-06 14:38:07,2022-06-06 14:38:07
4143,3330,161,"15","No","1",2022-06-06 14:38:11,2022-06-06 14:38:11
4144,3330,161,"15","No","1",2022-06-06 14:38:15,2022-06-06 14:38:15
4145,3330,161,"15","No","1",2022-06-06 14:38:19,2022-06-06 14:38:19
4146,3330,161,"15","No","1",2022-06-06 14:38:23,2022-06-06 14:38:23
4147,3330,161,"15","No","1",2022-06-06 14:38:27,2022-06-06 14:38:27
4148,3330,161,"15","No","1",2022-06-06 14:38:31,2022-06-06 14:38:31
4149,3330,161,"15","No","1",2022-06-06 14:38:35,2022-06-06 14:38:35
4150,3330,161,"15","No","1",2022-06-06 14:38:39,2022-06-06 14:38:39
4151,3330,161,"15","No","1",2022-06-06 14:38:43,2022-06-06 14:38:43
4152,3330,161,"15","No","1",2022-06-06 14:38:47,2022-06-06 14:38:47
4153,3330,161,"15","No","1",2022-06-06 14:38:51,2022-06-06 14:38:51
4154,3330,161,"15","No","1",2022-06-06 14:38:55,2022-06-06 14:38:55
4155,3330,161,"15","No","1",2022-06-06 14:38:59,2022-06-06 14:38:59
4156,3330,161,"15","No","1",2022-06-06 14:39:03,2022-06-06 14:39:03
4157,3330,161,"15","No","1",2022-06-06 14:39:07,2022-06-06 14:39:07
4158,3330,161,"15","No","1",2022-06-06 14:39:11,2022-06-06 14:39:11
4159,3330,161,"15","No","1",2022-06-06 14:39:15,2022-06-06 14:39:15
4160,3330,161,"15","No","1",2022-06-06 14:39:19,2022-06-06 14:39:19
4161,3330,161,"15","No","1",2022-06-06 14:39:23,2022-06-06 14:39:23
4162,3330,161,"15","No","1",2022-06-06 14:39:27,2022-06-06 14:39:27
4163,3330,161,"15","No","1",2022-06-06 14:39:31,2022-06-06 14:39:31
4164,3330,161,"15","No","1",2022-06-06 14:39:35,2022-06-06 14:39:35
4165,3330,161,"15","No","1",2022-06-06 14:39:39,2022-06-06 14:39:39
4166,3330,161,"15","No","1",2022-06-06 14:39:43,2022-06-06 14:39:43
4167,3330,161,"15","No","1",2022-06-06 14:39:47,2022-06-06 14:39:47
4168,3330,161,"15","No","1",2022-06-06 14:39:51,2022-06-06 14:39:51
4169,3330,161,"15","No","1",2022-06-06 14:39:55,2022-06-06 14:39:55
4170,3330,161,"15","No","1",2022-06-06 14:39:59,2022-06-06 14:39:59
4171,3330,161,"15","No","1",2022-06-06 14:40:04,2022-06-06 14:40:04
4172,3330,161,"15","No","1",2022-06-06 14:40:07,2022-06-06 14:40:07
4173,3330,161,"15","No","1",2022-06-06 14:40:11,2022-06-06 14:40:11
4174,3330,161,"15","No","1",2022-06-06 14:40:15,2022-06-06 14:40:15
4175,3330,161,"15","No","1",2022-06-06 14:40:19,2022-06-06 14:40:19
4176,3330,161,"15","No","1",2022-06-06 14:40:23,2022-06-06 14:40:23
4177,3330,161,"15","No","1",2022-06-06 14:40:27,2022-06-06 14:40:27
4178,3330,161,"15","No","1",2022-06-06 14:40:31,2022-06-06 14:40:31
4179,3330,161,"15","No","1",2022-06-06 14:40:35,2022-06-06 14:40:35
4180,3330,161,"15","No","1",2022-06-06 14:40:39,2022-06-06 14:40:39
4181,3330,161,"15","No","1",2022-06-06 14:40:43,2022-06-06 14:40:43
4182,3330,161,"15","No","1",2022-06-06 14:40:47,2022-06-06 14:40:47
4183,3330,161,"15","No","1",2022-06-06 14:40:51,2022-06-06 14:40:51
4184,3330,161,"15","No","1",2022-06-06 14:40:55,2022-06-06 14:40:55
4185,3330,161,"15","No","1",2022-06-06 14:40:59,2022-06-06 14:40:59
4186,3330,161,"15","No","1",2022-06-06 14:41:03,2022-06-06 14:41:03
4187,3330,161,"15","No","1",2022-06-06 14:41:07,2022-06-06 14:41:07
4188,3330,161,"15","No","1",2022-06-06 14:41:11,2022-06-06 14:41:11
4189,3330,161,"15","No","1",2022-06-06 14:41:15,2022-06-06 14:41:15
4190,3330,161,"15","No","1",2022-06-06 14:41:19,2022-06-06 14:41:19
4191,3330,161,"15","No","1",2022-06-06 14:41:23,2022-06-06 14:41:23
4192,3330,161,"15","No","1",2022-06-06 14:41:27,2022-06-06 14:41:27
4193,3330,161,"15","No","1",2022-06-06 14:41:31,2022-06-06 14:41:31
4194,3330,161,"15","No","1",2022-06-06 14:41:35,2022-06-06 14:41:35
4195,3330,161,"15","No","1",2022-06-06 14:41:39,2022-06-06 14:41:39
4196,3330,161,"15","No","1",2022-06-06 14:41:43,2022-06-06 14:41:43
4197,3330,161,"15","No","1",2022-06-06 14:41:47,2022-06-06 14:41:47
4198,3330,161,"15","No","1",2022-06-06 14:41:51,2022-06-06 14:41:51
4199,3330,161,"15","No","1",2022-06-06 14:41:55,2022-06-06 14:41:55
4200,3330,161,"15","No","1",2022-06-06 14:41:59,2022-06-06 14:41:59
4201,3330,161,"15","No","1",2022-06-06 14:42:03,2022-06-06 14:42:03
4202,3330,161,"15","No","1",2022-06-06 14:42:07,2022-06-06 14:42:07
4203,3330,161,"15","No","1",2022-06-06 14:42:11,2022-06-06 14:42:11
4204,3330,161,"15","No","1",2022-06-06 14:42:15,2022-06-06 14:42:15
4205,3330,161,"15","No","1",2022-06-06 14:42:19,2022-06-06 14:42:19
4206,3330,161,"15","No","1",2022-06-06 14:42:23,2022-06-06 14:42:23
4207,3330,161,"15","No","1",2022-06-06 14:42:27,2022-06-06 14:42:27
4208,3330,161,"15","No","1",2022-06-06 14:42:31,2022-06-06 14:42:31
4209,3330,161,"15","No","1",2022-06-06 14:42:35,2022-06-06 14:42:35
4210,3330,161,"15","No","1",2022-06-06 14:42:39,2022-06-06 14:42:39
4211,3330,161,"15","No","1",2022-06-06 14:42:43,2022-06-06 14:42:43
4212,3330,161,"15","No","1",2022-06-06 14:42:47,2022-06-06 14:42:47
4213,3330,161,"15","No","1",2022-06-06 14:42:51,2022-06-06 14:42:51
4214,3330,161,"15","No","1",2022-06-06 14:42:55,2022-06-06 14:42:55
4215,3330,161,"15","No","1",2022-06-06 14:42:59,2022-06-06 14:42:59
4216,3330,161,"15","No","1",2022-06-06 14:43:03,2022-06-06 14:43:03
4217,3330,161,"15","No","1",2022-06-06 14:43:07,2022-06-06 14:43:07
4218,3330,161,"15","No","1",2022-06-06 14:43:11,2022-06-06 14:43:11
4219,3330,161,"15","No","1",2022-06-06 14:43:15,2022-06-06 14:43:15
4220,3330,161,"15","No","1",2022-06-06 14:43:19,2022-06-06 14:43:19
4221,3330,161,"15","No","1",2022-06-06 14:43:23,2022-06-06 14:43:23
4222,3330,161,"15","No","1",2022-06-06 14:43:27,2022-06-06 14:43:27
4223,3330,161,"15","No","1",2022-06-06 14:43:31,2022-06-06 14:43:31
4224,3330,161,"15","No","1",2022-06-06 14:43:35,2022-06-06 14:43:35
4225,3330,161,"15","No","1",2022-06-06 14:43:39,2022-06-06 14:43:39
4226,3330,161,"15","No","1",2022-06-06 14:43:43,2022-06-06 14:43:43
4227,3330,161,"15","No","1",2022-06-06 14:43:47,2022-06-06 14:43:47
4228,3330,161,"15","No","1",2022-06-06 14:43:51,2022-06-06 14:43:51
4229,3330,161,"15","No","1",2022-06-06 14:43:55,2022-06-06 14:43:55
4230,3330,161,"15","No","1",2022-06-06 14:43:59,2022-06-06 14:43:59
4231,3330,161,"15","No","1",2022-06-06 14:44:03,2022-06-06 14:44:03
4232,3330,161,"15","No","1",2022-06-06 14:44:07,2022-06-06 14:44:07
4233,3330,161,"15","No","1",2022-06-06 14:44:11,2022-06-06 14:44:11
4234,3330,161,"15","No","1",2022-06-06 14:44:15,2022-06-06 14:44:15
4235,3330,161,"15","No","1",2022-06-06 14:44:19,2022-06-06 14:44:19
4236,3330,161,"15","No","1",2022-06-06 14:44:23,2022-06-06 14:44:23
4237,3330,161,"15","No","1",2022-06-06 14:44:27,2022-06-06 14:44:27
4238,3330,161,"15","No","1",2022-06-06 14:44:31,2022-06-06 14:44:31
4239,3330,161,"15","No","1",2022-06-06 14:44:35,2022-06-06 14:44:35
4240,3330,161,"15","No","1",2022-06-06 14:44:39,2022-06-06 14:44:39
4241,3324,1,"10","No","2",2022-06-06 14:44:40,2022-06-06 14:44:40
4242,3330,161,"15","No","1",2022-06-06 14:44:43,2022-06-06 14:44:43
4243,3330,161,"15","No","1",2022-06-06 14:44:47,2022-06-06 14:44:47
4244,3330,161,"15","No","1",2022-06-06 14:44:51,2022-06-06 14:44:51
4245,3330,161,"15","No","1",2022-06-06 14:44:55,2022-06-06 14:44:55
4246,3330,161,"15","No","1",2022-06-06 14:44:59,2022-06-06 14:44:59
4247,3330,161,"15","No","1",2022-06-06 14:45:03,2022-06-06 14:45:03
4248,3330,161,"15","No","1",2022-06-06 14:45:07,2022-06-06 14:45:07
4249,3330,161,"15","No","1",2022-06-06 14:45:11,2022-06-06 14:45:11
4250,3330,161,"15","No","1",2022-06-06 14:45:15,2022-06-06 14:45:15
4251,3330,161,"15","No","1",2022-06-06 14:45:19,2022-06-06 14:45:19
4252,3330,161,"15","No","1",2022-06-06 14:45:23,2022-06-06 14:45:23
4253,3330,161,"15","No","1",2022-06-06 14:45:27,2022-06-06 14:45:27
4254,3330,161,"15","No","1",2022-06-06 14:45:31,2022-06-06 14:45:31
4255,3330,161,"15","No","1",2022-06-06 14:45:35,2022-06-06 14:45:35
4256,3330,161,"15","No","1",2022-06-06 14:45:39,2022-06-06 14:45:39
4257,3330,161,"15","No","1",2022-06-06 14:45:43,2022-06-06 14:45:43
4258,3330,161,"15","No","1",2022-06-06 14:45:47,2022-06-06 14:45:47
4259,3330,161,"15","No","1",2022-06-06 14:45:51,2022-06-06 14:45:51
4260,3330,161,"15","No","1",2022-06-06 14:45:55,2022-06-06 14:45:55
4261,3330,161,"15","No","1",2022-06-06 14:45:59,2022-06-06 14:45:59
4262,3330,161,"15","No","1",2022-06-06 14:46:03,2022-06-06 14:46:03
4263,3330,161,"15","No","1",2022-06-06 14:46:07,2022-06-06 14:46:07
4264,3330,161,"15","No","1",2022-06-06 14:46:11,2022-06-06 14:46:11
4265,3330,161,"15","No","1",2022-06-06 14:46:15,2022-06-06 14:46:15
4266,3330,161,"15","No","1",2022-06-06 14:46:19,2022-06-06 14:46:19
4267,3330,161,"15","No","1",2022-06-06 14:46:23,2022-06-06 14:46:23
4268,3330,161,"15","No","1",2022-06-06 14:46:27,2022-06-06 14:46:27
4269,3330,161,"15","No","1",2022-06-06 14:46:31,2022-06-06 14:46:31
4270,3330,161,"15","No","1",2022-06-06 14:46:35,2022-06-06 14:46:35
4271,3330,161,"15","No","1",2022-06-06 14:46:39,2022-06-06 14:46:39
4272,3330,161,"15","No","1",2022-06-06 14:46:43,2022-06-06 14:46:43
4273,3330,161,"15","No","1",2022-06-06 14:46:47,2022-06-06 14:46:47
4274,3330,161,"15","No","1",2022-06-06 14:46:51,2022-06-06 14:46:51
4275,3330,161,"15","No","1",2022-06-06 14:46:55,2022-06-06 14:46:55
4276,3330,161,"15","No","1",2022-06-06 14:46:59,2022-06-06 14:46:59
4277,3330,161,"15","No","1",2022-06-06 14:47:03,2022-06-06 14:47:03
4278,3330,161,"15","No","1",2022-06-06 14:47:07,2022-06-06 14:47:07
4279,3330,161,"15","No","1",2022-06-06 14:47:11,2022-06-06 14:47:11
4280,3330,161,"15","No","1",2022-06-06 14:47:15,2022-06-06 14:47:15
4281,3330,161,"15","No","1",2022-06-06 14:47:19,2022-06-06 14:47:19
4282,3330,161,"15","No","1",2022-06-06 14:47:23,2022-06-06 14:47:23
4283,3330,161,"15","No","1",2022-06-06 14:47:27,2022-06-06 14:47:27
4284,3330,161,"15","No","1",2022-06-06 14:47:31,2022-06-06 14:47:31
4285,3330,161,"15","No","1",2022-06-06 14:47:35,2022-06-06 14:47:35
4286,3330,161,"15","No","1",2022-06-06 14:47:39,2022-06-06 14:47:39
4287,3330,161,"15","No","1",2022-06-06 14:47:43,2022-06-06 14:47:43
4288,3330,161,"15","No","1",2022-06-06 14:47:47,2022-06-06 14:47:47
4289,3330,161,"15","No","1",2022-06-06 14:47:51,2022-06-06 14:47:51
4290,3330,161,"15","No","1",2022-06-06 14:47:55,2022-06-06 14:47:55
4291,3330,161,"15","No","1",2022-06-06 14:47:59,2022-06-06 14:47:59
4292,3330,161,"15","No","1",2022-06-06 14:48:03,2022-06-06 14:48:03
4293,3330,161,"15","No","1",2022-06-06 14:48:07,2022-06-06 14:48:07
4294,3330,161,"15","No","1",2022-06-06 14:48:11,2022-06-06 14:48:11
4295,3330,161,"15","No","1",2022-06-06 14:48:15,2022-06-06 14:48:15
4296,3330,161,"15","No","1",2022-06-06 14:48:19,2022-06-06 14:48:19
4297,3330,161,"15","No","1",2022-06-06 14:48:23,2022-06-06 14:48:23
4298,3330,161,"15","No","1",2022-06-06 14:48:27,2022-06-06 14:48:27
4299,3330,161,"15","No","1",2022-06-06 14:48:31,2022-06-06 14:48:31
4300,3330,161,"15","No","1",2022-06-06 14:48:35,2022-06-06 14:48:35
4301,3330,161,"15","No","1",2022-06-06 14:48:39,2022-06-06 14:48:39
4302,3330,161,"15","No","1",2022-06-06 14:48:43,2022-06-06 14:48:43
4303,3330,161,"15","No","1",2022-06-06 14:48:47,2022-06-06 14:48:47
4304,3330,161,"15","No","1",2022-06-06 14:48:51,2022-06-06 14:48:51
4305,3330,161,"15","No","1",2022-06-06 14:48:55,2022-06-06 14:48:55
4306,3330,161,"15","No","1",2022-06-06 14:48:59,2022-06-06 14:48:59
4307,3330,161,"15","No","1",2022-06-06 14:49:03,2022-06-06 14:49:03
4308,3330,161,"15","No","1",2022-06-06 14:49:07,2022-06-06 14:49:07
4309,3330,161,"15","No","1",2022-06-06 14:49:11,2022-06-06 14:49:11
4310,3330,161,"15","No","1",2022-06-06 14:49:15,2022-06-06 14:49:15
4311,3330,161,"15","No","1",2022-06-06 14:49:19,2022-06-06 14:49:19
4312,3330,161,"15","No","1",2022-06-06 14:49:23,2022-06-06 14:49:23
4313,3330,161,"15","No","1",2022-06-06 14:49:27,2022-06-06 14:49:27
4314,3330,161,"15","No","1",2022-06-06 14:49:31,2022-06-06 14:49:31
4315,3330,161,"15","No","1",2022-06-06 14:49:35,2022-06-06 14:49:35
4316,3330,161,"15","No","1",2022-06-06 14:49:39,2022-06-06 14:49:39
4317,3330,161,"15","No","1",2022-06-06 14:49:43,2022-06-06 14:49:43
4318,3330,161,"15","No","1",2022-06-06 14:49:47,2022-06-06 14:49:47
4319,3330,161,"15","No","1",2022-06-06 14:49:51,2022-06-06 14:49:51
4320,3330,161,"15","No","1",2022-06-06 14:49:55,2022-06-06 14:49:55
4321,3330,161,"15","No","1",2022-06-06 14:49:59,2022-06-06 14:49:59
4322,3330,161,"15","No","1",2022-06-06 14:50:04,2022-06-06 14:50:04
4323,3330,161,"15","No","1",2022-06-06 14:50:07,2022-06-06 14:50:07
4324,3330,161,"15","No","1",2022-06-06 14:50:11,2022-06-06 14:50:11
4325,3330,161,"15","No","1",2022-06-06 14:50:15,2022-06-06 14:50:15
4326,3330,161,"15","No","1",2022-06-06 14:50:19,2022-06-06 14:50:19
4327,3330,161,"15","No","1",2022-06-06 14:50:23,2022-06-06 14:50:23
4328,3330,161,"15","No","1",2022-06-06 14:50:27,2022-06-06 14:50:27
4329,3330,161,"15","No","1",2022-06-06 14:50:31,2022-06-06 14:50:31
4330,3330,161,"15","No","1",2022-06-06 14:50:35,2022-06-06 14:50:35
4331,3330,161,"15","No","1",2022-06-06 14:50:39,2022-06-06 14:50:39
4332,3330,161,"15","No","1",2022-06-06 14:50:43,2022-06-06 14:50:43
4333,3330,161,"15","No","1",2022-06-06 14:50:47,2022-06-06 14:50:47
4334,3330,161,"15","No","1",2022-06-06 14:50:51,2022-06-06 14:50:51
4335,3330,161,"15","No","1",2022-06-06 14:50:55,2022-06-06 14:50:55
4336,3330,161,"15","No","1",2022-06-06 14:50:59,2022-06-06 14:50:59
4337,3330,161,"15","No","1",2022-06-06 14:51:03,2022-06-06 14:51:03
4338,3330,161,"15","No","1",2022-06-06 14:51:07,2022-06-06 14:51:07
4339,3330,161,"15","No","1",2022-06-06 14:51:11,2022-06-06 14:51:11
4340,3330,161,"15","No","1",2022-06-06 14:51:15,2022-06-06 14:51:15
4341,3330,161,"15","No","1",2022-06-06 14:51:19,2022-06-06 14:51:19
4342,3330,161,"15","No","1",2022-06-06 14:51:23,2022-06-06 14:51:23
4343,3330,161,"15","No","1",2022-06-06 14:51:27,2022-06-06 14:51:27
4344,3330,161,"15","No","1",2022-06-06 14:51:31,2022-06-06 14:51:31
4345,3330,161,"15","No","1",2022-06-06 14:51:35,2022-06-06 14:51:35
4346,3330,161,"15","No","1",2022-06-06 14:51:39,2022-06-06 14:51:39
4347,3330,161,"15","No","1",2022-06-06 14:51:43,2022-06-06 14:51:43
4348,3330,161,"15","No","1",2022-06-06 14:51:47,2022-06-06 14:51:47
4349,3330,161,"15","No","1",2022-06-06 14:51:51,2022-06-06 14:51:51
4350,3330,161,"15","No","1",2022-06-06 14:51:55,2022-06-06 14:51:55
4351,3330,161,"15","No","1",2022-06-06 14:51:59,2022-06-06 14:51:59
4352,3330,161,"15","No","1",2022-06-06 14:52:03,2022-06-06 14:52:03
4353,3330,161,"15","No","1",2022-06-06 14:52:07,2022-06-06 14:52:07
4354,3330,161,"15","No","1",2022-06-06 14:52:11,2022-06-06 14:52:11
4355,3330,161,"15","No","1",2022-06-06 14:52:15,2022-06-06 14:52:15
4356,3330,161,"15","No","1",2022-06-06 14:52:19,2022-06-06 14:52:19
4357,3330,161,"15","No","1",2022-06-06 14:52:23,2022-06-06 14:52:23
4358,3330,161,"15","No","1",2022-06-06 14:52:27,2022-06-06 14:52:27
4359,3330,161,"15","No","1",2022-06-06 14:52:31,2022-06-06 14:52:31
4360,3330,161,"15","No","1",2022-06-06 14:52:35,2022-06-06 14:52:35
4361,3330,161,"15","No","1",2022-06-06 14:52:39,2022-06-06 14:52:39
4362,3330,161,"15","No","1",2022-06-06 14:52:43,2022-06-06 14:52:43
4363,3330,161,"15","No","1",2022-06-06 14:52:47,2022-06-06 14:52:47
4364,3330,161,"15","No","1",2022-06-06 14:52:51,2022-06-06 14:52:51
4365,3330,161,"15","No","1",2022-06-06 14:52:55,2022-06-06 14:52:55
4366,3330,161,"15","No","1",2022-06-06 14:52:59,2022-06-06 14:52:59
4367,3330,161,"15","No","1",2022-06-06 14:53:03,2022-06-06 14:53:03
4368,3330,161,"15","No","1",2022-06-06 14:53:07,2022-06-06 14:53:07
4369,3324,162,"10","No","2",2022-06-06 14:53:08,2022-06-06 14:53:08
4370,3330,161,"15","No","1",2022-06-06 14:53:11,2022-06-06 14:53:11
4371,3330,161,"15","No","1",2022-06-06 14:53:15,2022-06-06 14:53:15
4372,3330,161,"15","No","1",2022-06-06 14:53:19,2022-06-06 14:53:19
4373,3330,161,"15","No","1",2022-06-06 14:53:23,2022-06-06 14:53:23
4374,3330,161,"15","No","1",2022-06-06 14:53:27,2022-06-06 14:53:27
4375,3324,162,"10","No","2",2022-06-06 14:53:30,2022-06-06 14:53:30
4376,3330,161,"15","No","1",2022-06-06 14:53:31,2022-06-06 14:53:31
4377,3330,161,"15","No","1",2022-06-06 14:53:35,2022-06-06 14:53:35
4378,3330,161,"15","No","1",2022-06-06 14:53:39,2022-06-06 14:53:39
4379,3330,161,"15","No","1",2022-06-06 14:53:43,2022-06-06 14:53:43
4380,3330,161,"15","No","1",2022-06-06 14:53:47,2022-06-06 14:53:47
4381,3330,161,"15","No","1",2022-06-06 14:53:51,2022-06-06 14:53:51
4382,3330,161,"15","No","1",2022-06-06 14:53:55,2022-06-06 14:53:55
4383,3330,161,"15","No","1",2022-06-06 14:53:59,2022-06-06 14:53:59
4384,3330,161,"15","No","1",2022-06-06 14:54:03,2022-06-06 14:54:03
4385,3330,161,"15","No","1",2022-06-06 14:54:07,2022-06-06 14:54:07
4386,3330,161,"15","No","1",2022-06-06 14:54:11,2022-06-06 14:54:11
4387,3330,161,"15","No","1",2022-06-06 14:54:15,2022-06-06 14:54:15
4388,3330,161,"15","No","1",2022-06-06 14:54:19,2022-06-06 14:54:19
4389,3330,161,"15","No","1",2022-06-06 14:54:23,2022-06-06 14:54:23
4390,3330,161,"15","No","1",2022-06-06 14:54:27,2022-06-06 14:54:27
4391,3330,161,"15","No","1",2022-06-06 14:54:31,2022-06-06 14:54:31
4392,3330,161,"15","No","1",2022-06-06 14:54:35,2022-06-06 14:54:35
4393,3330,161,"15","No","1",2022-06-06 14:54:39,2022-06-06 14:54:39
4394,3330,161,"15","No","1",2022-06-06 14:54:43,2022-06-06 14:54:43
4395,3330,161,"15","No","1",2022-06-06 14:54:47,2022-06-06 14:54:47
4396,3330,161,"15","No","1",2022-06-06 14:54:51,2022-06-06 14:54:51
4397,3330,161,"15","No","1",2022-06-06 14:54:55,2022-06-06 14:54:55
4398,3330,161,"15","No","1",2022-06-06 14:54:59,2022-06-06 14:54:59
4399,3330,161,"15","No","1",2022-06-06 14:55:03,2022-06-06 14:55:03
4400,3330,161,"15","No","1",2022-06-06 14:55:07,2022-06-06 14:55:07
4401,3330,161,"15","No","1",2022-06-06 14:55:11,2022-06-06 14:55:11
4402,3330,161,"15","No","1",2022-06-06 14:55:15,2022-06-06 14:55:15
4403,3330,161,"15","No","1",2022-06-06 14:55:19,2022-06-06 14:55:19
4404,3330,161,"15","No","1",2022-06-06 14:55:23,2022-06-06 14:55:23
4405,3330,161,"15","No","1",2022-06-06 14:55:27,2022-06-06 14:55:27
4406,3330,161,"15","No","1",2022-06-06 14:55:31,2022-06-06 14:55:31
4407,3330,161,"15","No","1",2022-06-06 14:55:35,2022-06-06 14:55:35
4408,3330,161,"15","No","1",2022-06-06 14:55:39,2022-06-06 14:55:39
4409,3330,161,"15","No","1",2022-06-06 14:55:43,2022-06-06 14:55:43
4410,3330,161,"15","No","1",2022-06-06 14:55:47,2022-06-06 14:55:47
4411,3330,161,"15","No","1",2022-06-06 14:55:51,2022-06-06 14:55:51
4412,3330,161,"15","No","1",2022-06-06 14:55:55,2022-06-06 14:55:55
4413,3330,161,"15","No","1",2022-06-06 14:55:59,2022-06-06 14:55:59
4414,3330,161,"15","No","1",2022-06-06 14:56:03,2022-06-06 14:56:03
4415,3330,161,"15","No","1",2022-06-06 14:56:07,2022-06-06 14:56:07
4416,3330,161,"15","No","1",2022-06-06 14:56:11,2022-06-06 14:56:11
4417,3330,161,"15","No","1",2022-06-06 14:56:15,2022-06-06 14:56:15
4418,3330,161,"15","No","1",2022-06-06 14:56:19,2022-06-06 14:56:19
4419,3330,161,"15","No","1",2022-06-06 14:56:23,2022-06-06 14:56:23
4420,3330,161,"15","No","1",2022-06-06 14:56:27,2022-06-06 14:56:27
4421,3330,161,"15","No","1",2022-06-06 14:56:31,2022-06-06 14:56:31
4422,3330,161,"15","No","1",2022-06-06 14:56:35,2022-06-06 14:56:35
4423,3330,161,"15","No","1",2022-06-06 14:56:39,2022-06-06 14:56:39
4424,3330,161,"15","No","1",2022-06-06 14:56:43,2022-06-06 14:56:43
4425,3330,161,"15","No","1",2022-06-06 14:56:47,2022-06-06 14:56:47
4426,3330,161,"15","No","1",2022-06-06 14:56:51,2022-06-06 14:56:51
4427,3330,161,"15","No","1",2022-06-06 14:56:55,2022-06-06 14:56:55
4428,3330,161,"15","No","1",2022-06-06 14:56:59,2022-06-06 14:56:59
4429,3330,161,"15","No","1",2022-06-06 14:57:03,2022-06-06 14:57:03
4430,3330,161,"15","No","1",2022-06-06 14:57:07,2022-06-06 14:57:07
4431,3330,161,"15","No","1",2022-06-06 14:57:11,2022-06-06 14:57:11
4432,3330,161,"15","No","1",2022-06-06 14:57:15,2022-06-06 14:57:15
4433,3330,161,"15","No","1",2022-06-06 14:57:19,2022-06-06 14:57:19
4434,3330,161,"15","No","1",2022-06-06 14:57:23,2022-06-06 14:57:23
4435,3330,161,"15","No","1",2022-06-06 14:57:27,2022-06-06 14:57:27
4436,3330,161,"15","No","1",2022-06-06 14:57:31,2022-06-06 14:57:31
4437,3330,161,"15","No","1",2022-06-06 14:57:35,2022-06-06 14:57:35
4438,3330,161,"15","No","1",2022-06-06 14:57:39,2022-06-06 14:57:39
4439,3330,161,"15","No","1",2022-06-06 14:57:43,2022-06-06 14:57:43
4440,3330,161,"15","No","1",2022-06-06 14:57:47,2022-06-06 14:57:47
4441,3330,161,"15","No","1",2022-06-06 14:57:51,2022-06-06 14:57:51
4442,3330,161,"15","No","1",2022-06-06 14:57:55,2022-06-06 14:57:55
4443,3330,161,"15","No","1",2022-06-06 14:57:59,2022-06-06 14:57:59
4444,3330,161,"15","No","1",2022-06-06 14:58:03,2022-06-06 14:58:03
4445,3330,161,"15","No","1",2022-06-06 14:58:07,2022-06-06 14:58:07
4446,3330,161,"15","No","1",2022-06-06 14:58:11,2022-06-06 14:58:11
4447,3330,161,"15","No","1",2022-06-06 14:58:15,2022-06-06 14:58:15
4448,3330,161,"15","No","1",2022-06-06 14:58:19,2022-06-06 14:58:19
4449,3330,161,"15","No","1",2022-06-06 14:58:23,2022-06-06 14:58:23
4450,3330,161,"15","No","1",2022-06-06 14:58:27,2022-06-06 14:58:27
4451,3330,161,"15","No","1",2022-06-06 14:58:31,2022-06-06 14:58:31
4452,3330,161,"15","No","1",2022-06-06 14:58:35,2022-06-06 14:58:35
4453,3330,161,"15","No","1",2022-06-06 14:58:39,2022-06-06 14:58:39
4454,3330,161,"15","No","1",2022-06-06 14:58:43,2022-06-06 14:58:43
4455,3330,161,"15","No","1",2022-06-06 14:58:47,2022-06-06 14:58:47
4456,3330,161,"15","No","1",2022-06-06 14:58:51,2022-06-06 14:58:51
4457,3330,161,"15","No","1",2022-06-06 14:58:55,2022-06-06 14:58:55
4458,3330,161,"15","No","1",2022-06-06 14:58:59,2022-06-06 14:58:59
4459,3330,161,"15","No","1",2022-06-06 14:59:03,2022-06-06 14:59:03
4460,3330,161,"15","No","1",2022-06-06 14:59:07,2022-06-06 14:59:07
4461,3330,161,"15","No","1",2022-06-06 14:59:11,2022-06-06 14:59:11
4462,3330,161,"15","No","1",2022-06-06 14:59:15,2022-06-06 14:59:15
4463,3330,161,"15","No","1",2022-06-06 14:59:19,2022-06-06 14:59:19
4464,3330,161,"15","No","1",2022-06-06 14:59:23,2022-06-06 14:59:23
4465,3330,161,"15","No","1",2022-06-06 14:59:27,2022-06-06 14:59:27
4466,3330,161,"15","No","1",2022-06-06 14:59:31,2022-06-06 14:59:31
4467,3330,161,"15","No","1",2022-06-06 14:59:35,2022-06-06 14:59:35
4468,3330,161,"15","No","1",2022-06-06 14:59:39,2022-06-06 14:59:39
4469,3330,161,"15","No","1",2022-06-06 14:59:43,2022-06-06 14:59:43
4470,3330,161,"15","No","1",2022-06-06 14:59:47,2022-06-06 14:59:47
4471,3330,161,"15","No","1",2022-06-06 14:59:51,2022-06-06 14:59:51
4472,3330,161,"15","No","1",2022-06-06 14:59:55,2022-06-06 14:59:55
4473,3330,161,"15","No","1",2022-06-06 14:59:59,2022-06-06 14:59:59
4474,3330,161,"15","No","1",2022-06-06 15:00:03,2022-06-06 15:00:03
4475,3330,161,"15","No","1",2022-06-06 15:00:07,2022-06-06 15:00:07
4476,3330,161,"15","No","1",2022-06-06 15:00:11,2022-06-06 15:00:11
4477,3330,161,"15","No","1",2022-06-06 15:00:15,2022-06-06 15:00:15
4478,3330,161,"15","No","1",2022-06-06 15:00:19,2022-06-06 15:00:19
4479,3330,161,"15","No","1",2022-06-06 15:00:23,2022-06-06 15:00:23
4480,3330,161,"15","No","1",2022-06-06 15:00:27,2022-06-06 15:00:27
4481,3330,161,"15","No","1",2022-06-06 15:00:31,2022-06-06 15:00:31
4482,3330,161,"15","No","1",2022-06-06 15:00:35,2022-06-06 15:00:35
4483,3330,161,"15","No","1",2022-06-06 15:00:39,2022-06-06 15:00:39
4484,3330,161,"15","No","1",2022-06-06 15:00:43,2022-06-06 15:00:43
4485,3330,161,"15","No","1",2022-06-06 15:00:47,2022-06-06 15:00:47
4486,3330,161,"15","No","1",2022-06-06 15:00:51,2022-06-06 15:00:51
4487,3330,161,"15","No","1",2022-06-06 15:00:55,2022-06-06 15:00:55
4488,3330,161,"15","No","1",2022-06-06 15:00:59,2022-06-06 15:00:59
4489,3330,161,"15","No","1",2022-06-06 15:01:03,2022-06-06 15:01:03
4490,3330,161,"15","No","1",2022-06-06 15:01:07,2022-06-06 15:01:07
4491,3330,161,"15","No","1",2022-06-06 15:01:11,2022-06-06 15:01:11
4492,3330,161,"15","No","1",2022-06-06 15:01:15,2022-06-06 15:01:15
4493,3330,161,"15","No","1",2022-06-06 15:01:19,2022-06-06 15:01:19
4494,3330,161,"15","No","1",2022-06-06 15:01:23,2022-06-06 15:01:23
4495,3330,161,"15","No","1",2022-06-06 15:01:27,2022-06-06 15:01:27
4496,3330,161,"15","No","1",2022-06-06 15:01:31,2022-06-06 15:01:31
4497,3330,161,"15","No","1",2022-06-06 15:01:35,2022-06-06 15:01:35
4498,3330,161,"15","No","1",2022-06-06 15:01:39,2022-06-06 15:01:39
4499,3330,161,"15","No","1",2022-06-06 15:01:43,2022-06-06 15:01:43
4500,3330,161,"15","No","1",2022-06-06 15:01:47,2022-06-06 15:01:47
4501,3330,161,"15","No","1",2022-06-06 15:01:51,2022-06-06 15:01:51
4502,3330,161,"15","No","1",2022-06-06 15:01:55,2022-06-06 15:01:55
4503,3330,161,"15","No","1",2022-06-06 15:01:59,2022-06-06 15:01:59
4504,3330,161,"15","No","1",2022-06-06 15:02:03,2022-06-06 15:02:03
4505,3330,161,"15","No","1",2022-06-06 15:02:07,2022-06-06 15:02:07
4506,3330,161,"15","No","1",2022-06-06 15:02:11,2022-06-06 15:02:11
4507,3330,161,"15","No","1",2022-06-06 15:02:15,2022-06-06 15:02:15
4508,3330,161,"15","No","1",2022-06-06 15:02:19,2022-06-06 15:02:19
4509,3330,161,"15","No","1",2022-06-06 15:02:23,2022-06-06 15:02:23
4510,3330,161,"15","No","1",2022-06-06 15:02:27,2022-06-06 15:02:27
4511,3330,161,"15","No","1",2022-06-06 15:02:31,2022-06-06 15:02:31
4512,3330,161,"15","No","1",2022-06-06 15:02:35,2022-06-06 15:02:35
4513,3330,161,"15","No","1",2022-06-06 15:02:39,2022-06-06 15:02:39
4514,3330,161,"15","No","1",2022-06-06 15:02:43,2022-06-06 15:02:43
4515,3330,161,"15","No","1",2022-06-06 15:02:47,2022-06-06 15:02:47
4516,3330,161,"15","No","1",2022-06-06 15:02:51,2022-06-06 15:02:51
4517,3330,161,"15","No","1",2022-06-06 15:02:55,2022-06-06 15:02:55
4518,3330,161,"15","No","1",2022-06-06 15:02:59,2022-06-06 15:02:59
4519,3330,161,"15","No","1",2022-06-06 15:03:03,2022-06-06 15:03:03
4520,3330,161,"15","No","1",2022-06-06 15:03:07,2022-06-06 15:03:07
4521,3330,161,"15","No","1",2022-06-06 15:03:11,2022-06-06 15:03:11
4522,3330,161,"15","No","1",2022-06-06 15:03:15,2022-06-06 15:03:15
4523,3330,161,"15","No","1",2022-06-06 15:03:19,2022-06-06 15:03:19
4524,3330,161,"15","No","1",2022-06-06 15:03:23,2022-06-06 15:03:23
4525,3330,161,"15","No","1",2022-06-06 15:03:27,2022-06-06 15:03:27
4526,3330,161,"15","No","1",2022-06-06 15:03:31,2022-06-06 15:03:31
4527,3330,161,"15","No","1",2022-06-06 15:03:35,2022-06-06 15:03:35
4528,3330,161,"15","No","1",2022-06-06 15:03:39,2022-06-06 15:03:39
4529,3330,161,"15","No","1",2022-06-06 15:03:43,2022-06-06 15:03:43
4530,3330,161,"15","No","1",2022-06-06 15:03:47,2022-06-06 15:03:47
4531,3330,161,"15","No","1",2022-06-06 15:03:51,2022-06-06 15:03:51
4532,3330,161,"15","No","1",2022-06-06 15:03:55,2022-06-06 15:03:55
4533,3330,161,"15","No","1",2022-06-06 15:03:59,2022-06-06 15:03:59
4534,3330,161,"15","No","1",2022-06-06 15:04:03,2022-06-06 15:04:03
4535,3330,161,"15","No","1",2022-06-06 15:04:07,2022-06-06 15:04:07
4536,3330,161,"15","No","1",2022-06-06 15:04:11,2022-06-06 15:04:11
4537,3330,161,"15","No","1",2022-06-06 15:04:15,2022-06-06 15:04:15
4538,3330,161,"15","No","1",2022-06-06 15:04:19,2022-06-06 15:04:19
4539,3330,161,"15","No","1",2022-06-06 15:04:23,2022-06-06 15:04:23
4540,3330,161,"15","No","1",2022-06-06 15:04:27,2022-06-06 15:04:27
4541,3330,161,"15","No","1",2022-06-06 15:04:31,2022-06-06 15:04:31
4542,3330,161,"15","No","1",2022-06-06 15:04:35,2022-06-06 15:04:35
4543,3330,161,"15","No","1",2022-06-06 15:04:39,2022-06-06 15:04:39
4544,3330,161,"15","No","1",2022-06-06 15:04:43,2022-06-06 15:04:43
4545,3330,161,"15","No","1",2022-06-06 15:04:47,2022-06-06 15:04:47
4546,3330,161,"15","No","1",2022-06-06 15:04:51,2022-06-06 15:04:51
4547,3330,161,"15","No","1",2022-06-06 15:04:55,2022-06-06 15:04:55
4548,3330,161,"15","No","1",2022-06-06 15:04:59,2022-06-06 15:04:59
4549,3330,161,"15","No","1",2022-06-06 15:05:03,2022-06-06 15:05:03
4550,3330,161,"15","No","1",2022-06-06 15:05:07,2022-06-06 15:05:07
4551,3330,161,"15","No","1",2022-06-06 15:05:11,2022-06-06 15:05:11
4552,3330,161,"15","No","1",2022-06-06 15:05:15,2022-06-06 15:05:15
4553,3330,161,"15","No","1",2022-06-06 15:05:19,2022-06-06 15:05:19
4554,3330,161,"15","No","1",2022-06-06 15:05:23,2022-06-06 15:05:23
4555,3330,161,"15","No","1",2022-06-06 15:05:27,2022-06-06 15:05:27
4556,3330,161,"15","No","1",2022-06-06 15:05:31,2022-06-06 15:05:31
4557,3330,161,"15","No","1",2022-06-06 15:05:35,2022-06-06 15:05:35
4558,3330,161,"15","No","1",2022-06-06 15:05:39,2022-06-06 15:05:39
4559,3330,161,"15","No","1",2022-06-06 15:05:43,2022-06-06 15:05:43
4560,3330,161,"15","No","1",2022-06-06 15:05:47,2022-06-06 15:05:47
4561,3330,161,"15","No","1",2022-06-06 15:05:51,2022-06-06 15:05:51
4562,3330,161,"15","No","1",2022-06-06 15:05:55,2022-06-06 15:05:55
4563,3330,161,"15","No","1",2022-06-06 15:05:59,2022-06-06 15:05:59
4564,3330,161,"15","No","1",2022-06-06 15:06:03,2022-06-06 15:06:03
4565,3330,161,"15","No","1",2022-06-06 15:06:07,2022-06-06 15:06:07
4566,3330,161,"15","No","1",2022-06-06 15:06:11,2022-06-06 15:06:11
4567,3330,161,"15","No","1",2022-06-06 15:06:15,2022-06-06 15:06:15
4568,3330,161,"15","No","1",2022-06-06 15:06:19,2022-06-06 15:06:19
4569,3330,161,"15","No","1",2022-06-06 15:06:23,2022-06-06 15:06:23
4570,3330,161,"15","No","1",2022-06-06 15:06:27,2022-06-06 15:06:27
4571,3330,161,"15","No","1",2022-06-06 15:06:31,2022-06-06 15:06:31
4572,3330,161,"15","No","1",2022-06-06 15:06:35,2022-06-06 15:06:35
4573,3330,161,"15","No","1",2022-06-06 15:06:39,2022-06-06 15:06:39
4574,3330,161,"15","No","1",2022-06-06 15:06:43,2022-06-06 15:06:43
4575,3330,161,"15","No","1",2022-06-06 15:06:47,2022-06-06 15:06:47
4576,3330,161,"15","No","1",2022-06-06 15:06:51,2022-06-06 15:06:51
4577,3330,161,"15","No","1",2022-06-06 15:06:55,2022-06-06 15:06:55
4578,3330,161,"15","No","1",2022-06-06 15:06:59,2022-06-06 15:06:59
4579,3330,161,"15","No","1",2022-06-06 15:07:03,2022-06-06 15:07:03
4580,3330,161,"15","No","1",2022-06-06 15:07:07,2022-06-06 15:07:07
4581,3330,161,"15","No","1",2022-06-06 15:07:11,2022-06-06 15:07:11
4582,3330,161,"15","No","1",2022-06-06 15:07:15,2022-06-06 15:07:15
4583,3330,161,"15","No","1",2022-06-06 15:07:19,2022-06-06 15:07:19
4584,3330,161,"15","No","1",2022-06-06 15:07:23,2022-06-06 15:07:23
4585,3330,161,"15","No","1",2022-06-06 15:07:27,2022-06-06 15:07:27
4586,3330,161,"15","No","1",2022-06-06 15:07:31,2022-06-06 15:07:31
4587,3330,161,"15","No","1",2022-06-06 15:07:35,2022-06-06 15:07:35
4588,3330,161,"15","No","1",2022-06-06 15:07:39,2022-06-06 15:07:39
4589,3330,161,"15","No","1",2022-06-06 15:07:43,2022-06-06 15:07:43
4590,3330,161,"15","No","1",2022-06-06 15:07:47,2022-06-06 15:07:47
4591,3330,161,"15","No","1",2022-06-06 15:07:51,2022-06-06 15:07:51
4592,3330,161,"15","No","1",2022-06-06 15:07:55,2022-06-06 15:07:55
4593,3330,161,"15","No","1",2022-06-06 15:07:59,2022-06-06 15:07:59
4594,3330,161,"15","No","1",2022-06-06 15:08:03,2022-06-06 15:08:03
4595,3330,161,"15","No","1",2022-06-06 15:08:07,2022-06-06 15:08:07
4596,3330,161,"15","No","1",2022-06-06 15:08:11,2022-06-06 15:08:11
4597,3330,161,"15","No","1",2022-06-06 15:08:15,2022-06-06 15:08:15
4598,3330,161,"15","No","1",2022-06-06 15:08:19,2022-06-06 15:08:19
4599,3330,161,"15","No","1",2022-06-06 15:08:23,2022-06-06 15:08:23
4600,3330,161,"15","No","1",2022-06-06 15:08:27,2022-06-06 15:08:27
4601,3330,161,"15","No","1",2022-06-06 15:08:31,2022-06-06 15:08:31
4602,3330,161,"15","No","1",2022-06-06 15:08:35,2022-06-06 15:08:35
4603,3330,161,"15","No","1",2022-06-06 15:08:39,2022-06-06 15:08:39
4604,3330,161,"15","No","1",2022-06-06 15:08:43,2022-06-06 15:08:43
4605,3330,161,"15","No","1",2022-06-06 15:08:47,2022-06-06 15:08:47
4606,3330,161,"15","No","1",2022-06-06 15:08:51,2022-06-06 15:08:51
4607,3330,161,"15","No","1",2022-06-06 15:08:55,2022-06-06 15:08:55
4608,3330,161,"15","No","1",2022-06-06 15:08:59,2022-06-06 15:08:59
4609,3330,161,"15","No","1",2022-06-06 15:09:03,2022-06-06 15:09:03
4610,3330,161,"15","No","1",2022-06-06 15:09:07,2022-06-06 15:09:07
4611,3330,161,"15","No","1",2022-06-06 15:09:11,2022-06-06 15:09:11
4612,3330,161,"15","No","1",2022-06-06 15:09:15,2022-06-06 15:09:15
4613,3330,161,"15","No","1",2022-06-06 15:09:19,2022-06-06 15:09:19
4614,3330,161,"15","No","1",2022-06-06 15:09:23,2022-06-06 15:09:23
4615,3330,161,"15","No","1",2022-06-06 15:09:27,2022-06-06 15:09:27
4616,3330,161,"15","No","1",2022-06-06 15:09:31,2022-06-06 15:09:31
4617,3330,161,"15","No","1",2022-06-06 15:09:35,2022-06-06 15:09:35
4618,3330,161,"15","No","1",2022-06-06 15:09:39,2022-06-06 15:09:39
4619,3330,161,"15","No","1",2022-06-06 15:09:43,2022-06-06 15:09:43
4620,3330,161,"15","No","1",2022-06-06 15:09:47,2022-06-06 15:09:47
4621,3330,161,"15","No","1",2022-06-06 15:09:51,2022-06-06 15:09:51
4622,3330,161,"15","No","1",2022-06-06 15:09:55,2022-06-06 15:09:55
4623,3330,161,"15","No","1",2022-06-06 15:09:59,2022-06-06 15:09:59
4624,3330,161,"15","No","1",2022-06-06 15:10:03,2022-06-06 15:10:03
4625,3330,161,"15","No","1",2022-06-06 15:10:07,2022-06-06 15:10:07
4626,3330,161,"15","No","1",2022-06-06 15:10:11,2022-06-06 15:10:11
4627,3330,161,"15","No","1",2022-06-06 15:10:15,2022-06-06 15:10:15
4628,3330,161,"15","No","1",2022-06-06 15:10:19,2022-06-06 15:10:19
4629,3330,161,"15","No","1",2022-06-06 15:10:23,2022-06-06 15:10:23
4630,3330,161,"15","No","1",2022-06-06 15:10:27,2022-06-06 15:10:27
4631,3330,161,"15","No","1",2022-06-06 15:10:31,2022-06-06 15:10:31
4632,3330,161,"15","No","1",2022-06-06 15:10:35,2022-06-06 15:10:35
4633,3330,161,"15","No","1",2022-06-06 15:10:39,2022-06-06 15:10:39
4634,3330,161,"15","No","1",2022-06-06 15:10:43,2022-06-06 15:10:43
4635,3330,161,"15","No","1",2022-06-06 15:10:47,2022-06-06 15:10:47
4636,3330,161,"15","No","1",2022-06-06 15:10:51,2022-06-06 15:10:51
4637,3330,161,"15","No","1",2022-06-06 15:10:55,2022-06-06 15:10:55
4638,3330,161,"15","No","1",2022-06-06 15:10:59,2022-06-06 15:10:59
4639,3330,161,"15","No","1",2022-06-06 15:11:03,2022-06-06 15:11:03
4640,3330,161,"15","No","1",2022-06-06 15:11:07,2022-06-06 15:11:07
4641,3330,161,"15","No","1",2022-06-06 15:11:11,2022-06-06 15:11:11
4642,3330,161,"15","No","1",2022-06-06 15:11:15,2022-06-06 15:11:15
4643,3330,161,"15","No","1",2022-06-06 15:11:19,2022-06-06 15:11:19
4644,3330,161,"15","No","1",2022-06-06 15:11:23,2022-06-06 15:11:23
4645,3330,161,"15","No","1",2022-06-06 15:11:27,2022-06-06 15:11:27
4646,3330,161,"15","No","1",2022-06-06 15:11:31,2022-06-06 15:11:31
4647,3330,161,"15","No","1",2022-06-06 15:11:35,2022-06-06 15:11:35
4648,3330,161,"15","No","1",2022-06-06 15:11:39,2022-06-06 15:11:39
4649,3330,161,"15","No","1",2022-06-06 15:11:43,2022-06-06 15:11:43
4650,3330,161,"15","No","1",2022-06-06 15:11:47,2022-06-06 15:11:47
4651,3330,161,"15","No","1",2022-06-06 15:11:51,2022-06-06 15:11:51
4652,3330,161,"15","No","1",2022-06-06 15:11:55,2022-06-06 15:11:55
4653,3330,161,"15","No","1",2022-06-06 15:11:59,2022-06-06 15:11:59
4654,3330,161,"15","No","1",2022-06-06 15:12:03,2022-06-06 15:12:03
4655,3330,161,"15","No","1",2022-06-06 15:12:07,2022-06-06 15:12:07
4656,3330,161,"15","No","1",2022-06-06 15:12:11,2022-06-06 15:12:11
4657,3330,161,"15","No","1",2022-06-06 15:12:15,2022-06-06 15:12:15
4658,3330,161,"15","No","1",2022-06-06 15:12:19,2022-06-06 15:12:19
4659,3330,161,"15","No","1",2022-06-06 15:12:23,2022-06-06 15:12:23
4660,3330,161,"15","No","1",2022-06-06 15:12:27,2022-06-06 15:12:27
4661,3330,161,"15","No","1",2022-06-06 15:12:31,2022-06-06 15:12:31
4662,3330,161,"15","No","1",2022-06-06 15:12:35,2022-06-06 15:12:35
4663,3330,161,"15","No","1",2022-06-06 15:12:39,2022-06-06 15:12:39
4664,3330,161,"15","No","1",2022-06-06 15:12:43,2022-06-06 15:12:43
4665,3330,161,"15","No","1",2022-06-06 15:12:47,2022-06-06 15:12:47
4666,3330,161,"15","No","1",2022-06-06 15:12:51,2022-06-06 15:12:51
4667,3330,161,"15","No","1",2022-06-06 15:12:55,2022-06-06 15:12:55
4668,3330,161,"15","No","1",2022-06-06 15:12:59,2022-06-06 15:12:59
4669,3330,161,"15","No","1",2022-06-06 15:13:03,2022-06-06 15:13:03
4670,3330,161,"15","No","1",2022-06-06 15:13:07,2022-06-06 15:13:07
4671,3330,161,"15","No","1",2022-06-06 15:13:11,2022-06-06 15:13:11
4672,3330,161,"15","No","1",2022-06-06 15:13:15,2022-06-06 15:13:15
4673,3330,161,"15","No","1",2022-06-06 15:13:19,2022-06-06 15:13:19
4674,3330,161,"15","No","1",2022-06-06 15:13:23,2022-06-06 15:13:23
4675,3330,161,"15","No","1",2022-06-06 15:13:27,2022-06-06 15:13:27
4676,3330,161,"15","No","1",2022-06-06 15:13:31,2022-06-06 15:13:31
4677,3330,161,"15","No","1",2022-06-06 15:13:35,2022-06-06 15:13:35
4678,3330,161,"15","No","1",2022-06-06 15:13:39,2022-06-06 15:13:39
4679,3330,161,"15","No","1",2022-06-06 15:13:43,2022-06-06 15:13:43
4680,3330,161,"15","No","1",2022-06-06 15:13:47,2022-06-06 15:13:47
4681,3330,161,"15","No","1",2022-06-06 15:13:51,2022-06-06 15:13:51
4682,3330,161,"15","No","1",2022-06-06 15:13:55,2022-06-06 15:13:55
4683,3330,161,"15","No","1",2022-06-06 15:13:59,2022-06-06 15:13:59
4684,3330,161,"15","No","1",2022-06-06 15:14:03,2022-06-06 15:14:03
4685,3330,161,"15","No","1",2022-06-06 15:14:07,2022-06-06 15:14:07
4686,3330,161,"15","No","1",2022-06-06 15:14:11,2022-06-06 15:14:11
4687,3330,161,"15","No","1",2022-06-06 15:14:15,2022-06-06 15:14:15
4688,3330,161,"15","No","1",2022-06-06 15:14:19,2022-06-06 15:14:19
4689,3330,161,"15","No","1",2022-06-06 15:14:23,2022-06-06 15:14:23
4690,3330,161,"15","No","1",2022-06-06 15:14:27,2022-06-06 15:14:27
4691,3330,161,"15","No","1",2022-06-06 15:14:31,2022-06-06 15:14:31
4692,3330,161,"15","No","1",2022-06-06 15:14:35,2022-06-06 15:14:35
4693,3330,161,"15","No","1",2022-06-06 15:14:39,2022-06-06 15:14:39
4694,3330,161,"15","No","1",2022-06-06 15:14:43,2022-06-06 15:14:43
4695,3330,161,"15","No","1",2022-06-06 15:14:47,2022-06-06 15:14:47
4696,3330,161,"15","No","1",2022-06-06 15:14:51,2022-06-06 15:14:51
4697,3330,161,"15","No","1",2022-06-06 15:14:55,2022-06-06 15:14:55
4698,3330,161,"15","No","1",2022-06-06 15:14:59,2022-06-06 15:14:59
4699,3330,161,"15","No","1",2022-06-06 15:15:03,2022-06-06 15:15:03
4700,3330,161,"15","No","1",2022-06-06 15:15:07,2022-06-06 15:15:07
4701,3330,161,"15","No","1",2022-06-06 15:15:11,2022-06-06 15:15:11
4702,3330,161,"15","No","1",2022-06-06 15:15:15,2022-06-06 15:15:15
4703,3330,161,"15","No","1",2022-06-06 15:15:19,2022-06-06 15:15:19
4704,3330,161,"15","No","1",2022-06-06 15:15:23,2022-06-06 15:15:23
4705,3330,161,"15","No","1",2022-06-06 15:15:27,2022-06-06 15:15:27
4706,3330,161,"15","No","1",2022-06-06 15:15:31,2022-06-06 15:15:31
4707,3330,161,"15","No","1",2022-06-06 15:15:35,2022-06-06 15:15:35
4708,3330,161,"15","No","1",2022-06-06 15:15:39,2022-06-06 15:15:39
4709,3330,161,"15","No","1",2022-06-06 15:15:43,2022-06-06 15:15:43
4710,3330,161,"15","No","1",2022-06-06 15:15:47,2022-06-06 15:15:47
4711,3330,161,"15","No","1",2022-06-06 15:15:51,2022-06-06 15:15:51
4712,3330,161,"15","No","1",2022-06-06 15:15:55,2022-06-06 15:15:55
4713,3330,161,"15","No","1",2022-06-06 15:15:59,2022-06-06 15:15:59
4714,3330,161,"15","No","1",2022-06-06 15:16:03,2022-06-06 15:16:03
4715,3330,161,"15","No","1",2022-06-06 15:16:07,2022-06-06 15:16:07
4716,3330,161,"15","No","1",2022-06-06 15:16:11,2022-06-06 15:16:11
4717,3330,161,"15","No","1",2022-06-06 15:16:15,2022-06-06 15:16:15
4718,3330,161,"15","No","1",2022-06-06 15:16:19,2022-06-06 15:16:19
4719,3330,161,"15","No","1",2022-06-06 15:16:23,2022-06-06 15:16:23
4720,3330,161,"15","No","1",2022-06-06 15:16:27,2022-06-06 15:16:27
4721,3330,161,"15","No","1",2022-06-06 15:16:31,2022-06-06 15:16:31
4722,3330,161,"15","No","1",2022-06-06 15:16:35,2022-06-06 15:16:35
4723,3330,161,"15","No","1",2022-06-06 15:16:39,2022-06-06 15:16:39
4724,3330,161,"15","No","1",2022-06-06 15:16:43,2022-06-06 15:16:43
4725,3330,161,"15","No","1",2022-06-06 15:16:47,2022-06-06 15:16:47
4726,3330,161,"15","No","1",2022-06-06 15:16:51,2022-06-06 15:16:51
4727,3330,161,"15","No","1",2022-06-06 15:16:55,2022-06-06 15:16:55
4728,3330,161,"15","No","1",2022-06-06 15:16:59,2022-06-06 15:16:59
4729,3330,161,"15","No","1",2022-06-06 15:17:03,2022-06-06 15:17:03
4730,3330,161,"15","No","1",2022-06-06 15:17:07,2022-06-06 15:17:07
4731,3330,161,"15","No","1",2022-06-06 15:17:11,2022-06-06 15:17:11
4732,3330,161,"15","No","1",2022-06-06 15:17:15,2022-06-06 15:17:15
4733,3330,161,"15","No","1",2022-06-06 15:17:19,2022-06-06 15:17:19
4734,3330,161,"15","No","1",2022-06-06 15:17:23,2022-06-06 15:17:23
4735,3330,161,"15","No","1",2022-06-06 15:17:27,2022-06-06 15:17:27
4736,3330,161,"15","No","1",2022-06-06 15:17:31,2022-06-06 15:17:31
4737,3330,161,"15","No","1",2022-06-06 15:17:35,2022-06-06 15:17:35
4738,3330,161,"15","No","1",2022-06-06 15:17:39,2022-06-06 15:17:39
4739,3330,161,"15","No","1",2022-06-06 15:17:43,2022-06-06 15:17:43
4740,3330,161,"15","No","1",2022-06-06 15:17:47,2022-06-06 15:17:47
4741,3330,161,"15","No","1",2022-06-06 15:17:51,2022-06-06 15:17:51
4742,3330,161,"15","No","1",2022-06-06 15:17:55,2022-06-06 15:17:55
4743,3330,161,"15","No","1",2022-06-06 15:17:59,2022-06-06 15:17:59
4744,3330,161,"15","No","1",2022-06-06 15:18:03,2022-06-06 15:18:03
4745,3330,161,"15","No","1",2022-06-06 15:18:07,2022-06-06 15:18:07
4746,3330,161,"15","No","1",2022-06-06 15:18:11,2022-06-06 15:18:11
4747,3330,161,"15","No","1",2022-06-06 15:18:15,2022-06-06 15:18:15
4748,3330,161,"15","No","1",2022-06-06 15:18:19,2022-06-06 15:18:19
4749,3330,161,"15","No","1",2022-06-06 15:18:23,2022-06-06 15:18:23
4750,3330,161,"15","No","1",2022-06-06 15:18:27,2022-06-06 15:18:27
4751,3330,161,"15","No","1",2022-06-06 15:18:31,2022-06-06 15:18:31
4752,3330,161,"15","No","1",2022-06-06 15:18:35,2022-06-06 15:18:35
4753,3330,161,"15","No","1",2022-06-06 15:18:39,2022-06-06 15:18:39
4754,3330,161,"15","No","1",2022-06-06 15:18:43,2022-06-06 15:18:43
4755,3330,161,"15","No","1",2022-06-06 15:18:47,2022-06-06 15:18:47
4756,3330,161,"15","No","1",2022-06-06 15:18:51,2022-06-06 15:18:51
4757,3330,161,"15","No","1",2022-06-06 15:18:55,2022-06-06 15:18:55
4758,3330,161,"15","No","1",2022-06-06 15:18:59,2022-06-06 15:18:59
4759,3330,161,"15","No","1",2022-06-06 15:19:03,2022-06-06 15:19:03
4760,3330,161,"15","No","1",2022-06-06 15:19:07,2022-06-06 15:19:07
4761,3330,161,"15","No","1",2022-06-06 15:19:11,2022-06-06 15:19:11
4762,3330,161,"15","No","1",2022-06-06 15:19:15,2022-06-06 15:19:15
4763,3330,161,"15","No","1",2022-06-06 15:19:19,2022-06-06 15:19:19
4764,3330,161,"15","No","1",2022-06-06 15:19:23,2022-06-06 15:19:23
4765,3330,161,"15","No","1",2022-06-06 15:19:27,2022-06-06 15:19:27
4766,3330,161,"15","No","1",2022-06-06 15:19:31,2022-06-06 15:19:31
4767,3330,161,"15","No","1",2022-06-06 15:19:35,2022-06-06 15:19:35
4768,3330,161,"15","No","1",2022-06-06 15:19:39,2022-06-06 15:19:39
4769,3330,161,"15","No","1",2022-06-06 15:19:43,2022-06-06 15:19:43
4770,3330,161,"15","No","1",2022-06-06 15:19:47,2022-06-06 15:19:47
4771,3330,161,"15","No","1",2022-06-06 15:19:51,2022-06-06 15:19:51
4772,3330,161,"15","No","1",2022-06-06 15:19:55,2022-06-06 15:19:55
4773,3330,161,"15","No","1",2022-06-06 15:19:59,2022-06-06 15:19:59
4774,3330,161,"15","No","1",2022-06-06 15:20:03,2022-06-06 15:20:03
4775,3330,161,"15","No","1",2022-06-06 15:20:07,2022-06-06 15:20:07
4776,3330,161,"15","No","1",2022-06-06 15:20:11,2022-06-06 15:20:11
4777,3330,161,"15","No","1",2022-06-06 15:20:15,2022-06-06 15:20:15
4778,3330,161,"15","No","1",2022-06-06 15:20:19,2022-06-06 15:20:19
4779,3330,161,"15","No","1",2022-06-06 15:20:23,2022-06-06 15:20:23
4780,3330,161,"15","No","1",2022-06-06 15:20:27,2022-06-06 15:20:27
4781,3330,161,"15","No","1",2022-06-06 15:20:31,2022-06-06 15:20:31
4782,3330,161,"15","No","1",2022-06-06 15:20:35,2022-06-06 15:20:35
4783,3330,161,"15","No","1",2022-06-06 15:20:39,2022-06-06 15:20:39
4784,3330,161,"15","No","1",2022-06-06 15:20:43,2022-06-06 15:20:43
4785,3330,161,"15","No","1",2022-06-06 15:20:47,2022-06-06 15:20:47
4786,3330,161,"15","No","1",2022-06-06 15:20:51,2022-06-06 15:20:51
4787,3330,161,"15","No","1",2022-06-06 15:20:55,2022-06-06 15:20:55
4788,3330,161,"15","No","1",2022-06-06 15:20:59,2022-06-06 15:20:59
4789,3330,161,"15","No","1",2022-06-06 15:21:03,2022-06-06 15:21:03
4790,3330,161,"15","No","1",2022-06-06 15:21:07,2022-06-06 15:21:07
4791,3330,161,"15","No","1",2022-06-06 15:21:11,2022-06-06 15:21:11
4792,3330,161,"15","No","1",2022-06-06 15:21:15,2022-06-06 15:21:15
4793,3330,161,"15","No","1",2022-06-06 15:21:19,2022-06-06 15:21:19
4794,3330,161,"15","No","1",2022-06-06 15:21:23,2022-06-06 15:21:23
4795,3330,161,"15","No","1",2022-06-06 15:21:27,2022-06-06 15:21:27
4796,3330,161,"15","No","1",2022-06-06 15:21:31,2022-06-06 15:21:31
4797,3330,161,"15","No","1",2022-06-06 15:21:35,2022-06-06 15:21:35
4798,3330,161,"15","No","1",2022-06-06 15:21:39,2022-06-06 15:21:39
4799,3330,161,"15","No","1",2022-06-06 15:21:43,2022-06-06 15:21:43
4800,3330,161,"15","No","1",2022-06-06 15:21:47,2022-06-06 15:21:47
4801,3330,161,"15","No","1",2022-06-06 15:21:51,2022-06-06 15:21:51
4802,3330,161,"15","No","1",2022-06-06 15:21:55,2022-06-06 15:21:55
4803,3330,161,"15","No","1",2022-06-06 15:21:59,2022-06-06 15:21:59
4804,3330,161,"15","No","1",2022-06-06 15:22:03,2022-06-06 15:22:03
4805,3330,161,"15","No","1",2022-06-06 15:22:07,2022-06-06 15:22:07
4806,3330,161,"15","No","1",2022-06-06 15:22:11,2022-06-06 15:22:11
4807,3330,161,"15","No","1",2022-06-06 15:22:15,2022-06-06 15:22:15
4808,3330,161,"15","No","1",2022-06-06 15:22:19,2022-06-06 15:22:19
4809,3330,161,"15","No","1",2022-06-06 15:22:23,2022-06-06 15:22:23
4810,3330,161,"15","No","1",2022-06-06 15:22:27,2022-06-06 15:22:27
4811,3330,161,"15","No","1",2022-06-06 15:22:31,2022-06-06 15:22:31
4812,3330,161,"15","No","1",2022-06-06 15:22:35,2022-06-06 15:22:35
4813,3330,161,"15","No","1",2022-06-06 15:22:39,2022-06-06 15:22:39
4814,3330,161,"15","No","1",2022-06-06 15:22:43,2022-06-06 15:22:43
4815,3330,161,"15","No","1",2022-06-06 15:22:47,2022-06-06 15:22:47
4816,3330,161,"15","No","1",2022-06-06 15:22:51,2022-06-06 15:22:51
4817,3330,161,"15","No","1",2022-06-06 15:22:55,2022-06-06 15:22:55
4818,3330,161,"15","No","1",2022-06-06 15:22:59,2022-06-06 15:22:59
4819,3330,161,"15","No","1",2022-06-06 15:23:03,2022-06-06 15:23:03
4820,3330,161,"15","No","1",2022-06-06 15:23:07,2022-06-06 15:23:07
4821,3330,161,"15","No","1",2022-06-06 15:23:11,2022-06-06 15:23:11
4822,3330,161,"15","No","1",2022-06-06 15:23:15,2022-06-06 15:23:15
4823,3330,161,"15","No","1",2022-06-06 15:23:19,2022-06-06 15:23:19
4824,3330,161,"15","No","1",2022-06-06 15:23:23,2022-06-06 15:23:23
4825,3330,161,"15","No","1",2022-06-06 15:23:27,2022-06-06 15:23:27
4826,3330,161,"15","No","1",2022-06-06 15:23:31,2022-06-06 15:23:31
4827,3330,161,"15","No","1",2022-06-06 15:23:35,2022-06-06 15:23:35
4828,3330,161,"15","No","1",2022-06-06 15:23:39,2022-06-06 15:23:39
4829,3330,161,"15","No","1",2022-06-06 15:23:43,2022-06-06 15:23:43
4830,3330,161,"15","No","1",2022-06-06 15:23:47,2022-06-06 15:23:47
4831,3330,161,"15","No","1",2022-06-06 15:23:51,2022-06-06 15:23:51
4832,3330,161,"15","No","1",2022-06-06 15:23:55,2022-06-06 15:23:55
4833,3330,161,"15","No","1",2022-06-06 15:23:59,2022-06-06 15:23:59
4834,3330,161,"15","No","1",2022-06-06 15:24:03,2022-06-06 15:24:03
4835,3330,161,"15","No","1",2022-06-06 15:24:07,2022-06-06 15:24:07
4836,3330,161,"15","No","1",2022-06-06 15:24:11,2022-06-06 15:24:11
4837,3330,161,"15","No","1",2022-06-06 15:24:15,2022-06-06 15:24:15
4838,3330,161,"15","No","1",2022-06-06 15:24:19,2022-06-06 15:24:19
4839,3330,161,"15","No","1",2022-06-06 15:24:23,2022-06-06 15:24:23
4840,3330,161,"15","No","1",2022-06-06 15:24:27,2022-06-06 15:24:27
4841,3330,161,"15","No","1",2022-06-06 15:24:31,2022-06-06 15:24:31
4842,3330,161,"15","No","1",2022-06-06 15:24:35,2022-06-06 15:24:35
4843,3330,161,"15","No","1",2022-06-06 15:24:39,2022-06-06 15:24:39
4844,3330,161,"15","No","1",2022-06-06 15:24:43,2022-06-06 15:24:43
4845,3330,161,"15","No","1",2022-06-06 15:24:47,2022-06-06 15:24:47
4846,3330,161,"15","No","1",2022-06-06 15:24:51,2022-06-06 15:24:51
4847,3330,161,"15","No","1",2022-06-06 15:24:55,2022-06-06 15:24:55
4848,3330,161,"15","No","1",2022-06-06 15:24:59,2022-06-06 15:24:59
4849,3330,161,"15","No","1",2022-06-06 15:25:03,2022-06-06 15:25:03
4850,3330,161,"15","No","1",2022-06-06 15:25:07,2022-06-06 15:25:07
4851,3330,161,"15","No","1",2022-06-06 15:25:11,2022-06-06 15:25:11
4852,3330,161,"15","No","1",2022-06-06 15:25:15,2022-06-06 15:25:15
4853,3330,161,"15","No","1",2022-06-06 15:25:19,2022-06-06 15:25:19
4854,3330,161,"15","No","1",2022-06-06 15:25:23,2022-06-06 15:25:23
4855,3330,161,"15","No","1",2022-06-06 15:25:27,2022-06-06 15:25:27
4856,3330,161,"15","No","1",2022-06-06 15:25:31,2022-06-06 15:25:31
4857,3330,161,"15","No","1",2022-06-06 15:25:35,2022-06-06 15:25:35
4858,3330,161,"15","No","1",2022-06-06 15:25:39,2022-06-06 15:25:39
4859,3330,161,"15","No","1",2022-06-06 15:25:43,2022-06-06 15:25:43
4860,3330,161,"15","No","1",2022-06-06 15:25:47,2022-06-06 15:25:47
4861,3330,161,"15","No","1",2022-06-06 15:25:51,2022-06-06 15:25:51
4862,3330,161,"15","No","1",2022-06-06 15:25:55,2022-06-06 15:25:55
4863,3330,161,"15","No","1",2022-06-06 15:25:59,2022-06-06 15:25:59
4864,3330,161,"15","No","1",2022-06-06 15:26:03,2022-06-06 15:26:03
4865,3330,161,"15","No","1",2022-06-06 15:26:07,2022-06-06 15:26:07
4866,3330,161,"15","No","1",2022-06-06 15:26:11,2022-06-06 15:26:11
4867,3330,161,"15","No","1",2022-06-06 15:26:15,2022-06-06 15:26:15
4868,3330,161,"15","No","1",2022-06-06 15:26:19,2022-06-06 15:26:19
4869,3330,161,"15","No","1",2022-06-06 15:26:23,2022-06-06 15:26:23
4870,3330,161,"15","No","1",2022-06-06 15:26:27,2022-06-06 15:26:27
4871,3330,161,"15","No","1",2022-06-06 15:26:31,2022-06-06 15:26:31
4872,3330,161,"15","No","1",2022-06-06 15:26:35,2022-06-06 15:26:35
4873,3330,161,"15","No","1",2022-06-06 15:26:39,2022-06-06 15:26:39
4874,3330,161,"15","No","1",2022-06-06 15:26:43,2022-06-06 15:26:43
4875,3330,161,"15","No","1",2022-06-06 15:26:47,2022-06-06 15:26:47
4876,3330,161,"15","No","1",2022-06-06 15:26:51,2022-06-06 15:26:51
4877,3330,161,"15","No","1",2022-06-06 15:26:55,2022-06-06 15:26:55
4878,3330,161,"15","No","1",2022-06-06 15:26:59,2022-06-06 15:26:59
4879,3330,161,"15","No","1",2022-06-06 15:27:03,2022-06-06 15:27:03
4880,3330,161,"15","No","1",2022-06-06 15:27:07,2022-06-06 15:27:07
4881,3330,161,"15","No","1",2022-06-06 15:27:11,2022-06-06 15:27:11
4882,3330,161,"15","No","1",2022-06-06 15:27:15,2022-06-06 15:27:15
4883,3330,161,"15","No","1",2022-06-06 15:27:19,2022-06-06 15:27:19
4884,3330,161,"15","No","1",2022-06-06 15:27:23,2022-06-06 15:27:23
4885,3330,161,"15","No","1",2022-06-06 15:27:27,2022-06-06 15:27:27
4886,3330,161,"15","No","1",2022-06-06 15:27:31,2022-06-06 15:27:31
4887,3330,161,"15","No","1",2022-06-06 15:27:35,2022-06-06 15:27:35
4888,3330,161,"15","No","1",2022-06-06 15:27:39,2022-06-06 15:27:39
4889,3330,161,"15","No","1",2022-06-06 15:27:43,2022-06-06 15:27:43
4890,3330,161,"15","No","1",2022-06-06 15:27:47,2022-06-06 15:27:47
4891,3330,161,"15","No","1",2022-06-06 15:27:51,2022-06-06 15:27:51
4892,3330,161,"15","No","1",2022-06-06 15:27:55,2022-06-06 15:27:55
4893,3330,161,"15","No","1",2022-06-06 15:27:59,2022-06-06 15:27:59
4894,3330,161,"15","No","1",2022-06-06 15:28:03,2022-06-06 15:28:03
4895,3330,161,"15","No","1",2022-06-06 15:28:07,2022-06-06 15:28:07
4896,3330,161,"15","No","1",2022-06-06 15:28:11,2022-06-06 15:28:11
4897,3330,161,"15","No","1",2022-06-06 15:28:15,2022-06-06 15:28:15
4898,3330,161,"15","No","1",2022-06-06 15:28:19,2022-06-06 15:28:19
4899,3330,161,"15","No","1",2022-06-06 15:28:23,2022-06-06 15:28:23
4900,3330,161,"15","No","1",2022-06-06 15:28:27,2022-06-06 15:28:27
4901,3330,161,"15","No","1",2022-06-06 15:28:31,2022-06-06 15:28:31
4902,3330,161,"15","No","1",2022-06-06 15:28:35,2022-06-06 15:28:35
4903,3330,161,"15","No","1",2022-06-06 15:28:39,2022-06-06 15:28:39
4904,3330,161,"15","No","1",2022-06-06 15:28:43,2022-06-06 15:28:43
4905,3330,161,"15","No","1",2022-06-06 15:28:47,2022-06-06 15:28:47
4906,3330,161,"15","No","1",2022-06-06 15:28:51,2022-06-06 15:28:51
4907,3330,161,"15","No","1",2022-06-06 15:28:55,2022-06-06 15:28:55
4908,3330,161,"15","No","1",2022-06-06 15:28:59,2022-06-06 15:28:59
4909,3330,161,"15","No","1",2022-06-06 15:29:03,2022-06-06 15:29:03
4910,3330,161,"15","No","1",2022-06-06 15:29:07,2022-06-06 15:29:07
4911,3330,161,"15","No","1",2022-06-06 15:29:11,2022-06-06 15:29:11
4912,3330,161,"15","No","1",2022-06-06 15:29:15,2022-06-06 15:29:15
4913,3330,161,"15","No","1",2022-06-06 15:29:19,2022-06-06 15:29:19
4914,3330,161,"15","No","1",2022-06-06 15:29:23,2022-06-06 15:29:23
4915,3330,161,"15","No","1",2022-06-06 15:29:27,2022-06-06 15:29:27
4916,3330,161,"15","No","1",2022-06-06 15:29:31,2022-06-06 15:29:31
4917,3330,161,"15","No","1",2022-06-06 15:29:35,2022-06-06 15:29:35
4918,3330,161,"15","No","1",2022-06-06 15:29:39,2022-06-06 15:29:39
4919,3330,161,"15","No","1",2022-06-06 15:29:43,2022-06-06 15:29:43
4920,3330,161,"15","No","1",2022-06-06 15:29:47,2022-06-06 15:29:47
4921,3330,161,"15","No","1",2022-06-06 15:29:51,2022-06-06 15:29:51
4922,3330,161,"15","No","1",2022-06-06 15:29:55,2022-06-06 15:29:55
4923,3330,161,"15","No","1",2022-06-06 15:29:59,2022-06-06 15:29:59
4924,3330,161,"15","No","1",2022-06-06 15:30:03,2022-06-06 15:30:03
4925,3330,161,"15","No","1",2022-06-06 15:30:07,2022-06-06 15:30:07
4926,3330,161,"15","No","1",2022-06-06 15:30:11,2022-06-06 15:30:11
4927,3330,161,"15","No","1",2022-06-06 15:30:15,2022-06-06 15:30:15
4928,3330,161,"15","No","1",2022-06-06 15:30:19,2022-06-06 15:30:19
4929,3330,161,"15","No","1",2022-06-06 15:30:23,2022-06-06 15:30:23
4930,3330,161,"15","No","1",2022-06-06 15:30:27,2022-06-06 15:30:27
4931,3330,161,"15","No","1",2022-06-06 15:30:31,2022-06-06 15:30:31
4932,3330,161,"15","No","1",2022-06-06 15:30:35,2022-06-06 15:30:35
4933,3330,161,"15","No","1",2022-06-06 15:30:39,2022-06-06 15:30:39
4934,3330,161,"15","No","1",2022-06-06 15:30:43,2022-06-06 15:30:43
4935,3330,161,"15","No","1",2022-06-06 15:30:47,2022-06-06 15:30:47
4936,3330,161,"15","No","1",2022-06-06 15:30:51,2022-06-06 15:30:51
4937,3330,161,"15","No","1",2022-06-06 15:30:55,2022-06-06 15:30:55
4938,3330,161,"15","No","1",2022-06-06 15:30:59,2022-06-06 15:30:59
4939,3330,161,"15","No","1",2022-06-06 15:31:03,2022-06-06 15:31:03
4940,3330,161,"15","No","1",2022-06-06 15:31:07,2022-06-06 15:31:07
4941,3330,161,"15","No","1",2022-06-06 15:31:11,2022-06-06 15:31:11
4942,3330,161,"15","No","1",2022-06-06 15:31:15,2022-06-06 15:31:15
4943,3330,161,"15","No","1",2022-06-06 15:31:19,2022-06-06 15:31:19
4944,3330,161,"15","No","1",2022-06-06 15:31:23,2022-06-06 15:31:23
4945,3330,161,"15","No","1",2022-06-06 15:31:27,2022-06-06 15:31:27
4946,3330,161,"15","No","1",2022-06-06 15:31:31,2022-06-06 15:31:31
4947,3330,161,"15","No","1",2022-06-06 15:31:35,2022-06-06 15:31:35
4948,3330,161,"15","No","1",2022-06-06 15:31:39,2022-06-06 15:31:39
4949,3330,161,"15","No","1",2022-06-06 15:31:43,2022-06-06 15:31:43
4950,3330,161,"15","No","1",2022-06-06 15:31:47,2022-06-06 15:31:47
4951,3330,161,"15","No","1",2022-06-06 15:31:51,2022-06-06 15:31:51
4952,3330,161,"15","No","1",2022-06-06 15:31:55,2022-06-06 15:31:55
4953,3330,161,"15","No","1",2022-06-06 15:31:59,2022-06-06 15:31:59
4954,3330,161,"15","No","1",2022-06-06 15:32:03,2022-06-06 15:32:03
4955,3330,161,"15","No","1",2022-06-06 15:32:07,2022-06-06 15:32:07
4956,3330,161,"15","No","1",2022-06-06 15:32:11,2022-06-06 15:32:11
4957,3330,161,"15","No","1",2022-06-06 15:32:15,2022-06-06 15:32:15
4958,3330,161,"15","No","1",2022-06-06 15:32:19,2022-06-06 15:32:19
4959,3330,161,"15","No","1",2022-06-06 15:32:23,2022-06-06 15:32:23
4960,3330,161,"15","No","1",2022-06-06 15:32:27,2022-06-06 15:32:27
4961,3330,161,"15","No","1",2022-06-06 15:32:31,2022-06-06 15:32:31
4962,3330,161,"15","No","1",2022-06-06 15:32:35,2022-06-06 15:32:35
4963,3330,161,"15","No","1",2022-06-06 15:32:39,2022-06-06 15:32:39
4964,3330,161,"15","No","1",2022-06-06 15:32:43,2022-06-06 15:32:43
4965,3330,161,"15","No","1",2022-06-06 15:32:47,2022-06-06 15:32:47
4966,3330,161,"15","No","1",2022-06-06 15:32:51,2022-06-06 15:32:51
4967,3330,161,"15","No","1",2022-06-06 15:32:55,2022-06-06 15:32:55
4968,3330,161,"15","No","1",2022-06-06 15:32:59,2022-06-06 15:32:59
4969,3330,161,"15","No","1",2022-06-06 15:33:03,2022-06-06 15:33:03
4970,3330,161,"15","No","1",2022-06-06 15:33:07,2022-06-06 15:33:07
4971,3330,161,"15","No","1",2022-06-06 15:33:11,2022-06-06 15:33:11
4972,3330,161,"15","No","1",2022-06-06 15:33:15,2022-06-06 15:33:15
4973,3330,161,"15","No","1",2022-06-06 15:33:19,2022-06-06 15:33:19
4974,3330,161,"15","No","1",2022-06-06 15:33:23,2022-06-06 15:33:23
4975,3330,161,"15","No","1",2022-06-06 15:33:27,2022-06-06 15:33:27
4976,3330,161,"15","No","1",2022-06-06 15:33:31,2022-06-06 15:33:31
4977,3330,161,"15","No","1",2022-06-06 15:33:35,2022-06-06 15:33:35
4978,3330,161,"15","No","1",2022-06-06 15:33:39,2022-06-06 15:33:39
4979,3330,161,"15","No","1",2022-06-06 15:33:43,2022-06-06 15:33:43
4980,3330,161,"15","No","1",2022-06-06 15:33:47,2022-06-06 15:33:47
4981,3330,161,"15","No","1",2022-06-06 15:33:51,2022-06-06 15:33:51
4982,3330,161,"15","No","1",2022-06-06 15:33:55,2022-06-06 15:33:55
4983,3330,161,"15","No","1",2022-06-06 15:33:59,2022-06-06 15:33:59
4984,3330,161,"15","No","1",2022-06-06 15:34:03,2022-06-06 15:34:03
4985,3330,161,"15","No","1",2022-06-06 15:34:07,2022-06-06 15:34:07
4986,3330,161,"15","No","1",2022-06-06 15:34:11,2022-06-06 15:34:11
4987,3330,161,"15","No","1",2022-06-06 15:34:15,2022-06-06 15:34:15
4988,3330,161,"15","No","1",2022-06-06 15:34:19,2022-06-06 15:34:19
4989,3330,161,"15","No","1",2022-06-06 15:34:23,2022-06-06 15:34:23
4990,3330,161,"15","No","1",2022-06-06 15:34:27,2022-06-06 15:34:27
4991,3330,161,"15","No","1",2022-06-06 15:34:31,2022-06-06 15:34:31
4992,3330,161,"15","No","1",2022-06-06 15:34:35,2022-06-06 15:34:35
4993,3330,161,"15","No","1",2022-06-06 15:34:39,2022-06-06 15:34:39
4994,3330,161,"15","No","1",2022-06-06 15:34:43,2022-06-06 15:34:43
4995,3330,161,"15","No","1",2022-06-06 15:34:47,2022-06-06 15:34:47
4996,3330,161,"15","No","1",2022-06-06 15:34:51,2022-06-06 15:34:51
4997,3330,161,"15","No","1",2022-06-06 15:34:55,2022-06-06 15:34:55
4998,3330,161,"15","No","1",2022-06-06 15:34:59,2022-06-06 15:34:59
4999,3330,161,"15","No","1",2022-06-06 15:35:03,2022-06-06 15:35:03
5000,3330,161,"15","No","1",2022-06-06 15:35:07,2022-06-06 15:35:07
5001,3330,161,"15","No","1",2022-06-06 15:35:11,2022-06-06 15:35:11
5002,3330,161,"15","No","1",2022-06-06 15:35:15,2022-06-06 15:35:15
5003,3330,161,"15","No","1",2022-06-06 15:35:19,2022-06-06 15:35:19
5004,3330,161,"15","No","1",2022-06-06 15:35:23,2022-06-06 15:35:23
5005,3330,161,"15","No","1",2022-06-06 15:35:27,2022-06-06 15:35:27
5006,3330,161,"15","No","1",2022-06-06 15:35:31,2022-06-06 15:35:31
5007,3330,161,"15","No","1",2022-06-06 15:35:35,2022-06-06 15:35:35
5008,3330,161,"15","No","1",2022-06-06 15:35:39,2022-06-06 15:35:39
5009,3330,161,"15","No","1",2022-06-06 15:35:43,2022-06-06 15:35:43
5010,3330,161,"15","No","1",2022-06-06 15:35:47,2022-06-06 15:35:47
5011,3330,161,"15","No","1",2022-06-06 15:35:51,2022-06-06 15:35:51
5012,3330,161,"15","No","1",2022-06-06 15:35:55,2022-06-06 15:35:55
5013,3330,161,"15","No","1",2022-06-06 15:35:59,2022-06-06 15:35:59
5014,3330,161,"15","No","1",2022-06-06 15:36:03,2022-06-06 15:36:03
5015,3330,161,"15","No","1",2022-06-06 15:36:07,2022-06-06 15:36:07
5016,3330,161,"15","No","1",2022-06-06 15:36:11,2022-06-06 15:36:11
5017,3330,161,"15","No","1",2022-06-06 15:36:15,2022-06-06 15:36:15
5018,3330,161,"15","No","1",2022-06-06 15:36:19,2022-06-06 15:36:19
5019,3330,161,"15","No","1",2022-06-06 15:36:23,2022-06-06 15:36:23
5020,3330,161,"15","No","1",2022-06-06 15:36:27,2022-06-06 15:36:27
5021,3330,161,"15","No","1",2022-06-06 15:36:31,2022-06-06 15:36:31
5022,3330,161,"15","No","1",2022-06-06 15:36:35,2022-06-06 15:36:35
5023,3330,161,"15","No","1",2022-06-06 15:36:39,2022-06-06 15:36:39
5024,3330,161,"15","No","1",2022-06-06 15:36:43,2022-06-06 15:36:43
5025,3330,161,"15","No","1",2022-06-06 15:36:47,2022-06-06 15:36:47
5026,3330,161,"15","No","1",2022-06-06 15:36:51,2022-06-06 15:36:51
5027,3330,161,"15","No","1",2022-06-06 15:36:55,2022-06-06 15:36:55
5028,3330,161,"15","No","1",2022-06-06 15:36:59,2022-06-06 15:36:59
5029,3330,161,"15","No","1",2022-06-06 15:37:03,2022-06-06 15:37:03
5030,3330,161,"15","No","1",2022-06-06 15:37:07,2022-06-06 15:37:07
5031,3330,161,"15","No","1",2022-06-06 15:37:11,2022-06-06 15:37:11
5032,3330,161,"15","No","1",2022-06-06 15:37:15,2022-06-06 15:37:15
5033,3330,161,"15","No","1",2022-06-06 15:37:19,2022-06-06 15:37:19
5034,3330,161,"15","No","1",2022-06-06 15:37:23,2022-06-06 15:37:23
5035,3330,161,"15","No","1",2022-06-06 15:37:27,2022-06-06 15:37:27
5036,3330,161,"15","No","1",2022-06-06 15:37:31,2022-06-06 15:37:31
5037,3330,161,"15","No","1",2022-06-06 15:37:35,2022-06-06 15:37:35
5038,3330,161,"15","No","1",2022-06-06 15:37:39,2022-06-06 15:37:39
5039,3330,161,"15","No","1",2022-06-06 15:37:43,2022-06-06 15:37:43
5040,3330,161,"15","No","1",2022-06-06 15:37:47,2022-06-06 15:37:47
5041,3330,161,"15","No","1",2022-06-06 15:37:51,2022-06-06 15:37:51
5042,3330,161,"15","No","1",2022-06-06 15:37:55,2022-06-06 15:37:55
5043,3330,161,"15","No","1",2022-06-06 15:37:59,2022-06-06 15:37:59
5044,3330,161,"15","No","1",2022-06-06 15:38:03,2022-06-06 15:38:03
5045,3330,161,"15","No","1",2022-06-06 15:38:07,2022-06-06 15:38:07
5046,3330,161,"15","No","1",2022-06-06 15:38:11,2022-06-06 15:38:11
5047,3330,161,"15","No","1",2022-06-06 15:38:15,2022-06-06 15:38:15
5048,3330,161,"15","No","1",2022-06-06 15:38:19,2022-06-06 15:38:19
5049,3330,161,"15","No","1",2022-06-06 15:38:23,2022-06-06 15:38:23
5050,3330,161,"15","No","1",2022-06-06 15:38:27,2022-06-06 15:38:27
5051,3330,161,"15","No","1",2022-06-06 15:38:31,2022-06-06 15:38:31
5052,3330,161,"15","No","1",2022-06-06 15:38:35,2022-06-06 15:38:35
5053,3330,161,"15","No","1",2022-06-06 15:38:39,2022-06-06 15:38:39
5054,3330,161,"15","No","1",2022-06-06 15:38:43,2022-06-06 15:38:43
5055,3330,161,"15","No","1",2022-06-06 15:38:47,2022-06-06 15:38:47
5056,3330,161,"15","No","1",2022-06-06 15:38:51,2022-06-06 15:38:51
5057,3330,161,"15","No","1",2022-06-06 15:38:55,2022-06-06 15:38:55
5058,3330,161,"15","No","1",2022-06-06 15:38:59,2022-06-06 15:38:59
5059,3330,161,"15","No","1",2022-06-06 15:39:03,2022-06-06 15:39:03
5060,3330,161,"15","No","1",2022-06-06 15:39:07,2022-06-06 15:39:07
5061,3330,161,"15","No","1",2022-06-06 15:39:11,2022-06-06 15:39:11
5062,3330,161,"15","No","1",2022-06-06 15:39:15,2022-06-06 15:39:15
5063,3330,161,"15","No","1",2022-06-06 15:39:19,2022-06-06 15:39:19
5064,3330,161,"15","No","1",2022-06-06 15:39:23,2022-06-06 15:39:23
5065,3330,161,"15","No","1",2022-06-06 15:39:27,2022-06-06 15:39:27
5066,3330,161,"15","No","1",2022-06-06 15:39:31,2022-06-06 15:39:31
5067,3330,161,"15","No","1",2022-06-06 15:39:35,2022-06-06 15:39:35
5068,3330,161,"15","No","1",2022-06-06 15:39:39,2022-06-06 15:39:39
5069,3330,161,"15","No","1",2022-06-06 15:39:43,2022-06-06 15:39:43
5070,3330,161,"15","No","1",2022-06-06 15:39:47,2022-06-06 15:39:47
5071,3330,161,"15","No","1",2022-06-06 15:39:51,2022-06-06 15:39:51
5072,3330,161,"15","No","1",2022-06-06 15:39:55,2022-06-06 15:39:55
5073,3330,161,"15","No","1",2022-06-06 15:39:59,2022-06-06 15:39:59
5074,3330,161,"15","No","1",2022-06-06 15:40:03,2022-06-06 15:40:03
5075,3330,161,"15","No","1",2022-06-06 15:40:07,2022-06-06 15:40:07
5076,3330,161,"15","No","1",2022-06-06 15:40:11,2022-06-06 15:40:11
5077,3330,161,"15","No","1",2022-06-06 15:40:15,2022-06-06 15:40:15
5078,3330,161,"15","No","1",2022-06-06 15:40:19,2022-06-06 15:40:19
5079,3330,161,"15","No","1",2022-06-06 15:40:23,2022-06-06 15:40:23
5080,3330,161,"15","No","1",2022-06-06 15:40:27,2022-06-06 15:40:27
5081,3330,161,"15","No","1",2022-06-06 15:40:31,2022-06-06 15:40:31
5082,3330,161,"15","No","1",2022-06-06 15:40:35,2022-06-06 15:40:35
5083,3330,161,"15","No","1",2022-06-06 15:40:39,2022-06-06 15:40:39
5084,3330,161,"15","No","1",2022-06-06 15:40:43,2022-06-06 15:40:43
5085,3330,161,"15","No","1",2022-06-06 15:40:47,2022-06-06 15:40:47
5086,3330,161,"15","No","1",2022-06-06 15:40:51,2022-06-06 15:40:51
5087,3330,161,"15","No","1",2022-06-06 15:40:55,2022-06-06 15:40:55
5088,3330,161,"15","No","1",2022-06-06 15:40:59,2022-06-06 15:40:59
5089,3330,161,"15","No","1",2022-06-06 15:41:03,2022-06-06 15:41:03
5090,3330,161,"15","No","1",2022-06-06 15:41:07,2022-06-06 15:41:07
5091,3330,161,"15","No","1",2022-06-06 15:41:11,2022-06-06 15:41:11
5092,3330,161,"15","No","1",2022-06-06 15:41:15,2022-06-06 15:41:15
5093,3330,161,"15","No","1",2022-06-06 15:41:19,2022-06-06 15:41:19
5094,3330,161,"15","No","1",2022-06-06 15:41:23,2022-06-06 15:41:23
5095,3330,161,"15","No","1",2022-06-06 15:41:27,2022-06-06 15:41:27
5096,3330,161,"15","No","1",2022-06-06 15:41:31,2022-06-06 15:41:31
5097,3330,161,"15","No","1",2022-06-06 15:41:35,2022-06-06 15:41:35
5098,3330,161,"15","No","1",2022-06-06 15:41:39,2022-06-06 15:41:39
5099,3330,161,"15","No","1",2022-06-06 15:41:43,2022-06-06 15:41:43
5100,3330,161,"15","No","1",2022-06-06 15:41:47,2022-06-06 15:41:47
5101,3330,161,"15","No","1",2022-06-06 15:41:51,2022-06-06 15:41:51
5102,3330,161,"15","No","1",2022-06-06 15:41:55,2022-06-06 15:41:55
5103,3330,161,"15","No","1",2022-06-06 15:41:59,2022-06-06 15:41:59
5104,3330,161,"15","No","1",2022-06-06 15:42:03,2022-06-06 15:42:03
5105,3330,161,"15","No","1",2022-06-06 15:42:07,2022-06-06 15:42:07
5106,3330,161,"15","No","1",2022-06-06 15:42:11,2022-06-06 15:42:11
5107,3330,161,"15","No","1",2022-06-06 15:42:15,2022-06-06 15:42:15
5108,3330,161,"15","No","1",2022-06-06 15:42:19,2022-06-06 15:42:19
5109,3330,161,"15","No","1",2022-06-06 15:42:23,2022-06-06 15:42:23
5110,3330,161,"15","No","1",2022-06-06 15:42:27,2022-06-06 15:42:27
5111,3330,161,"15","No","1",2022-06-06 15:42:31,2022-06-06 15:42:31
5112,3330,161,"15","No","1",2022-06-06 15:42:35,2022-06-06 15:42:35
5113,3330,161,"15","No","1",2022-06-06 15:42:39,2022-06-06 15:42:39
5114,3330,161,"15","No","1",2022-06-06 15:42:43,2022-06-06 15:42:43
5115,3330,161,"15","No","1",2022-06-06 15:42:47,2022-06-06 15:42:47
5116,3330,161,"15","No","1",2022-06-06 15:42:51,2022-06-06 15:42:51
5117,3330,161,"15","No","1",2022-06-06 15:42:55,2022-06-06 15:42:55
5118,3330,161,"15","No","1",2022-06-06 15:42:59,2022-06-06 15:42:59
5119,3330,161,"15","No","1",2022-06-06 15:43:03,2022-06-06 15:43:03
5120,3330,161,"15","No","1",2022-06-06 15:43:07,2022-06-06 15:43:07
5121,3330,161,"15","No","1",2022-06-06 15:43:11,2022-06-06 15:43:11
5122,3330,161,"15","No","1",2022-06-06 15:43:15,2022-06-06 15:43:15
5123,3330,161,"15","No","1",2022-06-06 15:43:19,2022-06-06 15:43:19
5124,3330,161,"15","No","1",2022-06-06 15:43:23,2022-06-06 15:43:23
5125,3330,161,"15","No","1",2022-06-06 15:43:27,2022-06-06 15:43:27
5126,3330,161,"15","No","1",2022-06-06 15:43:31,2022-06-06 15:43:31
5127,3330,161,"15","No","1",2022-06-06 15:43:35,2022-06-06 15:43:35
5128,3330,161,"15","No","1",2022-06-06 15:43:39,2022-06-06 15:43:39
5129,3330,161,"15","No","1",2022-06-06 15:43:43,2022-06-06 15:43:43
5130,3330,161,"15","No","1",2022-06-06 15:43:47,2022-06-06 15:43:47
5131,3330,161,"15","No","1",2022-06-06 15:43:51,2022-06-06 15:43:51
5132,3330,161,"15","No","1",2022-06-06 15:43:55,2022-06-06 15:43:55
5133,3330,161,"15","No","1",2022-06-06 15:43:59,2022-06-06 15:43:59
5134,3330,161,"15","No","1",2022-06-06 15:44:03,2022-06-06 15:44:03
5135,3330,161,"15","No","1",2022-06-06 15:44:07,2022-06-06 15:44:07
5136,3330,161,"15","No","1",2022-06-06 15:44:11,2022-06-06 15:44:11
5137,3330,161,"15","No","1",2022-06-06 15:44:15,2022-06-06 15:44:15
5138,3330,161,"15","No","1",2022-06-06 15:44:19,2022-06-06 15:44:19
5139,3330,161,"15","No","1",2022-06-06 15:44:23,2022-06-06 15:44:23
5140,3330,161,"15","No","1",2022-06-06 15:44:27,2022-06-06 15:44:27
5141,3330,161,"15","No","1",2022-06-06 15:44:31,2022-06-06 15:44:31
5142,3330,161,"15","No","1",2022-06-06 15:44:35,2022-06-06 15:44:35
5143,3330,161,"15","No","1",2022-06-06 15:44:39,2022-06-06 15:44:39
5144,3330,161,"15","No","1",2022-06-06 15:44:43,2022-06-06 15:44:43
5145,3330,161,"15","No","1",2022-06-06 15:44:47,2022-06-06 15:44:47
5146,3330,161,"15","No","1",2022-06-06 15:44:51,2022-06-06 15:44:51
5147,3330,161,"15","No","1",2022-06-06 15:44:55,2022-06-06 15:44:55
5148,3330,161,"15","No","1",2022-06-06 15:44:59,2022-06-06 15:44:59
5149,3330,161,"15","No","1",2022-06-06 15:45:04,2022-06-06 15:45:04
5150,3330,161,"15","No","1",2022-06-06 15:45:07,2022-06-06 15:45:07
5151,3330,161,"15","No","1",2022-06-06 15:45:11,2022-06-06 15:45:11
5152,3330,161,"15","No","1",2022-06-06 15:45:15,2022-06-06 15:45:15
5153,3330,161,"15","No","1",2022-06-06 15:45:19,2022-06-06 15:45:19
5154,3330,161,"15","No","1",2022-06-06 15:45:23,2022-06-06 15:45:23
5155,3330,161,"15","No","1",2022-06-06 15:45:27,2022-06-06 15:45:27
5156,3330,161,"15","No","1",2022-06-06 15:45:31,2022-06-06 15:45:31
5157,3330,161,"15","No","1",2022-06-06 15:45:35,2022-06-06 15:45:35
5158,3330,161,"15","No","1",2022-06-06 15:45:39,2022-06-06 15:45:39
5159,3330,161,"15","No","1",2022-06-06 15:45:43,2022-06-06 15:45:43
5160,3330,161,"15","No","1",2022-06-06 15:45:47,2022-06-06 15:45:47
5161,3330,161,"15","No","1",2022-06-06 15:45:51,2022-06-06 15:45:51
5162,3330,161,"15","No","1",2022-06-06 15:45:55,2022-06-06 15:45:55
5163,3330,161,"15","No","1",2022-06-06 15:45:59,2022-06-06 15:45:59
5164,3330,161,"15","No","1",2022-06-06 15:46:03,2022-06-06 15:46:03
5165,3330,161,"15","No","1",2022-06-06 15:46:07,2022-06-06 15:46:07
5166,3330,161,"15","No","1",2022-06-06 15:46:11,2022-06-06 15:46:11
5167,3330,161,"15","No","1",2022-06-06 15:46:15,2022-06-06 15:46:15
5168,3330,161,"15","No","1",2022-06-06 15:46:19,2022-06-06 15:46:19
5169,3330,161,"15","No","1",2022-06-06 15:46:23,2022-06-06 15:46:23
5170,3330,161,"15","No","1",2022-06-06 15:46:27,2022-06-06 15:46:27
5171,3330,161,"15","No","1",2022-06-06 15:46:31,2022-06-06 15:46:31
5172,3330,161,"15","No","1",2022-06-06 15:46:35,2022-06-06 15:46:35
5173,3330,161,"15","No","1",2022-06-06 15:46:39,2022-06-06 15:46:39
5174,3330,161,"15","No","1",2022-06-06 15:46:43,2022-06-06 15:46:43
5175,3330,161,"15","No","1",2022-06-06 15:46:47,2022-06-06 15:46:47
5176,3330,161,"15","No","1",2022-06-06 15:46:51,2022-06-06 15:46:51
5177,3330,161,"15","No","1",2022-06-06 15:46:55,2022-06-06 15:46:55
5178,3330,161,"15","No","1",2022-06-06 15:46:59,2022-06-06 15:46:59
5179,3330,161,"15","No","1",2022-06-06 15:47:03,2022-06-06 15:47:03
5180,3330,161,"15","No","1",2022-06-06 15:47:07,2022-06-06 15:47:07
5181,3330,161,"15","No","1",2022-06-06 15:47:11,2022-06-06 15:47:11
5182,3330,161,"15","No","1",2022-06-06 15:47:15,2022-06-06 15:47:15
5183,3330,161,"15","No","1",2022-06-06 15:47:19,2022-06-06 15:47:19
5184,3330,161,"15","No","1",2022-06-06 15:47:23,2022-06-06 15:47:23
5185,3330,161,"15","No","1",2022-06-06 15:47:27,2022-06-06 15:47:27
5186,3330,161,"15","No","1",2022-06-06 15:47:31,2022-06-06 15:47:31
5187,3330,161,"15","No","1",2022-06-06 15:47:35,2022-06-06 15:47:35
5188,3330,161,"15","No","1",2022-06-06 15:47:39,2022-06-06 15:47:39
5189,3330,161,"15","No","1",2022-06-06 15:47:43,2022-06-06 15:47:43
5190,3330,161,"15","No","1",2022-06-06 15:47:47,2022-06-06 15:47:47
5191,3330,161,"15","No","1",2022-06-06 15:47:51,2022-06-06 15:47:51
5192,3330,161,"15","No","1",2022-06-06 15:47:55,2022-06-06 15:47:55
5193,3330,161,"15","No","1",2022-06-06 15:47:59,2022-06-06 15:47:59
5194,3330,161,"15","No","1",2022-06-06 15:48:03,2022-06-06 15:48:03
5195,3330,161,"15","No","1",2022-06-06 15:48:07,2022-06-06 15:48:07
5196,3330,161,"15","No","1",2022-06-06 15:48:11,2022-06-06 15:48:11
5197,3330,161,"15","No","1",2022-06-06 15:48:15,2022-06-06 15:48:15
5198,3330,161,"15","No","1",2022-06-06 15:48:19,2022-06-06 15:48:19
5199,3330,161,"15","No","1",2022-06-06 15:48:23,2022-06-06 15:48:23
5200,3330,161,"15","No","1",2022-06-06 15:48:27,2022-06-06 15:48:27
5201,3330,161,"15","No","1",2022-06-06 15:48:31,2022-06-06 15:48:31
5202,3330,161,"15","No","1",2022-06-06 15:48:35,2022-06-06 15:48:35
5203,3330,161,"15","No","1",2022-06-06 15:48:39,2022-06-06 15:48:39
5204,3330,161,"15","No","1",2022-06-06 15:48:43,2022-06-06 15:48:43
5205,3330,161,"15","No","1",2022-06-06 15:48:47,2022-06-06 15:48:47
5206,3330,161,"15","No","1",2022-06-06 15:48:51,2022-06-06 15:48:51
5207,3330,161,"15","No","1",2022-06-06 15:48:55,2022-06-06 15:48:55
5208,3330,161,"15","No","1",2022-06-06 15:48:59,2022-06-06 15:48:59
5209,3330,161,"15","No","1",2022-06-06 15:49:03,2022-06-06 15:49:03
5210,3330,161,"15","No","1",2022-06-06 15:49:07,2022-06-06 15:49:07
5211,3330,161,"15","No","1",2022-06-06 15:49:11,2022-06-06 15:49:11
5212,3330,161,"15","No","1",2022-06-06 15:49:15,2022-06-06 15:49:15
5213,3330,161,"15","No","1",2022-06-06 15:49:19,2022-06-06 15:49:19
5214,3330,161,"15","No","1",2022-06-06 15:49:23,2022-06-06 15:49:23
5215,3330,161,"15","No","1",2022-06-06 15:49:27,2022-06-06 15:49:27
5216,3330,161,"15","No","1",2022-06-06 15:49:31,2022-06-06 15:49:31
5217,3330,161,"15","No","1",2022-06-06 15:49:35,2022-06-06 15:49:35
5218,3330,161,"15","No","1",2022-06-06 15:49:39,2022-06-06 15:49:39
5219,3330,161,"15","No","1",2022-06-06 15:49:43,2022-06-06 15:49:43
5220,3330,161,"15","No","1",2022-06-06 15:49:47,2022-06-06 15:49:47
5221,3330,161,"15","No","1",2022-06-06 15:49:51,2022-06-06 15:49:51
5222,3330,161,"15","No","1",2022-06-06 15:49:55,2022-06-06 15:49:55
5223,3330,161,"15","No","1",2022-06-06 15:49:59,2022-06-06 15:49:59
5224,3330,161,"15","No","1",2022-06-06 15:50:03,2022-06-06 15:50:03
5225,3330,161,"15","No","1",2022-06-06 15:50:07,2022-06-06 15:50:07
5226,3330,161,"15","No","1",2022-06-06 15:50:11,2022-06-06 15:50:11
5227,3330,161,"15","No","1",2022-06-06 15:50:15,2022-06-06 15:50:15
5228,3330,161,"15","No","1",2022-06-06 15:50:19,2022-06-06 15:50:19
5229,3330,161,"15","No","1",2022-06-06 15:50:23,2022-06-06 15:50:23
5230,3330,161,"15","No","1",2022-06-06 15:50:27,2022-06-06 15:50:27
5231,3330,161,"15","No","1",2022-06-06 15:50:31,2022-06-06 15:50:31
5232,3330,161,"15","No","1",2022-06-06 15:50:35,2022-06-06 15:50:35
5233,3330,161,"15","No","1",2022-06-06 15:50:39,2022-06-06 15:50:39
5234,3330,161,"15","No","1",2022-06-06 15:50:43,2022-06-06 15:50:43
5235,3330,161,"15","No","1",2022-06-06 15:50:47,2022-06-06 15:50:47
5236,3330,161,"15","No","1",2022-06-06 15:50:51,2022-06-06 15:50:51
5237,3330,161,"15","No","1",2022-06-06 15:50:55,2022-06-06 15:50:55
5238,3330,161,"15","No","1",2022-06-06 15:50:59,2022-06-06 15:50:59
5239,3330,161,"15","No","1",2022-06-06 15:51:03,2022-06-06 15:51:03
5240,3330,161,"15","No","1",2022-06-06 15:51:07,2022-06-06 15:51:07
5241,3330,161,"15","No","1",2022-06-06 15:51:11,2022-06-06 15:51:11
5242,3330,161,"15","No","1",2022-06-06 15:51:15,2022-06-06 15:51:15
5243,3330,161,"15","No","1",2022-06-06 15:51:19,2022-06-06 15:51:19
5244,3330,161,"15","No","1",2022-06-06 15:51:23,2022-06-06 15:51:23
5245,3330,161,"15","No","1",2022-06-06 15:51:27,2022-06-06 15:51:27
5246,3330,161,"15","No","1",2022-06-06 15:51:31,2022-06-06 15:51:31
5247,3330,161,"15","No","1",2022-06-06 15:51:35,2022-06-06 15:51:35
5248,3330,161,"15","No","1",2022-06-06 15:51:39,2022-06-06 15:51:39
5249,3330,161,"15","No","1",2022-06-06 15:51:43,2022-06-06 15:51:43
5250,3330,161,"15","No","1",2022-06-06 15:51:47,2022-06-06 15:51:47
5251,3330,161,"15","No","1",2022-06-06 15:51:51,2022-06-06 15:51:51
5252,3330,161,"15","No","1",2022-06-06 15:51:55,2022-06-06 15:51:55
5253,3330,161,"15","No","1",2022-06-06 15:51:59,2022-06-06 15:51:59
5254,3330,161,"15","No","1",2022-06-06 15:52:03,2022-06-06 15:52:03
5255,3330,161,"15","No","1",2022-06-06 15:52:07,2022-06-06 15:52:07
5256,3330,161,"15","No","1",2022-06-06 15:52:11,2022-06-06 15:52:11
5257,3330,161,"15","No","1",2022-06-06 15:52:15,2022-06-06 15:52:15
5258,3330,161,"15","No","1",2022-06-06 15:52:19,2022-06-06 15:52:19
5259,3330,161,"15","No","1",2022-06-06 15:52:23,2022-06-06 15:52:23
5260,3330,161,"15","No","1",2022-06-06 15:52:27,2022-06-06 15:52:27
5261,3330,161,"15","No","1",2022-06-06 15:52:31,2022-06-06 15:52:31
5262,3330,161,"15","No","1",2022-06-06 15:52:35,2022-06-06 15:52:35
5263,3330,161,"15","No","1",2022-06-06 15:52:39,2022-06-06 15:52:39
5264,3330,161,"15","No","1",2022-06-06 15:52:43,2022-06-06 15:52:43
5265,3330,161,"15","No","1",2022-06-06 15:52:47,2022-06-06 15:52:47
5266,3330,161,"15","No","1",2022-06-06 15:52:51,2022-06-06 15:52:51
5267,3330,161,"15","No","1",2022-06-06 15:52:55,2022-06-06 15:52:55
5268,3330,161,"15","No","1",2022-06-06 15:52:59,2022-06-06 15:52:59
5269,3330,161,"15","No","1",2022-06-06 15:53:03,2022-06-06 15:53:03
5270,3330,161,"15","No","1",2022-06-06 15:53:07,2022-06-06 15:53:07
5271,3330,161,"15","No","1",2022-06-06 15:53:11,2022-06-06 15:53:11
5272,3330,161,"15","No","1",2022-06-06 15:53:15,2022-06-06 15:53:15
5273,3330,161,"15","No","1",2022-06-06 15:53:19,2022-06-06 15:53:19
5274,3330,161,"15","No","1",2022-06-06 15:53:23,2022-06-06 15:53:23
5275,3330,161,"15","No","1",2022-06-06 15:53:27,2022-06-06 15:53:27
5276,3330,161,"15","No","1",2022-06-06 15:53:31,2022-06-06 15:53:31
5277,3330,161,"15","No","1",2022-06-06 15:53:35,2022-06-06 15:53:35
5278,3330,161,"15","No","1",2022-06-06 15:53:39,2022-06-06 15:53:39
5279,3330,161,"15","No","1",2022-06-06 15:53:43,2022-06-06 15:53:43
5280,3330,161,"15","No","1",2022-06-06 15:53:47,2022-06-06 15:53:47
5281,3330,161,"15","No","1",2022-06-06 15:53:51,2022-06-06 15:53:51
5282,3330,161,"15","No","1",2022-06-06 15:53:55,2022-06-06 15:53:55
5283,3330,161,"15","No","1",2022-06-06 15:53:59,2022-06-06 15:53:59
5284,3330,161,"15","No","1",2022-06-06 15:54:03,2022-06-06 15:54:03
5285,3330,161,"15","No","1",2022-06-06 15:54:07,2022-06-06 15:54:07
5286,3330,161,"15","No","1",2022-06-06 15:54:11,2022-06-06 15:54:11
5287,3330,161,"15","No","1",2022-06-06 15:54:15,2022-06-06 15:54:15
5288,3330,161,"15","No","1",2022-06-06 15:54:19,2022-06-06 15:54:19
5289,3330,161,"15","No","1",2022-06-06 15:54:23,2022-06-06 15:54:23
5290,3330,161,"15","No","1",2022-06-06 15:54:27,2022-06-06 15:54:27
5291,3330,161,"15","No","1",2022-06-06 15:54:31,2022-06-06 15:54:31
5292,3330,161,"15","No","1",2022-06-06 15:54:35,2022-06-06 15:54:35
5293,3330,161,"15","No","1",2022-06-06 15:54:39,2022-06-06 15:54:39
5294,3330,161,"15","No","1",2022-06-06 15:54:43,2022-06-06 15:54:43
5295,3330,161,"15","No","1",2022-06-06 15:54:47,2022-06-06 15:54:47
5296,3330,161,"15","No","1",2022-06-06 15:54:51,2022-06-06 15:54:51
5297,3330,161,"15","No","1",2022-06-06 15:54:55,2022-06-06 15:54:55
5298,3330,161,"15","No","1",2022-06-06 15:54:59,2022-06-06 15:54:59
5299,3330,161,"15","No","1",2022-06-06 15:55:03,2022-06-06 15:55:03
5300,3330,161,"15","No","1",2022-06-06 15:55:07,2022-06-06 15:55:07
5301,3330,161,"15","No","1",2022-06-06 15:55:11,2022-06-06 15:55:11
5302,3330,161,"15","No","1",2022-06-06 15:55:15,2022-06-06 15:55:15
5303,3330,161,"15","No","1",2022-06-06 15:55:19,2022-06-06 15:55:19
5304,3330,161,"15","No","1",2022-06-06 15:55:23,2022-06-06 15:55:23
5305,3330,161,"15","No","1",2022-06-06 15:55:27,2022-06-06 15:55:27
5306,3330,161,"15","No","1",2022-06-06 15:55:31,2022-06-06 15:55:31
5307,3330,161,"15","No","1",2022-06-06 15:55:35,2022-06-06 15:55:35
5308,3330,161,"15","No","1",2022-06-06 15:55:39,2022-06-06 15:55:39
5309,3330,161,"15","No","1",2022-06-06 15:55:43,2022-06-06 15:55:43
5310,3330,161,"15","No","1",2022-06-06 15:55:47,2022-06-06 15:55:47
5311,3330,161,"15","No","1",2022-06-06 15:55:51,2022-06-06 15:55:51
5312,3330,161,"15","No","1",2022-06-06 15:55:55,2022-06-06 15:55:55
5313,3330,161,"15","No","1",2022-06-06 15:55:59,2022-06-06 15:55:59
5314,3330,161,"15","No","1",2022-06-06 15:56:03,2022-06-06 15:56:03
5315,3330,161,"15","No","1",2022-06-06 15:56:07,2022-06-06 15:56:07
5316,3330,161,"15","No","1",2022-06-06 15:56:11,2022-06-06 15:56:11
5317,3330,161,"15","No","1",2022-06-06 15:56:15,2022-06-06 15:56:15
5318,3330,161,"15","No","1",2022-06-06 15:56:19,2022-06-06 15:56:19
5319,3330,161,"15","No","1",2022-06-06 15:56:23,2022-06-06 15:56:23
5320,3330,161,"15","No","1",2022-06-06 15:56:27,2022-06-06 15:56:27
5321,3330,161,"15","No","1",2022-06-06 15:56:31,2022-06-06 15:56:31
5322,3330,161,"15","No","1",2022-06-06 15:56:35,2022-06-06 15:56:35
5323,3330,161,"15","No","1",2022-06-06 15:56:39,2022-06-06 15:56:39
5324,3330,161,"15","No","1",2022-06-06 15:56:43,2022-06-06 15:56:43
5325,3330,161,"15","No","1",2022-06-06 15:56:47,2022-06-06 15:56:47
5326,3330,161,"15","No","1",2022-06-06 15:56:51,2022-06-06 15:56:51
5327,3330,161,"15","No","1",2022-06-06 15:56:55,2022-06-06 15:56:55
5328,3330,161,"15","No","1",2022-06-06 15:56:59,2022-06-06 15:56:59
5329,3330,161,"15","No","1",2022-06-06 15:57:03,2022-06-06 15:57:03
5330,3330,161,"15","No","1",2022-06-06 15:57:07,2022-06-06 15:57:07
5331,3330,161,"15","No","1",2022-06-06 15:57:11,2022-06-06 15:57:11
5332,3330,161,"15","No","1",2022-06-06 15:57:15,2022-06-06 15:57:15
5333,3330,161,"15","No","1",2022-06-06 15:57:19,2022-06-06 15:57:19
5334,3330,161,"15","No","1",2022-06-06 15:57:23,2022-06-06 15:57:23
5335,3330,161,"15","No","1",2022-06-06 15:57:27,2022-06-06 15:57:27
5336,3330,161,"15","No","1",2022-06-06 15:57:31,2022-06-06 15:57:31
5337,3330,161,"15","No","1",2022-06-06 15:57:35,2022-06-06 15:57:35
5338,3330,161,"15","No","1",2022-06-06 15:57:39,2022-06-06 15:57:39
5339,3330,161,"15","No","1",2022-06-06 15:57:43,2022-06-06 15:57:43
5340,3330,161,"15","No","1",2022-06-06 15:57:47,2022-06-06 15:57:47
5341,3330,161,"15","No","1",2022-06-06 15:57:51,2022-06-06 15:57:51
5342,3330,161,"15","No","1",2022-06-06 15:57:55,2022-06-06 15:57:55
5343,3330,161,"15","No","1",2022-06-06 15:57:59,2022-06-06 15:57:59
5344,3330,161,"15","No","1",2022-06-06 15:58:03,2022-06-06 15:58:03
5345,3330,161,"15","No","1",2022-06-06 15:58:07,2022-06-06 15:58:07
5346,3330,161,"15","No","1",2022-06-06 15:58:11,2022-06-06 15:58:11
5347,3330,161,"15","No","1",2022-06-06 15:58:15,2022-06-06 15:58:15
5348,3330,161,"15","No","1",2022-06-06 15:58:19,2022-06-06 15:58:19
5349,3330,161,"15","No","1",2022-06-06 15:58:23,2022-06-06 15:58:23
5350,3330,161,"15","No","1",2022-06-06 15:58:27,2022-06-06 15:58:27
5351,3330,161,"15","No","1",2022-06-06 15:58:31,2022-06-06 15:58:31
5352,3330,161,"15","No","1",2022-06-06 15:58:35,2022-06-06 15:58:35
5353,3330,161,"15","No","1",2022-06-06 15:58:39,2022-06-06 15:58:39
5354,3330,161,"15","No","1",2022-06-06 15:58:43,2022-06-06 15:58:43
5355,3330,161,"15","No","1",2022-06-06 15:58:47,2022-06-06 15:58:47
5356,3330,161,"15","No","1",2022-06-06 15:58:51,2022-06-06 15:58:51
5357,3330,161,"15","No","1",2022-06-06 15:58:55,2022-06-06 15:58:55
5358,3330,161,"15","No","1",2022-06-06 15:58:59,2022-06-06 15:58:59
5359,3330,161,"15","No","1",2022-06-06 15:59:03,2022-06-06 15:59:03
5360,3330,161,"15","No","1",2022-06-06 15:59:07,2022-06-06 15:59:07
5361,3330,161,"15","No","1",2022-06-06 15:59:11,2022-06-06 15:59:11
5362,3330,161,"15","No","1",2022-06-06 15:59:15,2022-06-06 15:59:15
5363,3330,161,"15","No","1",2022-06-06 15:59:19,2022-06-06 15:59:19
5364,3330,161,"15","No","1",2022-06-06 15:59:23,2022-06-06 15:59:23
5365,3330,161,"15","No","1",2022-06-06 15:59:27,2022-06-06 15:59:27
5366,3330,161,"15","No","1",2022-06-06 15:59:31,2022-06-06 15:59:31
5367,3330,161,"15","No","1",2022-06-06 15:59:35,2022-06-06 15:59:35
5368,3330,161,"15","No","1",2022-06-06 15:59:39,2022-06-06 15:59:39
5369,3330,161,"15","No","1",2022-06-06 15:59:43,2022-06-06 15:59:43
5370,3330,161,"15","No","1",2022-06-06 15:59:47,2022-06-06 15:59:47
5371,3330,161,"15","No","1",2022-06-06 15:59:51,2022-06-06 15:59:51
5372,3330,161,"15","No","1",2022-06-06 15:59:55,2022-06-06 15:59:55
5373,3330,161,"15","No","1",2022-06-06 15:59:59,2022-06-06 15:59:59
5374,3330,161,"15","No","1",2022-06-06 16:00:04,2022-06-06 16:00:04
5375,3330,161,"15","No","1",2022-06-06 16:00:07,2022-06-06 16:00:07
5376,3330,161,"15","No","1",2022-06-06 16:00:11,2022-06-06 16:00:11
5377,3330,161,"15","No","1",2022-06-06 16:00:15,2022-06-06 16:00:15
5378,3330,161,"15","No","1",2022-06-06 16:00:19,2022-06-06 16:00:19
5379,3330,161,"15","No","1",2022-06-06 16:00:23,2022-06-06 16:00:23
5380,3330,161,"15","No","1",2022-06-06 16:00:27,2022-06-06 16:00:27
5381,3330,161,"15","No","1",2022-06-06 16:00:31,2022-06-06 16:00:31
5382,3330,161,"15","No","1",2022-06-06 16:00:35,2022-06-06 16:00:35
5383,3330,161,"15","No","1",2022-06-06 16:00:39,2022-06-06 16:00:39
5384,3330,161,"15","No","1",2022-06-06 16:00:43,2022-06-06 16:00:43
5385,3330,161,"15","No","1",2022-06-06 16:00:47,2022-06-06 16:00:47
5386,3330,161,"15","No","1",2022-06-06 16:00:51,2022-06-06 16:00:51
5387,3330,161,"15","No","1",2022-06-06 16:00:55,2022-06-06 16:00:55
5388,3330,161,"15","No","1",2022-06-06 16:00:59,2022-06-06 16:00:59
5389,3330,161,"15","No","1",2022-06-06 16:01:03,2022-06-06 16:01:03
5390,3330,161,"15","No","1",2022-06-06 16:01:07,2022-06-06 16:01:07
5391,3330,161,"15","No","1",2022-06-06 16:01:11,2022-06-06 16:01:11
5392,3330,161,"15","No","1",2022-06-06 16:01:15,2022-06-06 16:01:15
5393,3330,161,"15","No","1",2022-06-06 16:01:19,2022-06-06 16:01:19
5394,3330,161,"15","No","1",2022-06-06 16:01:23,2022-06-06 16:01:23
5395,3330,161,"15","No","1",2022-06-06 16:01:27,2022-06-06 16:01:27
5396,3330,161,"15","No","1",2022-06-06 16:01:31,2022-06-06 16:01:31
5397,3330,161,"15","No","1",2022-06-06 16:01:35,2022-06-06 16:01:35
5398,3330,161,"15","No","1",2022-06-06 16:01:39,2022-06-06 16:01:39
5399,3330,161,"15","No","1",2022-06-06 16:01:43,2022-06-06 16:01:43
5400,3330,161,"15","No","1",2022-06-06 16:01:47,2022-06-06 16:01:47
5401,3330,161,"15","No","1",2022-06-06 16:01:51,2022-06-06 16:01:51
5402,3330,161,"15","No","1",2022-06-06 16:01:55,2022-06-06 16:01:55
5403,3330,161,"15","No","1",2022-06-06 16:01:59,2022-06-06 16:01:59
5404,3330,161,"15","No","1",2022-06-06 16:02:03,2022-06-06 16:02:03
5405,3330,161,"15","No","1",2022-06-06 16:02:07,2022-06-06 16:02:07
5406,3330,161,"15","No","1",2022-06-06 16:02:11,2022-06-06 16:02:11
5407,3330,161,"15","No","1",2022-06-06 16:02:15,2022-06-06 16:02:15
5408,3330,161,"15","No","1",2022-06-06 16:02:19,2022-06-06 16:02:19
5409,3330,161,"15","No","1",2022-06-06 16:02:23,2022-06-06 16:02:23
5410,3330,161,"15","No","1",2022-06-06 16:02:27,2022-06-06 16:02:27
5411,3330,161,"15","No","1",2022-06-06 16:02:31,2022-06-06 16:02:31
5412,3330,161,"15","No","1",2022-06-06 16:02:35,2022-06-06 16:02:35
5413,3330,161,"15","No","1",2022-06-06 16:02:39,2022-06-06 16:02:39
5414,3330,161,"15","No","1",2022-06-06 16:02:43,2022-06-06 16:02:43
5415,3330,161,"15","No","1",2022-06-06 16:02:47,2022-06-06 16:02:47
5416,3330,161,"15","No","1",2022-06-06 16:02:51,2022-06-06 16:02:51
5417,3330,161,"15","No","1",2022-06-06 16:02:55,2022-06-06 16:02:55
5418,3330,161,"15","No","1",2022-06-06 16:02:59,2022-06-06 16:02:59
5419,3330,161,"15","No","1",2022-06-06 16:03:03,2022-06-06 16:03:03
5420,3330,161,"15","No","1",2022-06-06 16:03:07,2022-06-06 16:03:07
5421,3330,161,"15","No","1",2022-06-06 16:03:11,2022-06-06 16:03:11
5422,3330,161,"15","No","1",2022-06-06 16:03:15,2022-06-06 16:03:15
5423,3330,161,"15","No","1",2022-06-06 16:03:19,2022-06-06 16:03:19
5424,3330,161,"15","No","1",2022-06-06 16:03:23,2022-06-06 16:03:23
5425,3330,161,"15","No","1",2022-06-06 16:03:27,2022-06-06 16:03:27
5426,3330,161,"15","No","1",2022-06-06 16:03:31,2022-06-06 16:03:31
5427,3330,161,"15","No","1",2022-06-06 16:03:35,2022-06-06 16:03:35
5428,3330,161,"15","No","1",2022-06-06 16:03:39,2022-06-06 16:03:39
5429,3330,161,"15","No","1",2022-06-06 16:03:43,2022-06-06 16:03:43
5430,3330,161,"15","No","1",2022-06-06 16:03:47,2022-06-06 16:03:47
5431,3330,161,"15","No","1",2022-06-06 16:03:51,2022-06-06 16:03:51
5432,3330,161,"15","No","1",2022-06-06 16:03:55,2022-06-06 16:03:55
5433,3330,161,"15","No","1",2022-06-06 16:03:59,2022-06-06 16:03:59
5434,3330,161,"15","No","1",2022-06-06 16:04:03,2022-06-06 16:04:03
5435,3330,161,"15","No","1",2022-06-06 16:04:07,2022-06-06 16:04:07
5436,3330,161,"15","No","1",2022-06-06 16:04:11,2022-06-06 16:04:11
5437,3330,161,"15","No","1",2022-06-06 16:04:15,2022-06-06 16:04:15
5438,3330,161,"15","No","1",2022-06-06 16:04:19,2022-06-06 16:04:19
5439,3330,161,"15","No","1",2022-06-06 16:04:23,2022-06-06 16:04:23
5440,3330,161,"15","No","1",2022-06-06 16:04:27,2022-06-06 16:04:27
5441,3330,161,"15","No","1",2022-06-06 16:04:31,2022-06-06 16:04:31
5442,3330,161,"15","No","1",2022-06-06 16:04:35,2022-06-06 16:04:35
5443,3330,161,"15","No","1",2022-06-06 16:04:39,2022-06-06 16:04:39
5444,3330,161,"15","No","1",2022-06-06 16:04:43,2022-06-06 16:04:43
5445,3330,161,"15","No","1",2022-06-06 16:04:47,2022-06-06 16:04:47
5446,3330,161,"15","No","1",2022-06-06 16:04:51,2022-06-06 16:04:51
5447,3330,161,"15","No","1",2022-06-06 16:04:55,2022-06-06 16:04:55
5448,3330,161,"15","No","1",2022-06-06 16:04:59,2022-06-06 16:04:59
5449,3330,161,"15","No","1",2022-06-06 16:05:03,2022-06-06 16:05:03
5450,3330,161,"15","No","1",2022-06-06 16:05:07,2022-06-06 16:05:07
5451,3330,161,"15","No","1",2022-06-06 16:05:11,2022-06-06 16:05:11
5452,3330,161,"15","No","1",2022-06-06 16:05:15,2022-06-06 16:05:15
5453,3330,161,"15","No","1",2022-06-06 16:05:19,2022-06-06 16:05:19
5454,3330,161,"15","No","1",2022-06-06 16:05:23,2022-06-06 16:05:23
5455,3330,161,"15","No","1",2022-06-06 16:05:27,2022-06-06 16:05:27
5456,3330,161,"15","No","1",2022-06-06 16:05:31,2022-06-06 16:05:31
5457,3330,161,"15","No","1",2022-06-06 16:05:35,2022-06-06 16:05:35
5458,3330,161,"15","No","1",2022-06-06 16:05:39,2022-06-06 16:05:39
5459,3330,161,"15","No","1",2022-06-06 16:05:43,2022-06-06 16:05:43
5460,3330,161,"15","No","1",2022-06-06 16:05:47,2022-06-06 16:05:47
5461,3330,161,"15","No","1",2022-06-06 16:05:51,2022-06-06 16:05:51
5462,3330,161,"15","No","1",2022-06-06 16:05:55,2022-06-06 16:05:55
5463,3330,161,"15","No","1",2022-06-06 16:05:59,2022-06-06 16:05:59
5464,3330,161,"15","No","1",2022-06-06 16:06:03,2022-06-06 16:06:03
5465,3330,161,"15","No","1",2022-06-06 16:06:07,2022-06-06 16:06:07
5466,3330,161,"15","No","1",2022-06-06 16:06:11,2022-06-06 16:06:11
5467,3330,161,"15","No","1",2022-06-06 16:06:15,2022-06-06 16:06:15
5468,3330,161,"15","No","1",2022-06-06 16:06:19,2022-06-06 16:06:19
5469,3330,161,"15","No","1",2022-06-06 16:06:23,2022-06-06 16:06:23
5470,3330,161,"15","No","1",2022-06-06 16:06:27,2022-06-06 16:06:27
5471,3330,161,"15","No","1",2022-06-06 16:06:31,2022-06-06 16:06:31
5472,3330,161,"15","No","1",2022-06-06 16:06:35,2022-06-06 16:06:35
5473,3330,161,"15","No","1",2022-06-06 16:06:39,2022-06-06 16:06:39
5474,3330,161,"15","No","1",2022-06-06 16:06:43,2022-06-06 16:06:43
5475,3330,161,"15","No","1",2022-06-06 16:06:47,2022-06-06 16:06:47
5476,3330,161,"15","No","1",2022-06-06 16:06:51,2022-06-06 16:06:51
5477,3330,161,"15","No","1",2022-06-06 16:06:55,2022-06-06 16:06:55
5478,3330,161,"15","No","1",2022-06-06 16:06:59,2022-06-06 16:06:59
5479,3330,161,"15","No","1",2022-06-06 16:07:03,2022-06-06 16:07:03
5480,3330,161,"15","No","1",2022-06-06 16:07:07,2022-06-06 16:07:07
5481,3330,161,"15","No","1",2022-06-06 16:07:11,2022-06-06 16:07:11
5482,3330,161,"15","No","1",2022-06-06 16:07:15,2022-06-06 16:07:15
5483,3330,161,"15","No","1",2022-06-06 16:07:19,2022-06-06 16:07:19
5484,3330,161,"15","No","1",2022-06-06 16:07:23,2022-06-06 16:07:23
5485,3330,161,"15","No","1",2022-06-06 16:07:27,2022-06-06 16:07:27
5486,3330,161,"15","No","1",2022-06-06 16:07:31,2022-06-06 16:07:31
5487,3330,161,"15","No","1",2022-06-06 16:07:35,2022-06-06 16:07:35
5488,3330,161,"15","No","1",2022-06-06 16:07:39,2022-06-06 16:07:39
5489,3330,161,"15","No","1",2022-06-06 16:07:43,2022-06-06 16:07:43
5490,3330,161,"15","No","1",2022-06-06 16:07:47,2022-06-06 16:07:47
5491,3330,161,"15","No","1",2022-06-06 16:07:51,2022-06-06 16:07:51
5492,3330,161,"15","No","1",2022-06-06 16:07:55,2022-06-06 16:07:55
5493,3330,161,"15","No","1",2022-06-06 16:07:59,2022-06-06 16:07:59
5494,3330,161,"15","No","1",2022-06-06 16:08:03,2022-06-06 16:08:03
5495,3330,161,"15","No","1",2022-06-06 16:08:07,2022-06-06 16:08:07
5496,3330,161,"15","No","1",2022-06-06 16:08:11,2022-06-06 16:08:11
5497,3330,161,"15","No","1",2022-06-06 16:08:15,2022-06-06 16:08:15
5498,3330,161,"15","No","1",2022-06-06 16:08:19,2022-06-06 16:08:19
5499,3330,161,"15","No","1",2022-06-06 16:08:23,2022-06-06 16:08:23
5500,3330,161,"15","No","1",2022-06-06 16:08:27,2022-06-06 16:08:27
5501,3330,161,"15","No","1",2022-06-06 16:08:31,2022-06-06 16:08:31
5502,3330,161,"15","No","1",2022-06-06 16:08:35,2022-06-06 16:08:35
5503,3330,161,"15","No","1",2022-06-06 16:08:39,2022-06-06 16:08:39
5504,3330,161,"15","No","1",2022-06-06 16:08:43,2022-06-06 16:08:43
5505,3330,161,"15","No","1",2022-06-06 16:08:47,2022-06-06 16:08:47
5506,3330,161,"15","No","1",2022-06-06 16:08:51,2022-06-06 16:08:51
5507,3330,161,"15","No","1",2022-06-06 16:08:55,2022-06-06 16:08:55
5508,3330,161,"15","No","1",2022-06-06 16:08:59,2022-06-06 16:08:59
5509,3330,161,"15","No","1",2022-06-06 16:09:03,2022-06-06 16:09:03
5510,3330,161,"15","No","1",2022-06-06 16:09:07,2022-06-06 16:09:07
5511,3330,161,"15","No","1",2022-06-06 16:09:11,2022-06-06 16:09:11
5512,3330,161,"15","No","1",2022-06-06 16:09:15,2022-06-06 16:09:15
5513,3330,161,"15","No","1",2022-06-06 16:09:19,2022-06-06 16:09:19
5514,3330,161,"15","No","1",2022-06-06 16:09:23,2022-06-06 16:09:23
5515,3330,161,"15","No","1",2022-06-06 16:09:27,2022-06-06 16:09:27
5516,3330,161,"15","No","1",2022-06-06 16:09:31,2022-06-06 16:09:31
5517,3330,161,"15","No","1",2022-06-06 16:09:35,2022-06-06 16:09:35
5518,3330,161,"15","No","1",2022-06-06 16:09:39,2022-06-06 16:09:39
5519,3330,161,"15","No","1",2022-06-06 16:09:43,2022-06-06 16:09:43
5520,3330,161,"15","No","1",2022-06-06 16:09:47,2022-06-06 16:09:47
5521,3330,161,"15","No","1",2022-06-06 16:09:51,2022-06-06 16:09:51
5522,3330,161,"15","No","1",2022-06-06 16:09:55,2022-06-06 16:09:55
5523,3330,161,"15","No","1",2022-06-06 16:09:59,2022-06-06 16:09:59
5524,3330,161,"15","No","1",2022-06-06 16:10:03,2022-06-06 16:10:03
5525,3330,161,"15","No","1",2022-06-06 16:10:07,2022-06-06 16:10:07
5526,3330,161,"15","No","1",2022-06-06 16:10:11,2022-06-06 16:10:11
5527,3330,161,"15","No","1",2022-06-06 16:10:15,2022-06-06 16:10:15
5528,3330,161,"15","No","1",2022-06-06 16:10:19,2022-06-06 16:10:19
5529,3330,161,"15","No","1",2022-06-06 16:10:23,2022-06-06 16:10:23
5530,3330,161,"15","No","1",2022-06-06 16:10:27,2022-06-06 16:10:27
5531,3330,161,"15","No","1",2022-06-06 16:10:31,2022-06-06 16:10:31
5532,3330,161,"15","No","1",2022-06-06 16:10:35,2022-06-06 16:10:35
5533,3330,161,"15","No","1",2022-06-06 16:10:39,2022-06-06 16:10:39
5534,3330,161,"15","No","1",2022-06-06 16:10:43,2022-06-06 16:10:43
5535,3330,161,"15","No","1",2022-06-06 16:10:47,2022-06-06 16:10:47
5536,3330,161,"15","No","1",2022-06-06 16:10:51,2022-06-06 16:10:51
5537,3330,161,"15","No","1",2022-06-06 16:10:55,2022-06-06 16:10:55
5538,3330,161,"15","No","1",2022-06-06 16:10:59,2022-06-06 16:10:59
5539,3330,161,"15","No","1",2022-06-06 16:11:03,2022-06-06 16:11:03
5540,3330,161,"15","No","1",2022-06-06 16:11:07,2022-06-06 16:11:07
5541,3330,161,"15","No","1",2022-06-06 16:11:11,2022-06-06 16:11:11
5542,3330,161,"15","No","1",2022-06-06 16:11:15,2022-06-06 16:11:15
5543,3330,161,"15","No","1",2022-06-06 16:11:19,2022-06-06 16:11:19
5544,3330,161,"15","No","1",2022-06-06 16:11:23,2022-06-06 16:11:23
5545,3330,161,"15","No","1",2022-06-06 16:11:27,2022-06-06 16:11:27
5546,3330,161,"15","No","1",2022-06-06 16:11:31,2022-06-06 16:11:31
5547,3330,161,"15","No","1",2022-06-06 16:11:35,2022-06-06 16:11:35
5548,3330,161,"15","No","1",2022-06-06 16:11:39,2022-06-06 16:11:39
5549,3330,161,"15","No","1",2022-06-06 16:11:43,2022-06-06 16:11:43
5550,3330,161,"15","No","1",2022-06-06 16:11:47,2022-06-06 16:11:47
5551,3330,161,"15","No","1",2022-06-06 16:11:51,2022-06-06 16:11:51
5552,3330,161,"15","No","1",2022-06-06 16:11:55,2022-06-06 16:11:55
5553,3330,161,"15","No","1",2022-06-06 16:11:59,2022-06-06 16:11:59
5554,3330,161,"15","No","1",2022-06-06 16:12:03,2022-06-06 16:12:03
5555,3330,161,"15","No","1",2022-06-06 16:12:07,2022-06-06 16:12:07
5556,3330,161,"15","No","1",2022-06-06 16:12:11,2022-06-06 16:12:11
5557,3330,161,"15","No","1",2022-06-06 16:12:15,2022-06-06 16:12:15
5558,3330,161,"15","No","1",2022-06-06 16:12:19,2022-06-06 16:12:19
5559,3330,161,"15","No","1",2022-06-06 16:12:23,2022-06-06 16:12:23
5560,3330,161,"15","No","1",2022-06-06 16:12:27,2022-06-06 16:12:27
5561,3330,161,"15","No","1",2022-06-06 16:12:31,2022-06-06 16:12:31
5562,3330,161,"15","No","1",2022-06-06 16:12:35,2022-06-06 16:12:35
5563,3330,161,"15","No","1",2022-06-06 16:12:39,2022-06-06 16:12:39
5564,3330,161,"15","No","1",2022-06-06 16:12:43,2022-06-06 16:12:43
5565,3330,161,"15","No","1",2022-06-06 16:12:47,2022-06-06 16:12:47
5566,3330,161,"15","No","1",2022-06-06 16:12:51,2022-06-06 16:12:51
5567,3330,161,"15","No","1",2022-06-06 16:12:55,2022-06-06 16:12:55
5568,3330,161,"15","No","1",2022-06-06 16:12:59,2022-06-06 16:12:59
5569,3330,161,"15","No","1",2022-06-06 16:13:03,2022-06-06 16:13:03
5570,3330,161,"15","No","1",2022-06-06 16:13:07,2022-06-06 16:13:07
5571,3330,161,"15","No","1",2022-06-06 16:13:11,2022-06-06 16:13:11
5572,3330,161,"15","No","1",2022-06-06 16:13:15,2022-06-06 16:13:15
5573,3330,161,"15","No","1",2022-06-06 16:13:19,2022-06-06 16:13:19
5574,3330,161,"15","No","1",2022-06-06 16:13:23,2022-06-06 16:13:23
5575,3330,161,"15","No","1",2022-06-06 16:13:27,2022-06-06 16:13:27
5576,3330,161,"15","No","1",2022-06-06 16:13:31,2022-06-06 16:13:31
5577,3330,161,"15","No","1",2022-06-06 16:13:35,2022-06-06 16:13:35
5578,3330,161,"15","No","1",2022-06-06 16:13:39,2022-06-06 16:13:39
5579,3330,161,"15","No","1",2022-06-06 16:13:43,2022-06-06 16:13:43
5580,3330,161,"15","No","1",2022-06-06 16:13:47,2022-06-06 16:13:47
5581,3330,161,"15","No","1",2022-06-06 16:13:51,2022-06-06 16:13:51
5582,3330,161,"15","No","1",2022-06-06 16:13:55,2022-06-06 16:13:55
5583,3330,161,"15","No","1",2022-06-06 16:13:59,2022-06-06 16:13:59
5584,3330,161,"15","No","1",2022-06-06 16:14:03,2022-06-06 16:14:03
5585,3330,161,"15","No","1",2022-06-06 16:14:07,2022-06-06 16:14:07
5586,3330,161,"15","No","1",2022-06-06 16:14:11,2022-06-06 16:14:11
5587,3330,161,"15","No","1",2022-06-06 16:14:15,2022-06-06 16:14:15
5588,3330,161,"15","No","1",2022-06-06 16:14:19,2022-06-06 16:14:19
5589,3330,161,"15","No","1",2022-06-06 16:14:23,2022-06-06 16:14:23
5590,3330,161,"15","No","1",2022-06-06 16:14:27,2022-06-06 16:14:27
5591,3330,161,"15","No","1",2022-06-06 16:14:31,2022-06-06 16:14:31
5592,3330,161,"15","No","1",2022-06-06 16:14:35,2022-06-06 16:14:35
5593,3330,161,"15","No","1",2022-06-06 16:14:39,2022-06-06 16:14:39
5594,3330,161,"15","No","1",2022-06-06 16:14:43,2022-06-06 16:14:43
5595,3330,161,"15","No","1",2022-06-06 16:14:47,2022-06-06 16:14:47
5596,3330,161,"15","No","1",2022-06-06 16:14:51,2022-06-06 16:14:51
5597,3330,161,"15","No","1",2022-06-06 16:14:55,2022-06-06 16:14:55
5598,3330,161,"15","No","1",2022-06-06 16:14:59,2022-06-06 16:14:59
5599,3330,161,"15","No","1",2022-06-06 16:15:03,2022-06-06 16:15:03
5600,3330,161,"15","No","1",2022-06-06 16:15:07,2022-06-06 16:15:07
5601,3330,161,"15","No","1",2022-06-06 16:15:11,2022-06-06 16:15:11
5602,3330,161,"15","No","1",2022-06-06 16:15:15,2022-06-06 16:15:15
5603,3330,161,"15","No","1",2022-06-06 16:15:19,2022-06-06 16:15:19
5604,3330,161,"15","No","1",2022-06-06 16:15:23,2022-06-06 16:15:23
5605,3330,161,"15","No","1",2022-06-06 16:15:27,2022-06-06 16:15:27
5606,3330,161,"15","No","1",2022-06-06 16:15:31,2022-06-06 16:15:31
5607,3330,161,"15","No","1",2022-06-06 16:15:35,2022-06-06 16:15:35
5608,3330,161,"15","No","1",2022-06-06 16:15:39,2022-06-06 16:15:39
5609,3330,161,"15","No","1",2022-06-06 16:15:43,2022-06-06 16:15:43
5610,3330,161,"15","No","1",2022-06-06 16:15:47,2022-06-06 16:15:47
5611,3330,161,"15","No","1",2022-06-06 16:15:51,2022-06-06 16:15:51
5612,3330,161,"15","No","1",2022-06-06 16:15:55,2022-06-06 16:15:55
5613,3330,161,"15","No","1",2022-06-06 16:15:59,2022-06-06 16:15:59
5614,3330,161,"15","No","1",2022-06-06 16:16:03,2022-06-06 16:16:03
5615,3330,161,"15","No","1",2022-06-06 16:16:07,2022-06-06 16:16:07
5616,3330,161,"15","No","1",2022-06-06 16:16:11,2022-06-06 16:16:11
5617,3330,161,"15","No","1",2022-06-06 16:16:15,2022-06-06 16:16:15
5618,3330,161,"15","No","1",2022-06-06 16:16:19,2022-06-06 16:16:19
5619,3330,161,"15","No","1",2022-06-06 16:16:23,2022-06-06 16:16:23
5620,3330,161,"15","No","1",2022-06-06 16:16:27,2022-06-06 16:16:27
5621,3330,161,"15","No","1",2022-06-06 16:16:31,2022-06-06 16:16:31
5622,3330,161,"15","No","1",2022-06-06 16:16:35,2022-06-06 16:16:35
5623,3330,161,"15","No","1",2022-06-06 16:16:39,2022-06-06 16:16:39
5624,3330,161,"15","No","1",2022-06-06 16:16:43,2022-06-06 16:16:43
5625,3330,161,"15","No","1",2022-06-06 16:16:47,2022-06-06 16:16:47
5626,3330,161,"15","No","1",2022-06-06 16:16:51,2022-06-06 16:16:51
5627,3330,161,"15","No","1",2022-06-06 16:16:55,2022-06-06 16:16:55
5628,3330,161,"15","No","1",2022-06-06 16:16:59,2022-06-06 16:16:59
5629,3330,161,"15","No","1",2022-06-06 16:17:03,2022-06-06 16:17:03
5630,3330,161,"15","No","1",2022-06-06 16:17:07,2022-06-06 16:17:07
5631,3330,161,"15","No","1",2022-06-06 16:17:11,2022-06-06 16:17:11
5632,3330,161,"15","No","1",2022-06-06 16:17:15,2022-06-06 16:17:15
5633,3330,161,"15","No","1",2022-06-06 16:17:19,2022-06-06 16:17:19
5634,3330,161,"15","No","1",2022-06-06 16:17:23,2022-06-06 16:17:23
5635,3330,161,"15","No","1",2022-06-06 16:17:27,2022-06-06 16:17:27
5636,3330,161,"15","No","1",2022-06-06 16:17:31,2022-06-06 16:17:31
5637,3330,161,"15","No","1",2022-06-06 16:17:35,2022-06-06 16:17:35
5638,3330,161,"15","No","1",2022-06-06 16:17:39,2022-06-06 16:17:39
5639,3330,161,"15","No","1",2022-06-06 16:17:43,2022-06-06 16:17:43
5640,3330,161,"15","No","1",2022-06-06 16:17:47,2022-06-06 16:17:47
5641,3330,161,"15","No","1",2022-06-06 16:17:51,2022-06-06 16:17:51
5642,3330,161,"15","No","1",2022-06-06 16:17:55,2022-06-06 16:17:55
5643,3330,161,"15","No","1",2022-06-06 16:17:59,2022-06-06 16:17:59
5644,3330,161,"15","No","1",2022-06-06 16:18:03,2022-06-06 16:18:03
5645,3330,161,"15","No","1",2022-06-06 16:18:07,2022-06-06 16:18:07
5646,3330,161,"15","No","1",2022-06-06 16:18:11,2022-06-06 16:18:11
5647,3330,161,"15","No","1",2022-06-06 16:18:15,2022-06-06 16:18:15
5648,3330,161,"15","No","1",2022-06-06 16:18:19,2022-06-06 16:18:19
5649,3330,161,"15","No","1",2022-06-06 16:18:23,2022-06-06 16:18:23
5650,3330,161,"15","No","1",2022-06-06 16:18:27,2022-06-06 16:18:27
5651,3330,161,"15","No","1",2022-06-06 16:18:31,2022-06-06 16:18:31
5652,3330,161,"15","No","1",2022-06-06 16:18:35,2022-06-06 16:18:35
5653,3330,161,"15","No","1",2022-06-06 16:18:39,2022-06-06 16:18:39
5654,3330,161,"15","No","1",2022-06-06 16:18:43,2022-06-06 16:18:43
5655,3330,161,"15","No","1",2022-06-06 16:18:47,2022-06-06 16:18:47
5656,3330,161,"15","No","1",2022-06-06 16:18:51,2022-06-06 16:18:51
5657,3330,161,"15","No","1",2022-06-06 16:18:55,2022-06-06 16:18:55
5658,3330,161,"15","No","1",2022-06-06 16:18:59,2022-06-06 16:18:59
5659,3330,161,"15","No","1",2022-06-06 16:19:03,2022-06-06 16:19:03
5660,3330,161,"15","No","1",2022-06-06 16:19:07,2022-06-06 16:19:07
5661,3330,161,"15","No","1",2022-06-06 16:19:11,2022-06-06 16:19:11
5662,3330,161,"15","No","1",2022-06-06 16:19:15,2022-06-06 16:19:15
5663,3330,161,"15","No","1",2022-06-06 16:19:19,2022-06-06 16:19:19
5664,3330,161,"15","No","1",2022-06-06 16:19:23,2022-06-06 16:19:23
5665,3330,161,"15","No","1",2022-06-06 16:19:27,2022-06-06 16:19:27
5666,3330,161,"15","No","1",2022-06-06 16:19:31,2022-06-06 16:19:31
5667,3330,161,"15","No","1",2022-06-06 16:19:35,2022-06-06 16:19:35
5668,3330,161,"15","No","1",2022-06-06 16:19:39,2022-06-06 16:19:39
5669,3330,161,"15","No","1",2022-06-06 16:19:43,2022-06-06 16:19:43
5670,3330,161,"15","No","1",2022-06-06 16:19:47,2022-06-06 16:19:47
5671,3330,161,"15","No","1",2022-06-06 16:19:51,2022-06-06 16:19:51
5672,3330,161,"15","No","1",2022-06-06 16:19:55,2022-06-06 16:19:55
5673,3330,161,"15","No","1",2022-06-06 16:19:59,2022-06-06 16:19:59
5674,3330,161,"15","No","1",2022-06-06 16:20:03,2022-06-06 16:20:03
5675,3330,161,"15","No","1",2022-06-06 16:20:07,2022-06-06 16:20:07
5676,3330,161,"15","No","1",2022-06-06 16:20:11,2022-06-06 16:20:11
5677,3330,161,"15","No","1",2022-06-06 16:20:15,2022-06-06 16:20:15
5678,3330,161,"15","No","1",2022-06-06 16:20:19,2022-06-06 16:20:19
5679,3330,161,"15","No","1",2022-06-06 16:20:23,2022-06-06 16:20:23
5680,3330,161,"15","No","1",2022-06-06 16:20:27,2022-06-06 16:20:27
5681,3330,161,"15","No","1",2022-06-06 16:20:31,2022-06-06 16:20:31
5682,3330,161,"15","No","1",2022-06-06 16:20:35,2022-06-06 16:20:35
5683,3330,161,"15","No","1",2022-06-06 16:20:39,2022-06-06 16:20:39
5684,3330,161,"15","No","1",2022-06-06 16:20:43,2022-06-06 16:20:43
5685,3330,161,"15","No","1",2022-06-06 16:20:47,2022-06-06 16:20:47
5686,3330,161,"15","No","1",2022-06-06 16:20:51,2022-06-06 16:20:51
5687,3330,161,"15","No","1",2022-06-06 16:20:55,2022-06-06 16:20:55
5688,3330,161,"15","No","1",2022-06-06 16:20:59,2022-06-06 16:20:59
5689,3330,161,"15","No","1",2022-06-06 16:21:03,2022-06-06 16:21:03
5690,3330,161,"15","No","1",2022-06-06 16:21:07,2022-06-06 16:21:07
5691,3330,161,"15","No","1",2022-06-06 16:21:11,2022-06-06 16:21:11
5692,3330,161,"15","No","1",2022-06-06 16:21:15,2022-06-06 16:21:15
5693,3330,161,"15","No","1",2022-06-06 16:21:19,2022-06-06 16:21:19
5694,3330,161,"15","No","1",2022-06-06 16:21:23,2022-06-06 16:21:23
5695,3330,161,"15","No","1",2022-06-06 16:21:27,2022-06-06 16:21:27
5696,3330,161,"15","No","1",2022-06-06 16:21:31,2022-06-06 16:21:31
5697,3330,161,"15","No","1",2022-06-06 16:21:35,2022-06-06 16:21:35
5698,3330,161,"15","No","1",2022-06-06 16:21:39,2022-06-06 16:21:39
5699,3330,161,"15","No","1",2022-06-06 16:21:43,2022-06-06 16:21:43
5700,3330,161,"15","No","1",2022-06-06 16:21:47,2022-06-06 16:21:47
5701,3330,161,"15","No","1",2022-06-06 16:21:51,2022-06-06 16:21:51
5702,3330,161,"15","No","1",2022-06-06 16:21:55,2022-06-06 16:21:55
5703,3330,161,"15","No","1",2022-06-06 16:21:59,2022-06-06 16:21:59
5704,3330,161,"15","No","1",2022-06-06 16:22:03,2022-06-06 16:22:03
5705,3330,161,"15","No","1",2022-06-06 16:22:07,2022-06-06 16:22:07
5706,3330,161,"15","No","1",2022-06-06 16:22:11,2022-06-06 16:22:11
5707,3330,161,"15","No","1",2022-06-06 16:22:15,2022-06-06 16:22:15
5708,3330,161,"15","No","1",2022-06-06 16:22:19,2022-06-06 16:22:19
5709,3330,161,"15","No","1",2022-06-06 16:22:23,2022-06-06 16:22:23
5710,3330,161,"15","No","1",2022-06-06 16:22:27,2022-06-06 16:22:27
5711,3330,161,"15","No","1",2022-06-06 16:22:31,2022-06-06 16:22:31
5712,3330,161,"15","No","1",2022-06-06 16:22:35,2022-06-06 16:22:35
5713,3330,161,"15","No","1",2022-06-06 16:22:39,2022-06-06 16:22:39
5714,3330,161,"15","No","1",2022-06-06 16:22:43,2022-06-06 16:22:43
5715,3330,161,"15","No","1",2022-06-06 16:22:47,2022-06-06 16:22:47
5716,3330,161,"15","No","1",2022-06-06 16:22:51,2022-06-06 16:22:51
5717,3330,161,"15","No","1",2022-06-06 16:22:55,2022-06-06 16:22:55
5718,3330,161,"15","No","1",2022-06-06 16:22:59,2022-06-06 16:22:59
5719,3330,161,"15","No","1",2022-06-06 16:23:03,2022-06-06 16:23:03
5720,3330,161,"15","No","1",2022-06-06 16:23:07,2022-06-06 16:23:07
5721,3330,161,"15","No","1",2022-06-06 16:23:11,2022-06-06 16:23:11
5722,3330,161,"15","No","1",2022-06-06 16:23:15,2022-06-06 16:23:15
5723,3330,161,"15","No","1",2022-06-06 16:23:19,2022-06-06 16:23:19
5724,3330,161,"15","No","1",2022-06-06 16:23:23,2022-06-06 16:23:23
5725,3330,161,"15","No","1",2022-06-06 16:23:27,2022-06-06 16:23:27
5726,3330,161,"15","No","1",2022-06-06 16:23:31,2022-06-06 16:23:31
5727,3330,161,"15","No","1",2022-06-06 16:23:35,2022-06-06 16:23:35
5728,3330,161,"15","No","1",2022-06-06 16:23:39,2022-06-06 16:23:39
5729,3330,161,"15","No","1",2022-06-06 16:23:43,2022-06-06 16:23:43
5730,3330,161,"15","No","1",2022-06-06 16:23:47,2022-06-06 16:23:47
5731,3330,161,"15","No","1",2022-06-06 16:23:51,2022-06-06 16:23:51
5732,3330,161,"15","No","1",2022-06-06 16:23:55,2022-06-06 16:23:55
5733,3330,161,"15","No","1",2022-06-06 16:23:59,2022-06-06 16:23:59
5734,3330,161,"15","No","1",2022-06-06 16:24:03,2022-06-06 16:24:03
5735,3330,161,"15","No","1",2022-06-06 16:24:07,2022-06-06 16:24:07
5736,3330,161,"15","No","1",2022-06-06 16:24:11,2022-06-06 16:24:11
5737,3330,161,"15","No","1",2022-06-06 16:24:15,2022-06-06 16:24:15
5738,3330,161,"15","No","1",2022-06-06 16:24:19,2022-06-06 16:24:19
5739,3330,161,"15","No","1",2022-06-06 16:24:23,2022-06-06 16:24:23
5740,3330,161,"15","No","1",2022-06-06 16:24:27,2022-06-06 16:24:27
5741,3330,161,"15","No","1",2022-06-06 16:24:31,2022-06-06 16:24:31
5742,3330,161,"15","No","1",2022-06-06 16:24:35,2022-06-06 16:24:35
5743,3330,161,"15","No","1",2022-06-06 16:24:39,2022-06-06 16:24:39
5744,3330,161,"15","No","1",2022-06-06 16:24:43,2022-06-06 16:24:43
5745,3330,161,"15","No","1",2022-06-06 16:24:47,2022-06-06 16:24:47
5746,3330,161,"15","No","1",2022-06-06 16:24:51,2022-06-06 16:24:51
5747,3330,161,"15","No","1",2022-06-06 16:24:55,2022-06-06 16:24:55
5748,3330,161,"15","No","1",2022-06-06 16:24:59,2022-06-06 16:24:59
5749,3330,161,"15","No","1",2022-06-06 16:25:04,2022-06-06 16:25:04
5750,3330,161,"15","No","1",2022-06-06 16:25:07,2022-06-06 16:25:07
5751,3330,161,"15","No","1",2022-06-06 16:25:11,2022-06-06 16:25:11
5752,3330,161,"15","No","1",2022-06-06 16:25:15,2022-06-06 16:25:15
5753,3330,161,"15","No","1",2022-06-06 16:25:19,2022-06-06 16:25:19
5754,3330,161,"15","No","1",2022-06-06 16:25:23,2022-06-06 16:25:23
5755,3330,161,"15","No","1",2022-06-06 16:25:27,2022-06-06 16:25:27
5756,3330,161,"15","No","1",2022-06-06 16:25:31,2022-06-06 16:25:31
5757,3330,161,"15","No","1",2022-06-06 16:25:35,2022-06-06 16:25:35
5758,3330,161,"15","No","1",2022-06-06 16:25:39,2022-06-06 16:25:39
5759,3330,161,"15","No","1",2022-06-06 16:25:43,2022-06-06 16:25:43
5760,3330,161,"15","No","1",2022-06-06 16:25:47,2022-06-06 16:25:47
5761,3330,161,"15","No","1",2022-06-06 16:25:51,2022-06-06 16:25:51
5762,3330,161,"15","No","1",2022-06-06 16:25:55,2022-06-06 16:25:55
5763,3330,161,"15","No","1",2022-06-06 16:25:59,2022-06-06 16:25:59
5764,3330,161,"15","No","1",2022-06-06 16:26:03,2022-06-06 16:26:03
5765,3330,161,"15","No","1",2022-06-06 16:26:07,2022-06-06 16:26:07
5766,3330,161,"15","No","1",2022-06-06 16:26:11,2022-06-06 16:26:11
5767,3330,161,"15","No","1",2022-06-06 16:26:15,2022-06-06 16:26:15
5768,3330,161,"15","No","1",2022-06-06 16:26:19,2022-06-06 16:26:19
5769,3330,161,"15","No","1",2022-06-06 16:26:23,2022-06-06 16:26:23
5770,3330,161,"15","No","1",2022-06-06 16:26:27,2022-06-06 16:26:27
5771,3330,161,"15","No","1",2022-06-06 16:26:31,2022-06-06 16:26:31
5772,3330,161,"15","No","1",2022-06-06 16:26:35,2022-06-06 16:26:35
5773,3330,161,"15","No","1",2022-06-06 16:26:39,2022-06-06 16:26:39
5774,3330,161,"15","No","1",2022-06-06 16:26:43,2022-06-06 16:26:43
5775,3330,161,"15","No","1",2022-06-06 16:26:47,2022-06-06 16:26:47
5776,3330,161,"15","No","1",2022-06-06 16:26:51,2022-06-06 16:26:51
5777,3330,161,"15","No","1",2022-06-06 16:26:55,2022-06-06 16:26:55
5778,3330,161,"15","No","1",2022-06-06 16:26:59,2022-06-06 16:26:59
5779,3330,161,"15","No","1",2022-06-06 16:27:03,2022-06-06 16:27:03
5780,3330,161,"15","No","1",2022-06-06 16:27:07,2022-06-06 16:27:07
5781,3330,161,"15","No","1",2022-06-06 16:27:11,2022-06-06 16:27:11
5782,3330,161,"15","No","1",2022-06-06 16:27:15,2022-06-06 16:27:15
5783,3330,161,"15","No","1",2022-06-06 16:27:19,2022-06-06 16:27:19
5784,3330,161,"15","No","1",2022-06-06 16:27:23,2022-06-06 16:27:23
5785,3330,161,"15","No","1",2022-06-06 16:27:27,2022-06-06 16:27:27
5786,3330,161,"15","No","1",2022-06-06 16:27:31,2022-06-06 16:27:31
5787,3330,161,"15","No","1",2022-06-06 16:27:35,2022-06-06 16:27:35
5788,3330,161,"15","No","1",2022-06-06 16:27:39,2022-06-06 16:27:39
5789,3330,161,"15","No","1",2022-06-06 16:27:43,2022-06-06 16:27:43
5790,3330,161,"15","No","1",2022-06-06 16:27:47,2022-06-06 16:27:47
5791,3330,161,"15","No","1",2022-06-06 16:27:51,2022-06-06 16:27:51
5792,3330,161,"15","No","1",2022-06-06 16:27:55,2022-06-06 16:27:55
5793,3330,161,"15","No","1",2022-06-06 16:27:59,2022-06-06 16:27:59
5794,3330,161,"15","No","1",2022-06-06 16:28:03,2022-06-06 16:28:03
5795,3330,161,"15","No","1",2022-06-06 16:28:07,2022-06-06 16:28:07
5796,3330,161,"15","No","1",2022-06-06 16:28:11,2022-06-06 16:28:11
5797,3330,161,"15","No","1",2022-06-06 16:28:15,2022-06-06 16:28:15
5798,3330,161,"15","No","1",2022-06-06 16:28:19,2022-06-06 16:28:19
5799,3330,161,"15","No","1",2022-06-06 16:28:23,2022-06-06 16:28:23
5800,3330,161,"15","No","1",2022-06-06 16:28:27,2022-06-06 16:28:27
5801,3330,161,"15","No","1",2022-06-06 16:28:31,2022-06-06 16:28:31
5802,3330,161,"15","No","1",2022-06-06 16:28:35,2022-06-06 16:28:35
5803,3330,161,"15","No","1",2022-06-06 16:28:39,2022-06-06 16:28:39
5804,3330,161,"15","No","1",2022-06-06 16:28:43,2022-06-06 16:28:43
5805,3330,161,"15","No","1",2022-06-06 16:28:47,2022-06-06 16:28:47
5806,3330,161,"15","No","1",2022-06-06 16:28:51,2022-06-06 16:28:51
5807,3330,161,"15","No","1",2022-06-06 16:28:55,2022-06-06 16:28:55
5808,3330,161,"15","No","1",2022-06-06 16:28:59,2022-06-06 16:28:59
5809,3330,161,"15","No","1",2022-06-06 16:29:03,2022-06-06 16:29:03
5810,3330,161,"15","No","1",2022-06-06 16:29:07,2022-06-06 16:29:07
5811,3330,161,"15","No","1",2022-06-06 16:29:11,2022-06-06 16:29:11
5812,3330,161,"15","No","1",2022-06-06 16:29:15,2022-06-06 16:29:15
5813,3330,161,"15","No","1",2022-06-06 16:29:19,2022-06-06 16:29:19
5814,3330,161,"15","No","1",2022-06-06 16:29:23,2022-06-06 16:29:23
5815,3330,161,"15","No","1",2022-06-06 16:29:27,2022-06-06 16:29:27
5816,3330,161,"15","No","1",2022-06-06 16:29:31,2022-06-06 16:29:31
5817,3330,161,"15","No","1",2022-06-06 16:29:35,2022-06-06 16:29:35
5818,3330,161,"15","No","1",2022-06-06 16:29:39,2022-06-06 16:29:39
5819,3330,161,"15","No","1",2022-06-06 16:29:43,2022-06-06 16:29:43
5820,3330,161,"15","No","1",2022-06-06 16:29:47,2022-06-06 16:29:47
5821,3330,161,"15","No","1",2022-06-06 16:29:51,2022-06-06 16:29:51
5822,3330,161,"15","No","1",2022-06-06 16:29:55,2022-06-06 16:29:55
5823,3330,161,"15","No","1",2022-06-06 16:29:59,2022-06-06 16:29:59
5824,3330,161,"15","No","1",2022-06-06 16:30:03,2022-06-06 16:30:03
5825,3330,161,"15","No","1",2022-06-06 16:30:07,2022-06-06 16:30:07
5826,3330,161,"15","No","1",2022-06-06 16:30:11,2022-06-06 16:30:11
5827,3330,161,"15","No","1",2022-06-06 16:30:15,2022-06-06 16:30:15
5828,3330,161,"15","No","1",2022-06-06 16:30:19,2022-06-06 16:30:19
5829,3330,161,"15","No","1",2022-06-06 16:30:23,2022-06-06 16:30:23
5830,3330,161,"15","No","1",2022-06-06 16:30:27,2022-06-06 16:30:27
5831,3330,161,"15","No","1",2022-06-06 16:30:31,2022-06-06 16:30:31
5832,3330,161,"15","No","1",2022-06-06 16:30:35,2022-06-06 16:30:35
5833,3330,161,"15","No","1",2022-06-06 16:30:39,2022-06-06 16:30:39
5834,3330,161,"15","No","1",2022-06-06 16:30:43,2022-06-06 16:30:43
5835,3330,161,"15","No","1",2022-06-06 16:30:47,2022-06-06 16:30:47
5836,3330,161,"15","No","1",2022-06-06 16:30:51,2022-06-06 16:30:51
5837,3330,161,"15","No","1",2022-06-06 16:30:55,2022-06-06 16:30:55
5838,3330,161,"15","No","1",2022-06-06 16:30:59,2022-06-06 16:30:59
5839,3330,161,"15","No","1",2022-06-06 16:31:03,2022-06-06 16:31:03
5840,3330,161,"15","No","1",2022-06-06 16:31:07,2022-06-06 16:31:07
5841,3330,161,"15","No","1",2022-06-06 16:31:11,2022-06-06 16:31:11
5842,3330,161,"15","No","1",2022-06-06 16:31:15,2022-06-06 16:31:15
5843,3330,161,"15","No","1",2022-06-06 16:31:19,2022-06-06 16:31:19
5844,3330,161,"15","No","1",2022-06-06 16:31:23,2022-06-06 16:31:23
5845,3330,161,"15","No","1",2022-06-06 16:31:27,2022-06-06 16:31:27
5846,3330,161,"15","No","1",2022-06-06 16:31:31,2022-06-06 16:31:31
5847,3330,161,"15","No","1",2022-06-06 16:31:35,2022-06-06 16:31:35
5848,3330,161,"15","No","1",2022-06-06 16:31:39,2022-06-06 16:31:39
5849,3330,161,"15","No","1",2022-06-06 16:31:43,2022-06-06 16:31:43
5850,3330,161,"15","No","1",2022-06-06 16:31:47,2022-06-06 16:31:47
5851,3330,161,"15","No","1",2022-06-06 16:31:51,2022-06-06 16:31:51
5852,3330,161,"15","No","1",2022-06-06 16:31:55,2022-06-06 16:31:55
5853,3330,161,"15","No","1",2022-06-06 16:31:59,2022-06-06 16:31:59
5854,3330,161,"15","No","1",2022-06-06 16:32:03,2022-06-06 16:32:03
5855,3330,161,"15","No","1",2022-06-06 16:32:07,2022-06-06 16:32:07
5856,3330,161,"15","No","1",2022-06-06 16:32:11,2022-06-06 16:32:11
5857,3330,161,"15","No","1",2022-06-06 16:32:15,2022-06-06 16:32:15
5858,3330,161,"15","No","1",2022-06-06 16:32:19,2022-06-06 16:32:19
5859,3330,161,"15","No","1",2022-06-06 16:32:23,2022-06-06 16:32:23
5860,3330,161,"15","No","1",2022-06-06 16:32:27,2022-06-06 16:32:27
5861,3330,161,"15","No","1",2022-06-06 16:32:31,2022-06-06 16:32:31
5862,3330,161,"15","No","1",2022-06-06 16:32:35,2022-06-06 16:32:35
5863,3330,161,"15","No","1",2022-06-06 16:32:39,2022-06-06 16:32:39
5864,3330,161,"15","No","1",2022-06-06 16:32:43,2022-06-06 16:32:43
5865,3330,161,"15","No","1",2022-06-06 16:32:47,2022-06-06 16:32:47
5866,3330,161,"15","No","1",2022-06-06 16:32:51,2022-06-06 16:32:51
5867,3330,161,"15","No","1",2022-06-06 16:32:55,2022-06-06 16:32:55
5868,3330,161,"15","No","1",2022-06-06 16:32:59,2022-06-06 16:32:59
5869,3330,161,"15","No","1",2022-06-06 16:33:03,2022-06-06 16:33:03
5870,3330,161,"15","No","1",2022-06-06 16:33:07,2022-06-06 16:33:07
5871,3330,161,"15","No","1",2022-06-06 16:33:11,2022-06-06 16:33:11
5872,3330,161,"15","No","1",2022-06-06 16:33:15,2022-06-06 16:33:15
5873,3330,161,"15","No","1",2022-06-06 16:33:19,2022-06-06 16:33:19
5874,3330,161,"15","No","1",2022-06-06 16:33:23,2022-06-06 16:33:23
5875,3330,161,"15","No","1",2022-06-06 16:33:27,2022-06-06 16:33:27
5876,3330,161,"15","No","1",2022-06-06 16:33:31,2022-06-06 16:33:31
5877,3330,161,"15","No","1",2022-06-06 16:33:35,2022-06-06 16:33:35
5878,3330,161,"15","No","1",2022-06-06 16:33:39,2022-06-06 16:33:39
5879,3330,161,"15","No","1",2022-06-06 16:33:43,2022-06-06 16:33:43
5880,3330,161,"15","No","1",2022-06-06 16:33:47,2022-06-06 16:33:47
5881,3330,161,"15","No","1",2022-06-06 16:33:51,2022-06-06 16:33:51
5882,3330,161,"15","No","1",2022-06-06 16:33:55,2022-06-06 16:33:55
5883,3330,161,"15","No","1",2022-06-06 16:33:59,2022-06-06 16:33:59
5884,3330,161,"15","No","1",2022-06-06 16:34:03,2022-06-06 16:34:03
5885,3330,161,"15","No","1",2022-06-06 16:34:07,2022-06-06 16:34:07
5886,3330,161,"15","No","1",2022-06-06 16:34:11,2022-06-06 16:34:11
5887,3330,161,"15","No","1",2022-06-06 16:34:15,2022-06-06 16:34:15
5888,3330,161,"15","No","1",2022-06-06 16:34:19,2022-06-06 16:34:19
5889,3330,161,"15","No","1",2022-06-06 16:34:23,2022-06-06 16:34:23
5890,3330,161,"15","No","1",2022-06-06 16:34:27,2022-06-06 16:34:27
5891,3330,161,"15","No","1",2022-06-06 16:34:31,2022-06-06 16:34:31
5892,3330,161,"15","No","1",2022-06-06 16:34:35,2022-06-06 16:34:35
5893,3330,161,"15","No","1",2022-06-06 16:34:39,2022-06-06 16:34:39
5894,3330,161,"15","No","1",2022-06-06 16:34:43,2022-06-06 16:34:43
5895,3330,161,"15","No","1",2022-06-06 16:34:47,2022-06-06 16:34:47
5896,3330,161,"15","No","1",2022-06-06 16:34:51,2022-06-06 16:34:51
5897,3330,161,"15","No","1",2022-06-06 16:34:55,2022-06-06 16:34:55
5898,3330,161,"15","No","1",2022-06-06 16:34:59,2022-06-06 16:34:59
5899,3330,161,"15","No","1",2022-06-06 16:35:03,2022-06-06 16:35:03
5900,3330,161,"15","No","1",2022-06-06 16:35:07,2022-06-06 16:35:07
5901,3330,161,"15","No","1",2022-06-06 16:35:11,2022-06-06 16:35:11
5902,3330,161,"15","No","1",2022-06-06 16:35:15,2022-06-06 16:35:15
5903,3330,161,"15","No","1",2022-06-06 16:35:19,2022-06-06 16:35:19
5904,3330,161,"15","No","1",2022-06-06 16:35:23,2022-06-06 16:35:23
5905,3330,161,"15","No","1",2022-06-06 16:35:27,2022-06-06 16:35:27
5906,3330,161,"15","No","1",2022-06-06 16:35:31,2022-06-06 16:35:31
5907,3330,161,"15","No","1",2022-06-06 16:35:35,2022-06-06 16:35:35
5908,3330,161,"15","No","1",2022-06-06 16:35:39,2022-06-06 16:35:39
5909,3330,161,"15","No","1",2022-06-06 16:35:43,2022-06-06 16:35:43
5910,3330,161,"15","No","1",2022-06-06 16:35:47,2022-06-06 16:35:47
5911,3330,161,"15","No","1",2022-06-06 16:35:51,2022-06-06 16:35:51
5912,3330,161,"15","No","1",2022-06-06 16:35:55,2022-06-06 16:35:55
5913,3330,161,"15","No","1",2022-06-06 16:35:59,2022-06-06 16:35:59
5914,3330,161,"15","No","1",2022-06-06 16:36:03,2022-06-06 16:36:03
5915,3330,161,"15","No","1",2022-06-06 16:36:07,2022-06-06 16:36:07
5916,3330,161,"15","No","1",2022-06-06 16:36:11,2022-06-06 16:36:11
5917,3330,161,"15","No","1",2022-06-06 16:36:15,2022-06-06 16:36:15
5918,3330,161,"15","No","1",2022-06-06 16:36:19,2022-06-06 16:36:19
5919,3330,161,"15","No","1",2022-06-06 16:36:23,2022-06-06 16:36:23
5920,3330,161,"15","No","1",2022-06-06 16:36:27,2022-06-06 16:36:27
5921,3330,161,"15","No","1",2022-06-06 16:36:31,2022-06-06 16:36:31
5922,3330,161,"15","No","1",2022-06-06 16:36:35,2022-06-06 16:36:35
5923,3330,161,"15","No","1",2022-06-06 16:36:39,2022-06-06 16:36:39
5924,3330,161,"15","No","1",2022-06-06 16:36:43,2022-06-06 16:36:43
5925,3330,161,"15","No","1",2022-06-06 16:36:47,2022-06-06 16:36:47
5926,3330,161,"15","No","1",2022-06-06 16:36:51,2022-06-06 16:36:51
5927,3330,161,"15","No","1",2022-06-06 16:36:55,2022-06-06 16:36:55
5928,3330,161,"15","No","1",2022-06-06 16:36:59,2022-06-06 16:36:59
5929,3330,161,"15","No","1",2022-06-06 16:37:03,2022-06-06 16:37:03
5930,3330,161,"15","No","1",2022-06-06 16:37:07,2022-06-06 16:37:07
5931,3330,161,"15","No","1",2022-06-06 16:37:11,2022-06-06 16:37:11
5932,3330,161,"15","No","1",2022-06-06 16:37:15,2022-06-06 16:37:15
5933,3330,161,"15","No","1",2022-06-06 16:37:19,2022-06-06 16:37:19
5934,3330,161,"15","No","1",2022-06-06 16:37:23,2022-06-06 16:37:23
5935,3330,161,"15","No","1",2022-06-06 16:37:27,2022-06-06 16:37:27
5936,3330,161,"15","No","1",2022-06-06 16:37:31,2022-06-06 16:37:31
5937,3330,161,"15","No","1",2022-06-06 16:37:35,2022-06-06 16:37:35
5938,3330,161,"15","No","1",2022-06-06 16:37:39,2022-06-06 16:37:39
5939,3330,161,"15","No","1",2022-06-06 16:37:43,2022-06-06 16:37:43
5940,3330,161,"15","No","1",2022-06-06 16:37:47,2022-06-06 16:37:47
5941,3330,161,"15","No","1",2022-06-06 16:37:51,2022-06-06 16:37:51
5942,3330,161,"15","No","1",2022-06-06 16:37:55,2022-06-06 16:37:55
5943,3330,161,"15","No","1",2022-06-06 16:37:59,2022-06-06 16:37:59
5944,3330,161,"15","No","1",2022-06-06 16:38:03,2022-06-06 16:38:03
5945,3330,161,"15","No","1",2022-06-06 16:38:07,2022-06-06 16:38:07
5946,3330,161,"15","No","1",2022-06-06 16:38:11,2022-06-06 16:38:11
5947,3330,161,"15","No","1",2022-06-06 16:38:15,2022-06-06 16:38:15
5948,3330,161,"15","No","1",2022-06-06 16:38:19,2022-06-06 16:38:19
5949,3330,161,"15","No","1",2022-06-06 16:38:23,2022-06-06 16:38:23
5950,3330,161,"15","No","1",2022-06-06 16:38:27,2022-06-06 16:38:27
5951,3330,161,"15","No","1",2022-06-06 16:38:31,2022-06-06 16:38:31
5952,3330,161,"15","No","1",2022-06-06 16:38:35,2022-06-06 16:38:35
5953,3330,161,"15","No","1",2022-06-06 16:38:39,2022-06-06 16:38:39
5954,3330,161,"15","No","1",2022-06-06 16:38:43,2022-06-06 16:38:43
5955,3330,161,"15","No","1",2022-06-06 16:38:47,2022-06-06 16:38:47
5956,3330,161,"15","No","1",2022-06-06 16:38:51,2022-06-06 16:38:51
5957,3330,161,"15","No","1",2022-06-06 16:38:55,2022-06-06 16:38:55
5958,3330,161,"15","No","1",2022-06-06 16:38:59,2022-06-06 16:38:59
5959,3330,161,"15","No","1",2022-06-06 16:39:03,2022-06-06 16:39:03
5960,3330,161,"15","No","1",2022-06-06 16:39:07,2022-06-06 16:39:07
5961,3330,161,"15","No","1",2022-06-06 16:39:11,2022-06-06 16:39:11
5962,3330,161,"15","No","1",2022-06-06 16:39:15,2022-06-06 16:39:15
5963,3330,161,"15","No","1",2022-06-06 16:39:19,2022-06-06 16:39:19
5964,3330,161,"15","No","1",2022-06-06 16:39:23,2022-06-06 16:39:23
5965,3330,161,"15","No","1",2022-06-06 16:39:27,2022-06-06 16:39:27
5966,3330,161,"15","No","1",2022-06-06 16:39:31,2022-06-06 16:39:31
5967,3330,161,"15","No","1",2022-06-06 16:39:35,2022-06-06 16:39:35
5968,3330,161,"15","No","1",2022-06-06 16:39:39,2022-06-06 16:39:39
5969,3330,161,"15","No","1",2022-06-06 16:39:43,2022-06-06 16:39:43
5970,3330,161,"15","No","1",2022-06-06 16:39:47,2022-06-06 16:39:47
5971,3330,161,"15","No","1",2022-06-06 16:39:51,2022-06-06 16:39:51
5972,3330,161,"15","No","1",2022-06-06 16:39:55,2022-06-06 16:39:55
5973,3330,161,"15","No","1",2022-06-06 16:39:59,2022-06-06 16:39:59
5974,3330,161,"15","No","1",2022-06-06 16:40:03,2022-06-06 16:40:03
5975,3330,161,"15","No","1",2022-06-06 16:40:07,2022-06-06 16:40:07
5976,3330,161,"15","No","1",2022-06-06 16:40:11,2022-06-06 16:40:11
5977,3330,161,"15","No","1",2022-06-06 16:40:15,2022-06-06 16:40:15
5978,3330,161,"15","No","1",2022-06-06 16:40:19,2022-06-06 16:40:19
5979,3330,161,"15","No","1",2022-06-06 16:40:23,2022-06-06 16:40:23
5980,3330,161,"15","No","1",2022-06-06 16:40:27,2022-06-06 16:40:27
5981,3330,161,"15","No","1",2022-06-06 16:40:31,2022-06-06 16:40:31
5982,3330,161,"15","No","1",2022-06-06 16:40:35,2022-06-06 16:40:35
5983,3330,161,"15","No","1",2022-06-06 16:40:39,2022-06-06 16:40:39
5984,3330,161,"15","No","1",2022-06-06 16:40:43,2022-06-06 16:40:43
5985,3330,161,"15","No","1",2022-06-06 16:40:47,2022-06-06 16:40:47
5986,3330,161,"15","No","1",2022-06-06 16:40:51,2022-06-06 16:40:51
5987,3330,161,"15","No","1",2022-06-06 16:40:55,2022-06-06 16:40:55
5988,3330,161,"15","No","1",2022-06-06 16:40:59,2022-06-06 16:40:59
5989,3330,161,"15","No","1",2022-06-06 16:41:03,2022-06-06 16:41:03
5990,3330,161,"15","No","1",2022-06-06 16:41:07,2022-06-06 16:41:07
5991,3330,161,"15","No","1",2022-06-06 16:41:11,2022-06-06 16:41:11
5992,3330,161,"15","No","1",2022-06-06 16:41:15,2022-06-06 16:41:15
5993,3330,161,"15","No","1",2022-06-06 16:41:19,2022-06-06 16:41:19
5994,3330,161,"15","No","1",2022-06-06 16:41:23,2022-06-06 16:41:23
5995,3330,161,"15","No","1",2022-06-06 16:41:27,2022-06-06 16:41:27
5996,3330,161,"15","No","1",2022-06-06 16:41:31,2022-06-06 16:41:31
5997,3330,161,"15","No","1",2022-06-06 16:41:35,2022-06-06 16:41:35
5998,3330,161,"15","No","1",2022-06-06 16:41:39,2022-06-06 16:41:39
5999,3330,161,"15","No","1",2022-06-06 16:41:43,2022-06-06 16:41:43
6000,3330,161,"15","No","1",2022-06-06 16:41:47,2022-06-06 16:41:47
6001,3330,161,"15","No","1",2022-06-06 16:41:51,2022-06-06 16:41:51
6002,3330,161,"15","No","1",2022-06-06 16:41:55,2022-06-06 16:41:55
6003,3330,161,"15","No","1",2022-06-06 16:41:59,2022-06-06 16:41:59
6004,3330,161,"15","No","1",2022-06-06 16:42:03,2022-06-06 16:42:03
6005,3330,161,"15","No","1",2022-06-06 16:42:07,2022-06-06 16:42:07
6006,3330,161,"15","No","1",2022-06-06 16:42:11,2022-06-06 16:42:11
6007,3330,161,"15","No","1",2022-06-06 16:42:15,2022-06-06 16:42:15
6008,3330,161,"15","No","1",2022-06-06 16:42:19,2022-06-06 16:42:19
6009,3330,161,"15","No","1",2022-06-06 16:42:23,2022-06-06 16:42:23
6010,3330,161,"15","No","1",2022-06-06 16:42:27,2022-06-06 16:42:27
6011,3330,161,"15","No","1",2022-06-06 16:42:31,2022-06-06 16:42:31
6012,3330,161,"15","No","1",2022-06-06 16:42:35,2022-06-06 16:42:35
6013,3330,161,"15","No","1",2022-06-06 16:42:39,2022-06-06 16:42:39
6014,3330,161,"15","No","1",2022-06-06 16:42:43,2022-06-06 16:42:43
6015,3330,161,"15","No","1",2022-06-06 16:42:47,2022-06-06 16:42:47
6016,3330,161,"15","No","1",2022-06-06 16:42:51,2022-06-06 16:42:51
6017,3330,161,"15","No","1",2022-06-06 16:42:55,2022-06-06 16:42:55
6018,3330,161,"15","No","1",2022-06-06 16:42:59,2022-06-06 16:42:59
6019,3330,161,"15","No","1",2022-06-06 16:43:03,2022-06-06 16:43:03
6020,3330,161,"15","No","1",2022-06-06 16:43:07,2022-06-06 16:43:07
6021,3330,161,"15","No","1",2022-06-06 16:43:11,2022-06-06 16:43:11
6022,3330,161,"15","No","1",2022-06-06 16:43:15,2022-06-06 16:43:15
6023,3330,161,"15","No","1",2022-06-06 16:43:19,2022-06-06 16:43:19
6024,3330,161,"15","No","1",2022-06-06 16:43:23,2022-06-06 16:43:23
6025,3330,161,"15","No","1",2022-06-06 16:43:27,2022-06-06 16:43:27
6026,3330,161,"15","No","1",2022-06-06 16:43:31,2022-06-06 16:43:31
6027,3330,161,"15","No","1",2022-06-06 16:43:35,2022-06-06 16:43:35
6028,3330,161,"15","No","1",2022-06-06 16:43:39,2022-06-06 16:43:39
6029,3330,161,"15","No","1",2022-06-06 16:43:43,2022-06-06 16:43:43
6030,3330,161,"15","No","1",2022-06-06 16:43:47,2022-06-06 16:43:47
6031,3330,161,"15","No","1",2022-06-06 16:43:51,2022-06-06 16:43:51
6032,3330,161,"15","No","1",2022-06-06 16:43:55,2022-06-06 16:43:55
6033,3330,161,"15","No","1",2022-06-06 16:43:59,2022-06-06 16:43:59
6034,3330,161,"15","No","1",2022-06-06 16:44:03,2022-06-06 16:44:03
6035,3330,161,"15","No","1",2022-06-06 16:44:07,2022-06-06 16:44:07
6036,3330,161,"15","No","1",2022-06-06 16:44:11,2022-06-06 16:44:11
6037,3330,161,"15","No","1",2022-06-06 16:44:15,2022-06-06 16:44:15
6038,3330,161,"15","No","1",2022-06-06 16:44:19,2022-06-06 16:44:19
6039,3330,161,"15","No","1",2022-06-06 16:44:23,2022-06-06 16:44:23
6040,3330,161,"15","No","1",2022-06-06 16:44:27,2022-06-06 16:44:27
6041,3330,161,"15","No","1",2022-06-06 16:44:31,2022-06-06 16:44:31
6042,3330,161,"15","No","1",2022-06-06 16:44:35,2022-06-06 16:44:35
6043,3330,161,"15","No","1",2022-06-06 16:44:39,2022-06-06 16:44:39
6044,3330,161,"15","No","1",2022-06-06 16:44:43,2022-06-06 16:44:43
6045,3330,161,"15","No","1",2022-06-06 16:44:47,2022-06-06 16:44:47
6046,3330,161,"15","No","1",2022-06-06 16:44:51,2022-06-06 16:44:51
6047,3330,161,"15","No","1",2022-06-06 16:44:55,2022-06-06 16:44:55
6048,3330,161,"15","No","1",2022-06-06 16:44:59,2022-06-06 16:44:59
6049,3330,161,"15","No","1",2022-06-06 16:45:03,2022-06-06 16:45:03
6050,3330,161,"15","No","1",2022-06-06 16:45:07,2022-06-06 16:45:07
6051,3330,161,"15","No","1",2022-06-06 16:45:11,2022-06-06 16:45:11
6052,3330,161,"15","No","1",2022-06-06 16:45:15,2022-06-06 16:45:15
6053,3330,161,"15","No","1",2022-06-06 16:45:19,2022-06-06 16:45:19
6054,3330,161,"15","No","1",2022-06-06 16:45:23,2022-06-06 16:45:23
6055,3330,161,"15","No","1",2022-06-06 16:45:27,2022-06-06 16:45:27
6056,3330,161,"15","No","1",2022-06-06 16:45:31,2022-06-06 16:45:31
6057,3330,161,"15","No","1",2022-06-06 16:45:35,2022-06-06 16:45:35
6058,3330,161,"15","No","1",2022-06-06 16:45:39,2022-06-06 16:45:39
6059,3330,161,"15","No","1",2022-06-06 16:45:43,2022-06-06 16:45:43
6060,3330,161,"15","No","1",2022-06-06 16:45:47,2022-06-06 16:45:47
6061,3330,161,"15","No","1",2022-06-06 16:45:51,2022-06-06 16:45:51
6062,3330,161,"15","No","1",2022-06-06 16:45:55,2022-06-06 16:45:55
6063,3330,161,"15","No","1",2022-06-06 16:45:59,2022-06-06 16:45:59
6064,3330,161,"15","No","1",2022-06-06 16:46:03,2022-06-06 16:46:03
6065,3330,161,"15","No","1",2022-06-06 16:46:07,2022-06-06 16:46:07
6066,3330,161,"15","No","1",2022-06-06 16:46:11,2022-06-06 16:46:11
6067,3330,161,"15","No","1",2022-06-06 16:46:15,2022-06-06 16:46:15
6068,3330,161,"15","No","1",2022-06-06 16:46:19,2022-06-06 16:46:19
6069,3330,161,"15","No","1",2022-06-06 16:46:23,2022-06-06 16:46:23
6070,3330,161,"15","No","1",2022-06-06 16:46:27,2022-06-06 16:46:27
6071,3330,161,"15","No","1",2022-06-06 16:46:31,2022-06-06 16:46:31
6072,3330,161,"15","No","1",2022-06-06 16:46:35,2022-06-06 16:46:35
6073,3330,161,"15","No","1",2022-06-06 16:46:39,2022-06-06 16:46:39
6074,3330,161,"15","No","1",2022-06-06 16:46:43,2022-06-06 16:46:43
6075,3330,161,"15","No","1",2022-06-06 16:46:47,2022-06-06 16:46:47
6076,3330,161,"15","No","1",2022-06-06 16:46:51,2022-06-06 16:46:51
6077,3330,161,"15","No","1",2022-06-06 16:46:55,2022-06-06 16:46:55
6078,3330,161,"15","No","1",2022-06-06 16:46:59,2022-06-06 16:46:59
6079,3330,161,"15","No","1",2022-06-06 16:47:03,2022-06-06 16:47:03
6080,3330,161,"15","No","1",2022-06-06 16:47:07,2022-06-06 16:47:07
6081,3330,161,"15","No","1",2022-06-06 16:47:11,2022-06-06 16:47:11
6082,3330,161,"15","No","1",2022-06-06 16:47:15,2022-06-06 16:47:15
6083,3330,161,"15","No","1",2022-06-06 16:47:19,2022-06-06 16:47:19
6084,3330,161,"15","No","1",2022-06-06 16:47:23,2022-06-06 16:47:23
6085,3330,161,"15","No","1",2022-06-06 16:47:27,2022-06-06 16:47:27
6086,3330,161,"15","No","1",2022-06-06 16:47:31,2022-06-06 16:47:31
6087,3330,161,"15","No","1",2022-06-06 16:47:35,2022-06-06 16:47:35
6088,3330,161,"15","No","1",2022-06-06 16:47:39,2022-06-06 16:47:39
6089,3330,161,"15","No","1",2022-06-06 16:47:43,2022-06-06 16:47:43
6090,3330,161,"15","No","1",2022-06-06 16:47:47,2022-06-06 16:47:47
6091,3330,161,"15","No","1",2022-06-06 16:47:51,2022-06-06 16:47:51
6092,3330,161,"15","No","1",2022-06-06 16:47:55,2022-06-06 16:47:55
6093,3330,161,"15","No","1",2022-06-06 16:47:59,2022-06-06 16:47:59
6094,3330,161,"15","No","1",2022-06-06 16:48:03,2022-06-06 16:48:03
6095,3330,161,"15","No","1",2022-06-06 16:48:07,2022-06-06 16:48:07
6096,3330,161,"15","No","1",2022-06-06 16:48:11,2022-06-06 16:48:11
6097,3330,161,"15","No","1",2022-06-06 16:48:15,2022-06-06 16:48:15
6098,3330,161,"15","No","1",2022-06-06 16:48:19,2022-06-06 16:48:19
6099,3330,161,"15","No","1",2022-06-06 16:48:23,2022-06-06 16:48:23
6100,3330,161,"15","No","1",2022-06-06 16:48:27,2022-06-06 16:48:27
6101,3330,161,"15","No","1",2022-06-06 16:48:31,2022-06-06 16:48:31
6102,3330,161,"15","No","1",2022-06-06 16:48:35,2022-06-06 16:48:35
6103,3330,161,"15","No","1",2022-06-06 16:48:39,2022-06-06 16:48:39
6104,3330,161,"15","No","1",2022-06-06 16:48:43,2022-06-06 16:48:43
6105,3330,161,"15","No","1",2022-06-06 16:48:47,2022-06-06 16:48:47
6106,3330,161,"15","No","1",2022-06-06 16:48:51,2022-06-06 16:48:51
6107,3330,161,"15","No","1",2022-06-06 16:48:55,2022-06-06 16:48:55
6108,3330,161,"15","No","1",2022-06-06 16:48:59,2022-06-06 16:48:59
6109,3330,161,"15","No","1",2022-06-06 16:49:03,2022-06-06 16:49:03
6110,3330,161,"15","No","1",2022-06-06 16:49:07,2022-06-06 16:49:07
6111,3330,161,"15","No","1",2022-06-06 16:49:11,2022-06-06 16:49:11
6112,3330,161,"15","No","1",2022-06-06 16:49:15,2022-06-06 16:49:15
6113,3330,161,"15","No","1",2022-06-06 16:49:19,2022-06-06 16:49:19
6114,3330,161,"15","No","1",2022-06-06 16:49:23,2022-06-06 16:49:23
6115,3330,161,"15","No","1",2022-06-06 16:49:27,2022-06-06 16:49:27
6116,3330,161,"15","No","1",2022-06-06 16:49:31,2022-06-06 16:49:31
6117,3330,161,"15","No","1",2022-06-06 16:49:35,2022-06-06 16:49:35
6118,3330,161,"15","No","1",2022-06-06 16:49:39,2022-06-06 16:49:39
6119,3330,161,"15","No","1",2022-06-06 16:49:43,2022-06-06 16:49:43
6120,3330,161,"15","No","1",2022-06-06 16:49:47,2022-06-06 16:49:47
6121,3330,161,"15","No","1",2022-06-06 16:49:51,2022-06-06 16:49:51
6122,3330,161,"15","No","1",2022-06-06 16:49:55,2022-06-06 16:49:55
6123,3330,161,"15","No","1",2022-06-06 16:49:59,2022-06-06 16:49:59
6124,3330,161,"15","No","1",2022-06-06 16:50:03,2022-06-06 16:50:03
6125,3330,161,"15","No","1",2022-06-06 16:50:07,2022-06-06 16:50:07
6126,3330,161,"15","No","1",2022-06-06 16:50:11,2022-06-06 16:50:11
6127,3330,161,"15","No","1",2022-06-06 16:50:15,2022-06-06 16:50:15
6128,3330,161,"15","No","1",2022-06-06 16:50:19,2022-06-06 16:50:19
6129,3330,161,"15","No","1",2022-06-06 16:50:23,2022-06-06 16:50:23
6130,3330,161,"15","No","1",2022-06-06 16:50:27,2022-06-06 16:50:27
6131,3330,161,"15","No","1",2022-06-06 16:50:31,2022-06-06 16:50:31
6132,3330,161,"15","No","1",2022-06-06 16:50:35,2022-06-06 16:50:35
6133,3330,161,"15","No","1",2022-06-06 16:50:39,2022-06-06 16:50:39
6134,3330,161,"15","No","1",2022-06-06 16:50:43,2022-06-06 16:50:43
6135,3330,161,"15","No","1",2022-06-06 16:50:47,2022-06-06 16:50:47
6136,3330,161,"15","No","1",2022-06-06 16:50:51,2022-06-06 16:50:51
6137,3330,161,"15","No","1",2022-06-06 16:50:55,2022-06-06 16:50:55
6138,3330,161,"15","No","1",2022-06-06 16:50:59,2022-06-06 16:50:59
6139,3330,161,"15","No","1",2022-06-06 16:51:03,2022-06-06 16:51:03
6140,3330,161,"15","No","1",2022-06-06 16:51:07,2022-06-06 16:51:07
6141,3330,161,"15","No","1",2022-06-06 16:51:11,2022-06-06 16:51:11
6142,3330,161,"15","No","1",2022-06-06 16:51:15,2022-06-06 16:51:15
6143,3330,161,"15","No","1",2022-06-06 16:51:19,2022-06-06 16:51:19
6144,3330,161,"15","No","1",2022-06-06 16:51:23,2022-06-06 16:51:23
6145,3330,161,"15","No","1",2022-06-06 16:51:27,2022-06-06 16:51:27
6146,3330,161,"15","No","1",2022-06-06 16:51:31,2022-06-06 16:51:31
6147,3330,161,"15","No","1",2022-06-06 16:51:35,2022-06-06 16:51:35
6148,3330,161,"15","No","1",2022-06-06 16:51:39,2022-06-06 16:51:39
6149,3330,161,"15","No","1",2022-06-06 16:51:43,2022-06-06 16:51:43
6150,3330,161,"15","No","1",2022-06-06 16:51:47,2022-06-06 16:51:47
6151,3330,161,"15","No","1",2022-06-06 16:51:51,2022-06-06 16:51:51
6152,3330,161,"15","No","1",2022-06-06 16:51:55,2022-06-06 16:51:55
6153,3330,161,"15","No","1",2022-06-06 16:51:59,2022-06-06 16:51:59
6154,3330,161,"15","No","1",2022-06-06 16:52:03,2022-06-06 16:52:03
6155,3330,161,"15","No","1",2022-06-06 16:52:07,2022-06-06 16:52:07
6156,3330,161,"15","No","1",2022-06-06 16:52:11,2022-06-06 16:52:11
6157,3330,161,"15","No","1",2022-06-06 16:52:15,2022-06-06 16:52:15
6158,3330,161,"15","No","1",2022-06-06 16:52:19,2022-06-06 16:52:19
6159,3330,161,"15","No","1",2022-06-06 16:52:23,2022-06-06 16:52:23
6160,3330,161,"15","No","1",2022-06-06 16:52:27,2022-06-06 16:52:27
6161,3330,161,"15","No","1",2022-06-06 16:52:31,2022-06-06 16:52:31
6162,3330,161,"15","No","1",2022-06-06 16:52:35,2022-06-06 16:52:35
6163,3330,161,"15","No","1",2022-06-06 16:52:39,2022-06-06 16:52:39
6164,3330,161,"15","No","1",2022-06-06 16:52:43,2022-06-06 16:52:43
6165,3330,161,"15","No","1",2022-06-06 16:52:47,2022-06-06 16:52:47
6166,3330,161,"15","No","1",2022-06-06 16:52:51,2022-06-06 16:52:51
6167,3330,161,"15","No","1",2022-06-06 16:52:55,2022-06-06 16:52:55
6168,3330,161,"15","No","1",2022-06-06 16:52:59,2022-06-06 16:52:59
6169,3330,161,"15","No","1",2022-06-06 16:53:03,2022-06-06 16:53:03
6170,3330,161,"15","No","1",2022-06-06 16:53:07,2022-06-06 16:53:07
6171,3330,161,"15","No","1",2022-06-06 16:53:11,2022-06-06 16:53:11
6172,3330,161,"15","No","1",2022-06-06 16:53:15,2022-06-06 16:53:15
6173,3330,161,"15","No","1",2022-06-06 16:53:19,2022-06-06 16:53:19
6174,3330,161,"15","No","1",2022-06-06 16:53:23,2022-06-06 16:53:23
6175,3330,161,"15","No","1",2022-06-06 16:53:27,2022-06-06 16:53:27
6176,3330,161,"15","No","1",2022-06-06 16:53:31,2022-06-06 16:53:31
6177,3330,161,"15","No","1",2022-06-06 16:53:35,2022-06-06 16:53:35
6178,3330,161,"15","No","1",2022-06-06 16:53:39,2022-06-06 16:53:39
6179,3330,161,"15","No","1",2022-06-06 16:53:43,2022-06-06 16:53:43
6180,3330,161,"15","No","1",2022-06-06 16:53:47,2022-06-06 16:53:47
6181,3330,161,"15","No","1",2022-06-06 16:53:51,2022-06-06 16:53:51
6182,3330,161,"15","No","1",2022-06-06 16:53:55,2022-06-06 16:53:55
6183,3330,161,"15","No","1",2022-06-06 16:53:59,2022-06-06 16:53:59
6184,3330,161,"15","No","1",2022-06-06 16:54:03,2022-06-06 16:54:03
6185,3330,161,"15","No","1",2022-06-06 16:54:07,2022-06-06 16:54:07
6186,3330,161,"15","No","1",2022-06-06 16:54:11,2022-06-06 16:54:11
6187,3330,161,"15","No","1",2022-06-06 16:54:15,2022-06-06 16:54:15
6188,3330,161,"15","No","1",2022-06-06 16:54:19,2022-06-06 16:54:19
6189,3330,161,"15","No","1",2022-06-06 16:54:23,2022-06-06 16:54:23
6190,3330,161,"15","No","1",2022-06-06 16:54:27,2022-06-06 16:54:27
6191,3330,161,"15","No","1",2022-06-06 16:54:31,2022-06-06 16:54:31
6192,3330,161,"15","No","1",2022-06-06 16:54:35,2022-06-06 16:54:35
6193,3330,161,"15","No","1",2022-06-06 16:54:39,2022-06-06 16:54:39
6194,3330,161,"15","No","1",2022-06-06 16:54:43,2022-06-06 16:54:43
6195,3330,161,"15","No","1",2022-06-06 16:54:47,2022-06-06 16:54:47
6196,3330,161,"15","No","1",2022-06-06 16:54:51,2022-06-06 16:54:51
6197,3330,161,"15","No","1",2022-06-06 16:54:55,2022-06-06 16:54:55
6198,3330,161,"15","No","1",2022-06-06 16:54:59,2022-06-06 16:54:59
6199,3330,161,"15","No","1",2022-06-06 16:55:03,2022-06-06 16:55:03
6200,3330,161,"15","No","1",2022-06-06 16:55:07,2022-06-06 16:55:07
6201,3330,161,"15","No","1",2022-06-06 16:55:11,2022-06-06 16:55:11
6202,3330,161,"15","No","1",2022-06-06 16:55:15,2022-06-06 16:55:15
6203,3330,161,"15","No","1",2022-06-06 16:55:19,2022-06-06 16:55:19
6204,3330,161,"15","No","1",2022-06-06 16:55:23,2022-06-06 16:55:23
6205,3330,161,"15","No","1",2022-06-06 16:55:27,2022-06-06 16:55:27
6206,3330,161,"15","No","1",2022-06-06 16:55:31,2022-06-06 16:55:31
6207,3330,161,"15","No","1",2022-06-06 16:55:35,2022-06-06 16:55:35
6208,3330,161,"15","No","1",2022-06-06 16:55:39,2022-06-06 16:55:39
6209,3330,161,"15","No","1",2022-06-06 16:55:43,2022-06-06 16:55:43
6210,3330,161,"15","No","1",2022-06-06 16:55:47,2022-06-06 16:55:47
6211,3330,161,"15","No","1",2022-06-06 16:55:51,2022-06-06 16:55:51
6212,3330,161,"15","No","1",2022-06-06 16:55:55,2022-06-06 16:55:55
6213,3330,161,"15","No","1",2022-06-06 16:55:59,2022-06-06 16:55:59
6214,3330,161,"15","No","1",2022-06-06 16:56:03,2022-06-06 16:56:03
6215,3330,161,"15","No","1",2022-06-06 16:56:07,2022-06-06 16:56:07
6216,3330,161,"15","No","1",2022-06-06 16:56:11,2022-06-06 16:56:11
6217,3330,161,"15","No","1",2022-06-06 16:56:15,2022-06-06 16:56:15
6218,3330,161,"15","No","1",2022-06-06 16:56:19,2022-06-06 16:56:19
6219,3330,161,"15","No","1",2022-06-06 16:56:23,2022-06-06 16:56:23
6220,3330,161,"15","No","1",2022-06-06 16:56:27,2022-06-06 16:56:27
6221,3330,161,"15","No","1",2022-06-06 16:56:31,2022-06-06 16:56:31
6222,3330,161,"15","No","1",2022-06-06 16:56:35,2022-06-06 16:56:35
6223,3330,161,"15","No","1",2022-06-06 16:56:39,2022-06-06 16:56:39
6224,3330,161,"15","No","1",2022-06-06 16:56:43,2022-06-06 16:56:43
6225,3330,161,"15","No","1",2022-06-06 16:56:47,2022-06-06 16:56:47
6226,3330,161,"15","No","1",2022-06-06 16:56:51,2022-06-06 16:56:51
6227,3330,161,"15","No","1",2022-06-06 16:56:55,2022-06-06 16:56:55
6228,3330,161,"15","No","1",2022-06-06 16:56:59,2022-06-06 16:56:59
6229,3330,161,"15","No","1",2022-06-06 16:57:03,2022-06-06 16:57:03
6230,3330,161,"15","No","1",2022-06-06 16:57:07,2022-06-06 16:57:07
6231,3330,161,"15","No","1",2022-06-06 16:57:11,2022-06-06 16:57:11
6232,3330,161,"15","No","1",2022-06-06 16:57:15,2022-06-06 16:57:15
6233,3330,161,"15","No","1",2022-06-06 16:57:19,2022-06-06 16:57:19
6234,3330,161,"15","No","1",2022-06-06 16:57:23,2022-06-06 16:57:23
6235,3330,161,"15","No","1",2022-06-06 16:57:27,2022-06-06 16:57:27
6236,3330,161,"15","No","1",2022-06-06 16:57:31,2022-06-06 16:57:31
6237,3330,161,"15","No","1",2022-06-06 16:57:35,2022-06-06 16:57:35
6238,3330,161,"15","No","1",2022-06-06 16:57:39,2022-06-06 16:57:39
6239,3330,161,"15","No","1",2022-06-06 16:57:43,2022-06-06 16:57:43
6240,3330,161,"15","No","1",2022-06-06 16:57:47,2022-06-06 16:57:47
6241,3330,161,"15","No","1",2022-06-06 16:57:51,2022-06-06 16:57:51
6242,3330,161,"15","No","1",2022-06-06 16:57:55,2022-06-06 16:57:55
6243,3330,161,"15","No","1",2022-06-06 16:57:59,2022-06-06 16:57:59
6244,3330,161,"15","No","1",2022-06-06 16:58:03,2022-06-06 16:58:03
6245,3330,161,"15","No","1",2022-06-06 16:58:07,2022-06-06 16:58:07
6246,3330,161,"15","No","1",2022-06-06 16:58:11,2022-06-06 16:58:11
6247,3330,161,"15","No","1",2022-06-06 16:58:15,2022-06-06 16:58:15
6248,3330,161,"15","No","1",2022-06-06 16:58:19,2022-06-06 16:58:19
6249,3330,161,"15","No","1",2022-06-06 16:58:23,2022-06-06 16:58:23
6250,3330,161,"15","No","1",2022-06-06 16:58:27,2022-06-06 16:58:27
6251,3330,161,"15","No","1",2022-06-06 16:58:31,2022-06-06 16:58:31
6252,3330,161,"15","No","1",2022-06-06 16:58:35,2022-06-06 16:58:35
6253,3330,161,"15","No","1",2022-06-06 16:58:39,2022-06-06 16:58:39
6254,3330,161,"15","No","1",2022-06-06 16:58:43,2022-06-06 16:58:43
6255,3330,161,"15","No","1",2022-06-06 16:58:47,2022-06-06 16:58:47
6256,3330,161,"15","No","1",2022-06-06 16:58:51,2022-06-06 16:58:51
6257,3330,161,"15","No","1",2022-06-06 16:58:55,2022-06-06 16:58:55
6258,3330,161,"15","No","1",2022-06-06 16:58:59,2022-06-06 16:58:59
6259,3330,161,"15","No","1",2022-06-06 16:59:03,2022-06-06 16:59:03
6260,3330,161,"15","No","1",2022-06-06 16:59:07,2022-06-06 16:59:07
6261,3330,161,"15","No","1",2022-06-06 16:59:11,2022-06-06 16:59:11
6262,3330,161,"15","No","1",2022-06-06 16:59:15,2022-06-06 16:59:15
6263,3330,161,"15","No","1",2022-06-06 16:59:19,2022-06-06 16:59:19
6264,3330,161,"15","No","1",2022-06-06 16:59:23,2022-06-06 16:59:23
6265,3330,161,"15","No","1",2022-06-06 16:59:27,2022-06-06 16:59:27
6266,3330,161,"15","No","1",2022-06-06 16:59:31,2022-06-06 16:59:31
6267,3330,161,"15","No","1",2022-06-06 16:59:35,2022-06-06 16:59:35
6268,3330,161,"15","No","1",2022-06-06 16:59:39,2022-06-06 16:59:39
6269,3330,161,"15","No","1",2022-06-06 16:59:43,2022-06-06 16:59:43
6270,3330,161,"15","No","1",2022-06-06 16:59:47,2022-06-06 16:59:47
6271,3330,161,"15","No","1",2022-06-06 16:59:51,2022-06-06 16:59:51
6272,3330,161,"15","No","1",2022-06-06 16:59:55,2022-06-06 16:59:55
6273,3330,161,"15","No","1",2022-06-06 16:59:59,2022-06-06 16:59:59
6274,3330,161,"15","No","1",2022-06-06 17:00:03,2022-06-06 17:00:03
6275,3330,161,"15","No","1",2022-06-06 17:00:07,2022-06-06 17:00:07
6276,3330,161,"15","No","1",2022-06-06 17:00:11,2022-06-06 17:00:11
6277,3330,161,"15","No","1",2022-06-06 17:00:15,2022-06-06 17:00:15
6278,3330,161,"15","No","1",2022-06-06 17:00:19,2022-06-06 17:00:19
6279,3330,161,"15","No","1",2022-06-06 17:00:23,2022-06-06 17:00:23
6280,3330,161,"15","No","1",2022-06-06 17:00:27,2022-06-06 17:00:27
6281,3330,161,"15","No","1",2022-06-06 17:00:31,2022-06-06 17:00:31
6282,3330,161,"15","No","1",2022-06-06 17:00:35,2022-06-06 17:00:35
6283,3330,161,"15","No","1",2022-06-06 17:00:39,2022-06-06 17:00:39
6284,3330,161,"15","No","1",2022-06-06 17:00:43,2022-06-06 17:00:43
6285,3330,161,"15","No","1",2022-06-06 17:00:47,2022-06-06 17:00:47
6286,3330,161,"15","No","1",2022-06-06 17:00:51,2022-06-06 17:00:51
6287,3330,161,"15","No","1",2022-06-06 17:00:55,2022-06-06 17:00:55
6288,3330,161,"15","No","1",2022-06-06 17:00:59,2022-06-06 17:00:59
6289,3330,161,"15","No","1",2022-06-06 17:01:03,2022-06-06 17:01:03
6290,3330,161,"15","No","1",2022-06-06 17:01:07,2022-06-06 17:01:07
6291,3330,161,"15","No","1",2022-06-06 17:01:11,2022-06-06 17:01:11
6292,3330,161,"15","No","1",2022-06-06 17:01:15,2022-06-06 17:01:15
6293,3330,161,"15","No","1",2022-06-06 17:01:19,2022-06-06 17:01:19
6294,3330,161,"15","No","1",2022-06-06 17:01:23,2022-06-06 17:01:23
6295,3330,161,"15","No","1",2022-06-06 17:01:27,2022-06-06 17:01:27
6296,3330,161,"15","No","1",2022-06-06 17:01:31,2022-06-06 17:01:31
6297,3330,161,"15","No","1",2022-06-06 17:01:35,2022-06-06 17:01:35
6298,3330,161,"15","No","1",2022-06-06 17:01:39,2022-06-06 17:01:39
6299,3330,161,"15","No","1",2022-06-06 17:01:43,2022-06-06 17:01:43
6300,3330,161,"15","No","1",2022-06-06 17:01:47,2022-06-06 17:01:47
6301,3330,161,"15","No","1",2022-06-06 17:01:51,2022-06-06 17:01:51
6302,3330,161,"15","No","1",2022-06-06 17:01:55,2022-06-06 17:01:55
6303,3330,161,"15","No","1",2022-06-06 17:01:59,2022-06-06 17:01:59
6304,3330,161,"15","No","1",2022-06-06 17:02:03,2022-06-06 17:02:03
6305,3330,161,"15","No","1",2022-06-06 17:02:07,2022-06-06 17:02:07
6306,3330,161,"15","No","1",2022-06-06 17:02:11,2022-06-06 17:02:11
6307,3330,161,"15","No","1",2022-06-06 17:02:15,2022-06-06 17:02:15
6308,3330,161,"15","No","1",2022-06-06 17:02:19,2022-06-06 17:02:19
6309,3330,161,"15","No","1",2022-06-06 17:02:23,2022-06-06 17:02:23
6310,3330,161,"15","No","1",2022-06-06 17:02:27,2022-06-06 17:02:27
6311,3330,161,"15","No","1",2022-06-06 17:02:31,2022-06-06 17:02:31
6312,3330,161,"15","No","1",2022-06-06 17:02:35,2022-06-06 17:02:35
6313,3330,161,"15","No","1",2022-06-06 17:02:39,2022-06-06 17:02:39
6314,3330,161,"15","No","1",2022-06-06 17:02:43,2022-06-06 17:02:43
6315,3330,161,"15","No","1",2022-06-06 17:02:47,2022-06-06 17:02:47
6316,3330,161,"15","No","1",2022-06-06 17:02:51,2022-06-06 17:02:51
6317,3330,161,"15","No","1",2022-06-06 17:02:55,2022-06-06 17:02:55
6318,3330,161,"15","No","1",2022-06-06 17:02:59,2022-06-06 17:02:59
6319,3330,161,"15","No","1",2022-06-06 17:03:03,2022-06-06 17:03:03
6320,3330,161,"15","No","1",2022-06-06 17:03:07,2022-06-06 17:03:07
6321,3330,161,"15","No","1",2022-06-06 17:03:11,2022-06-06 17:03:11
6322,3330,161,"15","No","1",2022-06-06 17:03:15,2022-06-06 17:03:15
6323,3330,161,"15","No","1",2022-06-06 17:03:19,2022-06-06 17:03:19
6324,3330,161,"15","No","1",2022-06-06 17:03:23,2022-06-06 17:03:23
6325,3330,161,"15","No","1",2022-06-06 17:03:27,2022-06-06 17:03:27
6326,3330,161,"15","No","1",2022-06-06 17:03:31,2022-06-06 17:03:31
6327,3330,161,"15","No","1",2022-06-06 17:03:35,2022-06-06 17:03:35
6328,3330,161,"15","No","1",2022-06-06 17:03:39,2022-06-06 17:03:39
6329,3330,161,"15","No","1",2022-06-06 17:03:43,2022-06-06 17:03:43
6330,3330,161,"15","No","1",2022-06-06 17:03:47,2022-06-06 17:03:47
6331,3330,161,"15","No","1",2022-06-06 17:03:51,2022-06-06 17:03:51
6332,3330,161,"15","No","1",2022-06-06 17:03:55,2022-06-06 17:03:55
6333,3330,161,"15","No","1",2022-06-06 17:03:59,2022-06-06 17:03:59
6334,3330,161,"15","No","1",2022-06-06 17:04:03,2022-06-06 17:04:03
6335,3330,161,"15","No","1",2022-06-06 17:04:07,2022-06-06 17:04:07
6336,3330,161,"15","No","1",2022-06-06 17:04:11,2022-06-06 17:04:11
6337,3330,161,"15","No","1",2022-06-06 17:04:15,2022-06-06 17:04:15
6338,3330,161,"15","No","1",2022-06-06 17:04:19,2022-06-06 17:04:19
6339,3330,161,"15","No","1",2022-06-06 17:04:23,2022-06-06 17:04:23
6340,3330,161,"15","No","1",2022-06-06 17:04:27,2022-06-06 17:04:27
6341,3330,161,"15","No","1",2022-06-06 17:04:31,2022-06-06 17:04:31
6342,3330,161,"15","No","1",2022-06-06 17:04:35,2022-06-06 17:04:35
6343,3330,161,"15","No","1",2022-06-06 17:04:39,2022-06-06 17:04:39
6344,3330,161,"15","No","1",2022-06-06 17:04:43,2022-06-06 17:04:43
6345,3330,161,"15","No","1",2022-06-06 17:04:47,2022-06-06 17:04:47
6346,3330,161,"15","No","1",2022-06-06 17:04:51,2022-06-06 17:04:51
6347,3330,161,"15","No","1",2022-06-06 17:04:55,2022-06-06 17:04:55
6348,3330,161,"15","No","1",2022-06-06 17:04:59,2022-06-06 17:04:59
6349,3330,161,"15","No","1",2022-06-06 17:05:03,2022-06-06 17:05:03
6350,3330,161,"15","No","1",2022-06-06 17:05:07,2022-06-06 17:05:07
6351,3330,161,"15","No","1",2022-06-06 17:05:11,2022-06-06 17:05:11
6352,3330,161,"15","No","1",2022-06-06 17:05:15,2022-06-06 17:05:15
6353,3330,161,"15","No","1",2022-06-06 17:05:19,2022-06-06 17:05:19
6354,3330,161,"15","No","1",2022-06-06 17:05:23,2022-06-06 17:05:23
6355,3330,161,"15","No","1",2022-06-06 17:05:27,2022-06-06 17:05:27
6356,3330,161,"15","No","1",2022-06-06 17:05:31,2022-06-06 17:05:31
6357,3330,161,"15","No","1",2022-06-06 17:05:35,2022-06-06 17:05:35
6358,3330,161,"15","No","1",2022-06-06 17:05:39,2022-06-06 17:05:39
6359,3330,161,"15","No","1",2022-06-06 17:05:43,2022-06-06 17:05:43
6360,3330,161,"15","No","1",2022-06-06 17:05:47,2022-06-06 17:05:47
6361,3330,161,"15","No","1",2022-06-06 17:05:51,2022-06-06 17:05:51
6362,3330,161,"15","No","1",2022-06-06 17:05:55,2022-06-06 17:05:55
6363,3330,161,"15","No","1",2022-06-06 17:05:59,2022-06-06 17:05:59
6364,3330,161,"15","No","1",2022-06-06 17:06:03,2022-06-06 17:06:03
6365,3330,161,"15","No","1",2022-06-06 17:06:07,2022-06-06 17:06:07
6366,3330,161,"15","No","1",2022-06-06 17:06:11,2022-06-06 17:06:11
6367,3330,161,"15","No","1",2022-06-06 17:06:15,2022-06-06 17:06:15
6368,3330,161,"15","No","1",2022-06-06 17:06:19,2022-06-06 17:06:19
6369,3330,161,"15","No","1",2022-06-06 17:06:23,2022-06-06 17:06:23
6370,3330,161,"15","No","1",2022-06-06 17:06:27,2022-06-06 17:06:27
6371,3330,161,"15","No","1",2022-06-06 17:06:31,2022-06-06 17:06:31
6372,3330,161,"15","No","1",2022-06-06 17:06:35,2022-06-06 17:06:35
6373,3330,161,"15","No","1",2022-06-06 17:06:39,2022-06-06 17:06:39
6374,3330,161,"15","No","1",2022-06-06 17:06:43,2022-06-06 17:06:43
6375,3330,161,"15","No","1",2022-06-06 17:06:47,2022-06-06 17:06:47
6376,3330,161,"15","No","1",2022-06-06 17:06:51,2022-06-06 17:06:51
6377,3330,161,"15","No","1",2022-06-06 17:06:55,2022-06-06 17:06:55
6378,3330,161,"15","No","1",2022-06-06 17:06:59,2022-06-06 17:06:59
6379,3330,161,"15","No","1",2022-06-06 17:07:03,2022-06-06 17:07:03
6380,3330,161,"15","No","1",2022-06-06 17:07:07,2022-06-06 17:07:07
6381,3330,161,"15","No","1",2022-06-06 17:07:11,2022-06-06 17:07:11
6382,3330,161,"15","No","1",2022-06-06 17:07:15,2022-06-06 17:07:15
6383,3330,161,"15","No","1",2022-06-06 17:07:19,2022-06-06 17:07:19
6384,3330,161,"15","No","1",2022-06-06 17:07:23,2022-06-06 17:07:23
6385,3330,161,"15","No","1",2022-06-06 17:07:27,2022-06-06 17:07:27
6386,3330,161,"15","No","1",2022-06-06 17:07:31,2022-06-06 17:07:31
6387,3330,161,"15","No","1",2022-06-06 17:07:35,2022-06-06 17:07:35
6388,3330,161,"15","No","1",2022-06-06 17:07:39,2022-06-06 17:07:39
6389,3330,161,"15","No","1",2022-06-06 17:07:43,2022-06-06 17:07:43
6390,3330,161,"15","No","1",2022-06-06 17:07:47,2022-06-06 17:07:47
6391,3330,161,"15","No","1",2022-06-06 17:07:51,2022-06-06 17:07:51
6392,3330,161,"15","No","1",2022-06-06 17:07:55,2022-06-06 17:07:55
6393,3330,161,"15","No","1",2022-06-06 17:07:59,2022-06-06 17:07:59
6394,3330,161,"15","No","1",2022-06-06 17:08:03,2022-06-06 17:08:03
6395,3330,161,"15","No","1",2022-06-06 17:08:07,2022-06-06 17:08:07
6396,3330,161,"15","No","1",2022-06-06 17:08:11,2022-06-06 17:08:11
6397,3330,161,"15","No","1",2022-06-06 17:08:15,2022-06-06 17:08:15
6398,3330,161,"15","No","1",2022-06-06 17:08:19,2022-06-06 17:08:19
6399,3330,161,"15","No","1",2022-06-06 17:08:23,2022-06-06 17:08:23
6400,3330,161,"15","No","1",2022-06-06 17:08:27,2022-06-06 17:08:27
6401,3330,161,"15","No","1",2022-06-06 17:08:31,2022-06-06 17:08:31
6402,3330,161,"15","No","1",2022-06-06 17:08:35,2022-06-06 17:08:35
6403,3330,161,"15","No","1",2022-06-06 17:08:39,2022-06-06 17:08:39
6404,3330,161,"15","No","1",2022-06-06 17:08:43,2022-06-06 17:08:43
6405,3330,161,"15","No","1",2022-06-06 17:08:47,2022-06-06 17:08:47
6406,3330,161,"15","No","1",2022-06-06 17:08:51,2022-06-06 17:08:51
6407,3330,161,"15","No","1",2022-06-06 17:08:55,2022-06-06 17:08:55
6408,3330,161,"15","No","1",2022-06-06 17:08:59,2022-06-06 17:08:59
6409,3330,161,"15","No","1",2022-06-06 17:09:03,2022-06-06 17:09:03
6410,3330,161,"15","No","1",2022-06-06 17:09:07,2022-06-06 17:09:07
6411,3330,161,"15","No","1",2022-06-06 17:09:11,2022-06-06 17:09:11
6412,3330,161,"15","No","1",2022-06-06 17:09:15,2022-06-06 17:09:15
6413,3330,161,"15","No","1",2022-06-06 17:09:19,2022-06-06 17:09:19
6414,3330,161,"15","No","1",2022-06-06 17:09:23,2022-06-06 17:09:23
6415,3330,161,"15","No","1",2022-06-06 17:09:27,2022-06-06 17:09:27
6416,3330,161,"15","No","1",2022-06-06 17:09:31,2022-06-06 17:09:31
6417,3330,161,"15","No","1",2022-06-06 17:09:35,2022-06-06 17:09:35
6418,3330,161,"15","No","1",2022-06-06 17:09:39,2022-06-06 17:09:39
6419,3330,161,"15","No","1",2022-06-06 17:09:43,2022-06-06 17:09:43
6420,3330,161,"15","No","1",2022-06-06 17:09:47,2022-06-06 17:09:47
6421,3330,161,"15","No","1",2022-06-06 17:09:51,2022-06-06 17:09:51
6422,3330,161,"15","No","1",2022-06-06 17:09:55,2022-06-06 17:09:55
6423,3330,161,"15","No","1",2022-06-06 17:09:59,2022-06-06 17:09:59
6424,3330,161,"15","No","1",2022-06-06 17:10:03,2022-06-06 17:10:03
6425,3330,161,"15","No","1",2022-06-06 17:10:07,2022-06-06 17:10:07
6426,3330,161,"15","No","1",2022-06-06 17:10:11,2022-06-06 17:10:11
6427,3330,161,"15","No","1",2022-06-06 17:10:15,2022-06-06 17:10:15
6428,3330,161,"15","No","1",2022-06-06 17:10:19,2022-06-06 17:10:19
6429,3330,161,"15","No","1",2022-06-06 17:10:23,2022-06-06 17:10:23
6430,3330,161,"15","No","1",2022-06-06 17:10:27,2022-06-06 17:10:27
6431,3330,161,"15","No","1",2022-06-06 17:10:31,2022-06-06 17:10:31
6432,3330,161,"15","No","1",2022-06-06 17:10:35,2022-06-06 17:10:35
6433,3330,161,"15","No","1",2022-06-06 17:10:39,2022-06-06 17:10:39
6434,3330,161,"15","No","1",2022-06-06 17:10:43,2022-06-06 17:10:43
6435,3330,161,"15","No","1",2022-06-06 17:10:47,2022-06-06 17:10:47
6436,3330,161,"15","No","1",2022-06-06 17:10:51,2022-06-06 17:10:51
6437,3330,161,"15","No","1",2022-06-06 17:10:55,2022-06-06 17:10:55
6438,3330,161,"15","No","1",2022-06-06 17:10:59,2022-06-06 17:10:59
6439,3330,161,"15","No","1",2022-06-06 17:11:03,2022-06-06 17:11:03
6440,3330,161,"15","No","1",2022-06-06 17:11:07,2022-06-06 17:11:07
6441,3330,161,"15","No","1",2022-06-06 17:11:11,2022-06-06 17:11:11
6442,3330,161,"15","No","1",2022-06-06 17:11:15,2022-06-06 17:11:15
6443,3330,161,"15","No","1",2022-06-06 17:11:19,2022-06-06 17:11:19
6444,3330,161,"15","No","1",2022-06-06 17:11:23,2022-06-06 17:11:23
6445,3330,161,"15","No","1",2022-06-06 17:11:27,2022-06-06 17:11:27
6446,3330,161,"15","No","1",2022-06-06 17:11:31,2022-06-06 17:11:31
6447,3330,161,"15","No","1",2022-06-06 17:11:35,2022-06-06 17:11:35
6448,3330,161,"15","No","1",2022-06-06 17:11:39,2022-06-06 17:11:39
6449,3330,161,"15","No","1",2022-06-06 17:11:43,2022-06-06 17:11:43
6450,3330,161,"15","No","1",2022-06-06 17:11:47,2022-06-06 17:11:47
6451,3330,161,"15","No","1",2022-06-06 17:11:51,2022-06-06 17:11:51
6452,3330,161,"15","No","1",2022-06-06 17:11:55,2022-06-06 17:11:55
6453,3330,161,"15","No","1",2022-06-06 17:11:59,2022-06-06 17:11:59
6454,3330,161,"15","No","1",2022-06-06 17:12:03,2022-06-06 17:12:03
6455,3330,161,"15","No","1",2022-06-06 17:12:07,2022-06-06 17:12:07
6456,3330,161,"15","No","1",2022-06-06 17:12:11,2022-06-06 17:12:11
6457,3330,161,"15","No","1",2022-06-06 17:12:15,2022-06-06 17:12:15
6458,3330,161,"15","No","1",2022-06-06 17:12:19,2022-06-06 17:12:19
6459,3330,161,"15","No","1",2022-06-06 17:12:23,2022-06-06 17:12:23
6460,3330,161,"15","No","1",2022-06-06 17:12:27,2022-06-06 17:12:27
6461,3330,161,"15","No","1",2022-06-06 17:12:31,2022-06-06 17:12:31
6462,3330,161,"15","No","1",2022-06-06 17:12:35,2022-06-06 17:12:35
6463,3330,161,"15","No","1",2022-06-06 17:12:39,2022-06-06 17:12:39
6464,3330,161,"15","No","1",2022-06-06 17:12:43,2022-06-06 17:12:43
6465,3330,161,"15","No","1",2022-06-06 17:12:47,2022-06-06 17:12:47
6466,3330,161,"15","No","1",2022-06-06 17:12:51,2022-06-06 17:12:51
6467,3330,161,"15","No","1",2022-06-06 17:12:55,2022-06-06 17:12:55
6468,3330,161,"15","No","1",2022-06-06 17:12:59,2022-06-06 17:12:59
6469,3330,161,"15","No","1",2022-06-06 17:13:03,2022-06-06 17:13:03
6470,3330,161,"15","No","1",2022-06-06 17:13:07,2022-06-06 17:13:07
6471,3330,161,"15","No","1",2022-06-06 17:13:11,2022-06-06 17:13:11
6472,3330,161,"15","No","1",2022-06-06 17:13:15,2022-06-06 17:13:15
6473,3330,161,"15","No","1",2022-06-06 17:13:19,2022-06-06 17:13:19
6474,3330,161,"15","No","1",2022-06-06 17:13:23,2022-06-06 17:13:23
6475,3330,161,"15","No","1",2022-06-06 17:13:27,2022-06-06 17:13:27
6476,3330,161,"15","No","1",2022-06-06 17:13:31,2022-06-06 17:13:31
6477,3330,161,"15","No","1",2022-06-06 17:13:35,2022-06-06 17:13:35
6478,3330,161,"15","No","1",2022-06-06 17:13:39,2022-06-06 17:13:39
6479,3330,161,"15","No","1",2022-06-06 17:13:43,2022-06-06 17:13:43
6480,3330,161,"15","No","1",2022-06-06 17:13:47,2022-06-06 17:13:47
6481,3330,161,"15","No","1",2022-06-06 17:13:51,2022-06-06 17:13:51
6482,3330,161,"15","No","1",2022-06-06 17:13:55,2022-06-06 17:13:55
6483,3330,161,"15","No","1",2022-06-06 17:13:59,2022-06-06 17:13:59
6484,3330,161,"15","No","1",2022-06-06 17:14:03,2022-06-06 17:14:03
6485,3330,161,"15","No","1",2022-06-06 17:14:07,2022-06-06 17:14:07
6486,3330,161,"15","No","1",2022-06-06 17:14:11,2022-06-06 17:14:11
6487,3330,161,"15","No","1",2022-06-06 17:14:15,2022-06-06 17:14:15
6488,3330,161,"15","No","1",2022-06-06 17:14:19,2022-06-06 17:14:19
6489,3330,161,"15","No","1",2022-06-06 17:14:23,2022-06-06 17:14:23
6490,3330,161,"15","No","1",2022-06-06 17:14:27,2022-06-06 17:14:27
6491,3330,161,"15","No","1",2022-06-06 17:14:31,2022-06-06 17:14:31
6492,3330,161,"15","No","1",2022-06-06 17:14:35,2022-06-06 17:14:35
6493,3330,161,"15","No","1",2022-06-06 17:14:39,2022-06-06 17:14:39
6494,3330,161,"15","No","1",2022-06-06 17:14:43,2022-06-06 17:14:43
6495,3330,161,"15","No","1",2022-06-06 17:14:47,2022-06-06 17:14:47
6496,3330,161,"15","No","1",2022-06-06 17:14:51,2022-06-06 17:14:51
6497,3330,161,"15","No","1",2022-06-06 17:14:55,2022-06-06 17:14:55
6498,3330,161,"15","No","1",2022-06-06 17:14:59,2022-06-06 17:14:59
6499,3330,161,"15","No","1",2022-06-06 17:15:03,2022-06-06 17:15:03
6500,3330,161,"15","No","1",2022-06-06 17:15:07,2022-06-06 17:15:07
6501,3330,161,"15","No","1",2022-06-06 17:15:11,2022-06-06 17:15:11
6502,3330,161,"15","No","1",2022-06-06 17:15:15,2022-06-06 17:15:15
6503,3330,161,"15","No","1",2022-06-06 17:15:19,2022-06-06 17:15:19
6504,3330,161,"15","No","1",2022-06-06 17:15:23,2022-06-06 17:15:23
6505,3330,161,"15","No","1",2022-06-06 17:15:27,2022-06-06 17:15:27
6506,3330,161,"15","No","1",2022-06-06 17:15:31,2022-06-06 17:15:31
6507,3330,161,"15","No","1",2022-06-06 17:15:35,2022-06-06 17:15:35
6508,3330,161,"15","No","1",2022-06-06 17:15:39,2022-06-06 17:15:39
6509,3330,161,"15","No","1",2022-06-06 17:15:43,2022-06-06 17:15:43
6510,3330,161,"15","No","1",2022-06-06 17:15:47,2022-06-06 17:15:47
6511,3330,161,"15","No","1",2022-06-06 17:15:51,2022-06-06 17:15:51
6512,3330,161,"15","No","1",2022-06-06 17:15:55,2022-06-06 17:15:55
6513,3330,161,"15","No","1",2022-06-06 17:15:59,2022-06-06 17:15:59
6514,3330,161,"15","No","1",2022-06-06 17:16:03,2022-06-06 17:16:03
6515,3330,161,"15","No","1",2022-06-06 17:16:07,2022-06-06 17:16:07
6516,3330,161,"15","No","1",2022-06-06 17:16:11,2022-06-06 17:16:11
6517,3330,161,"15","No","1",2022-06-06 17:16:15,2022-06-06 17:16:15
6518,3330,161,"15","No","1",2022-06-06 17:16:19,2022-06-06 17:16:19
6519,3330,161,"15","No","1",2022-06-06 17:16:23,2022-06-06 17:16:23
6520,3330,161,"15","No","1",2022-06-06 17:16:27,2022-06-06 17:16:27
6521,3330,161,"15","No","1",2022-06-06 17:16:31,2022-06-06 17:16:31
6522,3330,161,"15","No","1",2022-06-06 17:16:35,2022-06-06 17:16:35
6523,3330,161,"15","No","1",2022-06-06 17:16:39,2022-06-06 17:16:39
6524,3330,161,"15","No","1",2022-06-06 17:16:43,2022-06-06 17:16:43
6525,3330,161,"15","No","1",2022-06-06 17:16:47,2022-06-06 17:16:47
6526,3330,161,"15","No","1",2022-06-06 17:16:51,2022-06-06 17:16:51
6527,3330,161,"15","No","1",2022-06-06 17:16:55,2022-06-06 17:16:55
6528,3330,161,"15","No","1",2022-06-06 17:16:59,2022-06-06 17:16:59
6529,3330,161,"15","No","1",2022-06-06 17:17:03,2022-06-06 17:17:03
6530,3330,161,"15","No","1",2022-06-06 17:17:07,2022-06-06 17:17:07
6531,3330,161,"15","No","1",2022-06-06 17:17:11,2022-06-06 17:17:11
6532,3330,161,"15","No","1",2022-06-06 17:17:15,2022-06-06 17:17:15
6533,3330,161,"15","No","1",2022-06-06 17:17:19,2022-06-06 17:17:19
6534,3330,161,"15","No","1",2022-06-06 17:17:23,2022-06-06 17:17:23
6535,3330,161,"15","No","1",2022-06-06 17:17:27,2022-06-06 17:17:27
6536,3330,161,"15","No","1",2022-06-06 17:17:31,2022-06-06 17:17:31
6537,3330,161,"15","No","1",2022-06-06 17:17:35,2022-06-06 17:17:35
6538,3330,161,"15","No","1",2022-06-06 17:17:39,2022-06-06 17:17:39
6539,3330,161,"15","No","1",2022-06-06 17:17:43,2022-06-06 17:17:43
6540,3330,161,"15","No","1",2022-06-06 17:17:47,2022-06-06 17:17:47
6541,3330,161,"15","No","1",2022-06-06 17:17:51,2022-06-06 17:17:51
6542,3330,161,"15","No","1",2022-06-06 17:17:55,2022-06-06 17:17:55
6543,3330,161,"15","No","1",2022-06-06 17:17:59,2022-06-06 17:17:59
6544,3330,161,"15","No","1",2022-06-06 17:18:03,2022-06-06 17:18:03
6545,3330,161,"15","No","1",2022-06-06 17:18:07,2022-06-06 17:18:07
6546,3330,161,"15","No","1",2022-06-06 17:18:11,2022-06-06 17:18:11
6547,3330,161,"15","No","1",2022-06-06 17:18:15,2022-06-06 17:18:15
6548,3330,161,"15","No","1",2022-06-06 17:18:19,2022-06-06 17:18:19
6549,3330,161,"15","No","1",2022-06-06 17:18:23,2022-06-06 17:18:23
6550,3330,161,"15","No","1",2022-06-06 17:18:27,2022-06-06 17:18:27
6551,3330,161,"15","No","1",2022-06-06 17:18:31,2022-06-06 17:18:31
6552,3330,161,"15","No","1",2022-06-06 17:18:35,2022-06-06 17:18:35
6553,3330,161,"15","No","1",2022-06-06 17:18:39,2022-06-06 17:18:39
6554,3330,161,"15","No","1",2022-06-06 17:18:43,2022-06-06 17:18:43
6555,3330,161,"15","No","1",2022-06-06 17:18:47,2022-06-06 17:18:47
6556,3330,161,"15","No","1",2022-06-06 17:18:51,2022-06-06 17:18:51
6557,3330,161,"15","No","1",2022-06-06 17:18:55,2022-06-06 17:18:55
6558,3330,161,"15","No","1",2022-06-06 17:18:59,2022-06-06 17:18:59
6559,3330,161,"15","No","1",2022-06-06 17:19:03,2022-06-06 17:19:03
6560,3330,161,"15","No","1",2022-06-06 17:19:07,2022-06-06 17:19:07
6561,3330,161,"15","No","1",2022-06-06 17:19:11,2022-06-06 17:19:11
6562,3330,161,"15","No","1",2022-06-06 17:19:15,2022-06-06 17:19:15
6563,3330,161,"15","No","1",2022-06-06 17:19:19,2022-06-06 17:19:19
6564,3330,161,"15","No","1",2022-06-06 17:19:23,2022-06-06 17:19:23
6565,3330,161,"15","No","1",2022-06-06 17:19:27,2022-06-06 17:19:27
6566,3330,161,"15","No","1",2022-06-06 17:19:31,2022-06-06 17:19:31
6567,3330,161,"15","No","1",2022-06-06 17:19:35,2022-06-06 17:19:35
6568,3330,161,"15","No","1",2022-06-06 17:19:39,2022-06-06 17:19:39
6569,3330,161,"15","No","1",2022-06-06 17:19:43,2022-06-06 17:19:43
6570,3330,161,"15","No","1",2022-06-06 17:19:47,2022-06-06 17:19:47
6571,3330,161,"15","No","1",2022-06-06 17:19:51,2022-06-06 17:19:51
6572,3330,161,"15","No","1",2022-06-06 17:19:55,2022-06-06 17:19:55
6573,3330,161,"15","No","1",2022-06-06 17:19:59,2022-06-06 17:19:59
6574,3330,161,"15","No","1",2022-06-06 17:20:03,2022-06-06 17:20:03
6575,3330,161,"15","No","1",2022-06-06 17:20:07,2022-06-06 17:20:07
6576,3330,161,"15","No","1",2022-06-06 17:20:11,2022-06-06 17:20:11
6577,3330,161,"15","No","1",2022-06-06 17:20:15,2022-06-06 17:20:15
6578,3330,161,"15","No","1",2022-06-06 17:20:19,2022-06-06 17:20:19
6579,3330,161,"15","No","1",2022-06-06 17:20:23,2022-06-06 17:20:23
6580,3330,161,"15","No","1",2022-06-06 17:20:27,2022-06-06 17:20:27
6581,3330,161,"15","No","1",2022-06-06 17:20:31,2022-06-06 17:20:31
6582,3330,161,"15","No","1",2022-06-06 17:20:35,2022-06-06 17:20:35
6583,3330,161,"15","No","1",2022-06-06 17:20:39,2022-06-06 17:20:39
6584,3330,161,"15","No","1",2022-06-06 17:20:43,2022-06-06 17:20:43
6585,3330,161,"15","No","1",2022-06-06 17:20:47,2022-06-06 17:20:47
6586,3330,161,"15","No","1",2022-06-06 17:20:51,2022-06-06 17:20:51
6587,3330,161,"15","No","1",2022-06-06 17:20:55,2022-06-06 17:20:55
6588,3330,161,"15","No","1",2022-06-06 17:20:59,2022-06-06 17:20:59
6589,3330,161,"15","No","1",2022-06-06 17:21:03,2022-06-06 17:21:03
6590,3330,161,"15","No","1",2022-06-06 17:21:07,2022-06-06 17:21:07
6591,3330,161,"15","No","1",2022-06-06 17:21:11,2022-06-06 17:21:11
6592,3330,161,"15","No","1",2022-06-06 17:21:15,2022-06-06 17:21:15
6593,3330,161,"15","No","1",2022-06-06 17:21:19,2022-06-06 17:21:19
6594,3330,161,"15","No","1",2022-06-06 17:21:23,2022-06-06 17:21:23
6595,3330,161,"15","No","1",2022-06-06 17:21:27,2022-06-06 17:21:27
6596,3330,161,"15","No","1",2022-06-06 17:21:31,2022-06-06 17:21:31
6597,3330,161,"15","No","1",2022-06-06 17:21:35,2022-06-06 17:21:35
6598,3330,161,"15","No","1",2022-06-06 17:21:39,2022-06-06 17:21:39
6599,3330,161,"15","No","1",2022-06-06 17:21:43,2022-06-06 17:21:43
6600,3330,161,"15","No","1",2022-06-06 17:21:47,2022-06-06 17:21:47
6601,3330,161,"15","No","1",2022-06-06 17:21:51,2022-06-06 17:21:51
6602,3330,161,"15","No","1",2022-06-06 17:21:55,2022-06-06 17:21:55
6603,3330,161,"15","No","1",2022-06-06 17:21:59,2022-06-06 17:21:59
6604,3330,161,"15","No","1",2022-06-06 17:22:03,2022-06-06 17:22:03
6605,3330,161,"15","No","1",2022-06-06 17:22:07,2022-06-06 17:22:07
6606,3330,161,"15","No","1",2022-06-06 17:22:11,2022-06-06 17:22:11
6607,3330,161,"15","No","1",2022-06-06 17:22:15,2022-06-06 17:22:15
6608,3330,161,"15","No","1",2022-06-06 17:22:19,2022-06-06 17:22:19
6609,3330,161,"15","No","1",2022-06-06 17:22:23,2022-06-06 17:22:23
6610,3330,161,"15","No","1",2022-06-06 17:22:27,2022-06-06 17:22:27
6611,3330,161,"15","No","1",2022-06-06 17:22:31,2022-06-06 17:22:31
6612,3330,161,"15","No","1",2022-06-06 17:22:35,2022-06-06 17:22:35
6613,3330,161,"15","No","1",2022-06-06 17:22:39,2022-06-06 17:22:39
6614,3330,161,"15","No","1",2022-06-06 17:22:43,2022-06-06 17:22:43
6615,3330,161,"15","No","1",2022-06-06 17:22:47,2022-06-06 17:22:47
6616,3330,161,"15","No","1",2022-06-06 17:22:51,2022-06-06 17:22:51
6617,3330,161,"15","No","1",2022-06-06 17:22:55,2022-06-06 17:22:55
6618,3330,161,"15","No","1",2022-06-06 17:22:59,2022-06-06 17:22:59
6619,3330,161,"15","No","1",2022-06-06 17:23:03,2022-06-06 17:23:03
6620,3330,161,"15","No","1",2022-06-06 17:23:07,2022-06-06 17:23:07
6621,3330,161,"15","No","1",2022-06-06 17:23:11,2022-06-06 17:23:11
6622,3330,161,"15","No","1",2022-06-06 17:23:15,2022-06-06 17:23:15
6623,3330,161,"15","No","1",2022-06-06 17:23:19,2022-06-06 17:23:19
6624,3330,161,"15","No","1",2022-06-06 17:23:23,2022-06-06 17:23:23
6625,3330,161,"15","No","1",2022-06-06 17:23:27,2022-06-06 17:23:27
6626,3330,161,"15","No","1",2022-06-06 17:23:31,2022-06-06 17:23:31
6627,3330,161,"15","No","1",2022-06-06 17:23:35,2022-06-06 17:23:35
6628,3330,161,"15","No","1",2022-06-06 17:23:39,2022-06-06 17:23:39
6629,3330,161,"15","No","1",2022-06-06 17:23:43,2022-06-06 17:23:43
6630,3330,161,"15","No","1",2022-06-06 17:23:47,2022-06-06 17:23:47
6631,3330,161,"15","No","1",2022-06-06 17:23:51,2022-06-06 17:23:51
6632,3330,161,"15","No","1",2022-06-06 17:23:55,2022-06-06 17:23:55
6633,3330,161,"15","No","1",2022-06-06 17:23:59,2022-06-06 17:23:59
6634,3330,161,"15","No","1",2022-06-06 17:24:03,2022-06-06 17:24:03
6635,3330,161,"15","No","1",2022-06-06 17:24:07,2022-06-06 17:24:07
6636,3330,161,"15","No","1",2022-06-06 17:24:11,2022-06-06 17:24:11
6637,3330,161,"15","No","1",2022-06-06 17:24:15,2022-06-06 17:24:15
6638,3330,161,"15","No","1",2022-06-06 17:24:19,2022-06-06 17:24:19
6639,3330,161,"15","No","1",2022-06-06 17:24:23,2022-06-06 17:24:23
6640,3330,161,"15","No","1",2022-06-06 17:24:27,2022-06-06 17:24:27
6641,3330,161,"15","No","1",2022-06-06 17:24:31,2022-06-06 17:24:31
6642,3330,161,"15","No","1",2022-06-06 17:24:35,2022-06-06 17:24:35
6643,3330,161,"15","No","1",2022-06-06 17:24:39,2022-06-06 17:24:39
6644,3330,161,"15","No","1",2022-06-06 17:24:43,2022-06-06 17:24:43
6645,3330,161,"15","No","1",2022-06-06 17:24:47,2022-06-06 17:24:47
6646,3330,161,"15","No","1",2022-06-06 17:24:51,2022-06-06 17:24:51
6647,3330,161,"15","No","1",2022-06-06 17:24:55,2022-06-06 17:24:55
6648,3330,161,"15","No","1",2022-06-06 17:24:59,2022-06-06 17:24:59
6649,3330,161,"15","No","1",2022-06-06 17:25:03,2022-06-06 17:25:03
6650,3330,161,"15","No","1",2022-06-06 17:25:07,2022-06-06 17:25:07
6651,3330,161,"15","No","1",2022-06-06 17:25:11,2022-06-06 17:25:11
6652,3330,161,"15","No","1",2022-06-06 17:25:15,2022-06-06 17:25:15
6653,3330,161,"15","No","1",2022-06-06 17:25:19,2022-06-06 17:25:19
6654,3330,161,"15","No","1",2022-06-06 17:25:23,2022-06-06 17:25:23
6655,3330,161,"15","No","1",2022-06-06 17:25:27,2022-06-06 17:25:27
6656,3330,161,"15","No","1",2022-06-06 17:25:31,2022-06-06 17:25:31
6657,3330,161,"15","No","1",2022-06-06 17:25:35,2022-06-06 17:25:35
6658,3330,161,"15","No","1",2022-06-06 17:25:39,2022-06-06 17:25:39
6659,3330,161,"15","No","1",2022-06-06 17:25:43,2022-06-06 17:25:43
6660,3330,161,"15","No","1",2022-06-06 17:25:47,2022-06-06 17:25:47
6661,3330,161,"15","No","1",2022-06-06 17:25:51,2022-06-06 17:25:51
6662,3330,161,"15","No","1",2022-06-06 17:25:55,2022-06-06 17:25:55
6663,3330,161,"15","No","1",2022-06-06 17:25:59,2022-06-06 17:25:59
6664,3330,161,"15","No","1",2022-06-06 17:26:03,2022-06-06 17:26:03
6665,3330,161,"15","No","1",2022-06-06 17:26:07,2022-06-06 17:26:07
6666,3330,161,"15","No","1",2022-06-06 17:26:11,2022-06-06 17:26:11
6667,3330,161,"15","No","1",2022-06-06 17:26:15,2022-06-06 17:26:15
6668,3330,161,"15","No","1",2022-06-06 17:26:19,2022-06-06 17:26:19
6669,3330,161,"15","No","1",2022-06-06 17:26:23,2022-06-06 17:26:23
6670,3330,161,"15","No","1",2022-06-06 17:26:27,2022-06-06 17:26:27
6671,3330,161,"15","No","1",2022-06-06 17:26:31,2022-06-06 17:26:31
6672,3330,161,"15","No","1",2022-06-06 17:26:35,2022-06-06 17:26:35
6673,3330,161,"15","No","1",2022-06-06 17:26:39,2022-06-06 17:26:39
6674,3330,161,"15","No","1",2022-06-06 17:26:43,2022-06-06 17:26:43
6675,3330,161,"15","No","1",2022-06-06 17:26:47,2022-06-06 17:26:47
6676,3330,161,"15","No","1",2022-06-06 17:26:51,2022-06-06 17:26:51
6677,3330,161,"15","No","1",2022-06-06 17:26:55,2022-06-06 17:26:55
6678,3330,161,"15","No","1",2022-06-06 17:26:59,2022-06-06 17:26:59
6679,3330,161,"15","No","1",2022-06-06 17:27:03,2022-06-06 17:27:03
6680,3330,161,"15","No","1",2022-06-06 17:27:07,2022-06-06 17:27:07
6681,3330,161,"15","No","1",2022-06-06 17:27:11,2022-06-06 17:27:11
6682,3330,161,"15","No","1",2022-06-06 17:27:15,2022-06-06 17:27:15
6683,3330,161,"15","No","1",2022-06-06 17:27:19,2022-06-06 17:27:19
6684,3330,161,"15","No","1",2022-06-06 17:27:23,2022-06-06 17:27:23
6685,3330,161,"15","No","1",2022-06-06 17:27:27,2022-06-06 17:27:27
6686,3330,161,"15","No","1",2022-06-06 17:27:31,2022-06-06 17:27:31
6687,3330,161,"15","No","1",2022-06-06 17:27:35,2022-06-06 17:27:35
6688,3330,161,"15","No","1",2022-06-06 17:27:39,2022-06-06 17:27:39
6689,3330,161,"15","No","1",2022-06-06 17:27:43,2022-06-06 17:27:43
6690,3330,161,"15","No","1",2022-06-06 17:27:47,2022-06-06 17:27:47
6691,3330,161,"15","No","1",2022-06-06 17:27:51,2022-06-06 17:27:51
6692,3330,161,"15","No","1",2022-06-06 17:27:55,2022-06-06 17:27:55
6693,3330,161,"15","No","1",2022-06-06 17:27:59,2022-06-06 17:27:59
6694,3330,161,"15","No","1",2022-06-06 17:28:03,2022-06-06 17:28:03
6695,3330,161,"15","No","1",2022-06-06 17:28:07,2022-06-06 17:28:07
6696,3330,161,"15","No","1",2022-06-06 17:28:11,2022-06-06 17:28:11
6697,3330,161,"15","No","1",2022-06-06 17:28:15,2022-06-06 17:28:15
6698,3330,161,"15","No","1",2022-06-06 17:28:19,2022-06-06 17:28:19
6699,3330,161,"15","No","1",2022-06-06 17:28:23,2022-06-06 17:28:23
6700,3330,161,"15","No","1",2022-06-06 17:28:27,2022-06-06 17:28:27
6701,3330,161,"15","No","1",2022-06-06 17:28:31,2022-06-06 17:28:31
6702,3330,161,"15","No","1",2022-06-06 17:28:35,2022-06-06 17:28:35
6703,3330,161,"15","No","1",2022-06-06 17:28:39,2022-06-06 17:28:39
6704,3330,161,"15","No","1",2022-06-06 17:28:43,2022-06-06 17:28:43
6705,3330,161,"15","No","1",2022-06-06 17:28:47,2022-06-06 17:28:47
6706,3330,161,"15","No","1",2022-06-06 17:28:51,2022-06-06 17:28:51
6707,3330,161,"15","No","1",2022-06-06 17:28:55,2022-06-06 17:28:55
6708,3330,161,"15","No","1",2022-06-06 17:28:59,2022-06-06 17:28:59
6709,3330,161,"15","No","1",2022-06-06 17:29:03,2022-06-06 17:29:03
6710,3330,161,"15","No","1",2022-06-06 17:29:07,2022-06-06 17:29:07
6711,3330,161,"15","No","1",2022-06-06 17:29:11,2022-06-06 17:29:11
6712,3330,161,"15","No","1",2022-06-06 17:29:15,2022-06-06 17:29:15
6713,3330,161,"15","No","1",2022-06-06 17:29:19,2022-06-06 17:29:19
6714,3330,161,"15","No","1",2022-06-06 17:29:23,2022-06-06 17:29:23
6715,3330,161,"15","No","1",2022-06-06 17:29:27,2022-06-06 17:29:27
6716,3330,161,"15","No","1",2022-06-06 17:29:31,2022-06-06 17:29:31
6717,3330,161,"15","No","1",2022-06-06 17:29:35,2022-06-06 17:29:35
6718,3330,161,"15","No","1",2022-06-06 17:29:39,2022-06-06 17:29:39
6719,3330,161,"15","No","1",2022-06-06 17:29:43,2022-06-06 17:29:43
6720,3330,161,"15","No","1",2022-06-06 17:29:47,2022-06-06 17:29:47
6721,3330,161,"15","No","1",2022-06-06 17:29:51,2022-06-06 17:29:51
6722,3330,161,"15","No","1",2022-06-06 17:29:55,2022-06-06 17:29:55
6723,3330,161,"15","No","1",2022-06-06 17:29:59,2022-06-06 17:29:59
6724,3330,161,"15","No","1",2022-06-06 17:30:03,2022-06-06 17:30:03
6725,3330,161,"15","No","1",2022-06-06 17:30:07,2022-06-06 17:30:07
6726,3330,161,"15","No","1",2022-06-06 17:30:11,2022-06-06 17:30:11
6727,3330,161,"15","No","1",2022-06-06 17:30:15,2022-06-06 17:30:15
6728,3330,161,"15","No","1",2022-06-06 17:30:19,2022-06-06 17:30:19
6729,3330,161,"15","No","1",2022-06-06 17:30:23,2022-06-06 17:30:23
6730,3330,161,"15","No","1",2022-06-06 17:30:27,2022-06-06 17:30:27
6731,3330,161,"15","No","1",2022-06-06 17:30:31,2022-06-06 17:30:31
6732,3330,161,"15","No","1",2022-06-06 17:30:35,2022-06-06 17:30:35
6733,3330,161,"15","No","1",2022-06-06 17:30:39,2022-06-06 17:30:39
6734,3330,161,"15","No","1",2022-06-06 17:30:43,2022-06-06 17:30:43
6735,3330,161,"15","No","1",2022-06-06 17:30:47,2022-06-06 17:30:47
6736,3330,161,"15","No","1",2022-06-06 17:30:51,2022-06-06 17:30:51
6737,3330,161,"15","No","1",2022-06-06 17:30:55,2022-06-06 17:30:55
6738,3330,161,"15","No","1",2022-06-06 17:30:59,2022-06-06 17:30:59
6739,3330,161,"15","No","1",2022-06-06 17:31:03,2022-06-06 17:31:03
6740,3330,161,"15","No","1",2022-06-06 17:31:07,2022-06-06 17:31:07
6741,3330,161,"15","No","1",2022-06-06 17:31:11,2022-06-06 17:31:11
6742,3330,161,"15","No","1",2022-06-06 17:31:15,2022-06-06 17:31:15
6743,3330,161,"15","No","1",2022-06-06 17:31:19,2022-06-06 17:31:19
6744,3330,161,"15","No","1",2022-06-06 17:31:23,2022-06-06 17:31:23
6745,3330,161,"15","No","1",2022-06-06 17:31:27,2022-06-06 17:31:27
6746,3330,161,"15","No","1",2022-06-06 17:31:31,2022-06-06 17:31:31
6747,3330,161,"15","No","1",2022-06-06 17:31:35,2022-06-06 17:31:35
6748,3330,161,"15","No","1",2022-06-06 17:31:39,2022-06-06 17:31:39
6749,3330,161,"15","No","1",2022-06-06 17:31:43,2022-06-06 17:31:43
6750,3330,161,"15","No","1",2022-06-06 17:31:47,2022-06-06 17:31:47
6751,3330,161,"15","No","1",2022-06-06 17:31:51,2022-06-06 17:31:51
6752,3330,161,"15","No","1",2022-06-06 17:31:55,2022-06-06 17:31:55
6753,3330,161,"15","No","1",2022-06-06 17:31:59,2022-06-06 17:31:59
6754,3330,161,"15","No","1",2022-06-06 17:32:03,2022-06-06 17:32:03
6755,3330,161,"15","No","1",2022-06-06 17:32:07,2022-06-06 17:32:07
6756,3330,161,"15","No","1",2022-06-06 17:32:11,2022-06-06 17:32:11
6757,3330,161,"15","No","1",2022-06-06 17:32:15,2022-06-06 17:32:15
6758,3330,161,"15","No","1",2022-06-06 17:32:19,2022-06-06 17:32:19
6759,3330,161,"15","No","1",2022-06-06 17:32:23,2022-06-06 17:32:23
6760,3330,161,"15","No","1",2022-06-06 17:32:27,2022-06-06 17:32:27
6761,3330,161,"15","No","1",2022-06-06 17:32:31,2022-06-06 17:32:31
6762,3330,161,"15","No","1",2022-06-06 17:32:35,2022-06-06 17:32:35
6763,3330,161,"15","No","1",2022-06-06 17:32:39,2022-06-06 17:32:39
6764,3330,161,"15","No","1",2022-06-06 17:32:43,2022-06-06 17:32:43
6765,3330,161,"15","No","1",2022-06-06 17:32:47,2022-06-06 17:32:47
6766,3330,161,"15","No","1",2022-06-06 17:32:51,2022-06-06 17:32:51
6767,3330,161,"15","No","1",2022-06-06 17:32:55,2022-06-06 17:32:55
6768,3330,161,"15","No","1",2022-06-06 17:32:59,2022-06-06 17:32:59
6769,3330,161,"15","No","1",2022-06-06 17:33:03,2022-06-06 17:33:03
6770,3330,161,"15","No","1",2022-06-06 17:33:07,2022-06-06 17:33:07
6771,3330,161,"15","No","1",2022-06-06 17:33:11,2022-06-06 17:33:11
6772,3330,161,"15","No","1",2022-06-06 17:33:15,2022-06-06 17:33:15
6773,3330,161,"15","No","1",2022-06-06 17:33:19,2022-06-06 17:33:19
6774,3330,161,"15","No","1",2022-06-06 17:33:23,2022-06-06 17:33:23
6775,3330,161,"15","No","1",2022-06-06 17:33:27,2022-06-06 17:33:27
6776,3330,161,"15","No","1",2022-06-06 17:33:31,2022-06-06 17:33:31
6777,3330,161,"15","No","1",2022-06-06 17:33:35,2022-06-06 17:33:35
6778,3330,161,"15","No","1",2022-06-06 17:33:39,2022-06-06 17:33:39
6779,3330,161,"15","No","1",2022-06-06 17:33:43,2022-06-06 17:33:43
6780,3330,161,"15","No","1",2022-06-06 17:33:47,2022-06-06 17:33:47
6781,3330,161,"15","No","1",2022-06-06 17:33:51,2022-06-06 17:33:51
6782,3330,161,"15","No","1",2022-06-06 17:33:55,2022-06-06 17:33:55
6783,3330,161,"15","No","1",2022-06-06 17:33:59,2022-06-06 17:33:59
6784,3330,161,"15","No","1",2022-06-06 17:34:03,2022-06-06 17:34:03
6785,3330,161,"15","No","1",2022-06-06 17:34:07,2022-06-06 17:34:07
6786,3330,161,"15","No","1",2022-06-06 17:34:11,2022-06-06 17:34:11
6787,3330,161,"15","No","1",2022-06-06 17:34:15,2022-06-06 17:34:15
6788,3330,161,"15","No","1",2022-06-06 17:34:19,2022-06-06 17:34:19
6789,3330,161,"15","No","1",2022-06-06 17:34:23,2022-06-06 17:34:23
6790,3330,161,"15","No","1",2022-06-06 17:34:27,2022-06-06 17:34:27
6791,3330,161,"15","No","1",2022-06-06 17:34:31,2022-06-06 17:34:31
6792,3330,161,"15","No","1",2022-06-06 17:34:35,2022-06-06 17:34:35
6793,3330,161,"15","No","1",2022-06-06 17:34:39,2022-06-06 17:34:39
6794,3330,161,"15","No","1",2022-06-06 17:34:43,2022-06-06 17:34:43
6795,3330,161,"15","No","1",2022-06-06 17:34:47,2022-06-06 17:34:47
6796,3330,161,"15","No","1",2022-06-06 17:34:51,2022-06-06 17:34:51
6797,3330,161,"15","No","1",2022-06-06 17:34:55,2022-06-06 17:34:55
6798,3330,161,"15","No","1",2022-06-06 17:34:59,2022-06-06 17:34:59
6799,3330,161,"15","No","1",2022-06-06 17:35:03,2022-06-06 17:35:03
6800,3330,161,"15","No","1",2022-06-06 17:35:07,2022-06-06 17:35:07
6801,3330,161,"15","No","1",2022-06-06 17:35:11,2022-06-06 17:35:11
6802,3330,161,"15","No","1",2022-06-06 17:35:15,2022-06-06 17:35:15
6803,3330,161,"15","No","1",2022-06-06 17:35:19,2022-06-06 17:35:19
6804,3330,161,"15","No","1",2022-06-06 17:35:23,2022-06-06 17:35:23
6805,3330,161,"15","No","1",2022-06-06 17:35:27,2022-06-06 17:35:27
6806,3330,161,"15","No","1",2022-06-06 17:35:31,2022-06-06 17:35:31
6807,3330,161,"15","No","1",2022-06-06 17:35:35,2022-06-06 17:35:35
6808,3330,161,"15","No","1",2022-06-06 17:35:39,2022-06-06 17:35:39
6809,3330,161,"15","No","1",2022-06-06 17:35:43,2022-06-06 17:35:43
6810,3330,161,"15","No","1",2022-06-06 17:35:47,2022-06-06 17:35:47
6811,3330,161,"15","No","1",2022-06-06 17:35:51,2022-06-06 17:35:51
6812,3330,161,"15","No","1",2022-06-06 17:35:55,2022-06-06 17:35:55
6813,3330,161,"15","No","1",2022-06-06 17:35:59,2022-06-06 17:35:59
6814,3330,161,"15","No","1",2022-06-06 17:36:03,2022-06-06 17:36:03
6815,3330,161,"15","No","1",2022-06-06 17:36:07,2022-06-06 17:36:07
6816,3330,161,"15","No","1",2022-06-06 17:36:11,2022-06-06 17:36:11
6817,3330,161,"15","No","1",2022-06-06 17:36:15,2022-06-06 17:36:15
6818,3330,161,"15","No","1",2022-06-06 17:36:19,2022-06-06 17:36:19
6819,3330,161,"15","No","1",2022-06-06 17:36:23,2022-06-06 17:36:23
6820,3330,161,"15","No","1",2022-06-06 17:36:27,2022-06-06 17:36:27
6821,3330,161,"15","No","1",2022-06-06 17:36:31,2022-06-06 17:36:31
6822,3330,161,"15","No","1",2022-06-06 17:36:35,2022-06-06 17:36:35
6823,3330,161,"15","No","1",2022-06-06 17:36:39,2022-06-06 17:36:39
6824,3330,161,"15","No","1",2022-06-06 17:36:43,2022-06-06 17:36:43
6825,3330,161,"15","No","1",2022-06-06 17:36:47,2022-06-06 17:36:47
6826,3330,161,"15","No","1",2022-06-06 17:36:51,2022-06-06 17:36:51
6827,3330,161,"15","No","1",2022-06-06 17:36:55,2022-06-06 17:36:55
6828,3330,161,"15","No","1",2022-06-06 17:36:59,2022-06-06 17:36:59
6829,3330,161,"15","No","1",2022-06-06 17:37:03,2022-06-06 17:37:03
6830,3330,161,"15","No","1",2022-06-06 17:37:08,2022-06-06 17:37:08
6831,3330,161,"15","No","1",2022-06-06 17:37:12,2022-06-06 17:37:12
6832,3330,161,"15","No","1",2022-06-06 17:37:16,2022-06-06 17:37:16
6833,3330,161,"15","No","1",2022-06-06 17:37:20,2022-06-06 17:37:20
6834,3330,161,"15","No","1",2022-06-06 17:37:24,2022-06-06 17:37:24
6835,3330,161,"15","No","1",2022-06-06 17:37:28,2022-06-06 17:37:28
6836,3330,161,"15","No","1",2022-06-06 17:37:32,2022-06-06 17:37:32
6837,3330,161,"15","No","1",2022-06-06 17:37:36,2022-06-06 17:37:36
6838,3330,161,"15","No","1",2022-06-06 17:37:40,2022-06-06 17:37:40
6839,3330,161,"15","No","1",2022-06-06 17:37:44,2022-06-06 17:37:44
6840,3330,161,"15","No","1",2022-06-06 17:37:48,2022-06-06 17:37:48
6841,3330,161,"15","No","1",2022-06-06 17:37:52,2022-06-06 17:37:52
6842,3330,161,"15","No","1",2022-06-06 17:37:56,2022-06-06 17:37:56
6843,3330,161,"15","No","1",2022-06-06 17:38:00,2022-06-06 17:38:00
6844,3330,161,"15","No","1",2022-06-06 17:38:04,2022-06-06 17:38:04
6845,3330,161,"15","No","1",2022-06-06 17:38:08,2022-06-06 17:38:08
6846,3330,161,"15","No","1",2022-06-06 17:38:12,2022-06-06 17:38:12
6847,3330,161,"15","No","1",2022-06-06 17:38:16,2022-06-06 17:38:16
6848,3330,161,"15","No","1",2022-06-06 17:38:20,2022-06-06 17:38:20
6849,3330,161,"15","No","1",2022-06-06 17:38:24,2022-06-06 17:38:24
6850,3330,161,"15","No","1",2022-06-06 17:38:28,2022-06-06 17:38:28
6851,3330,161,"15","No","1",2022-06-06 17:38:32,2022-06-06 17:38:32
6852,3330,161,"15","No","1",2022-06-06 17:38:36,2022-06-06 17:38:36
6853,3330,161,"15","No","1",2022-06-06 17:38:40,2022-06-06 17:38:40
6854,3330,161,"15","No","1",2022-06-06 17:38:44,2022-06-06 17:38:44
6855,3330,161,"15","No","1",2022-06-06 17:38:48,2022-06-06 17:38:48
6856,3330,161,"15","No","1",2022-06-06 17:38:52,2022-06-06 17:38:52
6857,3330,161,"15","No","1",2022-06-06 17:38:56,2022-06-06 17:38:56
6858,3330,161,"15","No","1",2022-06-06 17:39:00,2022-06-06 17:39:00
6859,3330,161,"15","No","1",2022-06-06 17:39:04,2022-06-06 17:39:04
6860,3330,161,"15","No","1",2022-06-06 17:39:08,2022-06-06 17:39:08
6861,3330,161,"15","No","1",2022-06-06 17:39:12,2022-06-06 17:39:12
6862,3330,161,"15","No","1",2022-06-06 17:39:16,2022-06-06 17:39:16
6863,3330,161,"15","No","1",2022-06-06 17:39:20,2022-06-06 17:39:20
6864,3330,161,"15","No","1",2022-06-06 17:39:24,2022-06-06 17:39:24
6865,3330,161,"15","No","1",2022-06-06 17:39:28,2022-06-06 17:39:28
6866,3330,161,"15","No","1",2022-06-06 17:39:32,2022-06-06 17:39:32
6867,3330,161,"15","No","1",2022-06-06 17:39:36,2022-06-06 17:39:36
6868,3330,161,"15","No","1",2022-06-06 17:39:40,2022-06-06 17:39:40
6869,3330,161,"15","No","1",2022-06-06 17:39:44,2022-06-06 17:39:44
6870,3330,161,"15","No","1",2022-06-06 17:39:48,2022-06-06 17:39:48
6871,3330,161,"15","No","1",2022-06-06 17:39:52,2022-06-06 17:39:52
6872,3330,161,"15","No","1",2022-06-06 17:39:56,2022-06-06 17:39:56
6873,3330,161,"15","No","1",2022-06-06 17:40:00,2022-06-06 17:40:00
6874,3330,161,"15","No","1",2022-06-06 17:40:04,2022-06-06 17:40:04
6875,3330,161,"15","No","1",2022-06-06 17:40:08,2022-06-06 17:40:08
6876,3330,161,"15","No","1",2022-06-06 17:40:12,2022-06-06 17:40:12
6877,3330,161,"15","No","1",2022-06-06 17:40:16,2022-06-06 17:40:16
6878,3330,161,"15","No","1",2022-06-06 17:40:20,2022-06-06 17:40:20
6879,3330,161,"15","No","1",2022-06-06 17:40:24,2022-06-06 17:40:24
6880,3330,161,"15","No","1",2022-06-06 17:40:28,2022-06-06 17:40:28
6881,3330,161,"15","No","1",2022-06-06 17:40:32,2022-06-06 17:40:32
6882,3330,161,"15","No","1",2022-06-06 17:40:36,2022-06-06 17:40:36
6883,3330,161,"15","No","1",2022-06-06 17:40:40,2022-06-06 17:40:40
6884,3330,161,"15","No","1",2022-06-06 17:40:44,2022-06-06 17:40:44
6885,3330,161,"15","No","1",2022-06-06 17:40:48,2022-06-06 17:40:48
6886,3330,161,"15","No","1",2022-06-06 17:40:52,2022-06-06 17:40:52
6887,3330,161,"15","No","1",2022-06-06 17:40:56,2022-06-06 17:40:56
6888,3330,161,"15","No","1",2022-06-06 17:41:00,2022-06-06 17:41:00
6889,3330,161,"15","No","1",2022-06-06 17:41:04,2022-06-06 17:41:04
6890,3330,161,"15","No","1",2022-06-06 17:41:08,2022-06-06 17:41:08
6891,3330,161,"15","No","1",2022-06-06 17:41:12,2022-06-06 17:41:12
6892,3330,161,"15","No","1",2022-06-06 17:41:16,2022-06-06 17:41:16
6893,3330,161,"15","No","1",2022-06-06 17:41:20,2022-06-06 17:41:20
6894,3330,161,"15","No","1",2022-06-06 17:41:24,2022-06-06 17:41:24
6895,3330,161,"15","No","1",2022-06-06 17:41:28,2022-06-06 17:41:28
6896,3330,161,"15","No","1",2022-06-06 17:41:32,2022-06-06 17:41:32
6897,3330,161,"15","No","1",2022-06-06 17:41:36,2022-06-06 17:41:36
6898,3330,161,"15","No","1",2022-06-06 17:41:40,2022-06-06 17:41:40
6899,3330,161,"15","No","1",2022-06-06 17:41:44,2022-06-06 17:41:44
6900,3330,161,"15","No","1",2022-06-06 17:41:48,2022-06-06 17:41:48
6901,3330,161,"15","No","1",2022-06-06 17:41:52,2022-06-06 17:41:52
6902,3330,161,"15","No","1",2022-06-06 17:41:56,2022-06-06 17:41:56
6903,3330,161,"15","No","1",2022-06-06 17:42:00,2022-06-06 17:42:00
6904,3330,161,"15","No","1",2022-06-06 17:42:04,2022-06-06 17:42:04
6905,3330,161,"15","No","1",2022-06-06 17:42:08,2022-06-06 17:42:08
6906,3330,161,"15","No","1",2022-06-06 17:42:12,2022-06-06 17:42:12
6907,3330,161,"15","No","1",2022-06-06 17:42:16,2022-06-06 17:42:16
6908,3330,161,"15","No","1",2022-06-06 17:42:20,2022-06-06 17:42:20
6909,3330,161,"15","No","1",2022-06-06 17:42:24,2022-06-06 17:42:24
6910,3330,161,"15","No","1",2022-06-06 17:42:28,2022-06-06 17:42:28
6911,3330,161,"15","No","1",2022-06-06 17:42:32,2022-06-06 17:42:32
6912,3330,161,"15","No","1",2022-06-06 17:42:36,2022-06-06 17:42:36
6913,3330,161,"15","No","1",2022-06-06 17:42:40,2022-06-06 17:42:40
6914,3330,161,"15","No","1",2022-06-06 17:42:44,2022-06-06 17:42:44
6915,3330,161,"15","No","1",2022-06-06 17:42:48,2022-06-06 17:42:48
6916,3330,161,"15","No","1",2022-06-06 17:42:52,2022-06-06 17:42:52
6917,3330,161,"15","No","1",2022-06-06 17:42:56,2022-06-06 17:42:56
6918,3330,161,"15","No","1",2022-06-06 17:43:00,2022-06-06 17:43:00
6919,3330,161,"15","No","1",2022-06-06 17:43:04,2022-06-06 17:43:04
6920,3330,161,"15","No","1",2022-06-06 17:43:08,2022-06-06 17:43:08
6921,3330,161,"15","No","1",2022-06-06 17:43:12,2022-06-06 17:43:12
6922,3330,161,"15","No","1",2022-06-06 17:43:16,2022-06-06 17:43:16
6923,3330,161,"15","No","1",2022-06-06 17:43:20,2022-06-06 17:43:20
6924,3330,161,"15","No","1",2022-06-06 17:43:24,2022-06-06 17:43:24
6925,3330,161,"15","No","1",2022-06-06 17:43:28,2022-06-06 17:43:28
6926,3330,161,"15","No","1",2022-06-06 17:43:32,2022-06-06 17:43:32
6927,3330,161,"15","No","1",2022-06-06 17:43:36,2022-06-06 17:43:36
6928,3330,161,"15","No","1",2022-06-06 17:43:40,2022-06-06 17:43:40
6929,3330,161,"15","No","1",2022-06-06 17:43:44,2022-06-06 17:43:44
6930,3330,161,"15","No","1",2022-06-06 17:43:48,2022-06-06 17:43:48
6931,3330,161,"15","No","1",2022-06-06 17:43:52,2022-06-06 17:43:52
6932,3330,161,"15","No","1",2022-06-06 17:43:56,2022-06-06 17:43:56
6933,3330,161,"15","No","1",2022-06-06 17:44:00,2022-06-06 17:44:00
6934,3330,161,"15","No","1",2022-06-06 17:44:04,2022-06-06 17:44:04
6935,3330,161,"15","No","1",2022-06-06 17:44:08,2022-06-06 17:44:08
6936,3330,161,"15","No","1",2022-06-06 17:44:12,2022-06-06 17:44:12
6937,3330,161,"15","No","1",2022-06-06 17:44:16,2022-06-06 17:44:16
6938,3330,161,"15","No","1",2022-06-06 17:44:20,2022-06-06 17:44:20
6939,3330,161,"15","No","1",2022-06-06 17:44:24,2022-06-06 17:44:24
6940,3330,161,"15","No","1",2022-06-06 17:44:28,2022-06-06 17:44:28
6941,3330,161,"15","No","1",2022-06-06 17:44:32,2022-06-06 17:44:32
6942,3330,161,"15","No","1",2022-06-06 17:44:36,2022-06-06 17:44:36
6943,3330,161,"15","No","1",2022-06-06 17:44:40,2022-06-06 17:44:40
6944,3330,161,"15","No","1",2022-06-06 17:44:44,2022-06-06 17:44:44
6945,3330,161,"15","No","1",2022-06-06 17:44:48,2022-06-06 17:44:48
6946,3330,161,"15","No","1",2022-06-06 17:44:52,2022-06-06 17:44:52
6947,3330,161,"15","No","1",2022-06-06 17:44:56,2022-06-06 17:44:56
6948,3330,161,"15","No","1",2022-06-06 17:45:00,2022-06-06 17:45:00
6949,3330,161,"15","No","1",2022-06-06 17:45:04,2022-06-06 17:45:04
6950,3330,161,"15","No","1",2022-06-06 17:45:08,2022-06-06 17:45:08
6951,3330,161,"15","No","1",2022-06-06 17:45:12,2022-06-06 17:45:12
6952,3330,161,"15","No","1",2022-06-06 17:45:16,2022-06-06 17:45:16
6953,3330,161,"15","No","1",2022-06-06 17:45:20,2022-06-06 17:45:20
6954,3330,161,"15","No","1",2022-06-06 17:45:24,2022-06-06 17:45:24
6955,3330,161,"15","No","1",2022-06-06 17:45:28,2022-06-06 17:45:28
6956,3330,161,"15","No","1",2022-06-06 17:45:32,2022-06-06 17:45:32
6957,3330,161,"15","No","1",2022-06-06 17:45:36,2022-06-06 17:45:36
6958,3330,161,"15","No","1",2022-06-06 17:45:40,2022-06-06 17:45:40
6959,3330,161,"15","No","1",2022-06-06 17:45:44,2022-06-06 17:45:44
6960,3330,161,"15","No","1",2022-06-06 17:45:48,2022-06-06 17:45:48
6961,3330,161,"15","No","1",2022-06-06 17:45:52,2022-06-06 17:45:52
6962,3330,161,"15","No","1",2022-06-06 17:45:56,2022-06-06 17:45:56
6963,3330,161,"15","No","1",2022-06-06 17:46:00,2022-06-06 17:46:00
6964,3330,161,"15","No","1",2022-06-06 17:46:04,2022-06-06 17:46:04
6965,3330,161,"15","No","1",2022-06-06 17:46:08,2022-06-06 17:46:08
6966,3330,161,"15","No","1",2022-06-06 17:46:12,2022-06-06 17:46:12
6967,3330,161,"15","No","1",2022-06-06 17:46:16,2022-06-06 17:46:16
6968,3330,161,"15","No","1",2022-06-06 17:46:20,2022-06-06 17:46:20
6969,3330,161,"15","No","1",2022-06-06 17:46:24,2022-06-06 17:46:24
6970,3330,161,"15","No","1",2022-06-06 17:46:28,2022-06-06 17:46:28
6971,3330,161,"15","No","1",2022-06-06 17:46:32,2022-06-06 17:46:32
6972,3330,161,"15","No","1",2022-06-06 17:46:36,2022-06-06 17:46:36
6973,3330,161,"15","No","1",2022-06-06 17:46:40,2022-06-06 17:46:40
6974,3330,161,"15","No","1",2022-06-06 17:46:44,2022-06-06 17:46:44
6975,3330,161,"15","No","1",2022-06-06 17:46:48,2022-06-06 17:46:48
6976,3330,161,"15","No","1",2022-06-06 17:46:52,2022-06-06 17:46:52
6977,3330,161,"15","No","1",2022-06-06 17:46:56,2022-06-06 17:46:56
6978,3330,161,"15","No","1",2022-06-06 17:47:00,2022-06-06 17:47:00
6979,3330,161,"15","No","1",2022-06-06 17:47:04,2022-06-06 17:47:04
6980,3330,161,"15","No","1",2022-06-06 17:47:08,2022-06-06 17:47:08
6981,3330,161,"15","No","1",2022-06-06 17:47:12,2022-06-06 17:47:12
6982,3330,161,"15","No","1",2022-06-06 17:47:16,2022-06-06 17:47:16
6983,3330,161,"15","No","1",2022-06-06 17:47:20,2022-06-06 17:47:20
6984,3330,161,"15","No","1",2022-06-06 17:47:24,2022-06-06 17:47:24
6985,3330,161,"15","No","1",2022-06-06 17:47:28,2022-06-06 17:47:28
6986,3330,161,"15","No","1",2022-06-06 17:47:32,2022-06-06 17:47:32
6987,3330,161,"15","No","1",2022-06-06 17:47:36,2022-06-06 17:47:36
6988,3330,161,"15","No","1",2022-06-06 17:47:40,2022-06-06 17:47:40
6989,3330,161,"15","No","1",2022-06-06 17:47:44,2022-06-06 17:47:44
6990,3330,161,"15","No","1",2022-06-06 17:47:48,2022-06-06 17:47:48
6991,3330,161,"15","No","1",2022-06-06 17:47:52,2022-06-06 17:47:52
6992,3330,161,"15","No","1",2022-06-06 17:47:56,2022-06-06 17:47:56
6993,3330,161,"15","No","1",2022-06-06 17:48:00,2022-06-06 17:48:00
6994,3330,161,"15","No","1",2022-06-06 17:48:04,2022-06-06 17:48:04
6995,3330,161,"15","No","1",2022-06-06 17:48:08,2022-06-06 17:48:08
6996,3330,161,"15","No","1",2022-06-06 17:48:12,2022-06-06 17:48:12
6997,3330,161,"15","No","1",2022-06-06 17:48:16,2022-06-06 17:48:16
6998,3330,161,"15","No","1",2022-06-06 17:48:20,2022-06-06 17:48:20
6999,3330,161,"15","No","1",2022-06-06 17:48:24,2022-06-06 17:48:24
7000,3330,161,"15","No","1",2022-06-06 17:48:28,2022-06-06 17:48:28
7001,3330,161,"15","No","1",2022-06-06 17:48:32,2022-06-06 17:48:32
7002,3330,161,"15","No","1",2022-06-06 17:48:36,2022-06-06 17:48:36
7003,3330,161,"15","No","1",2022-06-06 17:48:40,2022-06-06 17:48:40
7004,3330,161,"15","No","1",2022-06-06 17:48:44,2022-06-06 17:48:44
7005,3330,161,"15","No","1",2022-06-06 17:48:48,2022-06-06 17:48:48
7006,3330,161,"15","No","1",2022-06-06 17:48:52,2022-06-06 17:48:52
7007,3330,161,"15","No","1",2022-06-06 17:48:56,2022-06-06 17:48:56
7008,3330,161,"15","No","1",2022-06-06 17:49:00,2022-06-06 17:49:00
7009,3330,161,"15","No","1",2022-06-06 17:49:04,2022-06-06 17:49:04
7010,3330,161,"15","No","1",2022-06-06 17:49:08,2022-06-06 17:49:08
7011,3330,161,"15","No","1",2022-06-06 17:49:12,2022-06-06 17:49:12
7012,3330,161,"15","No","1",2022-06-06 17:49:16,2022-06-06 17:49:16
7013,3330,161,"15","No","1",2022-06-06 17:49:20,2022-06-06 17:49:20
7014,3330,161,"15","No","1",2022-06-06 17:49:24,2022-06-06 17:49:24
7015,3330,161,"15","No","1",2022-06-06 17:49:28,2022-06-06 17:49:28
7016,3330,161,"15","No","1",2022-06-06 17:49:32,2022-06-06 17:49:32
7017,3330,161,"15","No","1",2022-06-06 17:49:36,2022-06-06 17:49:36
7018,3330,161,"15","No","1",2022-06-06 17:49:40,2022-06-06 17:49:40
7019,3330,161,"15","No","1",2022-06-06 17:49:44,2022-06-06 17:49:44
7020,3330,161,"15","No","1",2022-06-06 17:49:48,2022-06-06 17:49:48
7021,3330,161,"15","No","1",2022-06-06 17:49:52,2022-06-06 17:49:52
7022,3330,161,"15","No","1",2022-06-06 17:49:56,2022-06-06 17:49:56
7023,3330,161,"15","No","1",2022-06-06 17:50:00,2022-06-06 17:50:00
7024,3330,161,"15","No","1",2022-06-06 17:50:04,2022-06-06 17:50:04
7025,3330,161,"15","No","1",2022-06-06 17:50:08,2022-06-06 17:50:08
7026,3330,161,"15","No","1",2022-06-06 17:50:12,2022-06-06 17:50:12
7027,3330,161,"15","No","1",2022-06-06 17:50:16,2022-06-06 17:50:16
7028,3330,161,"15","No","1",2022-06-06 17:50:20,2022-06-06 17:50:20
7029,3330,161,"15","No","1",2022-06-06 17:50:24,2022-06-06 17:50:24
7030,3330,161,"15","No","1",2022-06-06 17:50:28,2022-06-06 17:50:28
7031,3330,161,"15","No","1",2022-06-06 17:50:32,2022-06-06 17:50:32
7032,3330,161,"15","No","1",2022-06-06 17:50:36,2022-06-06 17:50:36
7033,3330,161,"15","No","1",2022-06-06 17:50:40,2022-06-06 17:50:40
7034,3330,161,"15","No","1",2022-06-06 17:50:44,2022-06-06 17:50:44
7035,3330,161,"15","No","1",2022-06-06 17:50:48,2022-06-06 17:50:48
7036,3330,161,"15","No","1",2022-06-06 17:50:52,2022-06-06 17:50:52
7037,3330,161,"15","No","1",2022-06-06 17:50:56,2022-06-06 17:50:56
7038,3330,161,"15","No","1",2022-06-06 17:51:00,2022-06-06 17:51:00
7039,3330,161,"15","No","1",2022-06-06 17:51:04,2022-06-06 17:51:04
7040,3330,161,"15","No","1",2022-06-06 17:51:08,2022-06-06 17:51:08
7041,3330,161,"15","No","1",2022-06-06 17:51:12,2022-06-06 17:51:12
7042,3330,161,"15","No","1",2022-06-06 17:51:16,2022-06-06 17:51:16
7043,3330,161,"15","No","1",2022-06-06 17:51:20,2022-06-06 17:51:20
7044,3330,161,"15","No","1",2022-06-06 17:51:24,2022-06-06 17:51:24
7045,3330,161,"15","No","1",2022-06-06 17:51:28,2022-06-06 17:51:28
7046,3330,161,"15","No","1",2022-06-06 17:51:32,2022-06-06 17:51:32
7047,3330,161,"15","No","1",2022-06-06 17:51:36,2022-06-06 17:51:36
7048,3330,161,"15","No","1",2022-06-06 17:51:40,2022-06-06 17:51:40
7049,3330,161,"15","No","1",2022-06-06 17:51:44,2022-06-06 17:51:44
7050,3330,161,"15","No","1",2022-06-06 17:51:48,2022-06-06 17:51:48
7051,3330,161,"15","No","1",2022-06-06 17:51:52,2022-06-06 17:51:52
7052,3330,161,"15","No","1",2022-06-06 17:51:56,2022-06-06 17:51:56
7053,3330,161,"15","No","1",2022-06-06 17:52:00,2022-06-06 17:52:00
7054,3330,161,"15","No","1",2022-06-06 17:52:04,2022-06-06 17:52:04
7055,3330,161,"15","No","1",2022-06-06 17:52:08,2022-06-06 17:52:08
7056,3330,161,"15","No","1",2022-06-06 17:52:12,2022-06-06 17:52:12
7057,3330,161,"15","No","1",2022-06-06 17:52:16,2022-06-06 17:52:16
7058,3330,161,"15","No","1",2022-06-06 17:52:20,2022-06-06 17:52:20
7059,3330,161,"15","No","1",2022-06-06 17:52:24,2022-06-06 17:52:24
7060,3330,161,"15","No","1",2022-06-06 17:52:28,2022-06-06 17:52:28
7061,3330,161,"15","No","1",2022-06-06 17:52:32,2022-06-06 17:52:32
7062,3330,161,"15","No","1",2022-06-06 17:52:36,2022-06-06 17:52:36
7063,3330,161,"15","No","1",2022-06-06 17:52:40,2022-06-06 17:52:40
7064,3330,161,"15","No","1",2022-06-06 17:52:44,2022-06-06 17:52:44
7065,3330,161,"15","No","1",2022-06-06 17:52:48,2022-06-06 17:52:48
7066,3330,161,"15","No","1",2022-06-06 17:52:52,2022-06-06 17:52:52
7067,3330,161,"15","No","1",2022-06-06 17:52:56,2022-06-06 17:52:56
7068,3330,161,"15","No","1",2022-06-06 17:53:00,2022-06-06 17:53:00
7069,3330,161,"15","No","1",2022-06-06 17:53:04,2022-06-06 17:53:04
7070,3330,161,"15","No","1",2022-06-06 17:53:08,2022-06-06 17:53:08
7071,3330,161,"15","No","1",2022-06-06 17:53:12,2022-06-06 17:53:12
7072,3330,161,"15","No","1",2022-06-06 17:53:16,2022-06-06 17:53:16
7073,3330,161,"15","No","1",2022-06-06 17:53:20,2022-06-06 17:53:20
7074,3330,161,"15","No","1",2022-06-06 17:53:24,2022-06-06 17:53:24
7075,3330,161,"15","No","1",2022-06-06 17:53:28,2022-06-06 17:53:28
7076,3330,161,"15","No","1",2022-06-06 17:53:32,2022-06-06 17:53:32
7077,3330,161,"15","No","1",2022-06-06 17:53:36,2022-06-06 17:53:36
7078,3330,161,"15","No","1",2022-06-06 17:53:40,2022-06-06 17:53:40
7079,3330,161,"15","No","1",2022-06-06 17:53:44,2022-06-06 17:53:44
7080,3330,161,"15","No","1",2022-06-06 17:53:48,2022-06-06 17:53:48
7081,3330,161,"15","No","1",2022-06-06 17:53:52,2022-06-06 17:53:52
7082,3330,161,"15","No","1",2022-06-06 17:53:56,2022-06-06 17:53:56
7083,3330,161,"15","No","1",2022-06-06 17:54:00,2022-06-06 17:54:00
7084,3330,161,"15","No","1",2022-06-06 17:54:04,2022-06-06 17:54:04
7085,3330,161,"15","No","1",2022-06-06 17:54:08,2022-06-06 17:54:08
7086,3330,161,"15","No","1",2022-06-06 17:54:12,2022-06-06 17:54:12
7087,3330,161,"15","No","1",2022-06-06 17:54:16,2022-06-06 17:54:16
7088,3330,161,"15","No","1",2022-06-06 17:54:20,2022-06-06 17:54:20
7089,3330,161,"15","No","1",2022-06-06 17:54:24,2022-06-06 17:54:24
7090,3330,161,"15","No","1",2022-06-06 17:54:28,2022-06-06 17:54:28
7091,3330,161,"15","No","1",2022-06-06 17:54:32,2022-06-06 17:54:32
7092,3330,161,"15","No","1",2022-06-06 17:54:36,2022-06-06 17:54:36
7093,3330,161,"15","No","1",2022-06-06 17:54:40,2022-06-06 17:54:40
7094,3330,161,"15","No","1",2022-06-06 17:54:44,2022-06-06 17:54:44
7095,3330,161,"15","No","1",2022-06-06 17:54:48,2022-06-06 17:54:48
7096,3330,161,"15","No","1",2022-06-06 17:54:52,2022-06-06 17:54:52
7097,3330,161,"15","No","1",2022-06-06 17:54:56,2022-06-06 17:54:56
7098,3330,161,"15","No","1",2022-06-06 17:55:00,2022-06-06 17:55:00
7099,3330,161,"15","No","1",2022-06-06 17:55:04,2022-06-06 17:55:04
7100,3330,161,"15","No","1",2022-06-06 17:55:08,2022-06-06 17:55:08
7101,3330,161,"15","No","1",2022-06-06 17:55:12,2022-06-06 17:55:12
7102,3330,161,"15","No","1",2022-06-06 17:55:16,2022-06-06 17:55:16
7103,3330,161,"15","No","1",2022-06-06 17:55:20,2022-06-06 17:55:20
7104,3330,161,"15","No","1",2022-06-06 17:55:24,2022-06-06 17:55:24
7105,3330,161,"15","No","1",2022-06-06 17:55:28,2022-06-06 17:55:28
7106,3330,161,"15","No","1",2022-06-06 17:55:32,2022-06-06 17:55:32
7107,3330,161,"15","No","1",2022-06-06 17:55:36,2022-06-06 17:55:36
7108,3330,161,"15","No","1",2022-06-06 17:55:40,2022-06-06 17:55:40
7109,3330,161,"15","No","1",2022-06-06 17:55:44,2022-06-06 17:55:44
7110,3330,161,"15","No","1",2022-06-06 17:55:48,2022-06-06 17:55:48
7111,3330,161,"15","No","1",2022-06-06 17:55:52,2022-06-06 17:55:52
7112,3330,161,"15","No","1",2022-06-06 17:55:56,2022-06-06 17:55:56
7113,3330,161,"15","No","1",2022-06-06 17:56:00,2022-06-06 17:56:00
7114,3330,161,"15","No","1",2022-06-06 17:56:04,2022-06-06 17:56:04
7115,3330,161,"15","No","1",2022-06-06 17:56:08,2022-06-06 17:56:08
7116,3330,161,"15","No","1",2022-06-06 17:56:12,2022-06-06 17:56:12
7117,3330,161,"15","No","1",2022-06-06 17:56:16,2022-06-06 17:56:16
7118,3330,161,"15","No","1",2022-06-06 17:56:20,2022-06-06 17:56:20
7119,3330,161,"15","No","1",2022-06-06 17:56:24,2022-06-06 17:56:24
7120,3330,161,"15","No","1",2022-06-06 17:56:28,2022-06-06 17:56:28
7121,3330,161,"15","No","1",2022-06-06 17:56:32,2022-06-06 17:56:32
7122,3330,161,"15","No","1",2022-06-06 17:56:36,2022-06-06 17:56:36
7123,3330,161,"15","No","1",2022-06-06 17:56:40,2022-06-06 17:56:40
7124,3330,161,"15","No","1",2022-06-06 17:56:44,2022-06-06 17:56:44
7125,3330,161,"15","No","1",2022-06-06 17:56:48,2022-06-06 17:56:48
7126,3330,161,"15","No","1",2022-06-06 17:56:52,2022-06-06 17:56:52
7127,3330,161,"15","No","1",2022-06-06 17:56:56,2022-06-06 17:56:56
7128,3330,161,"15","No","1",2022-06-06 17:57:00,2022-06-06 17:57:00
7129,3330,161,"15","No","1",2022-06-06 17:57:04,2022-06-06 17:57:04
7130,3330,161,"15","No","1",2022-06-06 17:57:08,2022-06-06 17:57:08
7131,3330,161,"15","No","1",2022-06-06 17:57:12,2022-06-06 17:57:12
7132,3330,161,"15","No","1",2022-06-06 17:57:16,2022-06-06 17:57:16
7133,3330,161,"15","No","1",2022-06-06 17:57:20,2022-06-06 17:57:20
7134,3330,161,"15","No","1",2022-06-06 17:57:24,2022-06-06 17:57:24
7135,3330,161,"15","No","1",2022-06-06 17:57:28,2022-06-06 17:57:28
7136,3330,161,"15","No","1",2022-06-06 17:57:32,2022-06-06 17:57:32
7137,3330,161,"15","No","1",2022-06-06 17:57:36,2022-06-06 17:57:36
7138,3330,161,"15","No","1",2022-06-06 17:57:40,2022-06-06 17:57:40
7139,3330,161,"15","No","1",2022-06-06 17:57:44,2022-06-06 17:57:44
7140,3330,161,"15","No","1",2022-06-06 17:57:48,2022-06-06 17:57:48
7141,3330,161,"15","No","1",2022-06-06 17:57:52,2022-06-06 17:57:52
7142,3330,161,"15","No","1",2022-06-06 17:57:56,2022-06-06 17:57:56
7143,3330,161,"15","No","1",2022-06-06 17:58:00,2022-06-06 17:58:00
7144,3330,161,"15","No","1",2022-06-06 17:58:04,2022-06-06 17:58:04
7145,3330,161,"15","No","1",2022-06-06 17:58:08,2022-06-06 17:58:08
7146,3330,161,"15","No","1",2022-06-06 17:58:12,2022-06-06 17:58:12
7147,3330,161,"15","No","1",2022-06-06 17:58:16,2022-06-06 17:58:16
7148,3330,161,"15","No","1",2022-06-06 17:58:20,2022-06-06 17:58:20
7149,3330,161,"15","No","1",2022-06-06 17:58:24,2022-06-06 17:58:24
7150,3330,161,"15","No","1",2022-06-06 17:58:28,2022-06-06 17:58:28
7151,3330,161,"15","No","1",2022-06-06 17:58:32,2022-06-06 17:58:32
7152,3330,161,"15","No","1",2022-06-06 17:58:36,2022-06-06 17:58:36
7153,3330,161,"15","No","1",2022-06-06 17:58:40,2022-06-06 17:58:40
7154,3330,161,"15","No","1",2022-06-06 17:58:44,2022-06-06 17:58:44
7155,3330,161,"15","No","1",2022-06-06 17:58:48,2022-06-06 17:58:48
7156,3330,161,"15","No","1",2022-06-06 17:58:52,2022-06-06 17:58:52
7157,3330,161,"15","No","1",2022-06-06 17:58:56,2022-06-06 17:58:56
7158,3330,161,"15","No","1",2022-06-06 17:59:00,2022-06-06 17:59:00
7159,3330,161,"15","No","1",2022-06-06 17:59:04,2022-06-06 17:59:04
7160,3330,161,"15","No","1",2022-06-06 17:59:08,2022-06-06 17:59:08
7161,3330,161,"15","No","1",2022-06-06 17:59:12,2022-06-06 17:59:12
7162,3330,161,"15","No","1",2022-06-06 17:59:16,2022-06-06 17:59:16
7163,3330,161,"15","No","1",2022-06-06 17:59:20,2022-06-06 17:59:20
7164,3330,161,"15","No","1",2022-06-06 17:59:24,2022-06-06 17:59:24
7165,3330,161,"15","No","1",2022-06-06 17:59:28,2022-06-06 17:59:28
7166,3330,161,"15","No","1",2022-06-06 17:59:32,2022-06-06 17:59:32
7167,3330,161,"15","No","1",2022-06-06 17:59:36,2022-06-06 17:59:36
7168,3330,161,"15","No","1",2022-06-06 17:59:40,2022-06-06 17:59:40
7169,3330,161,"15","No","1",2022-06-06 17:59:44,2022-06-06 17:59:44
7170,3330,161,"15","No","1",2022-06-06 17:59:48,2022-06-06 17:59:48
7171,3330,161,"15","No","1",2022-06-06 17:59:52,2022-06-06 17:59:52
7172,3330,161,"15","No","1",2022-06-06 17:59:56,2022-06-06 17:59:56
7173,3330,161,"15","No","1",2022-06-06 18:00:00,2022-06-06 18:00:00
7174,3330,161,"15","No","1",2022-06-06 18:00:04,2022-06-06 18:00:04
7175,3330,161,"15","No","1",2022-06-06 18:00:08,2022-06-06 18:00:08
7176,3330,161,"15","No","1",2022-06-06 18:00:12,2022-06-06 18:00:12
7177,3330,161,"15","No","1",2022-06-06 18:00:16,2022-06-06 18:00:16
7178,3330,161,"15","No","1",2022-06-06 18:00:20,2022-06-06 18:00:20
7179,3330,161,"15","No","1",2022-06-06 18:00:24,2022-06-06 18:00:24
7180,3330,161,"15","No","1",2022-06-06 18:00:28,2022-06-06 18:00:28
7181,3330,161,"15","No","1",2022-06-06 18:00:32,2022-06-06 18:00:32
7182,3330,161,"15","No","1",2022-06-06 18:00:36,2022-06-06 18:00:36
7183,3330,161,"15","No","1",2022-06-06 18:00:40,2022-06-06 18:00:40
7184,3330,161,"15","No","1",2022-06-06 18:00:44,2022-06-06 18:00:44
7185,3330,161,"15","No","1",2022-06-06 18:00:48,2022-06-06 18:00:48
7186,3330,161,"15","No","1",2022-06-06 18:00:52,2022-06-06 18:00:52
7187,3330,161,"15","No","1",2022-06-06 18:00:56,2022-06-06 18:00:56
7188,3330,161,"15","No","1",2022-06-06 18:01:00,2022-06-06 18:01:00
7189,3330,161,"15","No","1",2022-06-06 18:01:04,2022-06-06 18:01:04
7190,3330,161,"15","No","1",2022-06-06 18:01:08,2022-06-06 18:01:08
7191,3330,161,"15","No","1",2022-06-06 18:01:12,2022-06-06 18:01:12
7192,3330,161,"15","No","1",2022-06-06 18:01:16,2022-06-06 18:01:16
7193,3330,161,"15","No","1",2022-06-06 18:01:20,2022-06-06 18:01:20
7194,3330,161,"15","No","1",2022-06-06 18:01:24,2022-06-06 18:01:24
7195,3330,161,"15","No","1",2022-06-06 18:01:28,2022-06-06 18:01:28
7196,3330,161,"15","No","1",2022-06-06 18:01:32,2022-06-06 18:01:32
7197,3330,161,"15","No","1",2022-06-06 18:01:36,2022-06-06 18:01:36
7198,3330,161,"15","No","1",2022-06-06 18:01:40,2022-06-06 18:01:40
7199,3330,161,"15","No","1",2022-06-06 18:01:44,2022-06-06 18:01:44
7200,3330,161,"15","No","1",2022-06-06 18:01:48,2022-06-06 18:01:48
7201,3330,161,"15","No","1",2022-06-06 18:01:52,2022-06-06 18:01:52
7202,3330,161,"15","No","1",2022-06-06 18:01:56,2022-06-06 18:01:56
7203,3330,161,"15","No","1",2022-06-06 18:02:00,2022-06-06 18:02:00
7204,3330,161,"15","No","1",2022-06-06 18:02:04,2022-06-06 18:02:04
7205,3330,161,"15","No","1",2022-06-06 18:02:08,2022-06-06 18:02:08
7206,3330,161,"15","No","1",2022-06-06 18:02:12,2022-06-06 18:02:12
7207,3330,161,"15","No","1",2022-06-06 18:02:16,2022-06-06 18:02:16
7208,3330,161,"15","No","1",2022-06-06 18:02:20,2022-06-06 18:02:20
7209,3330,161,"15","No","1",2022-06-06 18:02:24,2022-06-06 18:02:24
7210,3330,161,"15","No","1",2022-06-06 18:02:28,2022-06-06 18:02:28
7211,3330,161,"15","No","1",2022-06-06 18:02:32,2022-06-06 18:02:32
7212,3330,161,"15","No","1",2022-06-06 18:02:36,2022-06-06 18:02:36
7213,3330,161,"15","No","1",2022-06-06 18:02:40,2022-06-06 18:02:40
7214,3330,161,"15","No","1",2022-06-06 18:02:44,2022-06-06 18:02:44
7215,3330,161,"15","No","1",2022-06-06 18:02:48,2022-06-06 18:02:48
7216,3330,161,"15","No","1",2022-06-06 18:02:52,2022-06-06 18:02:52
7217,3330,161,"15","No","1",2022-06-06 18:02:56,2022-06-06 18:02:56
7218,3330,161,"15","No","1",2022-06-06 18:03:00,2022-06-06 18:03:00
7219,3330,161,"15","No","1",2022-06-06 18:03:04,2022-06-06 18:03:04
7220,3330,161,"15","No","1",2022-06-06 18:03:08,2022-06-06 18:03:08
7221,3330,161,"15","No","1",2022-06-06 18:03:12,2022-06-06 18:03:12
7222,3330,161,"15","No","1",2022-06-06 18:03:16,2022-06-06 18:03:16
7223,3330,161,"15","No","1",2022-06-06 18:03:20,2022-06-06 18:03:20
7224,3330,161,"15","No","1",2022-06-06 18:03:24,2022-06-06 18:03:24
7225,3330,161,"15","No","1",2022-06-06 18:03:28,2022-06-06 18:03:28
7226,3330,161,"15","No","1",2022-06-06 18:03:32,2022-06-06 18:03:32
7227,3330,161,"15","No","1",2022-06-06 18:03:36,2022-06-06 18:03:36
7228,3330,161,"15","No","1",2022-06-06 18:03:40,2022-06-06 18:03:40
7229,3330,161,"15","No","1",2022-06-06 18:03:44,2022-06-06 18:03:44
7230,3330,161,"15","No","1",2022-06-06 18:03:48,2022-06-06 18:03:48
7231,3330,161,"15","No","1",2022-06-06 18:03:52,2022-06-06 18:03:52
7232,3330,161,"15","No","1",2022-06-06 18:03:56,2022-06-06 18:03:56
7233,3330,161,"15","No","1",2022-06-06 18:04:00,2022-06-06 18:04:00
7234,3330,161,"15","No","1",2022-06-06 18:04:04,2022-06-06 18:04:04
7235,3330,161,"15","No","1",2022-06-06 18:04:08,2022-06-06 18:04:08
7236,3330,161,"15","No","1",2022-06-06 18:04:12,2022-06-06 18:04:12
7237,3330,161,"15","No","1",2022-06-06 18:04:16,2022-06-06 18:04:16
7238,3330,161,"15","No","1",2022-06-06 18:04:20,2022-06-06 18:04:20
7239,3330,161,"15","No","1",2022-06-06 18:04:24,2022-06-06 18:04:24
7240,3330,161,"15","No","1",2022-06-06 18:04:28,2022-06-06 18:04:28
7241,3330,161,"15","No","1",2022-06-06 18:04:32,2022-06-06 18:04:32
7242,3330,161,"15","No","1",2022-06-06 18:04:36,2022-06-06 18:04:36
7243,3330,161,"15","No","1",2022-06-06 18:04:40,2022-06-06 18:04:40
7244,3330,161,"15","No","1",2022-06-06 18:04:44,2022-06-06 18:04:44
7245,3330,161,"15","No","1",2022-06-06 18:04:48,2022-06-06 18:04:48
7246,3330,161,"15","No","1",2022-06-06 18:04:52,2022-06-06 18:04:52
7247,3330,161,"15","No","1",2022-06-06 18:04:56,2022-06-06 18:04:56
7248,3330,161,"15","No","1",2022-06-06 18:05:00,2022-06-06 18:05:00
7249,3330,161,"15","No","1",2022-06-06 18:05:04,2022-06-06 18:05:04
7250,3330,161,"15","No","1",2022-06-06 18:05:08,2022-06-06 18:05:08
7251,3330,161,"15","No","1",2022-06-06 18:05:12,2022-06-06 18:05:12
7252,3330,161,"15","No","1",2022-06-06 18:05:16,2022-06-06 18:05:16
7253,3330,161,"15","No","1",2022-06-06 18:05:20,2022-06-06 18:05:20
7254,3330,161,"15","No","1",2022-06-06 18:05:24,2022-06-06 18:05:24
7255,3330,161,"15","No","1",2022-06-06 18:05:28,2022-06-06 18:05:28
7256,3330,161,"15","No","1",2022-06-06 18:05:32,2022-06-06 18:05:32
7257,3330,161,"15","No","1",2022-06-06 18:05:36,2022-06-06 18:05:36
7258,3330,161,"15","No","1",2022-06-06 18:05:40,2022-06-06 18:05:40
7259,3330,161,"15","No","1",2022-06-06 18:05:44,2022-06-06 18:05:44
7260,3330,161,"15","No","1",2022-06-06 18:05:48,2022-06-06 18:05:48
7261,3330,161,"15","No","1",2022-06-06 18:05:52,2022-06-06 18:05:52
7262,3330,161,"15","No","1",2022-06-06 18:05:56,2022-06-06 18:05:56
7263,3330,161,"15","No","1",2022-06-06 18:06:00,2022-06-06 18:06:00
7264,3330,161,"15","No","1",2022-06-06 18:06:04,2022-06-06 18:06:04
7265,3330,161,"15","No","1",2022-06-06 18:06:08,2022-06-06 18:06:08
7266,3330,161,"15","No","1",2022-06-06 18:06:12,2022-06-06 18:06:12
7267,3330,161,"15","No","1",2022-06-06 18:06:16,2022-06-06 18:06:16
7268,3330,161,"15","No","1",2022-06-06 18:06:20,2022-06-06 18:06:20
7269,3330,161,"15","No","1",2022-06-06 18:06:24,2022-06-06 18:06:24
7270,3330,161,"15","No","1",2022-06-06 18:06:28,2022-06-06 18:06:28
7271,3330,161,"15","No","1",2022-06-06 18:06:32,2022-06-06 18:06:32
7272,3330,161,"15","No","1",2022-06-06 18:06:36,2022-06-06 18:06:36
7273,3330,161,"15","No","1",2022-06-06 18:06:40,2022-06-06 18:06:40
7274,3330,161,"15","No","1",2022-06-06 18:06:44,2022-06-06 18:06:44
7275,3330,161,"15","No","1",2022-06-06 18:06:48,2022-06-06 18:06:48
7276,3330,161,"15","No","1",2022-06-06 18:06:52,2022-06-06 18:06:52
7277,3330,161,"15","No","1",2022-06-06 18:06:56,2022-06-06 18:06:56
7278,3330,161,"15","No","1",2022-06-06 18:07:00,2022-06-06 18:07:00
7279,3330,161,"15","No","1",2022-06-06 18:07:04,2022-06-06 18:07:04
7280,3330,161,"15","No","1",2022-06-06 18:07:08,2022-06-06 18:07:08
7281,3330,161,"15","No","1",2022-06-06 18:07:12,2022-06-06 18:07:12
7282,3330,161,"15","No","1",2022-06-06 18:07:16,2022-06-06 18:07:16
7283,3330,161,"15","No","1",2022-06-06 18:07:20,2022-06-06 18:07:20
7284,3330,161,"15","No","1",2022-06-06 18:07:24,2022-06-06 18:07:24
7285,3330,161,"15","No","1",2022-06-06 18:07:28,2022-06-06 18:07:28
7286,3330,161,"15","No","1",2022-06-06 18:07:32,2022-06-06 18:07:32
7287,3330,161,"15","No","1",2022-06-06 18:07:36,2022-06-06 18:07:36
7288,3330,161,"15","No","1",2022-06-06 18:07:40,2022-06-06 18:07:40
7289,3330,161,"15","No","1",2022-06-06 18:07:44,2022-06-06 18:07:44
7290,3330,161,"15","No","1",2022-06-06 18:07:48,2022-06-06 18:07:48
7291,3330,161,"15","No","1",2022-06-06 18:07:52,2022-06-06 18:07:52
7292,3330,161,"15","No","1",2022-06-06 18:07:56,2022-06-06 18:07:56
7293,3330,161,"15","No","1",2022-06-06 18:08:00,2022-06-06 18:08:00
7294,3330,161,"15","No","1",2022-06-06 18:08:04,2022-06-06 18:08:04
7295,3330,161,"15","No","1",2022-06-06 18:08:08,2022-06-06 18:08:08
7296,3330,161,"15","No","1",2022-06-06 18:08:12,2022-06-06 18:08:12
7297,3330,161,"15","No","1",2022-06-06 18:08:16,2022-06-06 18:08:16
7298,3330,161,"15","No","1",2022-06-06 18:08:20,2022-06-06 18:08:20
7299,3330,161,"15","No","1",2022-06-06 18:08:24,2022-06-06 18:08:24
7300,3330,161,"15","No","1",2022-06-06 18:08:28,2022-06-06 18:08:28
7301,3330,161,"15","No","1",2022-06-06 18:08:32,2022-06-06 18:08:32
7302,3330,161,"15","No","1",2022-06-06 18:08:36,2022-06-06 18:08:36
7303,3330,161,"15","No","1",2022-06-06 18:08:40,2022-06-06 18:08:40
7304,3330,161,"15","No","1",2022-06-06 18:08:44,2022-06-06 18:08:44
7305,3330,161,"15","No","1",2022-06-06 18:08:48,2022-06-06 18:08:48
7306,3330,161,"15","No","1",2022-06-06 18:08:52,2022-06-06 18:08:52
7307,3330,161,"15","No","1",2022-06-06 18:08:56,2022-06-06 18:08:56
7308,3330,161,"15","No","1",2022-06-06 18:09:00,2022-06-06 18:09:00
7309,3330,161,"15","No","1",2022-06-06 18:09:04,2022-06-06 18:09:04
7310,3330,161,"15","No","1",2022-06-06 18:09:08,2022-06-06 18:09:08
7311,3330,161,"15","No","1",2022-06-06 18:09:12,2022-06-06 18:09:12
7312,3330,161,"15","No","1",2022-06-06 18:09:16,2022-06-06 18:09:16
7313,3330,161,"15","No","1",2022-06-06 18:09:20,2022-06-06 18:09:20
7314,3330,161,"15","No","1",2022-06-06 18:09:24,2022-06-06 18:09:24
7315,3330,161,"15","No","1",2022-06-06 18:09:28,2022-06-06 18:09:28
7316,3330,161,"15","No","1",2022-06-06 18:09:32,2022-06-06 18:09:32
7317,3330,161,"15","No","1",2022-06-06 18:09:36,2022-06-06 18:09:36
7318,3330,161,"15","No","1",2022-06-06 18:09:40,2022-06-06 18:09:40
7319,3330,161,"15","No","1",2022-06-06 18:09:44,2022-06-06 18:09:44
7320,3330,161,"15","No","1",2022-06-06 18:09:48,2022-06-06 18:09:48
7321,3330,161,"15","No","1",2022-06-06 18:09:52,2022-06-06 18:09:52
7322,3330,161,"15","No","1",2022-06-06 18:09:56,2022-06-06 18:09:56
7323,3330,161,"15","No","1",2022-06-06 18:10:00,2022-06-06 18:10:00
7324,3330,161,"15","No","1",2022-06-06 18:10:04,2022-06-06 18:10:04
7325,3330,161,"15","No","1",2022-06-06 18:10:08,2022-06-06 18:10:08
7326,3330,161,"15","No","1",2022-06-06 18:10:12,2022-06-06 18:10:12
7327,3330,161,"15","No","1",2022-06-06 18:10:16,2022-06-06 18:10:16
7328,3330,161,"15","No","1",2022-06-06 18:10:20,2022-06-06 18:10:20
7329,3330,161,"15","No","1",2022-06-06 18:10:24,2022-06-06 18:10:24
7330,3330,161,"15","No","1",2022-06-06 18:10:28,2022-06-06 18:10:28
7331,3330,161,"15","No","1",2022-06-06 18:10:32,2022-06-06 18:10:32
7332,3330,161,"15","No","1",2022-06-06 18:10:36,2022-06-06 18:10:36
7333,3330,161,"15","No","1",2022-06-06 18:10:40,2022-06-06 18:10:40
7334,3330,161,"15","No","1",2022-06-06 18:10:44,2022-06-06 18:10:44
7335,3330,161,"15","No","1",2022-06-06 18:10:48,2022-06-06 18:10:48
7336,3330,161,"15","No","1",2022-06-06 18:10:52,2022-06-06 18:10:52
7337,3330,161,"15","No","1",2022-06-06 18:10:56,2022-06-06 18:10:56
7338,3330,161,"15","No","1",2022-06-06 18:11:00,2022-06-06 18:11:00
7339,3330,161,"15","No","1",2022-06-06 18:11:04,2022-06-06 18:11:04
7340,3330,161,"15","No","1",2022-06-06 18:11:08,2022-06-06 18:11:08
7341,3330,161,"15","No","1",2022-06-06 18:11:12,2022-06-06 18:11:12
7342,3330,161,"15","No","1",2022-06-06 18:11:16,2022-06-06 18:11:16
7343,3330,161,"15","No","1",2022-06-06 18:11:20,2022-06-06 18:11:20
7344,3330,161,"15","No","1",2022-06-06 18:11:24,2022-06-06 18:11:24
7345,3330,161,"15","No","1",2022-06-06 18:11:28,2022-06-06 18:11:28
7346,3330,161,"15","No","1",2022-06-06 18:11:32,2022-06-06 18:11:32
7347,3330,161,"15","No","1",2022-06-06 18:11:36,2022-06-06 18:11:36
7348,3330,161,"15","No","1",2022-06-06 18:11:40,2022-06-06 18:11:40
7349,3330,161,"15","No","1",2022-06-06 18:11:44,2022-06-06 18:11:44
7350,3330,161,"15","No","1",2022-06-06 18:11:48,2022-06-06 18:11:48
7351,3330,161,"15","No","1",2022-06-06 18:11:52,2022-06-06 18:11:52
7352,3330,161,"15","No","1",2022-06-06 18:11:56,2022-06-06 18:11:56
7353,3330,161,"15","No","1",2022-06-06 18:12:00,2022-06-06 18:12:00
7354,3330,161,"15","No","1",2022-06-06 18:12:04,2022-06-06 18:12:04
7355,3330,161,"15","No","1",2022-06-06 18:12:08,2022-06-06 18:12:08
7356,3330,161,"15","No","1",2022-06-06 18:12:12,2022-06-06 18:12:12
7357,3330,161,"15","No","1",2022-06-06 18:12:16,2022-06-06 18:12:16
7358,3330,161,"15","No","1",2022-06-06 18:12:20,2022-06-06 18:12:20
7359,3330,161,"15","No","1",2022-06-06 18:12:24,2022-06-06 18:12:24
7360,3330,161,"15","No","1",2022-06-06 18:12:28,2022-06-06 18:12:28
7361,3330,161,"15","No","1",2022-06-06 18:12:32,2022-06-06 18:12:32
7362,3330,161,"15","No","1",2022-06-06 18:12:36,2022-06-06 18:12:36
7363,3330,161,"15","No","1",2022-06-06 18:12:40,2022-06-06 18:12:40
7364,3330,161,"15","No","1",2022-06-06 18:12:44,2022-06-06 18:12:44
7365,3330,161,"15","No","1",2022-06-06 18:12:48,2022-06-06 18:12:48
7366,3330,161,"15","No","1",2022-06-06 18:12:52,2022-06-06 18:12:52
7367,3330,161,"15","No","1",2022-06-06 18:12:56,2022-06-06 18:12:56
7368,3330,161,"15","No","1",2022-06-06 18:13:00,2022-06-06 18:13:00
7369,3330,161,"15","No","1",2022-06-06 18:13:04,2022-06-06 18:13:04
7370,3330,161,"15","No","1",2022-06-06 18:13:08,2022-06-06 18:13:08
7371,3330,161,"15","No","1",2022-06-06 18:13:12,2022-06-06 18:13:12
7372,3330,161,"15","No","1",2022-06-06 18:13:16,2022-06-06 18:13:16
7373,3330,161,"15","No","1",2022-06-06 18:13:20,2022-06-06 18:13:20
7374,3330,161,"15","No","1",2022-06-06 18:13:24,2022-06-06 18:13:24
7375,3330,161,"15","No","1",2022-06-06 18:13:28,2022-06-06 18:13:28
7376,3330,161,"15","No","1",2022-06-06 18:13:32,2022-06-06 18:13:32
7377,3330,161,"15","No","1",2022-06-06 18:13:36,2022-06-06 18:13:36
7378,3330,161,"15","No","1",2022-06-06 18:13:40,2022-06-06 18:13:40
7379,3330,161,"15","No","1",2022-06-06 18:13:44,2022-06-06 18:13:44
7380,3330,161,"15","No","1",2022-06-06 18:13:48,2022-06-06 18:13:48
7381,3330,161,"15","No","1",2022-06-06 18:13:52,2022-06-06 18:13:52
7382,3330,161,"15","No","1",2022-06-06 18:13:56,2022-06-06 18:13:56
7383,3330,161,"15","No","1",2022-06-06 18:14:00,2022-06-06 18:14:00
7384,3330,161,"15","No","1",2022-06-06 18:14:04,2022-06-06 18:14:04
7385,3330,161,"15","No","1",2022-06-06 18:14:08,2022-06-06 18:14:08
7386,3330,161,"15","No","1",2022-06-06 18:14:12,2022-06-06 18:14:12
7387,3330,161,"15","No","1",2022-06-06 18:14:16,2022-06-06 18:14:16
7388,3330,161,"15","No","1",2022-06-06 18:14:20,2022-06-06 18:14:20
7389,3330,161,"15","No","1",2022-06-06 18:14:24,2022-06-06 18:14:24
7390,3330,161,"15","No","1",2022-06-06 18:14:28,2022-06-06 18:14:28
7391,3330,161,"15","No","1",2022-06-06 18:14:32,2022-06-06 18:14:32
7392,3330,161,"15","No","1",2022-06-06 18:14:36,2022-06-06 18:14:36
7393,3330,161,"15","No","1",2022-06-06 18:14:40,2022-06-06 18:14:40
7394,3330,161,"15","No","1",2022-06-06 18:14:44,2022-06-06 18:14:44
7395,3330,161,"15","No","1",2022-06-06 18:14:48,2022-06-06 18:14:48
7396,3330,161,"15","No","1",2022-06-06 18:14:52,2022-06-06 18:14:52
7397,3330,161,"15","No","1",2022-06-06 18:14:56,2022-06-06 18:14:56
7398,3330,161,"15","No","1",2022-06-06 18:15:00,2022-06-06 18:15:00
7399,3330,161,"15","No","1",2022-06-06 18:15:04,2022-06-06 18:15:04
7400,3330,161,"15","No","1",2022-06-06 18:15:08,2022-06-06 18:15:08
7401,3330,161,"15","No","1",2022-06-06 18:15:12,2022-06-06 18:15:12
7402,3330,161,"15","No","1",2022-06-06 18:15:16,2022-06-06 18:15:16
7403,3330,161,"15","No","1",2022-06-06 18:15:20,2022-06-06 18:15:20
7404,3330,161,"15","No","1",2022-06-06 18:15:24,2022-06-06 18:15:24
7405,3330,161,"15","No","1",2022-06-06 18:15:28,2022-06-06 18:15:28
7406,3330,161,"15","No","1",2022-06-06 18:15:32,2022-06-06 18:15:32
7407,3330,161,"15","No","1",2022-06-06 18:15:36,2022-06-06 18:15:36
7408,3330,161,"15","No","1",2022-06-06 18:15:40,2022-06-06 18:15:40
7409,3330,161,"15","No","1",2022-06-06 18:15:44,2022-06-06 18:15:44
7410,3330,161,"15","No","1",2022-06-06 18:15:48,2022-06-06 18:15:48
7411,3330,161,"15","No","1",2022-06-06 18:15:52,2022-06-06 18:15:52
7412,3330,161,"15","No","1",2022-06-06 18:15:56,2022-06-06 18:15:56
7413,3330,161,"15","No","1",2022-06-06 18:16:00,2022-06-06 18:16:00
7414,3330,161,"15","No","1",2022-06-06 18:16:04,2022-06-06 18:16:04
7415,3330,161,"15","No","1",2022-06-06 18:16:08,2022-06-06 18:16:08
7416,3330,161,"15","No","1",2022-06-06 18:16:12,2022-06-06 18:16:12
7417,3330,161,"15","No","1",2022-06-06 18:16:16,2022-06-06 18:16:16
7418,3330,161,"15","No","1",2022-06-06 18:16:20,2022-06-06 18:16:20
7419,3330,161,"15","No","1",2022-06-06 18:16:24,2022-06-06 18:16:24
7420,3330,161,"15","No","1",2022-06-06 18:16:28,2022-06-06 18:16:28
7421,3330,161,"15","No","1",2022-06-06 18:16:32,2022-06-06 18:16:32
7422,3330,161,"15","No","1",2022-06-06 18:16:36,2022-06-06 18:16:36
7423,3330,161,"15","No","1",2022-06-06 18:16:40,2022-06-06 18:16:40
7424,3330,161,"15","No","1",2022-06-06 18:16:44,2022-06-06 18:16:44
7425,3330,161,"15","No","1",2022-06-06 18:16:48,2022-06-06 18:16:48
7426,3330,161,"15","No","1",2022-06-06 18:16:52,2022-06-06 18:16:52
7427,3330,161,"15","No","1",2022-06-06 18:16:56,2022-06-06 18:16:56
7428,3330,161,"15","No","1",2022-06-06 18:17:00,2022-06-06 18:17:00
7429,3330,161,"15","No","1",2022-06-06 18:17:04,2022-06-06 18:17:04
7430,3330,161,"15","No","1",2022-06-06 18:17:08,2022-06-06 18:17:08
7431,3330,161,"15","No","1",2022-06-06 18:17:12,2022-06-06 18:17:12
7432,3330,161,"15","No","1",2022-06-06 18:17:16,2022-06-06 18:17:16
7433,3330,161,"15","No","1",2022-06-06 18:17:20,2022-06-06 18:17:20
7434,3330,161,"15","No","1",2022-06-06 18:17:24,2022-06-06 18:17:24
7435,3330,161,"15","No","1",2022-06-06 18:17:28,2022-06-06 18:17:28
7436,3330,161,"15","No","1",2022-06-06 18:17:32,2022-06-06 18:17:32
7437,3330,161,"15","No","1",2022-06-06 18:17:36,2022-06-06 18:17:36
7438,3330,161,"15","No","1",2022-06-06 18:17:40,2022-06-06 18:17:40
7439,3330,161,"15","No","1",2022-06-06 18:17:44,2022-06-06 18:17:44
7440,3330,161,"15","No","1",2022-06-06 18:17:48,2022-06-06 18:17:48
7441,3330,161,"15","No","1",2022-06-06 18:17:52,2022-06-06 18:17:52
7442,3330,161,"15","No","1",2022-06-06 18:17:56,2022-06-06 18:17:56
7443,3330,161,"15","No","1",2022-06-06 18:18:00,2022-06-06 18:18:00
7444,3330,161,"15","No","1",2022-06-06 18:18:04,2022-06-06 18:18:04
7445,3330,161,"15","No","1",2022-06-06 18:18:08,2022-06-06 18:18:08
7446,3330,161,"15","No","1",2022-06-06 18:18:12,2022-06-06 18:18:12
7447,3330,161,"15","No","1",2022-06-06 18:18:16,2022-06-06 18:18:16
7448,3330,161,"15","No","1",2022-06-06 18:18:20,2022-06-06 18:18:20
7449,3330,161,"15","No","1",2022-06-06 18:18:24,2022-06-06 18:18:24
7450,3330,161,"15","No","1",2022-06-06 18:18:28,2022-06-06 18:18:28
7451,3330,161,"15","No","1",2022-06-06 18:18:32,2022-06-06 18:18:32
7452,3330,161,"15","No","1",2022-06-06 18:18:36,2022-06-06 18:18:36
7453,3330,161,"15","No","1",2022-06-06 18:18:40,2022-06-06 18:18:40
7454,3330,161,"15","No","1",2022-06-06 18:18:44,2022-06-06 18:18:44
7455,3330,161,"15","No","1",2022-06-06 18:18:48,2022-06-06 18:18:48
7456,3330,161,"15","No","1",2022-06-06 18:18:52,2022-06-06 18:18:52
7457,3330,161,"15","No","1",2022-06-06 18:18:56,2022-06-06 18:18:56
7458,3330,161,"15","No","1",2022-06-06 18:19:00,2022-06-06 18:19:00
7459,3330,161,"15","No","1",2022-06-06 18:19:04,2022-06-06 18:19:04
7460,3330,161,"15","No","1",2022-06-06 18:19:08,2022-06-06 18:19:08
7461,3330,161,"15","No","1",2022-06-06 18:19:12,2022-06-06 18:19:12
7462,3330,161,"15","No","1",2022-06-06 18:19:16,2022-06-06 18:19:16
7463,3330,161,"15","No","1",2022-06-06 18:19:20,2022-06-06 18:19:20
7464,3330,161,"15","No","1",2022-06-06 18:19:24,2022-06-06 18:19:24
7465,3330,161,"15","No","1",2022-06-06 18:19:28,2022-06-06 18:19:28
7466,3330,161,"15","No","1",2022-06-06 18:19:32,2022-06-06 18:19:32
7467,3330,161,"15","No","1",2022-06-06 18:19:36,2022-06-06 18:19:36
7468,3330,161,"15","No","1",2022-06-06 18:19:40,2022-06-06 18:19:40
7469,3330,161,"15","No","1",2022-06-06 18:19:44,2022-06-06 18:19:44
7470,3330,161,"15","No","1",2022-06-06 18:19:48,2022-06-06 18:19:48
7471,3330,161,"15","No","1",2022-06-06 18:19:52,2022-06-06 18:19:52
7472,3330,161,"15","No","1",2022-06-06 18:19:56,2022-06-06 18:19:56
7473,3330,161,"15","No","1",2022-06-06 18:20:00,2022-06-06 18:20:00
7474,3330,161,"15","No","1",2022-06-06 18:20:04,2022-06-06 18:20:04
7475,3330,161,"15","No","1",2022-06-06 18:20:08,2022-06-06 18:20:08
7476,3330,161,"15","No","1",2022-06-06 18:20:12,2022-06-06 18:20:12
7477,3330,161,"15","No","1",2022-06-06 18:20:16,2022-06-06 18:20:16
7478,3330,161,"15","No","1",2022-06-06 18:20:20,2022-06-06 18:20:20
7479,3330,161,"15","No","1",2022-06-06 18:20:24,2022-06-06 18:20:24
7480,3330,161,"15","No","1",2022-06-06 18:20:28,2022-06-06 18:20:28
7481,3330,161,"15","No","1",2022-06-06 18:20:32,2022-06-06 18:20:32
7482,3330,161,"15","No","1",2022-06-06 18:20:36,2022-06-06 18:20:36
7483,3330,161,"15","No","1",2022-06-06 18:20:40,2022-06-06 18:20:40
7484,3330,161,"15","No","1",2022-06-06 18:20:44,2022-06-06 18:20:44
7485,3330,161,"15","No","1",2022-06-06 18:20:48,2022-06-06 18:20:48
7486,3330,161,"15","No","1",2022-06-06 18:20:52,2022-06-06 18:20:52
7487,3330,161,"15","No","1",2022-06-06 18:20:56,2022-06-06 18:20:56
7488,3330,161,"15","No","1",2022-06-06 18:21:00,2022-06-06 18:21:00
7489,3330,161,"15","No","1",2022-06-06 18:21:04,2022-06-06 18:21:04
7490,3330,161,"15","No","1",2022-06-06 18:21:08,2022-06-06 18:21:08
7491,3330,161,"15","No","1",2022-06-06 18:21:12,2022-06-06 18:21:12
7492,3330,161,"15","No","1",2022-06-06 18:21:16,2022-06-06 18:21:16
7493,3330,161,"15","No","1",2022-06-06 18:21:20,2022-06-06 18:21:20
7494,3330,161,"15","No","1",2022-06-06 18:21:24,2022-06-06 18:21:24
7495,3330,161,"15","No","1",2022-06-06 18:21:28,2022-06-06 18:21:28
7496,3330,161,"15","No","1",2022-06-06 18:21:32,2022-06-06 18:21:32
7497,3330,161,"15","No","1",2022-06-06 18:21:36,2022-06-06 18:21:36
7498,3330,161,"15","No","1",2022-06-06 18:21:40,2022-06-06 18:21:40
7499,3330,161,"15","No","1",2022-06-06 18:21:44,2022-06-06 18:21:44
7500,3330,161,"15","No","1",2022-06-06 18:21:48,2022-06-06 18:21:48
7501,3330,161,"15","No","1",2022-06-06 18:21:52,2022-06-06 18:21:52
7502,3330,161,"15","No","1",2022-06-06 18:21:56,2022-06-06 18:21:56
7503,3330,161,"15","No","1",2022-06-06 18:22:00,2022-06-06 18:22:00
7504,3330,161,"15","No","1",2022-06-06 18:22:04,2022-06-06 18:22:04
7505,3330,161,"15","No","1",2022-06-06 18:22:08,2022-06-06 18:22:08
7506,3330,161,"15","No","1",2022-06-06 18:22:12,2022-06-06 18:22:12
7507,3330,161,"15","No","1",2022-06-06 18:22:16,2022-06-06 18:22:16
7508,3330,161,"15","No","1",2022-06-06 18:22:20,2022-06-06 18:22:20
7509,3330,161,"15","No","1",2022-06-06 18:22:24,2022-06-06 18:22:24
7510,3330,161,"15","No","1",2022-06-06 18:22:28,2022-06-06 18:22:28
7511,3330,161,"15","No","1",2022-06-06 18:22:32,2022-06-06 18:22:32
7512,3330,161,"15","No","1",2022-06-06 18:22:36,2022-06-06 18:22:36
7513,3330,161,"15","No","1",2022-06-06 18:22:40,2022-06-06 18:22:40
7514,3330,161,"15","No","1",2022-06-06 18:22:44,2022-06-06 18:22:44
7515,3330,161,"15","No","1",2022-06-06 18:22:48,2022-06-06 18:22:48
7516,3330,161,"15","No","1",2022-06-06 18:22:52,2022-06-06 18:22:52
7517,3330,161,"15","No","1",2022-06-06 18:22:56,2022-06-06 18:22:56
7518,3330,161,"15","No","1",2022-06-06 18:23:00,2022-06-06 18:23:00
7519,3330,161,"15","No","1",2022-06-06 18:23:04,2022-06-06 18:23:04
7520,3330,161,"15","No","1",2022-06-06 18:23:08,2022-06-06 18:23:08
7521,3330,161,"15","No","1",2022-06-06 18:23:12,2022-06-06 18:23:12
7522,3330,161,"15","No","1",2022-06-06 18:23:16,2022-06-06 18:23:16
7523,3330,161,"15","No","1",2022-06-06 18:23:20,2022-06-06 18:23:20
7524,3330,161,"15","No","1",2022-06-06 18:23:24,2022-06-06 18:23:24
7525,3330,161,"15","No","1",2022-06-06 18:23:28,2022-06-06 18:23:28
7526,3330,161,"15","No","1",2022-06-06 18:23:32,2022-06-06 18:23:32
7527,3330,161,"15","No","1",2022-06-06 18:23:36,2022-06-06 18:23:36
7528,3330,161,"15","No","1",2022-06-06 18:23:40,2022-06-06 18:23:40
7529,3330,161,"15","No","1",2022-06-06 18:23:44,2022-06-06 18:23:44
7530,3330,161,"15","No","1",2022-06-06 18:23:48,2022-06-06 18:23:48
7531,3330,161,"15","No","1",2022-06-06 18:23:52,2022-06-06 18:23:52
7532,3330,161,"15","No","1",2022-06-06 18:23:56,2022-06-06 18:23:56
7533,3330,161,"15","No","1",2022-06-06 18:24:00,2022-06-06 18:24:00
7534,3330,161,"15","No","1",2022-06-06 18:24:04,2022-06-06 18:24:04
7535,3330,161,"15","No","1",2022-06-06 18:24:08,2022-06-06 18:24:08
7536,3330,161,"15","No","1",2022-06-06 18:24:12,2022-06-06 18:24:12
7537,3330,161,"15","No","1",2022-06-06 18:24:16,2022-06-06 18:24:16
7538,3330,161,"15","No","1",2022-06-06 18:24:20,2022-06-06 18:24:20
7539,3330,161,"15","No","1",2022-06-06 18:24:24,2022-06-06 18:24:24
7540,3330,161,"15","No","1",2022-06-06 18:24:28,2022-06-06 18:24:28
7541,3330,161,"15","No","1",2022-06-06 18:24:32,2022-06-06 18:24:32
7542,3330,161,"15","No","1",2022-06-06 18:24:36,2022-06-06 18:24:36
7543,3330,161,"15","No","1",2022-06-06 18:24:40,2022-06-06 18:24:40
7544,3330,161,"15","No","1",2022-06-06 18:24:44,2022-06-06 18:24:44
7545,3330,161,"15","No","1",2022-06-06 18:24:48,2022-06-06 18:24:48
7546,3330,161,"15","No","1",2022-06-06 18:24:52,2022-06-06 18:24:52
7547,3330,161,"15","No","1",2022-06-06 18:24:56,2022-06-06 18:24:56
7548,3330,161,"15","No","1",2022-06-06 18:25:00,2022-06-06 18:25:00
7549,3330,161,"15","No","1",2022-06-06 18:25:04,2022-06-06 18:25:04
7550,3330,161,"15","No","1",2022-06-06 18:25:08,2022-06-06 18:25:08
7551,3330,161,"15","No","1",2022-06-06 18:25:12,2022-06-06 18:25:12
7552,3330,161,"15","No","1",2022-06-06 18:25:16,2022-06-06 18:25:16
7553,3330,161,"15","No","1",2022-06-06 18:25:20,2022-06-06 18:25:20
7554,3330,161,"15","No","1",2022-06-06 18:25:24,2022-06-06 18:25:24
7555,3330,161,"15","No","1",2022-06-06 18:25:28,2022-06-06 18:25:28
7556,3330,161,"15","No","1",2022-06-06 18:25:32,2022-06-06 18:25:32
7557,3330,161,"15","No","1",2022-06-06 18:25:36,2022-06-06 18:25:36
7558,3330,161,"15","No","1",2022-06-06 18:25:40,2022-06-06 18:25:40
7559,3330,161,"15","No","1",2022-06-06 18:25:44,2022-06-06 18:25:44
7560,3330,161,"15","No","1",2022-06-06 18:25:48,2022-06-06 18:25:48
7561,3330,161,"15","No","1",2022-06-06 18:25:52,2022-06-06 18:25:52
7562,3330,161,"15","No","1",2022-06-06 18:25:56,2022-06-06 18:25:56
7563,3330,161,"15","No","1",2022-06-06 18:26:00,2022-06-06 18:26:00
7564,3330,161,"15","No","1",2022-06-06 18:26:04,2022-06-06 18:26:04
7565,3330,161,"15","No","1",2022-06-06 18:26:08,2022-06-06 18:26:08
7566,3330,161,"15","No","1",2022-06-06 18:26:12,2022-06-06 18:26:12
7567,3330,161,"15","No","1",2022-06-06 18:26:16,2022-06-06 18:26:16
7568,3330,161,"15","No","1",2022-06-06 18:26:20,2022-06-06 18:26:20
7569,3330,161,"15","No","1",2022-06-06 18:26:24,2022-06-06 18:26:24
7570,3330,161,"15","No","1",2022-06-06 18:26:28,2022-06-06 18:26:28
7571,3330,161,"15","No","1",2022-06-06 18:26:32,2022-06-06 18:26:32
7572,3330,161,"15","No","1",2022-06-06 18:26:36,2022-06-06 18:26:36
7573,3330,161,"15","No","1",2022-06-06 18:26:40,2022-06-06 18:26:40
7574,3330,161,"15","No","1",2022-06-06 18:26:44,2022-06-06 18:26:44
7575,3330,161,"15","No","1",2022-06-06 18:26:48,2022-06-06 18:26:48
7576,3330,161,"15","No","1",2022-06-06 18:26:52,2022-06-06 18:26:52
7577,3330,161,"15","No","1",2022-06-06 18:26:56,2022-06-06 18:26:56
7578,3330,161,"15","No","1",2022-06-06 18:27:00,2022-06-06 18:27:00
7579,3330,161,"15","No","1",2022-06-06 18:27:04,2022-06-06 18:27:04
7580,3330,161,"15","No","1",2022-06-06 18:27:08,2022-06-06 18:27:08
7581,3330,161,"15","No","1",2022-06-06 18:27:12,2022-06-06 18:27:12
7582,3330,161,"15","No","1",2022-06-06 18:27:16,2022-06-06 18:27:16
7583,3330,161,"15","No","1",2022-06-06 18:27:20,2022-06-06 18:27:20
7584,3330,161,"15","No","1",2022-06-06 18:27:24,2022-06-06 18:27:24
7585,3330,161,"15","No","1",2022-06-06 18:27:28,2022-06-06 18:27:28
7586,3330,161,"15","No","1",2022-06-06 18:27:32,2022-06-06 18:27:32
7587,3330,161,"15","No","1",2022-06-06 18:27:36,2022-06-06 18:27:36
7588,3330,161,"15","No","1",2022-06-06 18:27:40,2022-06-06 18:27:40
7589,3330,161,"15","No","1",2022-06-06 18:27:44,2022-06-06 18:27:44
7590,3330,161,"15","No","1",2022-06-06 18:27:48,2022-06-06 18:27:48
7591,3330,161,"15","No","1",2022-06-06 18:27:52,2022-06-06 18:27:52
7592,3330,161,"15","No","1",2022-06-06 18:27:56,2022-06-06 18:27:56
7593,3330,161,"15","No","1",2022-06-06 18:28:00,2022-06-06 18:28:00
7594,3330,161,"15","No","1",2022-06-06 18:28:04,2022-06-06 18:28:04
7595,3330,161,"15","No","1",2022-06-06 18:28:08,2022-06-06 18:28:08
7596,3330,161,"15","No","1",2022-06-06 18:28:12,2022-06-06 18:28:12
7597,3330,161,"15","No","1",2022-06-06 18:28:16,2022-06-06 18:28:16
7598,3330,161,"15","No","1",2022-06-06 18:28:20,2022-06-06 18:28:20
7599,3330,161,"15","No","1",2022-06-06 18:28:24,2022-06-06 18:28:24
7600,3330,161,"15","No","1",2022-06-06 18:28:28,2022-06-06 18:28:28
7601,3330,161,"15","No","1",2022-06-06 18:28:32,2022-06-06 18:28:32
7602,3330,161,"15","No","1",2022-06-06 18:28:36,2022-06-06 18:28:36
7603,3330,161,"15","No","1",2022-06-06 18:28:40,2022-06-06 18:28:40
7604,3330,161,"15","No","1",2022-06-06 18:28:44,2022-06-06 18:28:44
7605,3330,161,"15","No","1",2022-06-06 18:28:48,2022-06-06 18:28:48
7606,3330,161,"15","No","1",2022-06-06 18:28:52,2022-06-06 18:28:52
7607,3330,161,"15","No","1",2022-06-06 18:28:56,2022-06-06 18:28:56
7608,3330,161,"15","No","1",2022-06-06 18:29:00,2022-06-06 18:29:00
7609,3330,161,"15","No","1",2022-06-06 18:29:04,2022-06-06 18:29:04
7610,3330,161,"15","No","1",2022-06-06 18:29:08,2022-06-06 18:29:08
7611,3330,161,"15","No","1",2022-06-06 18:29:12,2022-06-06 18:29:12
7612,3330,161,"15","No","1",2022-06-06 18:29:16,2022-06-06 18:29:16
7613,3330,161,"15","No","1",2022-06-06 18:29:20,2022-06-06 18:29:20
7614,3330,161,"15","No","1",2022-06-06 18:29:24,2022-06-06 18:29:24
7615,3330,161,"15","No","1",2022-06-06 18:29:28,2022-06-06 18:29:28
7616,3330,161,"15","No","1",2022-06-06 18:29:32,2022-06-06 18:29:32
7617,3330,161,"15","No","1",2022-06-06 18:29:36,2022-06-06 18:29:36
7618,3330,161,"15","No","1",2022-06-06 18:29:40,2022-06-06 18:29:40
7619,3330,161,"15","No","1",2022-06-06 18:29:44,2022-06-06 18:29:44
7620,3330,161,"15","No","1",2022-06-06 18:29:48,2022-06-06 18:29:48
7621,3330,161,"15","No","1",2022-06-06 18:29:52,2022-06-06 18:29:52
7622,3330,161,"15","No","1",2022-06-06 18:29:56,2022-06-06 18:29:56
7623,3330,161,"15","No","1",2022-06-06 18:30:00,2022-06-06 18:30:00
7624,3330,161,"15","No","1",2022-06-06 18:30:04,2022-06-06 18:30:04
7625,3330,161,"15","No","1",2022-06-06 18:30:08,2022-06-06 18:30:08
7626,3330,161,"15","No","1",2022-06-06 18:30:12,2022-06-06 18:30:12
7627,3330,161,"15","No","1",2022-06-06 18:30:16,2022-06-06 18:30:16
7628,3330,161,"15","No","1",2022-06-06 18:30:20,2022-06-06 18:30:20
7629,3330,161,"15","No","1",2022-06-06 18:30:24,2022-06-06 18:30:24
7630,3330,161,"15","No","1",2022-06-06 18:30:28,2022-06-06 18:30:28
7631,3330,161,"15","No","1",2022-06-06 18:30:32,2022-06-06 18:30:32
7632,3330,161,"15","No","1",2022-06-06 18:30:36,2022-06-06 18:30:36
7633,3330,161,"15","No","1",2022-06-06 18:30:40,2022-06-06 18:30:40
7634,3330,161,"15","No","1",2022-06-06 18:30:44,2022-06-06 18:30:44
7635,3330,161,"15","No","1",2022-06-06 18:30:48,2022-06-06 18:30:48
7636,3330,161,"15","No","1",2022-06-06 18:30:52,2022-06-06 18:30:52
7637,3330,161,"15","No","1",2022-06-06 18:30:56,2022-06-06 18:30:56
7638,3330,161,"15","No","1",2022-06-06 18:31:00,2022-06-06 18:31:00
7639,3330,161,"15","No","1",2022-06-06 18:31:04,2022-06-06 18:31:04
7640,3330,161,"15","No","1",2022-06-06 18:31:08,2022-06-06 18:31:08
7641,3330,161,"15","No","1",2022-06-06 18:31:12,2022-06-06 18:31:12
7642,3330,161,"15","No","1",2022-06-06 18:31:16,2022-06-06 18:31:16
7643,3330,161,"15","No","1",2022-06-06 18:31:20,2022-06-06 18:31:20
7644,3330,161,"15","No","1",2022-06-06 18:31:24,2022-06-06 18:31:24
7645,3330,161,"15","No","1",2022-06-06 18:31:28,2022-06-06 18:31:28
7646,3330,161,"15","No","1",2022-06-06 18:31:32,2022-06-06 18:31:32
7647,3330,161,"15","No","1",2022-06-06 18:31:36,2022-06-06 18:31:36
7648,3330,161,"15","No","1",2022-06-06 18:31:40,2022-06-06 18:31:40
7649,3330,161,"15","No","1",2022-06-06 18:31:44,2022-06-06 18:31:44
7650,3330,161,"15","No","1",2022-06-06 18:31:48,2022-06-06 18:31:48
7651,3330,161,"15","No","1",2022-06-06 18:31:52,2022-06-06 18:31:52
7652,3330,161,"15","No","1",2022-06-06 18:31:56,2022-06-06 18:31:56
7653,3330,161,"15","No","1",2022-06-06 18:32:00,2022-06-06 18:32:00
7654,3330,161,"15","No","1",2022-06-06 18:32:04,2022-06-06 18:32:04
7655,3330,161,"15","No","1",2022-06-06 18:32:08,2022-06-06 18:32:08
7656,3330,161,"15","No","1",2022-06-06 18:32:12,2022-06-06 18:32:12
7657,3330,161,"15","No","1",2022-06-06 18:32:16,2022-06-06 18:32:16
7658,3330,161,"15","No","1",2022-06-06 18:32:20,2022-06-06 18:32:20
7659,3330,161,"15","No","1",2022-06-06 18:32:24,2022-06-06 18:32:24
7660,3330,161,"15","No","1",2022-06-06 18:32:28,2022-06-06 18:32:28
7661,3330,161,"15","No","1",2022-06-06 18:32:32,2022-06-06 18:32:32
7662,3330,161,"15","No","1",2022-06-06 18:32:36,2022-06-06 18:32:36
7663,3330,161,"15","No","1",2022-06-06 18:32:40,2022-06-06 18:32:40
7664,3330,161,"15","No","1",2022-06-06 18:32:44,2022-06-06 18:32:44
7665,3330,161,"15","No","1",2022-06-06 18:32:48,2022-06-06 18:32:48
7666,3330,161,"15","No","1",2022-06-06 18:32:52,2022-06-06 18:32:52
7667,3330,161,"15","No","1",2022-06-06 18:32:56,2022-06-06 18:32:56
7668,3330,161,"15","No","1",2022-06-06 18:33:00,2022-06-06 18:33:00
7669,3330,161,"15","No","1",2022-06-06 18:33:04,2022-06-06 18:33:04
7670,3330,161,"15","No","1",2022-06-06 18:33:08,2022-06-06 18:33:08
7671,3330,161,"15","No","1",2022-06-06 18:33:12,2022-06-06 18:33:12
7672,3330,161,"15","No","1",2022-06-06 18:33:16,2022-06-06 18:33:16
7673,3330,161,"15","No","1",2022-06-06 18:33:20,2022-06-06 18:33:20
7674,3330,161,"15","No","1",2022-06-06 18:33:24,2022-06-06 18:33:24
7675,3330,161,"15","No","1",2022-06-06 18:33:28,2022-06-06 18:33:28
7676,3330,161,"15","No","1",2022-06-06 18:33:32,2022-06-06 18:33:32
7677,3330,161,"15","No","1",2022-06-06 18:33:36,2022-06-06 18:33:36
7678,3330,161,"15","No","1",2022-06-06 18:33:40,2022-06-06 18:33:40
7679,3330,161,"15","No","1",2022-06-06 18:33:44,2022-06-06 18:33:44
7680,3330,161,"15","No","1",2022-06-06 18:33:48,2022-06-06 18:33:48
7681,3330,161,"15","No","1",2022-06-06 18:33:52,2022-06-06 18:33:52
7682,3330,161,"15","No","1",2022-06-06 18:33:56,2022-06-06 18:33:56
7683,3330,161,"15","No","1",2022-06-06 18:34:00,2022-06-06 18:34:00
7684,3330,161,"15","No","1",2022-06-06 18:34:04,2022-06-06 18:34:04
7685,3330,161,"15","No","1",2022-06-06 18:34:08,2022-06-06 18:34:08
7686,3330,161,"15","No","1",2022-06-06 18:34:12,2022-06-06 18:34:12
7687,3330,161,"15","No","1",2022-06-06 18:34:16,2022-06-06 18:34:16
7688,3330,161,"15","No","1",2022-06-06 18:34:20,2022-06-06 18:34:20
7689,3330,161,"15","No","1",2022-06-06 18:34:24,2022-06-06 18:34:24
7690,3330,161,"15","No","1",2022-06-06 18:34:28,2022-06-06 18:34:28
7691,3330,161,"15","No","1",2022-06-06 18:34:32,2022-06-06 18:34:32
7692,3330,161,"15","No","1",2022-06-06 18:34:36,2022-06-06 18:34:36
7693,3330,161,"15","No","1",2022-06-06 18:34:40,2022-06-06 18:34:40
7694,3330,161,"15","No","1",2022-06-06 18:34:44,2022-06-06 18:34:44
7695,3330,161,"15","No","1",2022-06-06 18:34:48,2022-06-06 18:34:48
7696,3330,161,"15","No","1",2022-06-06 18:34:52,2022-06-06 18:34:52
7697,3330,161,"15","No","1",2022-06-06 18:34:56,2022-06-06 18:34:56
7698,3330,161,"15","No","1",2022-06-06 18:35:00,2022-06-06 18:35:00
7699,3330,161,"15","No","1",2022-06-06 18:35:04,2022-06-06 18:35:04
7700,3330,161,"15","No","1",2022-06-06 18:35:08,2022-06-06 18:35:08
7701,3330,161,"15","No","1",2022-06-06 18:35:12,2022-06-06 18:35:12
7702,3330,161,"15","No","1",2022-06-06 18:35:16,2022-06-06 18:35:16
7703,3330,161,"15","No","1",2022-06-06 18:35:20,2022-06-06 18:35:20
7704,3330,161,"15","No","1",2022-06-06 18:35:24,2022-06-06 18:35:24
7705,3330,161,"15","No","1",2022-06-06 18:35:28,2022-06-06 18:35:28
7706,3330,161,"15","No","1",2022-06-06 18:35:32,2022-06-06 18:35:32
7707,3330,161,"15","No","1",2022-06-06 18:35:36,2022-06-06 18:35:36
7708,3330,161,"15","No","1",2022-06-06 18:35:40,2022-06-06 18:35:40
7709,3330,161,"15","No","1",2022-06-06 18:35:44,2022-06-06 18:35:44
7710,3330,161,"15","No","1",2022-06-06 18:35:48,2022-06-06 18:35:48
7711,3330,161,"15","No","1",2022-06-06 18:35:52,2022-06-06 18:35:52
7712,3330,161,"15","No","1",2022-06-06 18:35:56,2022-06-06 18:35:56
7713,3330,161,"15","No","1",2022-06-06 18:36:00,2022-06-06 18:36:00
7714,3330,161,"15","No","1",2022-06-06 18:36:04,2022-06-06 18:36:04
7715,3330,161,"15","No","1",2022-06-06 18:36:08,2022-06-06 18:36:08
7716,3330,161,"15","No","1",2022-06-06 18:36:12,2022-06-06 18:36:12
7717,3330,161,"15","No","1",2022-06-06 18:36:16,2022-06-06 18:36:16
7718,3330,161,"15","No","1",2022-06-06 18:36:20,2022-06-06 18:36:20
7719,3330,161,"15","No","1",2022-06-06 18:36:24,2022-06-06 18:36:24
7720,3330,161,"15","No","1",2022-06-06 18:36:28,2022-06-06 18:36:28
7721,3330,161,"15","No","1",2022-06-06 18:36:32,2022-06-06 18:36:32
7722,3330,161,"15","No","1",2022-06-06 18:36:36,2022-06-06 18:36:36
7723,3330,161,"15","No","1",2022-06-06 18:36:40,2022-06-06 18:36:40
7724,3330,161,"15","No","1",2022-06-06 18:36:44,2022-06-06 18:36:44
7725,3330,161,"15","No","1",2022-06-06 18:36:48,2022-06-06 18:36:48
7726,3330,161,"15","No","1",2022-06-06 18:36:52,2022-06-06 18:36:52
7727,3330,161,"15","No","1",2022-06-06 18:36:56,2022-06-06 18:36:56
7728,3330,161,"15","No","1",2022-06-06 18:37:00,2022-06-06 18:37:00
7729,3330,161,"15","No","1",2022-06-06 18:37:04,2022-06-06 18:37:04
7730,3330,161,"15","No","1",2022-06-06 18:37:08,2022-06-06 18:37:08
7731,3330,161,"15","No","1",2022-06-06 18:37:12,2022-06-06 18:37:12
7732,3330,161,"15","No","1",2022-06-06 18:37:16,2022-06-06 18:37:16
7733,3330,161,"15","No","1",2022-06-06 18:37:20,2022-06-06 18:37:20
7734,3330,161,"15","No","1",2022-06-06 18:37:24,2022-06-06 18:37:24
7735,3330,161,"15","No","1",2022-06-06 18:37:28,2022-06-06 18:37:28
7736,3330,161,"15","No","1",2022-06-06 18:37:32,2022-06-06 18:37:32
7737,3330,161,"15","No","1",2022-06-06 18:37:36,2022-06-06 18:37:36
7738,3330,161,"15","No","1",2022-06-06 18:37:40,2022-06-06 18:37:40
7739,3330,161,"15","No","1",2022-06-06 18:37:44,2022-06-06 18:37:44
7740,3330,161,"15","No","1",2022-06-06 18:37:48,2022-06-06 18:37:48
7741,3330,161,"15","No","1",2022-06-06 18:37:52,2022-06-06 18:37:52
7742,3330,161,"15","No","1",2022-06-06 18:37:56,2022-06-06 18:37:56
7743,3330,161,"15","No","1",2022-06-06 18:38:00,2022-06-06 18:38:00
7744,3330,161,"15","No","1",2022-06-06 18:38:04,2022-06-06 18:38:04
7745,3330,161,"15","No","1",2022-06-06 18:38:08,2022-06-06 18:38:08
7746,3330,161,"15","No","1",2022-06-06 18:38:12,2022-06-06 18:38:12
7747,3330,161,"15","No","1",2022-06-06 18:38:16,2022-06-06 18:38:16
7748,3330,161,"15","No","1",2022-06-06 18:38:20,2022-06-06 18:38:20
7749,3330,161,"15","No","1",2022-06-06 18:38:24,2022-06-06 18:38:24
7750,3330,161,"15","No","1",2022-06-06 18:38:28,2022-06-06 18:38:28
7751,3330,161,"15","No","1",2022-06-06 18:38:32,2022-06-06 18:38:32
7752,3330,161,"15","No","1",2022-06-06 18:38:36,2022-06-06 18:38:36
7753,3330,161,"15","No","1",2022-06-06 18:38:40,2022-06-06 18:38:40
7754,3330,161,"15","No","1",2022-06-06 18:38:44,2022-06-06 18:38:44
7755,3330,161,"15","No","1",2022-06-06 18:38:48,2022-06-06 18:38:48
7756,3330,161,"15","No","1",2022-06-06 18:38:52,2022-06-06 18:38:52
7757,3330,161,"15","No","1",2022-06-06 18:38:56,2022-06-06 18:38:56
7758,3330,161,"15","No","1",2022-06-06 18:39:00,2022-06-06 18:39:00
7759,3330,161,"15","No","1",2022-06-06 18:39:04,2022-06-06 18:39:04
7760,3330,161,"15","No","1",2022-06-06 18:39:08,2022-06-06 18:39:08
7761,3330,161,"15","No","1",2022-06-06 18:39:12,2022-06-06 18:39:12
7762,3330,161,"15","No","1",2022-06-06 18:39:16,2022-06-06 18:39:16
7763,3330,161,"15","No","1",2022-06-06 18:39:20,2022-06-06 18:39:20
7764,3330,161,"15","No","1",2022-06-06 18:39:24,2022-06-06 18:39:24
7765,3330,161,"15","No","1",2022-06-06 18:39:28,2022-06-06 18:39:28
7766,3330,161,"15","No","1",2022-06-06 18:39:32,2022-06-06 18:39:32
7767,3330,161,"15","No","1",2022-06-06 18:39:36,2022-06-06 18:39:36
7768,3330,161,"15","No","1",2022-06-06 18:39:40,2022-06-06 18:39:40
7769,2193,1,"1","No","0",2022-06-06 18:39:42,2022-06-06 18:39:42
7770,3330,161,"15","No","1",2022-06-06 18:39:44,2022-06-06 18:39:44
7771,3330,161,"15","No","1",2022-06-06 18:39:48,2022-06-06 18:39:48
7772,2193,1,"1","No","0",2022-06-06 18:39:51,2022-06-06 18:39:51
7773,3330,161,"15","No","1",2022-06-06 18:39:52,2022-06-06 18:39:52
7774,3330,161,"15","No","1",2022-06-06 18:39:56,2022-06-06 18:39:56
7775,3330,161,"15","No","1",2022-06-06 18:40:00,2022-06-06 18:40:00
7776,3330,161,"15","No","1",2022-06-06 18:40:04,2022-06-06 18:40:04
7777,3330,161,"15","No","1",2022-06-06 18:40:08,2022-06-06 18:40:08
7778,3330,161,"15","No","1",2022-06-06 18:40:12,2022-06-06 18:40:12
7779,3330,161,"15","No","1",2022-06-06 18:40:16,2022-06-06 18:40:16
7780,3330,161,"15","No","1",2022-06-06 18:40:20,2022-06-06 18:40:20
7781,3330,161,"15","No","1",2022-06-06 18:40:24,2022-06-06 18:40:24
7782,3330,161,"15","No","1",2022-06-06 18:40:28,2022-06-06 18:40:28
7783,3331,1,"0","No","1",2022-06-06 18:40:32,2022-06-06 18:40:32
7784,3330,161,"15","No","1",2022-06-06 18:40:32,2022-06-06 18:40:32
7785,3330,161,"15","No","1",2022-06-06 18:40:36,2022-06-06 18:40:36
7786,3330,161,"15","No","1",2022-06-06 18:40:40,2022-06-06 18:40:40
7787,3330,161,"15","No","1",2022-06-06 18:40:44,2022-06-06 18:40:44
7788,3330,161,"15","No","1",2022-06-06 18:40:48,2022-06-06 18:40:48
7789,3330,161,"15","No","1",2022-06-06 18:40:52,2022-06-06 18:40:52
7790,3330,161,"15","No","1",2022-06-06 18:40:56,2022-06-06 18:40:56
7791,3330,161,"15","No","1",2022-06-06 18:41:00,2022-06-06 18:41:00
7792,3330,161,"15","No","1",2022-06-06 18:41:04,2022-06-06 18:41:04
7793,3330,161,"15","No","1",2022-06-06 18:41:08,2022-06-06 18:41:08
7794,3330,161,"15","No","1",2022-06-06 18:41:12,2022-06-06 18:41:12
7795,3330,161,"15","No","1",2022-06-06 18:41:16,2022-06-06 18:41:16
7796,3330,161,"15","No","1",2022-06-06 18:41:20,2022-06-06 18:41:20
7797,3330,161,"15","No","1",2022-06-06 18:41:24,2022-06-06 18:41:24
7798,3330,1,"15","No","1",2022-06-06 18:41:27,2022-06-06 18:41:27
7799,3330,161,"15","No","1",2022-06-06 18:41:28,2022-06-06 18:41:28
7800,3330,1,"15","No","1",2022-06-06 18:41:31,2022-06-06 18:41:31
7801,3330,161,"15","No","1",2022-06-06 18:41:32,2022-06-06 18:41:32
7802,3330,1,"15","No","1",2022-06-06 18:41:34,2022-06-06 18:41:34
7803,3330,1,"15","No","1",2022-06-06 18:41:36,2022-06-06 18:41:36
7804,3330,161,"15","No","1",2022-06-06 18:41:36,2022-06-06 18:41:36
7805,3330,1,"15","No","1",2022-06-06 18:41:38,2022-06-06 18:41:38
7806,3330,161,"15","No","1",2022-06-06 18:41:40,2022-06-06 18:41:40
7807,3330,1,"15","No","1",2022-06-06 18:41:41,2022-06-06 18:41:41
7808,3330,161,"15","No","1",2022-06-06 18:41:44,2022-06-06 18:41:44
7809,3330,161,"15","No","1",2022-06-06 18:41:48,2022-06-06 18:41:48
7810,3330,161,"15","No","1",2022-06-06 18:41:52,2022-06-06 18:41:52
7811,3330,161,"15","No","1",2022-06-06 18:41:56,2022-06-06 18:41:56
7812,3330,161,"15","No","1",2022-06-06 18:42:00,2022-06-06 18:42:00
7813,3330,161,"15","No","1",2022-06-06 18:42:04,2022-06-06 18:42:04
7814,3330,161,"15","No","1",2022-06-06 18:42:08,2022-06-06 18:42:08
7815,3330,161,"15","No","1",2022-06-06 18:42:12,2022-06-06 18:42:12
7816,3330,161,"15","No","1",2022-06-06 18:42:16,2022-06-06 18:42:16
7817,3330,161,"15","No","1",2022-06-06 18:42:20,2022-06-06 18:42:20
7818,3330,161,"15","No","1",2022-06-06 18:42:24,2022-06-06 18:42:24
7819,3330,161,"15","No","1",2022-06-06 18:42:28,2022-06-06 18:42:28
7820,3330,161,"15","No","1",2022-06-06 18:42:32,2022-06-06 18:42:32
7821,3330,161,"15","No","1",2022-06-06 18:42:36,2022-06-06 18:42:36
7822,3330,161,"15","No","1",2022-06-06 18:42:40,2022-06-06 18:42:40
7823,3330,161,"15","No","1",2022-06-06 18:42:44,2022-06-06 18:42:44
7824,3330,161,"15","No","1",2022-06-06 18:42:48,2022-06-06 18:42:48
7825,3330,161,"15","No","1",2022-06-06 18:42:52,2022-06-06 18:42:52
7826,3330,161,"15","No","1",2022-06-06 18:42:56,2022-06-06 18:42:56
7827,3330,161,"15","No","1",2022-06-06 18:43:00,2022-06-06 18:43:00
7828,3330,161,"15","No","1",2022-06-06 18:43:04,2022-06-06 18:43:04
7829,3330,161,"15","No","1",2022-06-06 18:43:08,2022-06-06 18:43:08
7830,3330,161,"15","No","1",2022-06-06 18:43:12,2022-06-06 18:43:12
7831,3330,161,"15","No","1",2022-06-06 18:43:16,2022-06-06 18:43:16
7832,3330,161,"15","No","1",2022-06-06 18:43:20,2022-06-06 18:43:20
7833,3330,161,"15","No","1",2022-06-06 18:43:24,2022-06-06 18:43:24
7834,3330,161,"15","No","1",2022-06-06 18:43:28,2022-06-06 18:43:28
7835,3330,161,"15","No","1",2022-06-06 18:43:32,2022-06-06 18:43:32
7836,3330,161,"15","No","1",2022-06-06 18:43:36,2022-06-06 18:43:36
7837,3330,161,"15","No","1",2022-06-06 18:43:40,2022-06-06 18:43:40
7838,3330,161,"15","No","1",2022-06-06 18:43:44,2022-06-06 18:43:44
7839,3330,161,"15","No","1",2022-06-06 18:43:48,2022-06-06 18:43:48
7840,3330,161,"15","No","1",2022-06-06 18:43:52,2022-06-06 18:43:52
7841,3330,161,"15","No","1",2022-06-06 18:43:56,2022-06-06 18:43:56
7842,3330,161,"15","No","1",2022-06-06 18:44:00,2022-06-06 18:44:00
7843,3330,161,"15","No","1",2022-06-06 18:44:04,2022-06-06 18:44:04
7844,3330,161,"15","No","1",2022-06-06 18:44:08,2022-06-06 18:44:08
7845,3330,161,"15","No","1",2022-06-06 18:44:12,2022-06-06 18:44:12
7846,3330,161,"15","No","1",2022-06-06 18:44:16,2022-06-06 18:44:16
7847,3330,161,"15","No","1",2022-06-06 18:44:20,2022-06-06 18:44:20
7848,3330,161,"15","No","1",2022-06-06 18:44:24,2022-06-06 18:44:24
7849,3330,161,"15","No","1",2022-06-06 18:44:28,2022-06-06 18:44:28
7850,3330,161,"15","No","1",2022-06-06 18:44:32,2022-06-06 18:44:32
7851,3330,161,"15","No","1",2022-06-06 18:44:36,2022-06-06 18:44:36
7852,3330,161,"15","No","1",2022-06-06 18:44:40,2022-06-06 18:44:40
7853,3330,161,"15","No","1",2022-06-06 18:44:44,2022-06-06 18:44:44
7854,3330,161,"15","No","1",2022-06-06 18:44:48,2022-06-06 18:44:48
7855,3330,161,"15","No","1",2022-06-06 18:44:52,2022-06-06 18:44:52
7856,3330,161,"15","No","1",2022-06-06 18:44:56,2022-06-06 18:44:56
7857,3330,161,"15","No","1",2022-06-06 18:45:00,2022-06-06 18:45:00
7858,3330,161,"15","No","1",2022-06-06 18:45:04,2022-06-06 18:45:04
7859,3330,161,"15","No","1",2022-06-06 18:45:08,2022-06-06 18:45:08
7860,3330,161,"15","No","1",2022-06-06 18:45:12,2022-06-06 18:45:12
7861,3330,161,"15","No","1",2022-06-06 18:45:16,2022-06-06 18:45:16
7862,3330,161,"15","No","1",2022-06-06 18:45:20,2022-06-06 18:45:20
7863,3330,161,"15","No","1",2022-06-06 18:45:24,2022-06-06 18:45:24
7864,3330,161,"15","No","1",2022-06-06 18:45:28,2022-06-06 18:45:28
7865,3330,161,"15","No","1",2022-06-06 18:45:32,2022-06-06 18:45:32
7866,3330,161,"15","No","1",2022-06-06 18:45:36,2022-06-06 18:45:36
7867,3330,161,"15","No","1",2022-06-06 18:45:40,2022-06-06 18:45:40
7868,3330,161,"15","No","1",2022-06-06 18:45:44,2022-06-06 18:45:44
7869,3330,161,"15","No","1",2022-06-06 18:45:48,2022-06-06 18:45:48
7870,3330,161,"15","No","1",2022-06-06 18:45:52,2022-06-06 18:45:52
7871,3330,161,"15","No","1",2022-06-06 18:45:56,2022-06-06 18:45:56
7872,3330,161,"15","No","1",2022-06-06 18:46:00,2022-06-06 18:46:00
7873,3330,161,"15","No","1",2022-06-06 18:46:04,2022-06-06 18:46:04
7874,3330,161,"15","No","1",2022-06-06 18:46:08,2022-06-06 18:46:08
7875,3330,161,"15","No","1",2022-06-06 18:46:12,2022-06-06 18:46:12
7876,3330,161,"15","No","1",2022-06-06 18:46:16,2022-06-06 18:46:16
7877,3330,161,"15","No","1",2022-06-06 18:46:20,2022-06-06 18:46:20
7878,3330,161,"15","No","1",2022-06-06 18:46:24,2022-06-06 18:46:24
7879,3330,161,"15","No","1",2022-06-06 18:46:28,2022-06-06 18:46:28
7880,3330,161,"15","No","1",2022-06-06 18:46:32,2022-06-06 18:46:32
7881,3330,161,"15","No","1",2022-06-06 18:46:36,2022-06-06 18:46:36
7882,3330,161,"15","No","1",2022-06-06 18:46:40,2022-06-06 18:46:40
7883,3330,161,"15","No","1",2022-06-06 18:46:44,2022-06-06 18:46:44
7884,3330,161,"15","No","1",2022-06-06 18:46:48,2022-06-06 18:46:48
7885,3330,161,"15","No","1",2022-06-06 18:46:52,2022-06-06 18:46:52
7886,3330,161,"15","No","1",2022-06-06 18:46:56,2022-06-06 18:46:56
7887,3330,161,"15","No","1",2022-06-06 18:47:00,2022-06-06 18:47:00
7888,3330,161,"15","No","1",2022-06-06 18:47:04,2022-06-06 18:47:04
7889,3330,161,"15","No","1",2022-06-06 18:47:08,2022-06-06 18:47:08
7890,3330,161,"15","No","1",2022-06-06 18:47:12,2022-06-06 18:47:12
7891,3330,161,"15","No","1",2022-06-06 18:47:16,2022-06-06 18:47:16
7892,3330,161,"15","No","1",2022-06-06 18:47:20,2022-06-06 18:47:20
7893,3330,161,"15","No","1",2022-06-06 18:47:24,2022-06-06 18:47:24
7894,3330,161,"15","No","1",2022-06-06 18:47:28,2022-06-06 18:47:28
7895,3330,161,"15","No","1",2022-06-06 18:47:32,2022-06-06 18:47:32
7896,3330,161,"15","No","1",2022-06-06 18:47:36,2022-06-06 18:47:36
7897,3330,161,"15","No","1",2022-06-06 18:47:40,2022-06-06 18:47:40
7898,3330,161,"15","No","1",2022-06-06 18:47:44,2022-06-06 18:47:44
7899,3330,161,"15","No","1",2022-06-06 18:47:48,2022-06-06 18:47:48
7900,3330,161,"15","No","1",2022-06-06 18:47:52,2022-06-06 18:47:52
7901,3330,161,"15","No","1",2022-06-06 18:47:56,2022-06-06 18:47:56
7902,3330,161,"15","No","1",2022-06-06 18:48:00,2022-06-06 18:48:00
7903,3330,161,"15","No","1",2022-06-06 18:48:04,2022-06-06 18:48:04
7904,3330,161,"15","No","1",2022-06-06 18:48:08,2022-06-06 18:48:08
7905,3330,161,"15","No","1",2022-06-06 18:48:12,2022-06-06 18:48:12
7906,1212,1,"1","No","0",2022-06-06 23:33:38,2022-06-06 23:33:38
7907,2772,1,"1","No","0",2022-06-07 00:04:21,2022-06-07 00:04:21
7908,2772,1,"1","No","0",2022-06-07 00:04:32,2022-06-07 00:04:32
7909,3324,1,"10","No","2",2022-06-07 00:09:12,2022-06-07 00:09:12
7910,3330,1,"15","No","1",2022-06-07 00:09:54,2022-06-07 00:09:54
7911,3330,1,"15","No","1",2022-06-07 00:09:58,2022-06-07 00:09:58
7912,3330,1,"15","No","1",2022-06-07 00:10:01,2022-06-07 00:10:01
7913,3330,1,"15","No","1",2022-06-07 00:10:04,2022-06-07 00:10:04
7914,3330,1,"15","No","1",2022-06-07 00:10:06,2022-06-07 00:10:06
7915,3330,1,"15","No","1",2022-06-07 00:10:07,2022-06-07 00:10:07
7916,3330,1,"15","No","1",2022-06-07 00:10:08,2022-06-07 00:10:08
7917,3330,1,"15","No","1",2022-06-07 00:10:11,2022-06-07 00:10:11
7918,3330,1,"15","No","1",2022-06-07 00:10:15,2022-06-07 00:10:15
7919,3330,1,"15","No","1",2022-06-07 00:10:18,2022-06-07 00:10:18
7920,3330,1,"15","No","1",2022-06-07 00:10:21,2022-06-07 00:10:21
7921,3330,1,"15","No","1",2022-06-07 00:10:24,2022-06-07 00:10:24
7922,3331,1,"0","No","1",2022-06-07 00:10:26,2022-06-07 00:10:26
7923,3330,1,"15","No","1",2022-06-07 00:10:27,2022-06-07 00:10:27
7924,3330,1,"15","No","1",2022-06-07 00:10:31,2022-06-07 00:10:31
7925,3330,1,"15","No","1",2022-06-07 00:10:34,2022-06-07 00:10:34
7926,3330,1,"15","No","1",2022-06-07 00:10:42,2022-06-07 00:10:42
7927,3330,1,"15","No","1",2022-06-07 00:10:45,2022-06-07 00:10:45
7928,3330,1,"15","No","1",2022-06-07 00:10:49,2022-06-07 00:10:49
7929,3330,1,"15","No","1",2022-06-07 00:10:52,2022-06-07 00:10:52
7930,3330,1,"15","No","1",2022-06-07 00:10:55,2022-06-07 00:10:55
7931,3330,1,"15","No","1",2022-06-07 00:10:59,2022-06-07 00:10:59
7932,3330,1,"15","No","1",2022-06-07 00:11:02,2022-06-07 00:11:02
7933,3330,1,"15","No","1",2022-06-07 00:11:04,2022-06-07 00:11:04
7934,3330,1,"15","No","1",2022-06-07 00:11:05,2022-06-07 00:11:05
7935,3330,1,"15","No","1",2022-06-07 00:11:08,2022-06-07 00:11:08
7936,3323,1,"15","No","1",2022-06-07 00:11:32,2022-06-07 00:11:32
7937,3323,1,"15","No","1",2022-06-07 00:11:35,2022-06-07 00:11:35
7938,3323,1,"15","No","1",2022-06-07 00:11:43,2022-06-07 00:11:43
7939,3330,1,"15","No","1",2022-06-07 00:11:46,2022-06-07 00:11:46
7940,3323,1,"15","No","1",2022-06-07 00:11:46,2022-06-07 00:11:46
7941,3330,1,"15","No","1",2022-06-07 00:11:47,2022-06-07 00:11:47
7942,3330,1,"15","No","1",2022-06-07 00:11:48,2022-06-07 00:11:48
7943,3330,1,"15","No","1",2022-06-07 00:11:48,2022-06-07 00:11:48
7944,3330,1,"15","No","1",2022-06-07 00:11:49,2022-06-07 00:11:49
7945,3330,1,"15","No","1",2022-06-07 00:11:53,2022-06-07 00:11:53
7946,3330,1,"15","No","1",2022-06-07 00:11:56,2022-06-07 00:11:56
7947,3330,1,"15","No","1",2022-06-07 00:11:59,2022-06-07 00:11:59
7948,3330,1,"15","No","1",2022-06-07 00:12:03,2022-06-07 00:12:03
7949,3330,1,"15","No","1",2022-06-07 00:12:06,2022-06-07 00:12:06
7950,3330,1,"15","No","1",2022-06-07 00:12:09,2022-06-07 00:12:09
7951,3330,1,"15","No","1",2022-06-07 00:12:13,2022-06-07 00:12:13
7952,3330,1,"15","No","1",2022-06-07 00:12:16,2022-06-07 00:12:16
7953,3330,1,"15","No","1",2022-06-07 00:12:20,2022-06-07 00:12:20
7954,3330,1,"15","No","1",2022-06-07 00:12:23,2022-06-07 00:12:23
7955,3330,1,"15","No","1",2022-06-07 00:12:26,2022-06-07 00:12:26
7956,3330,1,"15","No","1",2022-06-07 00:12:39,2022-06-07 00:12:39
7957,3330,1,"15","No","1",2022-06-07 00:12:43,2022-06-07 00:12:43
7958,3330,1,"15","No","1",2022-06-07 00:12:47,2022-06-07 00:12:47
7959,3330,1,"15","No","1",2022-06-07 00:12:50,2022-06-07 00:12:50
7960,3330,1,"15","No","1",2022-06-07 00:12:54,2022-06-07 00:12:54
7961,3330,1,"15","No","1",2022-06-07 00:12:57,2022-06-07 00:12:57
7962,3330,1,"15","No","1",2022-06-07 00:13:00,2022-06-07 00:13:00
7963,3330,1,"15","No","1",2022-06-07 00:13:04,2022-06-07 00:13:04
7964,3330,1,"15","No","1",2022-06-07 00:13:08,2022-06-07 00:13:08
7965,3330,1,"15","No","1",2022-06-07 00:13:11,2022-06-07 00:13:11
7966,3330,1,"15","No","1",2022-06-07 00:13:15,2022-06-07 00:13:15
7967,3330,1,"15","No","1",2022-06-07 00:13:20,2022-06-07 00:13:20
7968,3330,1,"15","No","1",2022-06-07 00:13:24,2022-06-07 00:13:24
7969,3330,1,"15","No","1",2022-06-07 00:13:28,2022-06-07 00:13:28
7970,3330,1,"15","No","1",2022-06-07 00:13:33,2022-06-07 00:13:33
7971,3330,1,"15","No","1",2022-06-07 00:13:38,2022-06-07 00:13:38
7972,3330,1,"15","No","1",2022-06-07 00:13:42,2022-06-07 00:13:42
7973,3330,1,"15","No","1",2022-06-07 00:13:47,2022-06-07 00:13:47
7974,3330,1,"15","No","1",2022-06-07 00:13:51,2022-06-07 00:13:51
7975,3330,1,"15","No","1",2022-06-07 00:13:56,2022-06-07 00:13:56
7976,3330,1,"15","No","1",2022-06-07 00:14:00,2022-06-07 00:14:00
7977,3330,1,"15","No","1",2022-06-07 00:14:04,2022-06-07 00:14:04
7978,3330,1,"15","No","1",2022-06-07 00:14:08,2022-06-07 00:14:08
7979,3330,1,"15","No","1",2022-06-07 00:14:12,2022-06-07 00:14:12
7980,3330,1,"15","No","1",2022-06-07 00:14:16,2022-06-07 00:14:16
7981,3330,1,"15","No","1",2022-06-07 00:14:20,2022-06-07 00:14:20
7982,3330,1,"15","No","1",2022-06-07 00:14:25,2022-06-07 00:14:25
7983,3330,1,"15","No","1",2022-06-07 00:14:29,2022-06-07 00:14:29
7984,3330,1,"15","No","1",2022-06-07 00:14:34,2022-06-07 00:14:34
7985,3330,1,"15","No","1",2022-06-07 00:14:38,2022-06-07 00:14:38
7986,3330,1,"15","No","1",2022-06-07 00:14:43,2022-06-07 00:14:43
7987,3330,1,"15","No","1",2022-06-07 00:14:47,2022-06-07 00:14:47
7988,3330,1,"15","No","1",2022-06-07 00:14:51,2022-06-07 00:14:51
7989,3330,1,"15","No","1",2022-06-07 00:14:56,2022-06-07 00:14:56
7990,3330,1,"15","No","1",2022-06-07 00:15:00,2022-06-07 00:15:00
7991,3330,1,"15","No","1",2022-06-07 00:15:05,2022-06-07 00:15:05
7992,3330,1,"15","No","1",2022-06-07 00:15:09,2022-06-07 00:15:09
7993,3330,1,"15","No","1",2022-06-07 00:15:14,2022-06-07 00:15:14
7994,3330,1,"15","No","1",2022-06-07 00:15:19,2022-06-07 00:15:19
7995,3330,1,"15","No","1",2022-06-07 00:15:24,2022-06-07 00:15:24
7996,3330,1,"15","No","1",2022-06-07 00:15:30,2022-06-07 00:15:30
7997,3330,1,"15","No","1",2022-06-07 00:15:33,2022-06-07 00:15:33
7998,3330,1,"15","No","1",2022-06-07 00:15:37,2022-06-07 00:15:37
7999,3330,1,"15","No","1",2022-06-07 00:15:40,2022-06-07 00:15:40
8000,3330,1,"15","No","1",2022-06-07 00:15:43,2022-06-07 00:15:43
8001,3330,1,"15","No","1",2022-06-07 00:15:47,2022-06-07 00:15:47
8002,3330,1,"15","No","1",2022-06-07 00:15:50,2022-06-07 00:15:50
8003,3330,1,"15","No","1",2022-06-07 00:15:53,2022-06-07 00:15:53
8004,3330,1,"15","No","1",2022-06-07 00:15:57,2022-06-07 00:15:57
8005,3330,1,"15","No","1",2022-06-07 00:16:05,2022-06-07 00:16:05
8006,3330,1,"15","No","1",2022-06-07 00:16:09,2022-06-07 00:16:09
8007,3330,1,"15","No","1",2022-06-07 00:16:12,2022-06-07 00:16:12
8008,3330,1,"15","No","1",2022-06-07 00:16:16,2022-06-07 00:16:16
8009,3330,1,"15","No","1",2022-06-07 00:16:19,2022-06-07 00:16:19
8010,3330,1,"15","No","1",2022-06-07 00:16:23,2022-06-07 00:16:23
8011,3330,1,"15","No","1",2022-06-07 00:16:26,2022-06-07 00:16:26
8012,3330,1,"15","No","1",2022-06-07 00:16:32,2022-06-07 00:16:32
8013,3330,1,"15","No","1",2022-06-07 00:16:39,2022-06-07 00:16:39
8014,3330,1,"15","No","1",2022-06-07 00:16:43,2022-06-07 00:16:43
8015,3330,1,"15","No","1",2022-06-07 00:16:46,2022-06-07 00:16:46
8016,3330,1,"15","No","1",2022-06-07 00:16:49,2022-06-07 00:16:49
8017,3330,1,"15","No","1",2022-06-07 00:16:53,2022-06-07 00:16:53
8018,3330,1,"15","No","1",2022-06-07 00:16:56,2022-06-07 00:16:56
8019,3330,1,"15","No","1",2022-06-07 00:17:00,2022-06-07 00:17:00
8020,3330,1,"15","No","1",2022-06-07 00:17:07,2022-06-07 00:17:07
8021,3330,1,"15","No","1",2022-06-07 00:17:12,2022-06-07 00:17:12
8022,3330,1,"15","No","1",2022-06-07 00:17:16,2022-06-07 00:17:16
8023,3330,1,"15","No","1",2022-06-07 00:17:22,2022-06-07 00:17:22
8024,3330,1,"15","No","1",2022-06-07 00:17:28,2022-06-07 00:17:28
8025,3330,1,"15","No","1",2022-06-07 00:17:33,2022-06-07 00:17:33
8026,3330,1,"15","No","1",2022-06-07 00:17:38,2022-06-07 00:17:38
8027,3330,1,"15","No","1",2022-06-07 00:17:42,2022-06-07 00:17:42
8028,3332,162,"0","No","1",2022-06-07 15:42:11,2022-06-07 15:42:11
8029,3332,162,"0","No","1",2022-06-07 15:42:14,2022-06-07 15:42:14
8030,3332,162,"0","No","1",2022-06-07 15:42:22,2022-06-07 15:42:22
8031,3332,162,"0","No","1",2022-06-07 15:44:11,2022-06-07 15:44:11
8032,3332,162,"0","No","1",2022-06-07 15:44:20,2022-06-07 15:44:20
8033,3333,162,"0","No","1",2022-06-07 16:06:09,2022-06-07 16:06:09
8034,3333,162,"0","No","1",2022-06-07 16:06:26,2022-06-07 16:06:26
8035,3333,162,"0","No","1",2022-06-07 16:07:09,2022-06-07 16:07:09
8036,3333,162,"0","No","1",2022-06-07 16:07:20,2022-06-07 16:07:20
8037,3333,162,"0","No","1",2022-06-07 16:07:53,2022-06-07 16:07:53
8038,3333,162,"0","No","1",2022-06-07 16:08:19,2022-06-07 16:08:19
8039,3333,162,"0","No","1",2022-06-07 16:10:24,2022-06-07 16:10:24
8040,3333,162,"0","No","1",2022-06-07 16:10:36,2022-06-07 16:10:36
8041,3333,162,"0","No","1",2022-06-07 16:11:38,2022-06-07 16:11:38
8042,3333,162,"0","No","1",2022-06-07 16:13:25,2022-06-07 16:13:25
8043,3333,162,"0","No","1",2022-06-07 16:13:42,2022-06-07 16:13:42
8044,3333,162,"0","No","1",2022-06-07 16:15:15,2022-06-07 16:15:15
8045,3332,162,"0","No","1",2022-06-07 22:24:12,2022-06-07 22:24:12
8046,3332,162,"0","No","1",2022-06-07 22:31:09,2022-06-07 22:31:09
8047,3332,1,"0","No","1",2022-06-07 22:37:14,2022-06-07 22:37:14
8048,177,162,"1","No","0",2022-06-08 02:40:25,2022-06-08 02:40:25
8049,3334,162,"0","No","5",2022-06-08 12:31:24,2022-06-08 12:31:24
8050,3334,1,"0","No","5",2022-06-08 12:32:12,2022-06-08 12:32:12
8051,3334,162,"0","No","5",2022-06-08 12:33:06,2022-06-08 12:33:06
8052,3334,162,"0","No","5",2022-06-08 12:41:10,2022-06-08 12:41:10
8053,3334,1,"0","No","5",2022-06-08 12:51:37,2022-06-08 12:51:37
8054,3324,1,"10","No","2",2022-06-08 15:25:04,2022-06-08 15:25:04
8055,3324,1,"10","No","2",2022-06-08 15:39:04,2022-06-08 15:39:04
8056,3334,1,"0","No","5",2022-06-08 16:08:54,2022-06-08 16:08:54
8057,3334,1,"0","No","5",2022-06-08 16:09:58,2022-06-08 16:09:58
8058,3334,1,"0","No","5",2022-06-08 16:10:40,2022-06-08 16:10:40
8059,3334,1,"0","No","5",2022-06-08 16:20:40,2022-06-08 16:20:40
8060,3334,1,"0","No","5",2022-06-08 16:20:48,2022-06-08 16:20:48
8061,3334,1,"0","No","5",2022-06-08 16:24:04,2022-06-08 16:24:04
8062,3334,1,"0","No","5",2022-06-08 16:24:38,2022-06-08 16:24:38
8063,3332,1,"0","No","1",2022-06-08 16:25:03,2022-06-08 16:25:03
8064,3332,1,"0","No","1",2022-06-08 16:25:13,2022-06-08 16:25:13
8065,3324,1,"10","No","2",2022-06-08 16:25:26,2022-06-08 16:25:26
8066,3324,1,"10","No","2",2022-06-08 16:25:35,2022-06-08 16:25:35
8067,3324,1,"10","No","2",2022-06-08 16:27:05,2022-06-08 16:27:05
8068,3324,1,"10","No","2",2022-06-08 16:29:36,2022-06-08 16:29:36
8069,3332,1,"0","No","1",2022-06-08 16:30:18,2022-06-08 16:30:18
8070,3332,1,"0","No","1",2022-06-08 16:31:32,2022-06-08 16:31:32
8071,3332,1,"0","No","1",2022-06-08 16:33:01,2022-06-08 16:33:01
8072,3332,1,"0","No","1",2022-06-08 16:37:31,2022-06-08 16:37:31
8073,3332,1,"0","No","1",2022-06-08 16:37:41,2022-06-08 16:37:41
8074,3332,1,"0","No","1",2022-06-08 16:38:42,2022-06-08 16:38:42
8075,3332,1,"0","No","1",2022-06-08 16:39:30,2022-06-08 16:39:30
8076,3332,1,"0","No","1",2022-06-08 16:41:27,2022-06-08 16:41:27
8077,3332,1,"0","No","1",2022-06-08 16:41:46,2022-06-08 16:41:46
8078,3324,1,"10","No","2",2022-06-08 16:43:44,2022-06-08 16:43:44
8079,3324,1,"10","No","2",2022-06-08 16:45:06,2022-06-08 16:45:06
8080,3324,1,"10","No","2",2022-06-08 16:46:56,2022-06-08 16:46:56
8081,3324,1,"10","No","2",2022-06-08 16:47:54,2022-06-08 16:47:54
8082,3324,1,"10","No","2",2022-06-08 16:48:02,2022-06-08 16:48:02
8083,3324,1,"10","No","2",2022-06-08 16:50:31,2022-06-08 16:50:31
8084,3332,1,"10","No","2",2022-06-08 16:54:04,2022-06-08 16:54:04
8085,3332,1,"10","No","2",2022-06-08 16:54:17,2022-06-08 16:54:17
8086,3336,1,"14","No","2",2022-06-08 17:27:37,2022-06-08 17:27:37
8087,3336,1,"14","No","2",2022-06-08 17:28:59,2022-06-08 17:28:59
8088,3336,1,"14","No","2",2022-06-08 17:29:49,2022-06-08 17:29:49
8089,3336,1,"14","No","2",2022-06-08 19:04:21,2022-06-08 19:04:21
8090,3334,1,"0","No","5",2022-06-08 20:16:45,2022-06-08 20:16:45
8091,3334,1,"10","No","5",2022-06-08 20:19:13,2022-06-08 20:19:13
8092,3334,1,"10","No","5",2022-06-08 20:20:04,2022-06-08 20:20:04
8093,3334,1,"10","No","5",2022-06-08 20:29:35,2022-06-08 20:29:35
8094,3334,1,"10","No","5",2022-06-08 20:31:15,2022-06-08 20:31:15
8095,3334,1,"10","No","5",2022-06-08 20:31:42,2022-06-08 20:31:42
8096,3334,162,"10","No","5",2022-06-08 20:32:36,2022-06-08 20:32:36
8097,3324,162,"10","No","2",2022-06-09 12:39:27,2022-06-09 12:39:27
8098,3324,162,"10","No","2",2022-06-09 12:39:34,2022-06-09 12:39:34
8099,3324,162,"10","No","2",2022-06-09 12:39:45,2022-06-09 12:39:45
8100,3322,1,"10","No","0",2022-06-09 13:04:05,2022-06-09 13:04:05
8101,3273,162,"14","No","2",2022-06-09 13:29:52,2022-06-09 13:29:52
8102,3324,162,"10","No","2",2022-06-09 13:33:17,2022-06-09 13:33:17
8103,3324,162,"10","No","2",2022-06-09 18:23:28,2022-06-09 18:23:28
8104,3324,162,"10","No","2",2022-06-09 18:28:52,2022-06-09 18:28:52
8105,3333,162,"0","No","1",2022-06-10 10:21:49,2022-06-10 10:21:49
8106,3330,162,"15","No","1",2022-06-10 15:09:03,2022-06-10 15:09:03
8107,3330,162,"15","No","1",2022-06-10 15:09:10,2022-06-10 15:09:10
8108,3333,1,"0","No","1",2022-06-10 18:00:02,2022-06-10 18:00:02
8109,3333,1,"0","No","1",2022-06-10 18:00:30,2022-06-10 18:00:30
8110,3333,1,"0","No","1",2022-06-10 18:01:03,2022-06-10 18:01:03
8111,3333,1,"0","No","1",2022-06-10 18:01:11,2022-06-10 18:01:11
8112,3333,162,"0","No","1",2022-06-10 18:01:57,2022-06-10 18:01:57
8113,3336,1,"14","No","2",2022-06-10 18:02:13,2022-06-10 18:02:13
8114,3336,162,"14","No","2",2022-06-10 18:03:33,2022-06-10 18:03:33
8115,3336,1,"14","No","2",2022-06-10 18:41:26,2022-06-10 18:41:26
8116,3332,1,"10","No","2",2022-06-10 18:43:17,2022-06-10 18:43:17
8117,1194,165,"1","No","0",2022-06-10 20:45:33,2022-06-10 20:45:33
8118,3335,165,"0","No","1",2022-06-10 20:48:50,2022-06-10 20:48:50
8119,3335,165,"0","No","1",2022-06-10 20:49:01,2022-06-10 20:49:01
8120,3324,165,"10","No","2",2022-06-10 20:49:38,2022-06-10 20:49:38
8121,3332,165,"10","No","2",2022-06-10 20:49:58,2022-06-10 20:49:58
8122,3336,165,"14","No","2",2022-06-10 20:50:14,2022-06-10 20:50:14
8123,3332,166,"10","No","2",2022-06-10 21:18:10,2022-06-10 21:18:10
8124,3322,166,"10","No","0",2022-06-10 21:19:13,2022-06-10 21:19:13
8125,3332,,"10","No","2",2022-06-11 00:33:41,2022-06-11 00:33:41
8126,3335,,"0","No","1",2022-06-11 00:34:22,2022-06-11 00:34:22
8127,1800,,"1","No","0",2022-06-11 00:34:50,2022-06-11 00:34:50
8128,3325,1,"0","No","5",2022-06-11 16:59:56,2022-06-11 16:59:56
8129,3326,1,"0","No","1",2022-06-11 17:07:34,2022-06-11 17:07:34
8130,3326,1,"0","No","1",2022-06-11 17:07:44,2022-06-11 17:07:44
8131,3326,,"0","No","1",2022-06-11 17:08:14,2022-06-11 17:08:14
8132,3326,1,"0","No","1",2022-06-11 17:09:27,2022-06-11 17:09:27
8133,3326,,"0","No","1",2022-06-11 17:10:05,2022-06-11 17:10:05
8134,3326,1,"12","No","1",2022-06-11 17:13:32,2022-06-11 17:13:32
8135,3326,1,"12","No","1",2022-06-11 17:16:01,2022-06-11 17:16:01
8136,3326,,"12","No","1",2022-06-11 17:16:26,2022-06-11 17:16:26
8137,3326,,"12","No","1",2022-06-11 17:16:42,2022-06-11 17:16:42
8138,3325,1,"0","No","5",2022-06-11 18:16:34,2022-06-11 18:16:34
8139,3329,1,"12","No","5",2022-06-11 18:27:58,2022-06-11 18:27:58
8140,3327,1,"12","No","5",2022-06-11 18:54:09,2022-06-11 18:54:09
8141,3328,1,"0","No","5",2022-06-11 18:55:10,2022-06-11 18:55:10
8142,1800,1,"1","No","0",2022-06-11 18:55:30,2022-06-11 18:55:30
8143,3329,1,"12","No","5",2022-06-11 18:57:31,2022-06-11 18:57:31
8144,3329,1,"12","No","5",2022-06-11 19:20:45,2022-06-11 19:20:45
8145,4326,1,"12","No","1",2022-06-11 21:12:30,2022-06-11 21:12:30
8146,3325,,"0","No","5",2022-06-12 15:10:18,2022-06-12 15:10:18
8147,3325,,"0","No","5",2022-06-12 15:14:26,2022-06-12 15:14:26
8148,3325,,"10","No","5",2022-06-12 15:14:59,2022-06-12 15:14:59
8149,3325,,"10","No","5",2022-06-12 15:19:54,2022-06-12 15:19:54
8150,3325,,"10","No","5",2022-06-12 15:21:53,2022-06-12 15:21:53
8151,2938,,"1","No","0",2022-06-12 15:22:28,2022-06-12 15:22:28
8152,3325,,"10","No","5",2022-06-12 15:26:45,2022-06-12 15:26:45
8153,4330,,"10","No","7.5",2022-06-12 17:45:29,2022-06-12 17:45:29
8154,2833,1,"1","No","0",2022-06-12 21:46:33,2022-06-12 21:46:33
8155,3331,1,"0","No","1",2022-06-12 21:47:17,2022-06-12 21:47:17
8156,3336,1,"14","No","2",2022-06-12 21:47:58,2022-06-12 21:47:58
8157,3324,1,"10","No","2",2022-06-12 21:49:40,2022-06-12 21:49:40
8158,3324,1,"10","No","2",2022-06-12 21:50:02,2022-06-12 21:50:02
8159,3324,1,"10","No","2",2022-06-12 21:50:26,2022-06-12 21:50:26
8160,3324,1,"10","No","2",2022-06-12 21:51:19,2022-06-12 21:51:19
8161,3324,1,"10","No","2",2022-06-12 21:51:49,2022-06-12 21:51:49
8162,1365,1,"1","No","0",2022-06-12 21:55:12,2022-06-12 21:55:12
8163,1365,1,"1","No","0",2022-06-12 21:56:42,2022-06-12 21:56:42
8164,3325,,"10","No","5",2022-06-13 00:41:07,2022-06-13 00:41:07
8165,3325,1,"10","No","5",2022-06-13 11:49:30,2022-06-13 11:49:30
8166,3325,,"10","No","5",2022-06-13 13:10:24,2022-06-13 13:10:24
8167,3325,,"10","No","5",2022-06-13 13:17:06,2022-06-13 13:17:06
8168,3325,1,"10","No","5",2022-06-13 13:17:35,2022-06-13 13:17:35
8169,3325,,"10","No","5",2022-06-13 13:18:11,2022-06-13 13:18:11
8170,3325,,"10","No","5",2022-06-13 13:19:31,2022-06-13 13:19:31
8171,3325,,"10","No","5",2022-06-13 13:47:42,2022-06-13 13:47:42
8172,3325,,"10","No","5",2022-06-13 13:59:52,2022-06-13 13:59:52
8173,3325,,"10","No","5",2022-06-13 14:01:55,2022-06-13 14:01:55
8174,3325,,"10","No","5",2022-06-13 14:08:33,2022-06-13 14:08:33
8175,3325,1,"10","No","5",2022-06-13 14:10:39,2022-06-13 14:10:39
8176,3325,1,"10","No","5",2022-06-13 14:20:07,2022-06-13 14:20:07
8177,3325,,"10","No","5",2022-06-13 14:23:44,2022-06-13 14:23:44
8178,3325,,"10","No","5",2022-06-13 14:28:44,2022-06-13 14:28:44
8179,3325,1,"10","No","5",2022-06-13 14:38:23,2022-06-13 14:38:23
8180,3325,,"10","No","5",2022-06-13 14:38:57,2022-06-13 14:38:57
8181,3325,,"10","No","5",2022-06-13 14:39:18,2022-06-13 14:39:18
8182,3325,1,"10","No","5",2022-06-13 14:45:14,2022-06-13 14:45:14
8183,3325,1,"10","No","5",2022-06-13 17:12:18,2022-06-13 17:12:18
8184,4331,1,"15","No","1",2022-06-15 12:06:42,2022-06-15 12:06:42
8185,4331,1,"15","No","1",2022-06-15 12:10:11,2022-06-15 12:10:11
8186,4332,1,"10","No","5",2022-06-15 12:29:46,2022-06-15 12:29:46
8187,4332,1,"10","No","5",2022-06-15 12:29:59,2022-06-15 12:29:59
8188,4332,1,"10","No","5",2022-06-15 12:30:21,2022-06-15 12:30:21
8189,4332,1,"10","No","5",2022-06-15 12:31:40,2022-06-15 12:31:40
8190,4332,1,"10","No","5",2022-06-15 12:34:37,2022-06-15 12:34:37
8191,4332,1,"10","No","5",2022-06-15 12:35:02,2022-06-15 12:35:02
8192,4332,1,"10","No","5",2022-06-15 12:36:16,2022-06-15 12:36:16
8193,4332,1,"10","No","5",2022-06-15 12:38:25,2022-06-15 12:38:25
8194,4332,1,"10","No","5",2022-06-15 12:38:49,2022-06-15 12:38:49
8195,4332,1,"10","No","5",2022-06-15 12:39:41,2022-06-15 12:39:41
8196,4334,1,"12","No","5",2022-06-15 15:06:00,2022-06-15 15:06:00
8197,4335,1,"12","No","5",2022-06-15 15:26:50,2022-06-15 15:26:50
8198,4336,151,"10","No","5",2022-06-15 15:55:26,2022-06-15 15:55:26
8199,4336,151,"10","No","5",2022-06-15 15:56:09,2022-06-15 15:56:09
8200,4337,151,"10","No","5",2022-06-15 17:00:13,2022-06-15 17:00:13
8201,4337,151,"10","No","5",2022-06-15 17:04:19,2022-06-15 17:04:19
8202,4337,151,"10","No","5",2022-06-15 17:05:10,2022-06-15 17:05:10
8203,4337,151,"10","No","5",2022-06-15 17:05:58,2022-06-15 17:05:58
8204,4338,151,"10","No","5",2022-06-15 18:23:55,2022-06-15 18:23:55
8205,4339,151,"12","No","5",2022-06-15 18:46:00,2022-06-15 18:46:00
8206,4344,151,"10","No","5",2022-06-15 22:45:30,2022-06-15 22:45:30
8207,4343,151,"15","No","5",2022-06-15 22:46:04,2022-06-15 22:46:04
8208,4346,151,"10","No","1",2022-06-18 01:24:13,2022-06-18 01:24:13
8209,4332,1,"10","No","5",2022-06-18 07:38:44,2022-06-18 07:38:44
8210,4335,1,"12","No","5",2022-06-18 07:40:06,2022-06-18 07:40:06
8211,4337,1,"10","No","5",2022-06-18 07:52:29,2022-06-18 07:52:29
8212,4341,1,"10","No","5",2022-06-18 07:54:14,2022-06-18 07:54:14
8213,4343,1,"15","No","5",2022-06-18 07:55:56,2022-06-18 07:55:56
8214,4344,1,"10","No","5",2022-06-18 08:00:54,2022-06-18 08:00:54
8215,4349,151,"10","No","1",2022-06-18 08:41:49,2022-06-18 08:41:49
8216,4352,151,"10","No","1",2022-06-18 08:56:07,2022-06-18 08:56:07
8217,4355,151,"10","No","1",2022-06-18 09:24:08,2022-06-18 09:24:08
8218,4336,151,"10","No","5",2022-06-18 09:24:59,2022-06-18 09:24:59
8219,4336,151,"10","No","5",2022-06-18 09:28:03,2022-06-18 09:28:03
8220,4336,151,"10","No","5",2022-06-18 09:30:20,2022-06-18 09:30:20
8221,4333,1,"10","No","5",2022-06-18 10:32:15,2022-06-18 10:32:15
8222,4333,1,"10","No","5",2022-06-18 10:36:21,2022-06-18 10:36:21
8223,4331,1,"15","No","1",2022-06-18 10:50:53,2022-06-18 10:50:53
8224,4332,1,"10","No","5",2022-06-18 10:57:18,2022-06-18 10:57:18
8225,4336,1,"10","No","5",2022-06-18 11:00:53,2022-06-18 11:00:53
8226,4336,1,"10","No","5",2022-06-18 11:01:29,2022-06-18 11:01:29
8227,4356,151,"10","No","1",2022-06-18 11:03:35,2022-06-18 11:03:35
8228,4342,1,"10","No","5",2022-06-18 11:08:03,2022-06-18 11:08:03
8229,4339,1,"12","No","5",2022-06-18 11:22:42,2022-06-18 11:22:42
8230,4334,1,"12","No","5",2022-06-18 12:07:53,2022-06-18 12:07:53
8231,4335,1,"12","No","5",2022-06-18 12:10:10,2022-06-18 12:10:10
8232,4340,1,"10","No","5",2022-06-18 12:18:02,2022-06-18 12:18:02
8233,4338,1,"10","No","5",2022-06-18 12:22:38,2022-06-18 12:22:38
8234,4337,1,"10","No","5",2022-06-18 12:26:39,2022-06-18 12:26:39
8235,4357,151,"10","No","1",2022-06-18 12:29:49,2022-06-18 12:29:49
8236,4358,151,"10","No","1",2022-06-18 12:58:14,2022-06-18 12:58:14
8237,3324,1,"10","No","2",2022-06-18 12:59:01,2022-06-18 12:59:01
8238,3324,1,"10","No","2",2022-06-18 12:59:12,2022-06-18 12:59:12
8239,4337,1,"10","No","5",2022-06-18 13:21:15,2022-06-18 13:21:15
8240,4343,1,"15","No","5",2022-06-18 13:50:29,2022-06-18 13:50:29
8241,3335,1,"0","No","1",2022-06-18 15:05:39,2022-06-18 15:05:39
8242,4345,1,"10","No","5",2022-06-18 18:04:02,2022-06-18 18:04:02
8243,4345,1,"10","No","5",2022-06-18 18:04:46,2022-06-18 18:04:46
8244,4345,1,"10","No","5",2022-06-18 18:05:25,2022-06-18 18:05:25
8245,4359,1,"10","No","5",2022-06-20 16:12:56,2022-06-20 16:12:56
8246,4359,,"10","No","5",2022-06-20 16:12:59,2022-06-20 16:12:59
8247,4359,,"10","No","5",2022-06-20 16:13:02,2022-06-20 16:13:02
8248,4359,,"10","No","5",2022-06-20 16:13:05,2022-06-20 16:13:05
8249,4359,,"10","No","5",2022-06-20 16:13:08,2022-06-20 16:13:08
8250,4359,,"10","No","5",2022-06-20 16:13:12,2022-06-20 16:13:12
8251,4359,1,"10","No","5",2022-06-20 16:13:24,2022-06-20 16:13:24
8252,4359,,"10","No","5",2022-06-20 16:13:27,2022-06-20 16:13:27
8253,4359,,"10","No","5",2022-06-20 16:13:30,2022-06-20 16:13:30
8254,3334,1,"10","No","5",2022-06-20 20:09:01,2022-06-20 20:09:01
8255,4360,162,"14","No","2",2022-06-21 15:01:23,2022-06-21 15:01:23
8256,4360,162,"14","No","2",2022-06-21 15:03:46,2022-06-21 15:03:46
8257,4360,1,"14","No","2",2022-06-21 15:09:12,2022-06-21 15:09:12
8258,4360,1,"14","No","2",2022-06-22 13:39:29,2022-06-22 13:39:29
8259,4360,1,"14","No","2",2022-06-22 13:40:02,2022-06-22 13:40:02
8260,4360,1,"14","No","2",2022-06-22 15:14:03,2022-06-22 15:14:03
8261,4362,151,"12","No","1",2022-06-22 18:28:05,2022-06-22 18:28:05
8262,4363,151,"12","No","1",2022-06-22 23:09:36,2022-06-22 23:09:36
8263,2938,169,"1","Yes","0",2022-06-23 16:09:23,2022-06-23 16:09:23
8264,2482,169,"1","Yes","0",2022-06-23 16:11:26,2022-06-23 16:11:26
8265,4360,169,"14","No","2",2022-06-23 16:37:18,2022-06-23 16:37:18
8266,4360,169,"14","No","2",2022-06-23 16:40:39,2022-06-23 16:40:39
8267,3336,1,"14","No","2",2022-06-23 17:56:12,2022-06-23 17:56:12
8268,4364,151,"12","No","1",2022-06-25 13:10:40,2022-06-25 13:10:40
8269,4365,151,"12","No","1",2022-06-25 14:43:59,2022-06-25 14:43:59
8270,3333,1,"0","No","1",2022-06-25 18:46:52,2022-06-25 18:46:52
8271,4367,151,"12","No","1",2022-06-29 22:41:11,2022-06-29 22:41:11
8272,4368,151,"12","No","1",2022-06-30 00:57:43,2022-06-30 00:57:43
8273,4335,1,"12","No","5",2022-07-02 13:07:34,2022-07-02 13:07:34
8274,4369,151,"12","No","1",2022-07-02 14:04:34,2022-07-02 14:04:34
8275,4370,151,"12","No","1",2022-07-02 16:42:23,2022-07-02 16:42:23
8276,4371,151,"12","No","1",2022-07-02 17:42:22,2022-07-02 17:42:22
8277,4374,151,"12","No","1",2022-07-02 18:41:29,2022-07-02 18:41:29
8278,4375,151,"12","No","1",2022-07-02 19:11:36,2022-07-02 19:11:36
8279,4373,1,"15","No","1",2022-07-02 19:31:15,2022-07-02 19:31:15
8280,4373,1,"15","No","1",2022-07-02 19:32:14,2022-07-02 19:32:14
8281,4376,151,"12","No","1",2022-07-02 19:42:07,2022-07-02 19:42:07
8282,4373,1,"15","No","1",2022-07-02 19:43:45,2022-07-02 19:43:45
8283,4373,1,"15","No","1",2022-07-02 19:44:05,2022-07-02 19:44:05
8284,4373,1,"15","No","1",2022-07-02 19:44:32,2022-07-02 19:44:32
8285,4373,1,"15","No","1",2022-07-02 19:44:38,2022-07-02 19:44:38
8286,3333,1,"0","No","1",2022-07-02 19:44:54,2022-07-02 19:44:54
8287,3333,1,"0","No","1",2022-07-02 19:45:01,2022-07-02 19:45:01
8288,3273,1,"14","No","2",2022-07-02 19:45:14,2022-07-02 19:45:14
8289,4373,1,"15","No","1",2022-07-02 19:47:02,2022-07-02 19:47:02
8290,4373,1,"15","No","1",2022-07-02 19:47:16,2022-07-02 19:47:16
8291,3331,1,"0","No","1",2022-07-02 19:54:30,2022-07-02 19:54:30
8292,3331,1,"0","No","1",2022-07-02 19:55:03,2022-07-02 19:55:03
8293,4373,1,"15","No","1",2022-07-02 19:55:35,2022-07-02 19:55:35
8294,3336,1,"14","No","2",2022-07-02 19:57:20,2022-07-02 19:57:20
8295,4360,1,"14","No","2",2022-07-02 19:58:04,2022-07-02 19:58:04
8296,4377,151,"12","No","1",2022-07-02 19:58:08,2022-07-02 19:58:08
8297,3333,1,"0","No","1",2022-07-02 20:03:50,2022-07-02 20:03:50
8298,4378,151,"12","No","1",2022-07-02 22:03:40,2022-07-02 22:03:40
8299,4379,1,"12","No","5",2022-07-03 10:02:29,2022-07-03 10:02:29
8300,4379,1,"12","No","5",2022-07-03 10:03:45,2022-07-03 10:03:45
8301,4379,1,"12","No","5",2022-07-03 10:08:52,2022-07-03 10:08:52
8302,4379,1,"12","No","5",2022-07-03 10:09:05,2022-07-03 10:09:05
8303,4379,1,"12","No","5",2022-07-03 10:14:55,2022-07-03 10:14:55
8304,4379,1,"12","No","5",2022-07-03 10:15:52,2022-07-03 10:15:52
8305,4379,1,"12","No","5",2022-07-03 10:24:16,2022-07-03 10:24:16
8306,4379,1,"12","No","5",2022-07-03 10:30:59,2022-07-03 10:30:59
8307,4379,1,"12","No","5",2022-07-03 10:31:02,2022-07-03 10:31:02
8308,4379,1,"12","No","5",2022-07-03 10:31:06,2022-07-03 10:31:06
8309,4379,1,"12","No","5",2022-07-03 10:31:10,2022-07-03 10:31:10
8310,4379,1,"12","No","5",2022-07-03 10:31:14,2022-07-03 10:31:14
8311,4379,1,"12","No","5",2022-07-03 10:31:20,2022-07-03 10:31:20
8312,4379,1,"12","No","5",2022-07-03 10:31:24,2022-07-03 10:31:24
8313,4379,1,"12","No","5",2022-07-03 10:31:28,2022-07-03 10:31:28
8314,4379,1,"12","No","5",2022-07-03 10:31:32,2022-07-03 10:31:32
8315,4379,1,"12","No","5",2022-07-03 10:31:34,2022-07-03 10:31:34
8316,4379,1,"12","No","5",2022-07-03 10:31:36,2022-07-03 10:31:36
8317,4379,1,"12","No","5",2022-07-03 10:31:40,2022-07-03 10:31:40
8318,4379,1,"12","No","5",2022-07-03 10:31:40,2022-07-03 10:31:40
8319,4379,1,"12","No","5",2022-07-03 10:31:43,2022-07-03 10:31:43
8320,4379,1,"12","No","5",2022-07-03 10:31:44,2022-07-03 10:31:44
8321,4379,1,"12","No","5",2022-07-03 10:31:46,2022-07-03 10:31:46
8322,4379,1,"12","No","5",2022-07-03 10:31:48,2022-07-03 10:31:48
8323,4379,1,"12","No","5",2022-07-03 10:31:50,2022-07-03 10:31:50
8324,4379,1,"12","No","5",2022-07-03 10:31:52,2022-07-03 10:31:52
8325,4379,1,"12","No","5",2022-07-03 10:31:54,2022-07-03 10:31:54
8326,4379,1,"12","No","5",2022-07-03 10:31:56,2022-07-03 10:31:56
8327,4379,1,"12","No","5",2022-07-03 10:31:58,2022-07-03 10:31:58
8328,4379,1,"12","No","5",2022-07-03 10:32:00,2022-07-03 10:32:00
8329,4379,1,"12","No","5",2022-07-03 10:32:02,2022-07-03 10:32:02
8330,4379,1,"12","No","5",2022-07-03 10:32:04,2022-07-03 10:32:04
8331,4379,1,"12","No","5",2022-07-03 10:32:06,2022-07-03 10:32:06
8332,4379,1,"12","No","5",2022-07-03 10:32:08,2022-07-03 10:32:08
8333,4379,1,"12","No","5",2022-07-03 10:32:10,2022-07-03 10:32:10
8334,4379,1,"12","No","5",2022-07-03 10:32:12,2022-07-03 10:32:12
8335,4379,1,"12","No","5",2022-07-03 10:32:14,2022-07-03 10:32:14
8336,4379,1,"12","No","5",2022-07-03 10:32:16,2022-07-03 10:32:16
8337,4379,1,"12","No","5",2022-07-03 10:32:20,2022-07-03 10:32:20
8338,4379,1,"12","No","5",2022-07-03 10:32:21,2022-07-03 10:32:21
8339,4379,1,"12","No","5",2022-07-03 10:32:23,2022-07-03 10:32:23
8340,4379,1,"12","No","5",2022-07-03 10:32:25,2022-07-03 10:32:25
8341,4379,1,"12","No","5",2022-07-03 10:32:28,2022-07-03 10:32:28
8342,4379,1,"12","No","5",2022-07-03 10:32:29,2022-07-03 10:32:29
8343,4379,1,"12","No","5",2022-07-03 10:32:31,2022-07-03 10:32:31
8344,4379,1,"12","No","5",2022-07-03 10:32:34,2022-07-03 10:32:34
8345,4379,1,"12","No","5",2022-07-03 10:32:37,2022-07-03 10:32:37
8346,4379,1,"12","No","5",2022-07-03 10:32:38,2022-07-03 10:32:38
8347,4379,1,"12","No","5",2022-07-03 10:32:43,2022-07-03 10:32:43
8348,4379,1,"12","No","5",2022-07-03 10:32:43,2022-07-03 10:32:43
8349,4379,1,"12","No","5",2022-07-03 10:32:46,2022-07-03 10:32:46
8350,4379,1,"12","No","5",2022-07-03 10:32:46,2022-07-03 10:32:46
8351,4379,1,"12","No","5",2022-07-03 10:32:50,2022-07-03 10:32:50
8352,4379,1,"12","No","5",2022-07-03 10:32:50,2022-07-03 10:32:50
8353,4379,1,"12","No","5",2022-07-03 10:33:02,2022-07-03 10:33:02
8354,4379,1,"12","No","5",2022-07-03 10:33:29,2022-07-03 10:33:29
8355,4379,1,"12","No","5",2022-07-03 10:33:29,2022-07-03 10:33:29
8356,4379,1,"12","No","5",2022-07-03 10:33:33,2022-07-03 10:33:33
8357,4379,1,"12","No","5",2022-07-03 10:33:33,2022-07-03 10:33:33
8358,4379,1,"12","No","5",2022-07-03 10:33:37,2022-07-03 10:33:37
8359,4379,1,"12","No","5",2022-07-03 10:33:37,2022-07-03 10:33:37
8360,4379,1,"12","No","5",2022-07-03 10:33:42,2022-07-03 10:33:42
8361,4379,1,"12","No","5",2022-07-03 10:33:42,2022-07-03 10:33:42
8362,4379,1,"12","No","5",2022-07-03 10:36:11,2022-07-03 10:36:11
8363,4379,1,"12","No","5",2022-07-03 10:36:52,2022-07-03 10:36:52
8364,4379,1,"12","No","5",2022-07-03 10:57:10,2022-07-03 10:57:10
8365,4380,1,"10","No","2",2022-07-03 10:59:59,2022-07-03 10:59:59
8366,4379,1,"12","No","5",2022-07-03 15:29:31,2022-07-03 15:29:31
8367,4379,1,"12","No","5",2022-07-03 15:38:15,2022-07-03 15:38:15
8368,3332,1,"10","No","2",2022-07-04 11:53:52,2022-07-04 11:53:52
8369,3333,1,"0","No","1",2022-07-04 11:55:23,2022-07-04 11:55:23
8370,4373,1,"15","No","1",2022-07-04 12:41:08,2022-07-04 12:41:08
8371,4373,1,"15","No","1",2022-07-04 12:41:54,2022-07-04 12:41:54
8372,3333,,"0","No","1",2022-07-04 13:04:57,2022-07-04 13:04:57
8373,3333,,"0","No","1",2022-07-04 13:04:59,2022-07-04 13:04:59
8374,4366,1,"12","No","1",2022-07-04 21:57:30,2022-07-04 21:57:30
8375,4366,1,"12","No","1",2022-07-04 21:58:21,2022-07-04 21:58:21
8376,4366,1,"12","No","1",2022-07-04 21:58:24,2022-07-04 21:58:24
8377,4378,1,"12","No","1",2022-07-04 22:02:57,2022-07-04 22:02:57
8378,4376,1,"12","No","1",2022-07-04 22:03:37,2022-07-04 22:03:37
8379,4326,1,"12","No","1",2022-07-04 22:10:16,2022-07-04 22:10:16
8380,4361,1,"12","No","1",2022-07-04 22:28:04,2022-07-04 22:28:04
8381,4372,1,"12","No","1",2022-07-04 22:29:30,2022-07-04 22:29:30
8382,4376,1,"12","No","1",2022-07-04 22:31:22,2022-07-04 22:31:22
8383,4381,1,"12","No","1",2022-07-04 23:44:11,2022-07-04 23:44:11
8384,4379,,"12","No","5",2022-07-06 13:16:50,2022-07-06 13:16:50
8385,3332,1,"10","No","2",2022-07-06 14:48:09,2022-07-06 14:48:09
8386,4381,1,"12","No","1",2022-07-06 16:31:10,2022-07-06 16:31:10
8387,4381,1,"12","No","1",2022-07-06 16:31:51,2022-07-06 16:31:51
8388,4382,1,"12","No","1",2022-07-09 20:11:20,2022-07-09 20:11:20
8389,4382,1,"12","No","1",2022-07-09 20:11:59,2022-07-09 20:11:59
8390,4382,1,"12","No","1",2022-07-09 20:16:23,2022-07-09 20:16:23
8391,4382,174,"12","No","1",2022-07-09 20:28:58,2022-07-09 20:28:58
8392,4379,174,"12","No","5",2022-07-21 21:21:58,2022-07-21 21:21:58
8393,4379,174,"12","No","5",2022-07-21 21:43:40,2022-07-21 21:43:40
8394,4337,175,"10","No","5",2022-07-24 22:29:08,2022-07-24 22:29:08
8395,3324,1,"10","No","2",2022-07-27 16:28:42,2022-07-27 16:28:42
8396,3324,1,"10","No","2",2022-07-27 16:33:49,2022-07-27 16:33:49
8397,3324,1,"10","No","2",2022-07-27 16:36:47,2022-07-27 16:36:47
8398,3324,1,"10","No","2",2022-07-27 16:37:21,2022-07-27 16:37:21
8399,4383,1,"12","No","1",2022-08-01 18:49:12,2022-08-01 18:49:12
8400,4383,1,"12","No","1",2022-08-01 18:49:34,2022-08-01 18:49:34
8401,4384,1,"10","No","10",2022-08-01 21:53:48,2022-08-01 21:53:48
8402,4384,1,"10","No","10",2022-08-01 21:58:14,2022-08-01 21:58:14
8403,4385,1,"10","No","1",2022-08-02 19:46:42,2022-08-02 19:46:42
8404,4385,1,"10","No","1",2022-08-02 19:47:01,2022-08-02 19:47:01
8405,4385,1,"10","No","1",2022-08-02 19:48:30,2022-08-02 19:48:30
8406,4385,1,"12","No","1",2022-08-02 19:49:29,2022-08-02 19:49:29
8407,4385,1,"12","No","1",2022-08-02 19:50:05,2022-08-02 19:50:05
8408,4376,151,"12","No","1",2022-08-03 18:47:52,2022-08-03 18:47:52
8409,4386,1,"12","No","1",2022-08-03 19:21:26,2022-08-03 19:21:26
8410,4387,1,"12","No","1",2022-08-03 20:10:32,2022-08-03 20:10:32
8411,4388,151,"12","No","1",2022-08-03 20:24:37,2022-08-03 20:24:37
8412,4389,151,"12","No","1",2022-08-03 20:44:16,2022-08-03 20:44:16
8413,4390,151,"0","No","1",2022-08-03 21:05:58,2022-08-03 21:05:58
8414,4390,151,"12","No","1",2022-08-03 21:10:03,2022-08-03 21:10:03
8415,4390,151,"12","No","1",2022-08-03 21:11:42,2022-08-03 21:11:42
8416,4391,151,"12","No","1",2022-08-03 21:41:14,2022-08-03 21:41:14
8417,4394,1,"12","No","1",2022-08-04 23:01:33,2022-08-04 23:01:33
8418,4395,1,"12","No","1",2022-08-05 14:01:29,2022-08-05 14:01:29
8419,4395,1,"12","No","1",2022-08-06 07:09:48,2022-08-06 07:09:48
8420,4395,1,"12","No","1",2022-08-08 17:31:11,2022-08-08 17:31:11
8421,4394,1,"12","No","1",2022-08-08 18:17:54,2022-08-08 18:17:54
8422,4383,1,"12","No","1",2022-08-08 20:40:58,2022-08-08 20:40:58
8423,4383,1,"12","No","1",2022-08-08 20:41:00,2022-08-08 20:41:00
8424,3331,1,"0","No","1",2022-08-08 20:46:01,2022-08-08 20:46:01
8425,3331,1,"0","No","1",2022-08-08 20:46:21,2022-08-08 20:46:21
8426,3333,1,"0","No","1",2022-08-08 20:46:52,2022-08-08 20:46:52
8427,3333,1,"0","No","1",2022-08-08 20:47:28,2022-08-08 20:47:28
8428,3333,1,"0","No","1",2022-08-08 20:47:44,2022-08-08 20:47:44
8429,3333,1,"0","No","1",2022-08-08 20:52:06,2022-08-08 20:52:06
8430,3333,1,"0","No","1",2022-08-08 20:52:25,2022-08-08 20:52:25
8431,3333,1,"15","No","1",2022-08-08 20:54:57,2022-08-08 20:54:57
8432,3333,1,"15","No","1",2022-08-08 20:55:11,2022-08-08 20:55:11
8433,3333,1,"15","No","1",2022-08-08 20:55:22,2022-08-08 20:55:22
8434,3333,1,"15","No","1",2022-08-08 20:55:34,2022-08-08 20:55:34
8435,3333,1,"15","No","1",2022-08-08 20:55:54,2022-08-08 20:55:54
8436,4389,1,"12","No","1",2022-08-08 21:01:54,2022-08-08 21:01:54
8437,4389,1,"12","No","1",2022-08-08 21:01:57,2022-08-08 21:01:57
8438,3333,1,"15","No","1",2022-08-09 13:08:03,2022-08-09 13:08:03
8439,3333,1,"15","No","1",2022-08-09 13:12:40,2022-08-09 13:12:40
8440,3333,1,"15","No","1",2022-08-09 13:13:06,2022-08-09 13:13:06
8441,3333,1,"15","No","1",2022-08-09 13:13:08,2022-08-09 13:13:08
8442,3333,1,"15","No","1",2022-08-09 13:13:10,2022-08-09 13:13:10
8443,4383,1,"12","No","1",2022-08-09 16:36:04,2022-08-09 16:36:04
8444,4333,1,"10","No","5",2022-08-09 16:41:29,2022-08-09 16:41:29
8445,4386,1,"12","No","1",2022-08-09 16:46:01,2022-08-09 16:46:01
8446,4335,1,"12","No","5",2022-08-09 17:52:53,2022-08-09 17:52:53
8447,3336,1,"14","No","2",2022-08-09 18:01:01,2022-08-09 18:01:01
8448,4346,1,"10","No","1",2022-08-10 10:50:36,2022-08-10 10:50:36
8449,4341,1,"10","No","5",2022-08-10 13:13:15,2022-08-10 13:13:15
8450,4397,151,"12","No","1",2022-08-10 19:03:42,2022-08-10 19:03:42
8451,4399,151,"12","No","1",2022-08-10 21:28:55,2022-08-10 21:28:55
8452,4400,151,"12","No","1",2022-08-10 21:51:33,2022-08-10 21:51:33
8453,4401,151,"12","No","1",2022-08-10 23:40:45,2022-08-10 23:40:45
8454,4402,151,"12","No","1",2022-08-10 23:50:49,2022-08-10 23:50:49
8455,4403,151,"12","No","1",2022-08-10 23:56:30,2022-08-10 23:56:30
8456,4404,151,"12","No","1",2022-08-11 00:02:43,2022-08-11 00:02:43
8457,4405,151,"12","No","1",2022-08-11 00:14:39,2022-08-11 00:14:39
8458,4406,151,"12","No","1",2022-08-11 00:20:33,2022-08-11 00:20:33
8459,4407,151,"12","No","1",2022-08-11 00:34:55,2022-08-11 00:34:55
8460,4408,1,"12","No","1",2022-08-14 22:03:42,2022-08-14 22:03:42
8461,4408,1,"12","No","1",2022-08-14 22:04:42,2022-08-14 22:04:42
8462,4409,1,"12","No","1",2022-08-14 22:50:03,2022-08-14 22:50:03
8463,4404,1,"12","No","1",2022-08-15 00:29:32,2022-08-15 00:29:32
8464,4412,1,"10","No","5",2022-08-18 18:40:02,2022-08-18 18:40:02
8465,4412,1,"10","No","5",2022-08-18 18:40:15,2022-08-18 18:40:15
8466,4412,1,"10","No","5",2022-08-18 18:40:25,2022-08-18 18:40:25
8467,4412,1,"10","No","5",2022-08-18 18:40:32,2022-08-18 18:40:32
8468,4330,,"10","No","7.5",2022-08-19 14:54:28,2022-08-19 14:54:28
8469,4330,,"10","No","7.5",2022-08-19 14:55:11,2022-08-19 14:55:11
8470,4353,,"10","No","2",2022-08-19 14:56:01,2022-08-19 14:56:01
8471,4330,,"10","No","7.5",2022-08-19 14:56:05,2022-08-19 14:56:05
8472,4330,,"10","No","7.5",2022-08-19 16:17:45,2022-08-19 16:17:45
8473,3329,,"12","No","5",2022-08-19 16:19:33,2022-08-19 16:19:33
8474,4413,1,"12","No","1",2022-08-19 16:41:27,2022-08-19 16:41:27
8475,4412,1,"10","No","5",2022-08-19 17:06:53,2022-08-19 17:06:53
8476,4412,1,"10","No","5",2022-08-19 17:07:04,2022-08-19 17:07:04
8477,4354,1,"15","No","1",2022-08-19 18:35:20,2022-08-19 18:35:20
8478,4414,1,"12","No","1",2022-08-19 20:52:15,2022-08-19 20:52:15
8479,4373,1,"15","No","1",2022-08-20 18:06:11,2022-08-20 18:06:11
8480,4360,1,"14","No","2",2022-08-20 18:45:13,2022-08-20 18:45:13
8481,4360,1,"14","No","2",2022-08-20 18:45:35,2022-08-20 18:45:35
8482,4428,151,"12","No","1",2022-08-20 22:49:46,2022-08-20 22:49:46
8483,4429,151,"12","No","1",2022-08-20 23:21:11,2022-08-20 23:21:11
8484,4435,1,"15","No","0.5",2022-08-21 15:52:09,2022-08-21 15:52:09
8485,4435,1,"15","No","0.5",2022-08-21 15:52:34,2022-08-21 15:52:34
8486,4437,1,"12","No","1",2022-08-21 17:20:31,2022-08-21 17:20:31
8487,4432,1,"15","No","0.5",2022-08-21 23:48:59,2022-08-21 23:48:59
8488,4441,1,"15","No","0.5",2022-08-22 13:41:54,2022-08-22 13:41:54
8489,4431,1,"15","No","0.5",2022-08-22 17:11:13,2022-08-22 17:11:13
8490,4440,1,"15","No","0.5",2022-08-23 10:39:54,2022-08-23 10:39:54
8491,3323,1,"15","No","1",2022-08-23 11:16:13,2022-08-23 11:16:13
8492,3323,1,"15","No","1",2022-08-23 11:16:20,2022-08-23 11:16:20
8493,4330,1,"10","No","7.5",2022-08-23 11:16:34,2022-08-23 11:16:34
8494,4412,1,"10","No","5",2022-08-23 11:20:41,2022-08-23 11:20:41
8495,4444,1,"12","No","1",2022-08-23 11:35:09,2022-08-23 11:35:09
8496,3333,1,"15","No","1",2022-08-23 11:55:11,2022-08-23 11:55:11
8497,4412,1,"10","No","5",2022-08-23 11:55:33,2022-08-23 11:55:33
8498,4455,151,"12","No","1",2022-08-24 15:22:44,2022-08-24 15:22:44
8499,4456,151,"12","No","1",2022-08-24 15:24:01,2022-08-24 15:24:01
8500,4457,151,"12","No","1",2022-08-24 15:41:57,2022-08-24 15:41:57
8501,4457,151,"12","No","1",2022-08-24 15:59:50,2022-08-24 15:59:50
8502,4463,151,"12","No","1",2022-08-24 16:27:00,2022-08-24 16:27:00
8503,4469,151,"12","No","1",2022-08-24 17:40:21,2022-08-24 17:40:21
8504,4472,151,"12","No","1",2022-08-24 20:40:13,2022-08-24 20:40:13
8505,4473,151,"12","No","1",2022-08-24 22:29:44,2022-08-24 22:29:44
8506,4474,151,"12","No","1",2022-08-25 00:20:18,2022-08-25 00:20:18
8507,4330,,"10","No","7.5",2022-08-25 12:10:29,2022-08-25 12:10:29
8508,4458,1,"12","No","1",2022-08-25 21:14:19,2022-08-25 21:14:19
8509,4494,1,"12","No","1",2022-08-27 00:15:18,2022-08-27 00:15:18
8510,4495,1,"12","No","1",2022-08-27 00:34:46,2022-08-27 00:34:46
8511,4513,151,"12","No","1",2022-08-28 16:31:06,2022-08-28 16:31:06
8512,4441,1,"15","No","0.5",2022-08-28 16:50:28,2022-08-28 16:50:28
8513,4441,1,"15","No","0.5",2022-08-28 16:51:25,2022-08-28 16:51:25
8514,4441,1,"15","No","0.5",2022-08-28 16:52:02,2022-08-28 16:52:02
8515,4441,1,"15","No","0.5",2022-08-28 16:52:10,2022-08-28 16:52:10
8516,4441,1,"15","No","0.5",2022-08-28 16:53:13,2022-08-28 16:53:13
8517,4442,1,"15","No","0.5",2022-08-28 16:53:44,2022-08-28 16:53:44
8518,4442,1,"15","No","0.5",2022-08-28 16:54:28,2022-08-28 16:54:28
8519,4442,1,"15","No","0.5",2022-08-28 16:55:25,2022-08-28 16:55:25
8520,4514,151,"12","No","1",2022-08-28 17:13:54,2022-08-28 17:13:54
8521,4515,151,"12","No","1",2022-08-28 17:37:51,2022-08-28 17:37:51
8522,4516,151,"12","No","1",2022-08-28 18:46:15,2022-08-28 18:46:15
8523,4472,151,"12","No","1",2022-08-28 19:14:41,2022-08-28 19:14:41
8524,4517,151,"12","No","1",2022-08-28 19:15:31,2022-08-28 19:15:31
8525,4518,151,"12","No","1",2022-08-28 23:10:00,2022-08-28 23:10:00
8526,4519,151,"12","No","1",2022-08-29 13:59:10,2022-08-29 13:59:10
8527,4519,151,"12","No","1",2022-08-29 14:03:10,2022-08-29 14:03:10
8528,4520,151,"12","No","1",2022-08-29 14:17:02,2022-08-29 14:17:02
8529,4521,151,"12","No","1",2022-08-29 14:24:43,2022-08-29 14:24:43
8530,4522,151,"12","No","1",2022-08-29 14:31:01,2022-08-29 14:31:01
8531,4394,151,"12","No","1",2022-08-29 15:35:12,2022-08-29 15:35:12
8532,4523,151,"12","No","1",2022-08-29 16:00:40,2022-08-29 16:00:40
8533,4524,151,"12","No","1",2022-08-29 16:44:29,2022-08-29 16:44:29
8534,4525,151,"12","No","1",2022-08-29 16:58:01,2022-08-29 16:58:01
8535,4526,151,"12","No","1",2022-08-29 17:14:20,2022-08-29 17:14:20
8536,4527,151,"12","No","1",2022-08-29 18:11:53,2022-08-29 18:11:53
8537,4528,151,"12","No","1",2022-08-29 19:18:07,2022-08-29 19:18:07
8538,4531,151,"12","No","1",2022-08-29 20:31:29,2022-08-29 20:31:29
8539,4533,151,"12","No","1",2022-08-29 20:51:52,2022-08-29 20:51:52
8540,4534,1,"12","No","1",2022-08-31 10:22:53,2022-08-31 10:22:53
8541,4534,1,"12","No","1",2022-08-31 10:25:17,2022-08-31 10:25:17
8542,4534,1,"12","No","1",2022-08-31 10:26:23,2022-08-31 10:26:23
8543,4534,1,"12","No","1",2022-08-31 10:29:12,2022-08-31 10:29:12
8544,4534,1,"12","No","1",2022-08-31 10:29:40,2022-08-31 10:29:40
8545,4534,1,"12","No","1",2022-08-31 10:30:58,2022-08-31 10:30:58
8546,4534,1,"12","No","1",2022-08-31 10:33:34,2022-08-31 10:33:34
8547,4536,151,"12","No","1",2022-08-31 18:30:05,2022-08-31 18:30:05
8548,4537,151,"12","No","1",2022-08-31 18:50:18,2022-08-31 18:50:18
8549,4538,151,"12","No","1",2022-08-31 21:54:53,2022-08-31 21:54:53
8550,3323,1,"15","No","1",2022-08-31 22:16:42,2022-08-31 22:16:42
8551,4539,151,"12","No","1",2022-08-31 22:42:37,2022-08-31 22:42:37
8552,4540,151,"12","No","1",2022-08-31 23:16:50,2022-08-31 23:16:50
8553,4541,151,"12","No","1",2022-08-31 23:35:33,2022-08-31 23:35:33
8554,4542,151,"12","No","1",2022-09-01 01:22:07,2022-09-01 01:22:07
8555,4543,151,"12","No","1",2022-09-01 01:29:32,2022-09-01 01:29:32
8556,4544,151,"12","No","1",2022-09-01 01:35:11,2022-09-01 01:35:11
8557,4544,151,"12","No","1",2022-09-01 01:36:09,2022-09-01 01:36:09
8558,4544,151,"12","No","1",2022-09-01 01:36:54,2022-09-01 01:36:54
8559,4545,151,"12","No","1",2022-09-01 01:43:31,2022-09-01 01:43:31
8560,4546,151,"12","No","1",2022-09-01 01:51:50,2022-09-01 01:51:50
8561,4547,151,"12","No","1",2022-09-01 02:00:07,2022-09-01 02:00:07
8562,4548,151,"12","No","1",2022-09-01 02:06:35,2022-09-01 02:06:35
8563,3331,1,"0","No","1",2022-09-01 12:58:27,2022-09-01 12:58:27
8564,3331,1,"0","No","1",2022-09-01 12:58:35,2022-09-01 12:58:35
8565,4412,1,"10","No","5",2022-09-01 12:58:55,2022-09-01 12:58:55
8566,4412,1,"10","No","5",2022-09-01 12:59:02,2022-09-01 12:59:02
8567,4412,1,"10","No","5",2022-09-01 12:59:08,2022-09-01 12:59:08
8568,4412,1,"10","No","5",2022-09-01 14:01:59,2022-09-01 14:01:59
8569,4412,1,"10","No","5",2022-09-01 14:02:14,2022-09-01 14:02:14
8570,3333,1,"15","No","1",2022-09-01 14:02:32,2022-09-01 14:02:32
8571,4433,1,"15","No","0.5",2022-09-01 14:06:38,2022-09-01 14:06:38
8572,4549,1,"12","No","1",2022-09-01 17:45:14,2022-09-01 17:45:14
8573,4380,136,"10","No","2",2022-09-02 21:33:16,2022-09-02 21:33:16
8574,4550,151,"12","No","1",2022-09-03 15:47:00,2022-09-03 15:47:00
8575,4551,151,"12","No","1",2022-09-03 17:27:11,2022-09-03 17:27:11
8576,4552,151,"12","No","1",2022-09-03 17:51:44,2022-09-03 17:51:44
8577,4553,151,"12","No","1",2022-09-03 17:59:30,2022-09-03 17:59:30
8578,4554,151,"12","No","1",2022-09-03 18:08:46,2022-09-03 18:08:46
8579,4555,151,"12","No","1",2022-09-03 18:15:42,2022-09-03 18:15:42
8580,4556,151,"12","No","1",2022-09-03 18:23:52,2022-09-03 18:23:52
8581,4557,151,"12","No","1",2022-09-03 18:28:54,2022-09-03 18:28:54
8582,4558,151,"12","No","1",2022-09-03 19:09:49,2022-09-03 19:09:49
8583,4559,151,"12","No","1",2022-09-03 19:18:46,2022-09-03 19:18:46
8584,4387,151,"12","No","1",2022-09-03 19:41:26,2022-09-03 19:41:26
8585,4560,151,"12","No","1",2022-09-03 19:42:04,2022-09-03 19:42:04
8586,4561,151,"12","No","1",2022-09-03 20:10:05,2022-09-03 20:10:05
8587,4403,1,"12","No","1",2022-09-06 12:19:29,2022-09-06 12:19:29
8588,4562,151,"12","No","1",2022-09-06 18:53:20,2022-09-06 18:53:20
8589,4563,151,"12","No","1",2022-09-06 21:33:29,2022-09-06 21:33:29
8590,4564,151,"12","No","1",2022-09-06 21:51:13,2022-09-06 21:51:13
8591,4565,151,"12","No","1",2022-09-06 22:04:09,2022-09-06 22:04:09
8592,4566,151,"12","No","1",2022-09-06 22:20:51,2022-09-06 22:20:51
8593,4567,151,"12","No","1",2022-09-07 20:48:57,2022-09-07 20:48:57
8594,4568,151,"12","No","1",2022-09-07 20:58:08,2022-09-07 20:58:08
8595,4569,151,"12","No","1",2022-09-07 21:11:44,2022-09-07 21:11:44
8596,4570,151,"12","No","1",2022-09-07 21:23:44,2022-09-07 21:23:44
8597,4571,151,"12","No","1",2022-09-07 21:41:38,2022-09-07 21:41:38
8598,4511,1,"15","No","0.5",2022-09-08 17:19:33,2022-09-08 17:19:33
8599,3332,1,"10","No","2",2022-09-09 12:10:34,2022-09-09 12:10:34
8600,4534,1,"12","No","1",2022-09-09 12:11:11,2022-09-09 12:11:11
8601,4489,1,"15","No","0.5",2022-09-09 12:19:14,2022-09-09 12:19:14
8602,4573,1,"10","No","2",2022-09-10 13:27:28,2022-09-10 13:27:28
8603,4573,1,"12","No","2",2022-09-10 13:29:51,2022-09-10 13:29:51
8604,4573,1,"12","No","2",2022-09-10 13:30:10,2022-09-10 13:30:10
8605,4573,1,"12","No","2",2022-09-10 13:30:43,2022-09-10 13:30:43
8606,4379,1,"12","No","5",2022-09-10 14:27:37,2022-09-10 14:27:37
8607,4573,1,"12","No","2",2022-09-10 14:37:58,2022-09-10 14:37:58
8608,4375,1,"12","No","1",2022-09-10 17:26:47,2022-09-10 17:26:47
8609,4512,1,"15","No","0.5",2022-09-10 17:34:28,2022-09-10 17:34:28
8610,4356,1,"10","No","1",2022-09-10 19:00:02,2022-09-10 19:00:02
8611,4512,1,"15","No","0.5",2022-09-10 19:04:51,2022-09-10 19:04:51
8612,4574,151,"15","No","0.5",2022-09-10 19:24:04,2022-09-10 19:24:04
8613,4512,1,"15","No","0.5",2022-09-10 19:24:07,2022-09-10 19:24:07
8614,4575,151,"15","No","0.5",2022-09-11 00:13:06,2022-09-11 00:13:06
8615,4575,151,"15","No","0.5",2022-09-11 00:13:40,2022-09-11 00:13:40
8616,4360,179,"14","No","2",2022-09-11 22:03:47,2022-09-11 22:03:47
8617,4360,179,"14","No","2",2022-09-12 09:18:19,2022-09-12 09:18:19
8618,3323,179,"15","No","1",2022-09-12 09:20:45,2022-09-12 09:20:45
8619,3323,179,"15","No","1",2022-09-12 09:20:49,2022-09-12 09:20:49
8620,4512,1,"15","No","0.5",2022-09-13 11:44:10,2022-09-13 11:44:10
8621,4577,151,"15","No","0.5",2022-09-14 15:35:19,2022-09-14 15:35:19
8622,4579,151,"15","No","0.5",2022-09-14 16:34:12,2022-09-14 16:34:12
8623,4510,151,"15","No","0.5",2022-09-14 16:35:29,2022-09-14 16:35:29
8624,4580,151,"15","No","0.5",2022-09-14 17:00:01,2022-09-14 17:00:01
8625,4583,151,"15","No","0.5",2022-09-14 20:18:47,2022-09-14 20:18:47
8626,4583,151,"15","No","0.5",2022-09-14 20:39:49,2022-09-14 20:39:49
8627,4511,1,"15","No","0.5",2022-09-15 17:03:56,2022-09-15 17:03:56
8628,4412,1,"10","No","5",2022-09-16 13:43:35,2022-09-16 13:43:35
8629,4585,151,"15","No","0.5",2022-09-17 13:21:04,2022-09-17 13:21:04
8630,4586,151,"15","No","0.5",2022-09-17 13:40:28,2022-09-17 13:40:28
8631,4587,151,"15","No","0.5",2022-09-17 14:14:22,2022-09-17 14:14:22
8632,4588,151,"15","No","0.5",2022-09-17 14:31:45,2022-09-17 14:31:45
8633,4589,151,"15","No","0.5",2022-09-17 14:59:12,2022-09-17 14:59:12
8634,4589,151,"15","No","0.5",2022-09-17 14:59:39,2022-09-17 14:59:39
8635,4591,151,"15","No","0.5",2022-09-17 15:22:04,2022-09-17 15:22:04
8636,4580,151,"15","No","0.5",2022-09-17 15:26:54,2022-09-17 15:26:54
8637,4593,151,"15","No","0.5",2022-09-19 13:47:28,2022-09-19 13:47:28
8638,4594,151,"15","No","0.5",2022-09-19 14:12:03,2022-09-19 14:12:03
8639,4595,151,"15","No","0.5",2022-09-19 15:54:59,2022-09-19 15:54:59
8640,4596,151,"15","No","0.5",2022-09-19 17:19:56,2022-09-19 17:19:56
8641,4597,151,"15","No","0.5",2022-09-19 18:36:36,2022-09-19 18:36:36
8642,4598,151,"15","No","0.5",2022-09-19 19:56:17,2022-09-19 19:56:17
8643,4598,151,"15","No","0.5",2022-09-19 19:56:21,2022-09-19 19:56:21
8644,4598,151,"15","No","0.5",2022-09-19 19:56:25,2022-09-19 19:56:25
8645,4598,151,"15","No","0.5",2022-09-19 19:56:29,2022-09-19 19:56:29
8646,4598,151,"15","No","0.5",2022-09-19 19:56:33,2022-09-19 19:56:33
8647,4598,151,"15","No","0.5",2022-09-19 19:56:37,2022-09-19 19:56:37
8648,4598,151,"15","No","0.5",2022-09-19 19:56:41,2022-09-19 19:56:41
8649,4598,151,"15","No","0.5",2022-09-19 19:56:44,2022-09-19 19:56:44
8650,4598,151,"15","No","0.5",2022-09-19 19:59:46,2022-09-19 19:59:46
8651,4599,151,"15","No","0.5",2022-09-19 20:41:46,2022-09-19 20:41:46
8652,4373,1,"15","No","0.5",2022-09-20 12:09:14,2022-09-20 12:09:14
8653,4600,1,"16","No","5",2022-09-20 15:06:42,2022-09-20 15:06:42
8654,4600,1,"16","No","5",2022-09-20 15:22:30,2022-09-20 15:22:30
8655,4600,1,"16","No","5",2022-09-20 15:37:33,2022-09-20 15:37:33
8656,4600,1,"16","No","5",2022-09-20 21:38:49,2022-09-20 21:38:49
8657,4600,1,"16","No","5",2022-09-20 21:46:39,2022-09-20 21:46:39
8658,4600,1,"16","No","5",2022-09-20 22:18:19,2022-09-20 22:18:19
8659,4600,1,"16","No","5",2022-09-20 22:19:29,2022-09-20 22:19:29
8660,4600,1,"16","No","5",2022-09-20 22:20:11,2022-09-20 22:20:11
8661,4600,1,"16","No","5",2022-09-21 00:53:37,2022-09-21 00:53:37
8662,4600,1,"10","No","5",2022-09-21 00:55:04,2022-09-21 00:55:04
8663,4600,1,"12","No","5",2022-09-21 00:56:16,2022-09-21 00:56:16
8664,4600,1,"12","No","5",2022-09-21 15:08:48,2022-09-21 15:08:48
8665,4600,1,"12","No","5",2022-09-21 15:14:00,2022-09-21 15:14:00
8666,3333,1,"15","No","1",2022-09-21 15:51:00,2022-09-21 15:51:00
8667,4600,1,"12","No","5",2022-09-21 16:58:54,2022-09-21 16:58:54
8668,4600,1,"12","No","5",2022-09-21 21:34:21,2022-09-21 21:34:21
8669,4600,1,"12","No","5",2022-09-21 21:48:58,2022-09-21 21:48:58
8670,4601,151,"15","No","0.5",2022-09-24 13:02:57,2022-09-24 13:02:57
8671,4602,151,"15","No","0.5",2022-09-24 19:56:31,2022-09-24 19:56:31
8672,4600,1,"16","No","5",2022-09-24 22:16:46,2022-09-24 22:16:46
8673,4600,1,"16","No","5",2022-09-24 22:42:56,2022-09-24 22:42:56
8674,4600,1,"16","No","5",2022-09-24 22:49:54,2022-09-24 22:49:54
8675,4604,151,"15","No","0.5",2022-09-24 23:27:59,2022-09-24 23:27:59
8676,4605,151,"15","No","0.5",2022-09-25 13:48:01,2022-09-25 13:48:01
8677,4600,1,"16","No","5",2022-09-25 15:29:31,2022-09-25 15:29:31
8678,4606,151,"15","No","0.5",2022-09-25 16:37:49,2022-09-25 16:37:49
8679,4609,151,"15","No","0.5",2022-09-25 21:09:20,2022-09-25 21:09:20
8680,4610,151,"15","No","0.5",2022-09-25 21:52:04,2022-09-25 21:52:04
8681,4600,1,"16","No","5",2022-09-28 10:54:20,2022-09-28 10:54:20
8682,4561,1,"12","No","1",2022-09-29 18:46:03,2022-09-29 18:46:03
8683,4599,1,"15","No","0.5",2022-09-29 19:55:15,2022-09-29 19:55:15
8684,4558,1,"12","No","1",2022-10-01 21:46:12,2022-10-01 21:46:12
8685,4415,1,"12","No","1",2022-10-01 21:47:00,2022-10-01 21:47:00
8686,4434,1,"12","No","1",2022-10-01 21:48:03,2022-10-01 21:48:03
8687,4378,1,"12","No","1",2022-10-01 21:49:02,2022-10-01 21:49:02
8688,4552,1,"12","No","1",2022-10-01 21:49:24,2022-10-01 21:49:24
8689,4400,1,"12","No","1",2022-10-01 21:50:04,2022-10-01 21:50:04
8690,4444,1,"12","No","1",2022-10-01 21:51:07,2022-10-01 21:51:07
8691,4363,1,"12","No","1",2022-10-01 21:51:21,2022-10-01 21:51:21
8692,4600,1,"16","No","5",2022-10-02 00:40:45,2022-10-02 00:40:45
8693,4600,1,"16","No","5",2022-10-02 18:52:56,2022-10-02 18:52:56
8694,4490,1,"15","No","0.5",2022-10-03 16:56:19,2022-10-03 16:56:19
8695,4565,1,"12","No","1",2022-10-03 16:58:17,2022-10-03 16:58:17
8696,4394,1,"12","No","1",2022-10-03 17:45:48,2022-10-03 17:45:48
8697,4407,1,"12","No","1",2022-10-03 17:46:13,2022-10-03 17:46:13
8698,3333,1,"15","No","1",2022-10-03 17:50:39,2022-10-03 17:50:39
8699,3333,1,"15","No","1",2022-10-03 17:51:05,2022-10-03 17:51:05
8700,3333,1,"15","No","1",2022-10-03 17:51:23,2022-10-03 17:51:23
8701,4439,1,"15","No","0.5",2022-10-03 17:51:41,2022-10-03 17:51:41
8702,4379,1,"12","No","5",2022-10-03 17:56:57,2022-10-03 17:56:57
8703,4600,1,"16","No","5",2022-10-03 19:10:02,2022-10-03 19:10:02
8704,3333,1,"15","No","1",2022-10-03 19:15:22,2022-10-03 19:15:22
8705,3333,1,"15","No","1",2022-10-03 19:15:38,2022-10-03 19:15:38
8706,4601,134,"15","No","0.5",2022-10-04 22:05:01,2022-10-04 22:05:01
8707,4601,134,"15","No","0.5",2022-10-04 22:05:26,2022-10-04 22:05:26
8708,4570,134,"12","No","1",2022-10-04 22:06:12,2022-10-04 22:06:12
8709,4571,1,"12","No","1",2022-10-06 08:20:52,2022-10-06 08:20:52
8710,4599,1,"15","No","0.5",2022-10-06 17:56:57,2022-10-06 17:56:57
8711,4600,1,"16","No","5",2022-10-06 19:13:01,2022-10-06 19:13:01
8712,4599,1,"15","No","0.5",2022-10-06 20:36:00,2022-10-06 20:36:00
8713,4611,151,"15","No","0.5",2022-10-10 00:03:37,2022-10-10 00:03:37
8714,4612,1,"10","No","7.5",2022-10-10 14:29:15,2022-10-10 14:29:15
8715,4612,1,"10","No","7.5",2022-10-10 14:43:18,2022-10-10 14:43:18
8716,4613,1,"10","No","10",2022-10-10 15:05:12,2022-10-10 15:05:12
8717,4433,1,"15","No","0.5",2022-10-11 13:14:53,2022-10-11 13:14:53
8718,4433,1,"15","No","0.5",2022-10-12 11:10:57,2022-10-12 11:10:57
8719,4614,151,"16","No","1",2022-10-16 15:10:39,2022-10-16 15:10:39
8720,4614,151,"16","No","1",2022-10-16 15:10:58,2022-10-16 15:10:58
8721,4614,151,"16","No","1",2022-10-16 15:11:26,2022-10-16 15:11:26
8722,4615,151,"16","No","1",2022-10-16 16:26:16,2022-10-16 16:26:16
8723,4614,151,"16","No","1",2022-10-16 17:10:40,2022-10-16 17:10:40
8724,4614,151,"16","No","1",2022-10-16 17:11:14,2022-10-16 17:11:14
8725,4614,151,"16","No","1",2022-10-16 17:37:21,2022-10-16 17:37:21
8726,4616,151,"16","No","5",2022-10-16 18:00:24,2022-10-16 18:00:24
8727,4616,151,"10","No","5",2022-10-16 18:01:28,2022-10-16 18:01:28
8728,4616,151,"10","No","5",2022-10-16 18:01:40,2022-10-16 18:01:40
8729,4616,151,"12","No","5",2022-10-16 18:02:56,2022-10-16 18:02:56
8730,4616,151,"12","No","5",2022-10-16 18:04:14,2022-10-16 18:04:14
8731,4616,151,"12","No","5",2022-10-16 18:05:04,2022-10-16 18:05:04
8732,4617,151,"12","No","4",2022-10-16 18:12:17,2022-10-16 18:12:17
8733,4617,151,"12","No","4",2022-10-16 18:19:39,2022-10-16 18:19:39
8734,4412,151,"10","No","5",2022-10-16 18:20:31,2022-10-16 18:20:31
8735,4413,151,"12","No","1",2022-10-16 18:22:21,2022-10-16 18:22:21
8736,4413,1,"12","No","1",2022-10-16 18:22:38,2022-10-16 18:22:38
8737,4614,151,"16","No","5",2022-10-16 18:24:33,2022-10-16 18:24:33
8738,4614,151,"16","No","5",2022-10-16 18:24:56,2022-10-16 18:24:56
8739,4614,1,"16","No","5",2022-10-16 18:24:56,2022-10-16 18:24:56
8740,4614,151,"12","No","5",2022-10-16 18:26:07,2022-10-16 18:26:07
8741,4614,1,"12","No","5",2022-10-16 18:26:15,2022-10-16 18:26:15
8742,4614,1,"12","No","5",2022-10-16 18:27:13,2022-10-16 18:27:13
8743,4614,1,"12","No","5",2022-10-16 18:27:42,2022-10-16 18:27:42
8744,4614,1,"12","No","5",2022-10-16 18:28:00,2022-10-16 18:28:00
8745,4614,151,"12","No","5",2022-10-16 18:29:20,2022-10-16 18:29:20
8746,4614,151,"12","No","5",2022-10-16 18:29:28,2022-10-16 18:29:28
8747,4614,151,"12","No","5",2022-10-16 18:30:58,2022-10-16 18:30:58
8748,4614,151,"12","No","5",2022-10-16 18:31:04,2022-10-16 18:31:04
8749,4614,151,"16","No","5",2022-10-16 18:33:10,2022-10-16 18:33:10
8750,4614,151,"16","No","5",2022-10-16 18:33:11,2022-10-16 18:33:11
8751,4614,151,"13","No","5",2022-10-16 18:34:15,2022-10-16 18:34:15
8752,4614,151,"13","No","5",2022-10-16 18:34:18,2022-10-16 18:34:18
8753,4618,151,"13","No","5",2022-10-16 19:06:28,2022-10-16 19:06:28
8754,4334,151,"12","No","5",2022-10-16 19:15:13,2022-10-16 19:15:13
8755,4607,1,"15","No","0.5",2022-10-18 11:15:52,2022-10-18 11:15:52
8756,4330,1,"10","No","7.5",2022-10-18 15:03:33,2022-10-18 15:03:33
8757,4607,1,"15","No","0.5",2022-10-18 16:08:30,2022-10-18 16:08:30
8758,4413,1,"12","No","1",2022-10-18 16:12:58,2022-10-18 16:12:58
8759,4619,151,"13","No","5",2022-10-19 00:32:54,2022-10-19 00:32:54
8760,4620,151,"10","No","5",2022-10-19 00:55:44,2022-10-19 00:55:44
8761,4620,151,"13","No","5",2022-10-19 00:59:31,2022-10-19 00:59:31
8762,4380,1,"10","No","2",2022-10-20 14:22:10,2022-10-20 14:22:10
8763,4379,1,"12","No","5",2022-10-20 18:03:05,2022-10-20 18:03:05
8764,4379,1,"12","No","5",2022-10-21 10:22:26,2022-10-21 10:22:26
8765,4622,1,"12","No","5",2022-10-21 11:26:48,2022-10-21 11:26:48
8766,4622,1,"12","No","5",2022-10-21 11:28:08,2022-10-21 11:28:08
8767,4622,1,"12","No","5",2022-10-21 11:28:49,2022-10-21 11:28:49
8768,4622,1,"13","No","5",2022-10-21 11:31:08,2022-10-21 11:31:08
8769,4379,1,"12","No","5",2022-10-21 13:32:59,2022-10-21 13:32:59
8770,4623,1,"12","No","1",2022-10-21 14:33:58,2022-10-21 14:33:58
8771,4624,1,"13","No","2",2022-10-21 15:52:33,2022-10-21 15:52:33
8772,4625,1,"13","No","5",2022-10-21 16:17:05,2022-10-21 16:17:05
8773,4626,1,"13","No","5",2022-10-21 16:51:20,2022-10-21 16:51:20
8774,4626,,"13","No","5",2022-10-21 16:51:23,2022-10-21 16:51:23
8775,4626,,"13","No","5",2022-10-21 16:51:26,2022-10-21 16:51:26
8776,4626,,"13","No","5",2022-10-21 16:51:30,2022-10-21 16:51:30
8777,4626,,"13","No","5",2022-10-21 16:51:33,2022-10-21 16:51:33
8778,4626,,"13","No","5",2022-10-21 16:51:36,2022-10-21 16:51:36
8779,4626,,"13","No","5",2022-10-21 16:51:40,2022-10-21 16:51:40
8780,4626,,"13","No","5",2022-10-21 16:51:43,2022-10-21 16:51:43
8781,4626,,"13","No","5",2022-10-21 16:51:46,2022-10-21 16:51:46
8782,4626,,"13","No","5",2022-10-21 16:52:26,2022-10-21 16:52:26
8783,4626,1,"13","No","5",2022-10-21 16:52:48,2022-10-21 16:52:48
8784,4626,,"13","No","5",2022-10-21 16:52:51,2022-10-21 16:52:51
8785,4626,,"13","No","5",2022-10-21 16:52:54,2022-10-21 16:52:54
8786,4626,,"13","No","5",2022-10-21 16:52:57,2022-10-21 16:52:57
8787,4626,,"13","No","5",2022-10-21 16:53:01,2022-10-21 16:53:01
8788,4626,,"13","No","5",2022-10-21 16:53:04,2022-10-21 16:53:04
8789,4626,,"13","No","5",2022-10-21 16:53:08,2022-10-21 16:53:08
8790,4626,,"13","No","5",2022-10-21 16:53:11,2022-10-21 16:53:11
8791,4626,,"13","No","5",2022-10-21 16:53:15,2022-10-21 16:53:15
8792,4626,,"13","No","5",2022-10-21 16:54:09,2022-10-21 16:54:09
8793,4626,1,"13","No","5",2022-10-21 16:54:12,2022-10-21 16:54:12
8794,4356,1,"10","No","1",2022-10-21 17:41:10,2022-10-21 17:41:10
8795,4627,1,"13","No","5",2022-10-21 19:14:14,2022-10-21 19:14:14
8796,4622,1,"13","No","5",2022-10-21 19:34:33,2022-10-21 19:34:33
8797,4628,1,"13","No","10",2022-10-21 19:36:57,2022-10-21 19:36:57
8798,4334,1,"12","No","5",2022-10-21 19:41:10,2022-10-21 19:41:10
8799,4627,1,"13","No","5",2022-10-22 11:19:11,2022-10-22 11:19:11
8800,4628,1,"13","No","10",2022-10-22 11:31:03,2022-10-22 11:31:03
8801,4630,151,"13","No","5",2022-10-22 11:51:53,2022-10-22 11:51:53
8802,4631,151,"13","No","5",2022-10-22 12:00:23,2022-10-22 12:00:23
8803,4623,1,"12","No","1",2022-10-22 12:19:49,2022-10-22 12:19:49
8804,4334,1,"12","No","5",2022-10-22 12:44:05,2022-10-22 12:44:05
8805,4632,151,"13","No","5",2022-10-22 13:34:21,2022-10-22 13:34:21
8806,4627,1,"13","No","5",2022-10-22 13:44:43,2022-10-22 13:44:43
8807,4622,1,"13","No","5",2022-10-22 14:16:19,2022-10-22 14:16:19
8808,4622,1,"13","No","5",2022-10-22 14:16:51,2022-10-22 14:16:51
8809,3325,1,"10","No","5",2022-10-22 14:21:40,2022-10-22 14:21:40
8810,4621,1,"12","No","1",2022-10-22 15:02:34,2022-10-22 15:02:34
8811,4621,1,"12","No","1",2022-10-22 15:03:06,2022-10-22 15:03:06
8812,4379,1,"12","No","5",2022-10-22 15:04:11,2022-10-22 15:04:11
8813,4621,1,"12","No","1",2022-10-22 15:10:44,2022-10-22 15:10:44
8814,4634,151,"13","No","5",2022-10-22 15:24:29,2022-10-22 15:24:29
8815,4634,151,"13","No","5",2022-10-22 15:49:56,2022-10-22 15:49:56
8816,4635,151,"13","No","5",2022-10-22 15:50:35,2022-10-22 15:50:35
8817,4629,1,"13","No","10",2022-10-22 16:47:26,2022-10-22 16:47:26
8818,4633,1,"13","No","5",2022-10-22 16:55:54,2022-10-22 16:55:54
8819,4633,1,"13","No","5",2022-10-22 17:03:00,2022-10-22 17:03:00
8820,4637,151,"13","No","5",2022-10-22 17:14:42,2022-10-22 17:14:42
8821,4626,1,"13","No","5",2022-10-22 17:46:59,2022-10-22 17:46:59
8822,4628,1,"13","No","10",2022-10-22 18:00:42,2022-10-22 18:00:42
8823,4624,1,"13","No","2",2022-10-22 18:15:42,2022-10-22 18:15:42
8824,4600,1,"16","No","5",2022-10-22 19:40:16,2022-10-22 19:40:16
8825,4637,,"13","No","5",2022-10-22 21:38:13,2022-10-22 21:38:13
8826,4639,151,"13","No","5",2022-10-22 23:05:53,2022-10-22 23:05:53
8827,4380,136,"10","No","2",2022-10-27 21:29:29,2022-10-27 21:29:29
8828,4496,151,"15","No","0.5",2022-11-01 20:17:37,2022-11-01 20:17:37
8829,4496,151,"15","No","0.5",2022-11-01 20:31:29,2022-11-01 20:31:29
8830,3333,1,"15","No","1",2022-11-02 13:17:27,2022-11-02 13:17:27
8831,3333,1,"15","No","1",2022-11-02 13:30:32,2022-11-02 13:30:32
8832,3333,1,"12","No","1",2022-11-02 14:03:01,2022-11-02 14:03:01
8833,3333,1,"12","No","1",2022-11-02 14:39:30,2022-11-02 14:39:30
8834,3333,1,"12","No","1",2022-11-02 15:05:37,2022-11-02 15:05:37
8835,3333,1,"12","No","1",2022-11-02 15:07:00,2022-11-02 15:07:00
8836,3333,1,"12","No","1",2022-11-02 15:07:52,2022-11-02 15:07:52
8837,4641,151,"12","No","0.5",2022-11-03 13:13:55,2022-11-03 13:13:55
8838,4439,151,"15","No","0.5",2022-11-03 13:34:24,2022-11-03 13:34:24
8839,4439,151,"15","No","0.5",2022-11-03 13:37:40,2022-11-03 13:37:40
8840,4438,151,"15","No","0.5",2022-11-03 13:38:02,2022-11-03 13:38:02
8841,3333,1,"12","No","1",2022-11-03 19:43:29,2022-11-03 19:43:29
8842,4478,151,"12","No","1",2022-11-06 18:02:32,2022-11-06 18:02:32
8843,4476,151,"12","No","1",2022-11-06 18:06:27,2022-11-06 18:06:27
8844,4476,151,"12","No","1",2022-11-06 18:06:40,2022-11-06 18:06:40
8845,4422,151,"12","No","1",2022-11-06 18:54:19,2022-11-06 18:54:19
8846,4479,151,"12","No","1",2022-11-06 18:54:57,2022-11-06 18:54:57
8847,3327,151,"12","No","1",2022-11-06 19:48:57,2022-11-06 19:48:57
8848,4641,151,"12","No","0.5",2022-11-07 20:13:31,2022-11-07 20:13:31
8849,4600,162,"16","No","5",2022-11-08 17:30:39,2022-11-08 17:30:39
8850,3333,1,"12","No","1",2022-11-16 16:32:29,2022-11-16 16:32:29
8851,4642,151,"15","No","0.5",2022-11-16 17:37:35,2022-11-16 17:37:35
8852,3333,151,"12","No","1",2022-11-16 18:06:10,2022-11-16 18:06:10
8853,4609,151,"15","No","0.5",2022-11-16 18:30:23,2022-11-16 18:30:23
8854,4609,151,"15","No","0.5",2022-11-16 18:30:38,2022-11-16 18:30:38
8855,4642,151,"15","No","0.5",2022-11-16 18:31:02,2022-11-16 18:31:02
8856,4642,151,"15","No","0.5",2022-11-16 18:31:32,2022-11-16 18:31:32
8857,4642,151,"15","No","0.5",2022-11-16 18:31:50,2022-11-16 18:31:50
8858,4643,151,"15","No","0.5",2022-11-16 23:17:43,2022-11-16 23:17:43
8859,4643,151,"15","No","0.5",2022-11-16 23:59:01,2022-11-16 23:59:01
8860,4611,151,"15","No","0.5",2022-11-17 00:16:10,2022-11-17 00:16:10
8861,4611,151,"15","No","0.5",2022-11-17 00:17:11,2022-11-17 00:17:11
8862,4611,151,"15","No","0.5",2022-11-17 00:18:14,2022-11-17 00:18:14
8863,4611,151,"15","No","0.5",2022-11-17 00:26:13,2022-11-17 00:26:13
8864,4611,151,"15","No","0.5",2022-11-17 00:58:43,2022-11-17 00:58:43
8865,4611,151,"15","No","0.5",2022-11-17 00:59:14,2022-11-17 00:59:14
8866,4647,151,"12","No","0.5",2022-11-17 22:43:05,2022-11-17 22:43:05
8867,4647,151,"12","No","0.5",2022-11-18 00:36:30,2022-11-18 00:36:30
8868,4431,1,"15","No","0.5",2022-11-18 11:48:56,2022-11-18 11:48:56
8869,4595,151,"15","No","0.5",2022-11-18 19:16:15,2022-11-18 19:16:15
8870,4595,151,"15","No","0.5",2022-11-18 19:28:23,2022-11-18 19:28:23
8871,4648,151,"15","No","0.5",2022-11-18 21:19:15,2022-11-18 21:19:15
8872,3333,151,"12","No","1",2022-11-20 17:36:46,2022-11-20 17:36:46
8873,4598,151,"15","No","0.5",2022-11-20 19:07:40,2022-11-20 19:07:40
8874,3333,,"12","No","1",2022-11-20 22:05:12,2022-11-20 22:05:12
8875,3333,151,"12","No","1",2022-11-20 22:06:28,2022-11-20 22:06:28
8876,3333,151,"12","No","1",2022-11-20 22:06:44,2022-11-20 22:06:44
8877,4603,151,"15","No","0.5",2022-11-20 23:08:31,2022-11-20 23:08:31
8878,4606,151,"15","No","0.5",2022-11-20 23:34:14,2022-11-20 23:34:14
8879,4606,151,"15","No","0.5",2022-11-20 23:35:00,2022-11-20 23:35:00
8880,4642,151,"15","No","0.5",2022-11-21 17:50:25,2022-11-21 17:50:25
8881,4642,151,"15","No","0.5",2022-11-21 17:50:47,2022-11-21 17:50:47
8882,4651,151,"15","No","0.5",2022-11-21 20:46:34,2022-11-21 20:46:34